solid ASCII
  facet normal 4.847525e-01 8.396160e-01 -2.450713e-01
    outer loop
      vertex   3.117206e+01 5.542613e+01 7.725716e+01
      vertex   2.879049e+01 5.680113e+01 7.725716e+01
      vertex   3.138449e+01 5.579407e+01 7.893793e+01
    endloop
  endfacet
  facet normal 4.847525e-01 8.396160e-01 -2.450713e-01
    outer loop
      vertex   3.138449e+01 5.579407e+01 7.893793e+01
      vertex   2.879049e+01 5.680113e+01 7.725716e+01
      vertex   2.900292e+01 5.716907e+01 7.893793e+01
    endloop
  endfacet
  facet normal 4.974280e-01 8.615706e-01 -1.012986e-01
    outer loop
      vertex   3.138449e+01 5.579407e+01 7.893793e+01
      vertex   2.900292e+01 5.716907e+01 7.893793e+01
      vertex   3.147230e+01 5.594616e+01 8.066265e+01
    endloop
  endfacet
  facet normal 4.974280e-01 8.615706e-01 -1.012986e-01
    outer loop
      vertex   3.147230e+01 5.594616e+01 8.066265e+01
      vertex   2.900292e+01 5.716907e+01 7.893793e+01
      vertex   2.909073e+01 5.732116e+01 8.066265e+01
    endloop
  endfacet
  facet normal 4.995017e-01 8.651624e-01 4.463313e-02
    outer loop
      vertex   3.147230e+01 5.594616e+01 8.066265e+01
      vertex   2.909073e+01 5.732116e+01 8.066265e+01
      vertex   3.143361e+01 5.587915e+01 8.239456e+01
    endloop
  endfacet
  facet normal 4.995017e-01 8.651624e-01 4.463313e-02
    outer loop
      vertex   3.143361e+01 5.587915e+01 8.239456e+01
      vertex   2.909073e+01 5.732116e+01 8.066265e+01
      vertex   2.905204e+01 5.725415e+01 8.239456e+01
    endloop
  endfacet
  facet normal 4.909294e-01 8.503147e-01 1.896136e-01
    outer loop
      vertex   3.143361e+01 5.587915e+01 8.239456e+01
      vertex   2.905204e+01 5.725415e+01 8.239456e+01
      vertex   3.126925e+01 5.559447e+01 8.409675e+01
    endloop
  endfacet
  facet normal 4.909294e-01 8.503147e-01 1.896136e-01
    outer loop
      vertex   3.126925e+01 5.559447e+01 8.409675e+01
      vertex   2.905204e+01 5.725415e+01 8.239456e+01
      vertex   2.888768e+01 5.696947e+01 8.409675e+01
    endloop
  endfacet
  facet normal 4.718938e-01 8.173440e-01 3.305527e-01
    outer loop
      vertex   3.126925e+01 5.559447e+01 8.409675e+01
      vertex   2.888768e+01 5.696947e+01 8.409675e+01
      vertex   3.098272e+01 5.509818e+01 8.573294e+01
    endloop
  endfacet
  facet normal 4.718938e-01 8.173440e-01 3.305527e-01
    outer loop
      vertex   3.098272e+01 5.509818e+01 8.573294e+01
      vertex   2.888768e+01 5.696947e+01 8.409675e+01
      vertex   2.860115e+01 5.647318e+01 8.573294e+01
    endloop
  endfacet
  facet normal 4.428005e-01 7.669530e-01 4.644467e-01
    outer loop
      vertex   3.098272e+01 5.509818e+01 8.573294e+01
      vertex   2.860115e+01 5.647318e+01 8.573294e+01
      vertex   3.058013e+01 5.440088e+01 8.726825e+01
    endloop
  endfacet
  facet normal 4.428005e-01 7.669530e-01 4.644467e-01
    outer loop
      vertex   3.058013e+01 5.440088e+01 8.726825e+01
      vertex   2.860115e+01 5.647318e+01 8.573294e+01
      vertex   2.819856e+01 5.577588e+01 8.726825e+01
    endloop
  endfacet
  facet normal 4.042698e-01 7.002158e-01 5.884418e-01
    outer loop
      vertex   3.058013e+01 5.440088e+01 8.726825e+01
      vertex   2.819856e+01 5.577588e+01 8.726825e+01
      vertex   3.007006e+01 5.351740e+01 8.866996e+01
    endloop
  endfacet
  facet normal 4.042698e-01 7.002158e-01 5.884418e-01
    outer loop
      vertex   3.007006e+01 5.351740e+01 8.866996e+01
      vertex   2.819856e+01 5.577588e+01 8.726825e+01
      vertex   2.768849e+01 5.489240e+01 8.866996e+01
    endloop
  endfacet
  facet normal 3.571227e-01 6.185547e-01 6.998953e-01
    outer loop
      vertex   3.007006e+01 5.351740e+01 8.866996e+01
      vertex   2.768849e+01 5.489240e+01 8.866996e+01
      vertex   2.946338e+01 5.246660e+01 8.990821e+01
    endloop
  endfacet
  facet normal 3.571227e-01 6.185547e-01 6.998953e-01
    outer loop
      vertex   2.946338e+01 5.246660e+01 8.990821e+01
      vertex   2.768849e+01 5.489240e+01 8.866996e+01
      vertex   2.708181e+01 5.384160e+01 8.990821e+01
    endloop
  endfacet
  facet normal 3.023642e-01 5.237102e-01 7.964317e-01
    outer loop
      vertex   2.946338e+01 5.246660e+01 8.990821e+01
      vertex   2.708181e+01 5.384160e+01 8.990821e+01
      vertex   2.877301e+01 5.127086e+01 9.095659e+01
    endloop
  endfacet
  facet normal 3.023642e-01 5.237102e-01 7.964317e-01
    outer loop
      vertex   2.877301e+01 5.127086e+01 9.095659e+01
      vertex   2.708181e+01 5.384160e+01 8.990821e+01
      vertex   2.639144e+01 5.264586e+01 9.095659e+01
    endloop
  endfacet
  facet normal 2.411613e-01 4.177037e-01 8.759936e-01
    outer loop
      vertex   2.877301e+01 5.127086e+01 9.095659e+01
      vertex   2.639144e+01 5.264586e+01 9.095659e+01
      vertex   2.801368e+01 4.995566e+01 9.179276e+01
    endloop
  endfacet
  facet normal 2.411613e-01 4.177037e-01 8.759936e-01
    outer loop
      vertex   2.801368e+01 4.995566e+01 9.179276e+01
      vertex   2.639144e+01 5.264586e+01 9.095659e+01
      vertex   2.563211e+01 5.133066e+01 9.179276e+01
    endloop
  endfacet
  facet normal 1.748185e-01 3.027946e-01 9.368852e-01
    outer loop
      vertex   2.801368e+01 4.995566e+01 9.179276e+01
      vertex   2.563211e+01 5.133066e+01 9.179276e+01
      vertex   2.720157e+01 4.854904e+01 9.239890e+01
    endloop
  endfacet
  facet normal 1.748185e-01 3.027946e-01 9.368852e-01
    outer loop
      vertex   2.720157e+01 4.854904e+01 9.239890e+01
      vertex   2.563211e+01 5.133066e+01 9.179276e+01
      vertex   2.482000e+01 4.992404e+01 9.239890e+01
    endloop
  endfacet
  facet normal 1.047497e-01 1.814319e-01 9.778088e-01
    outer loop
      vertex   2.720157e+01 4.854904e+01 9.239890e+01
      vertex   2.482000e+01 4.992404e+01 9.239890e+01
      vertex   2.635399e+01 4.708099e+01 9.276210e+01
    endloop
  endfacet
  facet normal 1.047497e-01 1.814319e-01 9.778088e-01
    outer loop
      vertex   2.635399e+01 4.708099e+01 9.276210e+01
      vertex   2.482000e+01 4.992404e+01 9.239890e+01
      vertex   2.397242e+01 4.845599e+01 9.276210e+01
    endloop
  endfacet
  facet normal 3.244842e-02 5.620232e-02 9.978920e-01
    outer loop
      vertex   2.635399e+01 4.708099e+01 9.276210e+01
      vertex   2.397242e+01 4.845599e+01 9.276210e+01
      vertex   2.548900e+01 4.558278e+01 9.287461e+01
    endloop
  endfacet
  facet normal 3.244842e-02 5.620232e-02 9.978920e-01
    outer loop
      vertex   2.548900e+01 4.558278e+01 9.287461e+01
      vertex   2.397242e+01 4.845599e+01 9.276210e+01
      vertex   2.310743e+01 4.695778e+01 9.287461e+01
    endloop
  endfacet
  facet normal -4.054449e-02 -7.022511e-02 9.967069e-01
    outer loop
      vertex   2.548900e+01 4.558278e+01 9.287461e+01
      vertex   2.310743e+01 4.695778e+01 9.287461e+01
      vertex   2.462503e+01 4.408635e+01 9.273403e+01
    endloop
  endfacet
  facet normal -4.054449e-02 -7.022511e-02 9.967069e-01
    outer loop
      vertex   2.462503e+01 4.408635e+01 9.273403e+01
      vertex   2.310743e+01 4.695778e+01 9.287461e+01
      vertex   2.224346e+01 4.546135e+01 9.273403e+01
    endloop
  endfacet
  facet normal -1.126733e-01 -1.951558e-01 9.742787e-01
    outer loop
      vertex   2.462503e+01 4.408635e+01 9.273403e+01
      vertex   2.224346e+01 4.546135e+01 9.273403e+01
      vertex   2.378051e+01 4.262359e+01 9.234336e+01
    endloop
  endfacet
  facet normal -1.126733e-01 -1.951558e-01 9.742787e-01
    outer loop
      vertex   2.378051e+01 4.262359e+01 9.234336e+01
      vertex   2.224346e+01 4.546135e+01 9.273403e+01
      vertex   2.139894e+01 4.399859e+01 9.234336e+01
    endloop
  endfacet
  facet normal -1.824006e-01 -3.159271e-01 9.310854e-01
    outer loop
      vertex   2.378051e+01 4.262359e+01 9.234336e+01
      vertex   2.139894e+01 4.399859e+01 9.234336e+01
      vertex   2.297343e+01 4.122568e+01 9.171093e+01
    endloop
  endfacet
  facet normal -1.824006e-01 -3.159271e-01 9.310854e-01
    outer loop
      vertex   2.297343e+01 4.122568e+01 9.171093e+01
      vertex   2.139894e+01 4.399859e+01 9.234336e+01
      vertex   2.059186e+01 4.260068e+01 9.171093e+01
    endloop
  endfacet
  facet normal -2.482404e-01 -4.299650e-01 8.680477e-01
    outer loop
      vertex   2.297343e+01 4.122568e+01 9.171093e+01
      vertex   2.059186e+01 4.260068e+01 9.171093e+01
      vertex   2.222099e+01 3.992241e+01 9.085021e+01
    endloop
  endfacet
  facet normal -2.482404e-01 -4.299650e-01 8.680477e-01
    outer loop
      vertex   2.222099e+01 3.992241e+01 9.085021e+01
      vertex   2.059186e+01 4.260068e+01 9.171093e+01
      vertex   1.983942e+01 4.129741e+01 9.085021e+01
    endloop
  endfacet
  facet normal -3.087894e-01 -5.348389e-01 7.865091e-01
    outer loop
      vertex   2.222099e+01 3.992241e+01 9.085021e+01
      vertex   1.983942e+01 4.129741e+01 9.085021e+01
      vertex   2.153923e+01 3.874157e+01 8.977955e+01
    endloop
  endfacet
  facet normal -3.087894e-01 -5.348389e-01 7.865091e-01
    outer loop
      vertex   2.153923e+01 3.874157e+01 8.977955e+01
      vertex   1.983942e+01 4.129741e+01 9.085021e+01
      vertex   1.915766e+01 4.011657e+01 8.977955e+01
    endloop
  endfacet
  facet normal -3.627570e-01 -6.283136e-01 6.882074e-01
    outer loop
      vertex   2.153923e+01 3.874157e+01 8.977955e+01
      vertex   1.915766e+01 4.011657e+01 8.977955e+01
      vertex   2.094267e+01 3.770831e+01 8.852177e+01
    endloop
  endfacet
  facet normal -3.627570e-01 -6.283136e-01 6.882074e-01
    outer loop
      vertex   2.094267e+01 3.770831e+01 8.852177e+01
      vertex   1.915766e+01 4.011657e+01 8.977955e+01
      vertex   1.856110e+01 3.908331e+01 8.852177e+01
    endloop
  endfacet
  facet normal -4.089932e-01 -7.083969e-01 5.752377e-01
    outer loop
      vertex   2.094267e+01 3.770831e+01 8.852177e+01
      vertex   1.856110e+01 3.908331e+01 8.852177e+01
      vertex   2.044405e+01 3.684466e+01 8.710368e+01
    endloop
  endfacet
  facet normal -4.089932e-01 -7.083969e-01 5.752377e-01
    outer loop
      vertex   2.044405e+01 3.684466e+01 8.710368e+01
      vertex   1.856110e+01 3.908331e+01 8.852177e+01
      vertex   1.806248e+01 3.821966e+01 8.710368e+01
    endloop
  endfacet
  facet normal -4.465123e-01 -7.733820e-01 4.500078e-01
    outer loop
      vertex   2.044405e+01 3.684466e+01 8.710368e+01
      vertex   1.806248e+01 3.821966e+01 8.710368e+01
      vertex   2.005397e+01 3.616903e+01 8.555550e+01
    endloop
  endfacet
  facet normal -4.465123e-01 -7.733820e-01 4.500078e-01
    outer loop
      vertex   2.005397e+01 3.616903e+01 8.555550e+01
      vertex   1.806248e+01 3.821966e+01 8.710368e+01
      vertex   1.767240e+01 3.754403e+01 8.555550e+01
    endloop
  endfacet
  facet normal -4.745148e-01 -8.218838e-01 3.151868e-01
    outer loop
      vertex   2.005397e+01 3.616903e+01 8.555550e+01
      vertex   1.767240e+01 3.754403e+01 8.555550e+01
      vertex   1.978076e+01 3.569582e+01 8.391022e+01
    endloop
  endfacet
  facet normal -4.745148e-01 -8.218838e-01 3.151868e-01
    outer loop
      vertex   1.978076e+01 3.569582e+01 8.391022e+01
      vertex   1.767240e+01 3.754403e+01 8.555550e+01
      vertex   1.739919e+01 3.707082e+01 8.391022e+01
    endloop
  endfacet
  facet normal -4.924039e-01 -8.528685e-01 1.736482e-01
    outer loop
      vertex   1.978076e+01 3.569582e+01 8.391022e+01
      vertex   1.739919e+01 3.707082e+01 8.391022e+01
      vertex   1.963024e+01 3.543511e+01 8.220292e+01
    endloop
  endfacet
  facet normal -4.924039e-01 -8.528685e-01 1.736482e-01
    outer loop
      vertex   1.963024e+01 3.543511e+01 8.220292e+01
      vertex   1.739919e+01 3.707082e+01 8.391022e+01
      vertex   1.724867e+01 3.681011e+01 8.220292e+01
    endloop
  endfacet
  facet normal -4.997982e-01 -8.656759e-01 2.840851e-02
    outer loop
      vertex   1.963024e+01 3.543511e+01 8.220292e+01
      vertex   1.724867e+01 3.681011e+01 8.220292e+01
      vertex   1.960561e+01 3.539246e+01 8.046998e+01
    endloop
  endfacet
  facet normal -4.997982e-01 -8.656759e-01 2.840851e-02
    outer loop
      vertex   1.960561e+01 3.539246e+01 8.046998e+01
      vertex   1.724867e+01 3.681011e+01 8.220292e+01
      vertex   1.722404e+01 3.676746e+01 8.046998e+01
    endloop
  endfacet
  facet normal -4.965402e-01 -8.600328e-01 -1.174366e-01
    outer loop
      vertex   1.960561e+01 3.539246e+01 8.046998e+01
      vertex   1.722404e+01 3.676746e+01 8.046998e+01
      vertex   1.970741e+01 3.556877e+01 7.874834e+01
    endloop
  endfacet
  facet normal -4.965402e-01 -8.600328e-01 -1.174366e-01
    outer loop
      vertex   1.970741e+01 3.556877e+01 7.874834e+01
      vertex   1.722404e+01 3.676746e+01 8.046998e+01
      vertex   1.732584e+01 3.694377e+01 7.874834e+01
    endloop
  endfacet
  facet normal -4.826993e-01 -8.360597e-01 -2.607788e-01
    outer loop
      vertex   1.970741e+01 3.556877e+01 7.874834e+01
      vertex   1.732584e+01 3.694377e+01 7.874834e+01
      vertex   1.993346e+01 3.596030e+01 7.707469e+01
    endloop
  endfacet
  facet normal -4.826993e-01 -8.360597e-01 -2.607788e-01
    outer loop
      vertex   1.993346e+01 3.596030e+01 7.707469e+01
      vertex   1.732584e+01 3.694377e+01 7.874834e+01
      vertex   1.755189e+01 3.733530e+01 7.707469e+01
    endloop
  endfacet
  facet normal -4.585705e-01 -7.942674e-01 -3.985629e-01
    outer loop
      vertex   1.993346e+01 3.596030e+01 7.707469e+01
      vertex   1.755189e+01 3.733530e+01 7.707469e+01
      vertex   2.027894e+01 3.655869e+01 7.548470e+01
    endloop
  endfacet
  facet normal -4.585705e-01 -7.942674e-01 -3.985629e-01
    outer loop
      vertex   2.027894e+01 3.655869e+01 7.548470e+01
      vertex   1.755189e+01 3.733530e+01 7.707469e+01
      vertex   1.789737e+01 3.793369e+01 7.548470e+01
    endloop
  endfacet
  facet normal -4.246681e-01 -7.355467e-01 -5.278524e-01
    outer loop
      vertex   2.027894e+01 3.655869e+01 7.548470e+01
      vertex   1.789737e+01 3.793369e+01 7.548470e+01
      vertex   2.073649e+01 3.735120e+01 7.401225e+01
    endloop
  endfacet
  facet normal -4.246681e-01 -7.355467e-01 -5.278524e-01
    outer loop
      vertex   2.073649e+01 3.735120e+01 7.401225e+01
      vertex   1.789737e+01 3.793369e+01 7.548470e+01
      vertex   1.835492e+01 3.872620e+01 7.401225e+01
    endloop
  endfacet
  facet normal -3.817146e-01 -6.611490e-01 -6.458916e-01
    outer loop
      vertex   2.073649e+01 3.735120e+01 7.401225e+01
      vertex   1.835492e+01 3.872620e+01 7.401225e+01
      vertex   2.129637e+01 3.832092e+01 7.268874e+01
    endloop
  endfacet
  facet normal -3.817146e-01 -6.611490e-01 -6.458916e-01
    outer loop
      vertex   2.129637e+01 3.832092e+01 7.268874e+01
      vertex   1.835492e+01 3.872620e+01 7.401225e+01
      vertex   1.891480e+01 3.969592e+01 7.268874e+01
    endloop
  endfacet
  facet normal -3.306255e-01 -5.726601e-01 -7.501648e-01
    outer loop
      vertex   2.129637e+01 3.832092e+01 7.268874e+01
      vertex   1.891480e+01 3.969592e+01 7.268874e+01
      vertex   2.194662e+01 3.944720e+01 7.154237e+01
    endloop
  endfacet
  facet normal -3.306255e-01 -5.726601e-01 -7.501648e-01
    outer loop
      vertex   2.194662e+01 3.944720e+01 7.154237e+01
      vertex   1.891480e+01 3.969592e+01 7.268874e+01
      vertex   1.956505e+01 4.082220e+01 7.154237e+01
    endloop
  endfacet
  facet normal -2.724897e-01 -4.719660e-01 -8.384494e-01
    outer loop
      vertex   2.194662e+01 3.944720e+01 7.154237e+01
      vertex   1.956505e+01 4.082220e+01 7.154237e+01
      vertex   2.267341e+01 4.070603e+01 7.059758e+01
    endloop
  endfacet
  facet normal -2.724897e-01 -4.719660e-01 -8.384494e-01
    outer loop
      vertex   2.267341e+01 4.070603e+01 7.059758e+01
      vertex   1.956505e+01 4.082220e+01 7.154237e+01
      vertex   2.029184e+01 4.208103e+01 7.059758e+01
    endloop
  endfacet
  facet normal -2.085463e-01 -3.612127e-01 -9.088640e-01
    outer loop
      vertex   2.267341e+01 4.070603e+01 7.059758e+01
      vertex   2.029184e+01 4.208103e+01 7.059758e+01
      vertex   2.346123e+01 4.207057e+01 6.987449e+01
    endloop
  endfacet
  facet normal -2.085463e-01 -3.612127e-01 -9.088640e-01
    outer loop
      vertex   2.346123e+01 4.207057e+01 6.987449e+01
      vertex   2.029184e+01 4.208103e+01 7.059758e+01
      vertex   2.107966e+01 4.344557e+01 6.987449e+01
    endloop
  endfacet
  facet normal -1.401580e-01 -2.427608e-01 -9.599078e-01
    outer loop
      vertex   2.346123e+01 4.207057e+01 6.987449e+01
      vertex   2.107966e+01 4.344557e+01 6.987449e+01
      vertex   2.429329e+01 4.351176e+01 6.938852e+01
    endloop
  endfacet
  facet normal -1.401580e-01 -2.427608e-01 -9.599078e-01
    outer loop
      vertex   2.429329e+01 4.351176e+01 6.938852e+01
      vertex   2.107966e+01 4.344557e+01 6.987449e+01
      vertex   2.191172e+01 4.488676e+01 6.938852e+01
    endloop
  endfacet
  facet normal -6.878258e-02 -1.191349e-01 -9.904927e-01
    outer loop
      vertex   2.429329e+01 4.351176e+01 6.938852e+01
      vertex   2.191172e+01 4.488676e+01 6.938852e+01
      vertex   2.515187e+01 4.499886e+01 6.915003e+01
    endloop
  endfacet
  facet normal -6.878258e-02 -1.191349e-01 -9.904927e-01
    outer loop
      vertex   2.515187e+01 4.499886e+01 6.915003e+01
      vertex   2.191172e+01 4.488676e+01 6.938852e+01
      vertex   2.277030e+01 4.637386e+01 6.915003e+01
    endloop
  endfacet
  facet normal 4.058861e-03 7.030153e-03 -9.999671e-01
    outer loop
      vertex   2.515187e+01 4.499886e+01 6.915003e+01
      vertex   2.277030e+01 4.637386e+01 6.915003e+01
      vertex   2.601866e+01 4.650018e+01 6.916411e+01
    endloop
  endfacet
  facet normal 4.058861e-03 7.030153e-03 -9.999671e-01
    outer loop
      vertex   2.601866e+01 4.650018e+01 6.916411e+01
      vertex   2.277030e+01 4.637386e+01 6.915003e+01
      vertex   2.363709e+01 4.787518e+01 6.916411e+01
    endloop
  endfacet
  facet normal 7.681379e-02 1.330454e-01 -9.881288e-01
    outer loop
      vertex   2.601866e+01 4.650018e+01 6.916411e+01
      vertex   2.363709e+01 4.787518e+01 6.916411e+01
      vertex   2.687519e+01 4.798373e+01 6.943044e+01
    endloop
  endfacet
  facet normal 7.681379e-02 1.330454e-01 -9.881288e-01
    outer loop
      vertex   2.687519e+01 4.798373e+01 6.943044e+01
      vertex   2.363709e+01 4.787518e+01 6.916411e+01
      vertex   2.449362e+01 4.935873e+01 6.943044e+01
    endloop
  endfacet
  facet normal 1.479316e-01 2.562250e-01 -9.552303e-01
    outer loop
      vertex   2.687519e+01 4.798373e+01 6.943044e+01
      vertex   2.449362e+01 4.935873e+01 6.943044e+01
      vertex   2.770320e+01 4.941789e+01 6.994336e+01
    endloop
  endfacet
  facet normal 1.479316e-01 2.562250e-01 -9.552303e-01
    outer loop
      vertex   2.770320e+01 4.941789e+01 6.994336e+01
      vertex   2.449362e+01 4.935873e+01 6.943044e+01
      vertex   2.532163e+01 5.079289e+01 6.994336e+01
    endloop
  endfacet
  facet normal 2.158964e-01 3.739436e-01 -9.019728e-01
    outer loop
      vertex   2.770320e+01 4.941789e+01 6.994336e+01
      vertex   2.532163e+01 5.079289e+01 6.994336e+01
      vertex   2.848505e+01 5.077209e+01 7.069193e+01
    endloop
  endfacet
  facet normal 2.158964e-01 3.739436e-01 -9.019728e-01
    outer loop
      vertex   2.848505e+01 5.077209e+01 7.069193e+01
      vertex   2.532163e+01 5.079289e+01 6.994336e+01
      vertex   2.610348e+01 5.214709e+01 7.069193e+01
    endloop
  endfacet
  facet normal 2.792599e-01 4.836923e-01 -8.294912e-01
    outer loop
      vertex   2.848505e+01 5.077209e+01 7.069193e+01
      vertex   2.610348e+01 5.214709e+01 7.069193e+01
      vertex   2.920407e+01 5.201747e+01 7.166020e+01
    endloop
  endfacet
  facet normal 2.792599e-01 4.836923e-01 -8.294912e-01
    outer loop
      vertex   2.920407e+01 5.201747e+01 7.166020e+01
      vertex   2.610348e+01 5.214709e+01 7.069193e+01
      vertex   2.682250e+01 5.339247e+01 7.166020e+01
    endloop
  endfacet
  facet normal 3.366713e-01 5.831319e-01 -7.393305e-01
    outer loop
      vertex   2.920407e+01 5.201747e+01 7.166020e+01
      vertex   2.682250e+01 5.339247e+01 7.166020e+01
      vertex   2.984494e+01 5.312748e+01 7.282754e+01
    endloop
  endfacet
  facet normal 3.366713e-01 5.831319e-01 -7.393305e-01
    outer loop
      vertex   2.984494e+01 5.312748e+01 7.282754e+01
      vertex   2.682250e+01 5.339247e+01 7.166020e+01
      vertex   2.746337e+01 5.450248e+01 7.282754e+01
    endloop
  endfacet
  facet normal 3.869073e-01 6.701430e-01 -6.334123e-01
    outer loop
      vertex   2.984494e+01 5.312748e+01 7.282754e+01
      vertex   2.746337e+01 5.450248e+01 7.282754e+01
      vertex   3.039399e+01 5.407847e+01 7.416905e+01
    endloop
  endfacet
  facet normal 3.869073e-01 6.701430e-01 -6.334123e-01
    outer loop
      vertex   3.039399e+01 5.407847e+01 7.416905e+01
      vertex   2.746337e+01 5.450248e+01 7.282754e+01
      vertex   2.801242e+01 5.545347e+01 7.416905e+01
    endloop
  endfacet
  facet normal 4.288969e-01 7.428712e-01 -5.139939e-01
    outer loop
      vertex   3.039399e+01 5.407847e+01 7.416905e+01
      vertex   2.801242e+01 5.545347e+01 7.416905e+01
      vertex   3.083953e+01 5.485017e+01 7.565616e+01
    endloop
  endfacet
  facet normal 4.288969e-01 7.428712e-01 -5.139939e-01
    outer loop
      vertex   3.083953e+01 5.485017e+01 7.565616e+01
      vertex   2.801242e+01 5.545347e+01 7.416905e+01
      vertex   2.845796e+01 5.622517e+01 7.565616e+01
    endloop
  endfacet
  facet normal 4.617454e-01 7.997664e-01 -3.836207e-01
    outer loop
      vertex   3.083953e+01 5.485017e+01 7.565616e+01
      vertex   2.845796e+01 5.622517e+01 7.565616e+01
      vertex   3.117206e+01 5.542613e+01 7.725716e+01
    endloop
  endfacet
  facet normal 4.617454e-01 7.997664e-01 -3.836207e-01
    outer loop
      vertex   3.117206e+01 5.542613e+01 7.725716e+01
      vertex   2.845796e+01 5.622517e+01 7.565616e+01
      vertex   2.879049e+01 5.680113e+01 7.725716e+01
    endloop
  endfacet
  facet normal 8.660254e-01 -5.000000e-01 -1.630240e-14
    outer loop
      vertex   3.086929e+01 5.490171e+01 7.741703e+01
      vertex   3.117206e+01 5.542613e+01 7.725716e+01
      vertex   3.107674e+01 5.526103e+01 7.904646e+01
    endloop
  endfacet
  facet normal 8.660254e-01 -5.000000e-01 -1.796633e-14
    outer loop
      vertex   3.107674e+01 5.526103e+01 7.904646e+01
      vertex   3.117206e+01 5.542613e+01 7.725716e+01
      vertex   3.138449e+01 5.579407e+01 7.893793e+01
    endloop
  endfacet
  facet normal 8.660254e-01 -5.000000e-01 -1.651516e-14
    outer loop
      vertex   3.107674e+01 5.526103e+01 7.904646e+01
      vertex   3.138449e+01 5.579407e+01 7.893793e+01
      vertex   3.147230e+01 5.594616e+01 8.066265e+01
    endloop
  endfacet
  facet normal 8.660254e-01 -5.000000e-01 -1.978858e-14
    outer loop
      vertex   3.117206e+01 5.542613e+01 7.725716e+01
      vertex   3.086929e+01 5.490171e+01 7.741703e+01
      vertex   3.083953e+01 5.485017e+01 7.565616e+01
    endloop
  endfacet
  facet normal 8.660254e-01 -5.000000e-01 -1.943880e-14
    outer loop
      vertex   3.083953e+01 5.485017e+01 7.565616e+01
      vertex   3.086929e+01 5.490171e+01 7.741703e+01
      vertex   3.054273e+01 5.433609e+01 7.586763e+01
    endloop
  endfacet
  facet normal 8.660254e-01 -5.000000e-01 -2.088408e-14
    outer loop
      vertex   3.083953e+01 5.485017e+01 7.565616e+01
      vertex   3.054273e+01 5.433609e+01 7.586763e+01
      vertex   3.039399e+01 5.407847e+01 7.416905e+01
    endloop
  endfacet
  facet normal 8.660254e-01 -5.000000e-01 -2.381231e-14
    outer loop
      vertex   3.039399e+01 5.407847e+01 7.416905e+01
      vertex   3.054273e+01 5.433609e+01 7.586763e+01
      vertex   3.010435e+01 5.357680e+01 7.443288e+01
    endloop
  endfacet
  facet normal 8.660254e-01 -5.000000e-01 -2.586066e-14
    outer loop
      vertex   3.039399e+01 5.407847e+01 7.416905e+01
      vertex   3.010435e+01 5.357680e+01 7.443288e+01
      vertex   2.984494e+01 5.312748e+01 7.282754e+01
    endloop
  endfacet
  facet normal 8.660254e-01 -5.000000e-01 -1.966950e-14
    outer loop
      vertex   2.984494e+01 5.312748e+01 7.282754e+01
      vertex   3.010435e+01 5.357680e+01 7.443288e+01
      vertex   2.956395e+01 5.264080e+01 7.314484e+01
    endloop
  endfacet
  facet normal 8.660254e-01 -5.000000e-01 -1.796907e-14
    outer loop
      vertex   2.984494e+01 5.312748e+01 7.282754e+01
      vertex   2.956395e+01 5.264080e+01 7.314484e+01
      vertex   2.920407e+01 5.201747e+01 7.166020e+01
    endloop
  endfacet
  facet normal 8.660254e-01 -5.000000e-01 -2.138243e-14
    outer loop
      vertex   2.920407e+01 5.201747e+01 7.166020e+01
      vertex   2.956395e+01 5.264080e+01 7.314484e+01
      vertex   2.893360e+01 5.154900e+01 7.203226e+01
    endloop
  endfacet
  facet normal 8.660254e-01 -5.000000e-01 -2.128566e-14
    outer loop
      vertex   2.920407e+01 5.201747e+01 7.166020e+01
      vertex   2.893360e+01 5.154900e+01 7.203226e+01
      vertex   2.848505e+01 5.077209e+01 7.069193e+01
    endloop
  endfacet
  facet normal 8.660254e-01 -5.000000e-01 -1.872305e-14
    outer loop
      vertex   2.848505e+01 5.077209e+01 7.069193e+01
      vertex   2.893360e+01 5.154900e+01 7.203226e+01
      vertex   2.822738e+01 5.032579e+01 7.112001e+01
    endloop
  endfacet
  facet normal 8.660254e-01 -5.000000e-01 -1.715068e-14
    outer loop
      vertex   2.848505e+01 5.077209e+01 7.069193e+01
      vertex   2.822738e+01 5.032579e+01 7.112001e+01
      vertex   2.770320e+01 4.941789e+01 6.994336e+01
    endloop
  endfacet
  facet normal 8.660254e-01 -5.000000e-01 -1.222561e-14
    outer loop
      vertex   2.770320e+01 4.941789e+01 6.994336e+01
      vertex   2.822738e+01 5.032579e+01 7.112001e+01
      vertex   2.746106e+01 4.899849e+01 7.042846e+01
    endloop
  endfacet
  facet normal 8.660254e-01 -5.000000e-01 -1.219232e-14
    outer loop
      vertex   2.770320e+01 4.941789e+01 6.994336e+01
      vertex   2.746106e+01 4.899849e+01 7.042846e+01
      vertex   2.687519e+01 4.798373e+01 6.943044e+01
    endloop
  endfacet
  facet normal 8.660254e-01 -5.000000e-01 -1.411171e-14
    outer loop
      vertex   2.687519e+01 4.798373e+01 6.943044e+01
      vertex   2.746106e+01 4.899849e+01 7.042846e+01
      vertex   2.665177e+01 4.759675e+01 6.997306e+01
    endloop
  endfacet
  facet normal 8.660254e-01 -5.000000e-01 -1.445288e-14
    outer loop
      vertex   2.687519e+01 4.798373e+01 6.943044e+01
      vertex   2.665177e+01 4.759675e+01 6.997306e+01
      vertex   2.601866e+01 4.650018e+01 6.916411e+01
    endloop
  endfacet
  facet normal 8.660254e-01 -5.000000e-01 -1.967361e-14
    outer loop
      vertex   2.601866e+01 4.650018e+01 6.916411e+01
      vertex   2.665177e+01 4.759675e+01 6.997306e+01
      vertex   2.581758e+01 4.615190e+01 6.976398e+01
    endloop
  endfacet
  facet normal 8.660254e-01 -5.000000e-01 -1.990887e-14
    outer loop
      vertex   2.601866e+01 4.650018e+01 6.916411e+01
      vertex   2.581758e+01 4.615190e+01 6.976398e+01
      vertex   2.515187e+01 4.499886e+01 6.915003e+01
    endloop
  endfacet
  facet normal 8.660254e-01 -5.000000e-01 -1.854954e-14
    outer loop
      vertex   2.515187e+01 4.499886e+01 6.915003e+01
      vertex   2.581758e+01 4.615190e+01 6.976398e+01
      vertex   2.497713e+01 4.469619e+01 6.980590e+01
    endloop
  endfacet
  facet normal 8.660254e-01 -5.000000e-01 -1.767186e-14
    outer loop
      vertex   2.515187e+01 4.499886e+01 6.915003e+01
      vertex   2.497713e+01 4.469619e+01 6.980590e+01
      vertex   2.429329e+01 4.351176e+01 6.938852e+01
    endloop
  endfacet
  facet normal 8.660254e-01 -5.000000e-01 -1.598448e-14
    outer loop
      vertex   2.429329e+01 4.351176e+01 6.938852e+01
      vertex   2.497713e+01 4.469619e+01 6.980590e+01
      vertex   2.414919e+01 4.326215e+01 7.009788e+01
    endloop
  endfacet
  facet normal 8.660254e-01 -5.000000e-01 -1.718040e-14
    outer loop
      vertex   2.429329e+01 4.351176e+01 6.938852e+01
      vertex   2.414919e+01 4.326215e+01 7.009788e+01
      vertex   2.346123e+01 4.207057e+01 6.987449e+01
    endloop
  endfacet
  facet normal 8.660254e-01 -5.000000e-01 -2.425387e-14
    outer loop
      vertex   2.346123e+01 4.207057e+01 6.987449e+01
      vertex   2.414919e+01 4.326215e+01 7.009788e+01
      vertex   2.335225e+01 4.188182e+01 7.063339e+01
    endloop
  endfacet
  facet normal 8.660254e-01 -5.000000e-01 -2.435581e-14
    outer loop
      vertex   2.346123e+01 4.207057e+01 6.987449e+01
      vertex   2.335225e+01 4.188182e+01 7.063339e+01
      vertex   2.267341e+01 4.070603e+01 7.059758e+01
    endloop
  endfacet
  facet normal 8.660254e-01 -5.000000e-01 -9.099315e-15
    outer loop
      vertex   2.267341e+01 4.070603e+01 7.059758e+01
      vertex   2.335225e+01 4.188182e+01 7.063339e+01
      vertex   2.260412e+01 4.058603e+01 7.140048e+01
    endloop
  endfacet
  facet normal 8.660254e-01 -5.000000e-01 -7.888777e-15
    outer loop
      vertex   2.267341e+01 4.070603e+01 7.059758e+01
      vertex   2.260412e+01 4.058603e+01 7.140048e+01
      vertex   2.194662e+01 3.944720e+01 7.154237e+01
    endloop
  endfacet
  facet normal 8.660254e-01 -5.000000e-01 -1.510190e-14
    outer loop
      vertex   2.194662e+01 3.944720e+01 7.154237e+01
      vertex   2.260412e+01 4.058603e+01 7.140048e+01
      vertex   2.192152e+01 3.940372e+01 7.238200e+01
    endloop
  endfacet
  facet normal 8.660254e-01 -5.000000e-01 -1.529809e-14
    outer loop
      vertex   2.194662e+01 3.944720e+01 7.154237e+01
      vertex   2.192152e+01 3.940372e+01 7.238200e+01
      vertex   2.129637e+01 3.832092e+01 7.268874e+01
    endloop
  endfacet
  facet normal 8.660254e-01 -5.000000e-01 -1.543864e-14
    outer loop
      vertex   2.129637e+01 3.832092e+01 7.268874e+01
      vertex   2.192152e+01 3.940372e+01 7.238200e+01
      vertex   2.131968e+01 3.836130e+01 7.355603e+01
    endloop
  endfacet
  facet normal 8.660254e-01 -5.000000e-01 -1.539135e-14
    outer loop
      vertex   2.129637e+01 3.832092e+01 7.268874e+01
      vertex   2.131968e+01 3.836130e+01 7.355603e+01
      vertex   2.073649e+01 3.735120e+01 7.401225e+01
    endloop
  endfacet
  facet normal 8.660254e-01 -5.000000e-01 -1.725689e-14
    outer loop
      vertex   2.073649e+01 3.735120e+01 7.401225e+01
      vertex   2.131968e+01 3.836130e+01 7.355603e+01
      vertex   2.081205e+01 3.748207e+01 7.489635e+01
    endloop
  endfacet
  facet normal 8.660254e-01 -5.000000e-01 -1.794667e-14
    outer loop
      vertex   2.073649e+01 3.735120e+01 7.401225e+01
      vertex   2.081205e+01 3.748207e+01 7.489635e+01
      vertex   2.027894e+01 3.655869e+01 7.548470e+01
    endloop
  endfacet
  facet normal 8.660254e-01 -5.000000e-01 -1.604087e-14
    outer loop
      vertex   2.027894e+01 3.655869e+01 7.548470e+01
      vertex   2.081205e+01 3.748207e+01 7.489635e+01
      vertex   2.040998e+01 3.678565e+01 7.637302e+01
    endloop
  endfacet
  facet normal 8.660254e-01 -5.000000e-01 -1.554108e-14
    outer loop
      vertex   2.027894e+01 3.655869e+01 7.548470e+01
      vertex   2.040998e+01 3.678565e+01 7.637302e+01
      vertex   1.993346e+01 3.596030e+01 7.707469e+01
    endloop
  endfacet
  facet normal 8.660254e-01 -5.000000e-01 -2.142783e-14
    outer loop
      vertex   1.993346e+01 3.596030e+01 7.707469e+01
      vertex   2.040998e+01 3.678565e+01 7.637302e+01
      vertex   2.012244e+01 3.628762e+01 7.795304e+01
    endloop
  endfacet
  facet normal 8.660254e-01 -5.000000e-01 -1.969128e-14
    outer loop
      vertex   1.993346e+01 3.596030e+01 7.707469e+01
      vertex   2.012244e+01 3.628762e+01 7.795304e+01
      vertex   1.970741e+01 3.556877e+01 7.874834e+01
    endloop
  endfacet
  facet normal 8.660254e-01 -5.000000e-01 -1.625532e-14
    outer loop
      vertex   1.970741e+01 3.556877e+01 7.874834e+01
      vertex   2.012244e+01 3.628762e+01 7.795304e+01
      vertex   1.995585e+01 3.599909e+01 7.960113e+01
    endloop
  endfacet
  facet normal 8.660254e-01 -5.000000e-01 -1.744372e-14
    outer loop
      vertex   1.970741e+01 3.556877e+01 7.874834e+01
      vertex   1.995585e+01 3.599909e+01 7.960113e+01
      vertex   1.960561e+01 3.539246e+01 8.046998e+01
    endloop
  endfacet
  facet normal 8.660254e-01 -5.000000e-01 -1.861249e-14
    outer loop
      vertex   1.960561e+01 3.539246e+01 8.046998e+01
      vertex   1.995585e+01 3.599909e+01 7.960113e+01
      vertex   1.991395e+01 3.592650e+01 8.128047e+01
    endloop
  endfacet
  facet normal 8.660254e-01 -5.000000e-01 -1.646493e-14
    outer loop
      vertex   1.960561e+01 3.539246e+01 8.046998e+01
      vertex   1.991395e+01 3.592650e+01 8.128047e+01
      vertex   1.963024e+01 3.543511e+01 8.220292e+01
    endloop
  endfacet
  facet normal 8.660254e-01 -5.000000e-01 -1.664699e-14
    outer loop
      vertex   1.963024e+01 3.543511e+01 8.220292e+01
      vertex   1.991395e+01 3.592650e+01 8.128047e+01
      vertex   1.999765e+01 3.607149e+01 8.295354e+01
    endloop
  endfacet
  facet normal 8.660254e-01 -5.000000e-01 -1.570453e-14
    outer loop
      vertex   1.963024e+01 3.543511e+01 8.220292e+01
      vertex   1.999765e+01 3.607149e+01 8.295354e+01
      vertex   1.978076e+01 3.569582e+01 8.391022e+01
    endloop
  endfacet
  facet normal 8.660254e-01 -5.000000e-01 -1.473585e-14
    outer loop
      vertex   1.978076e+01 3.569582e+01 8.391022e+01
      vertex   1.999765e+01 3.607149e+01 8.295354e+01
      vertex   2.020511e+01 3.643081e+01 8.458297e+01
    endloop
  endfacet
  facet normal 8.660254e-01 -5.000000e-01 -2.190828e-14
    outer loop
      vertex   1.978076e+01 3.569582e+01 8.391022e+01
      vertex   2.020511e+01 3.643081e+01 8.458297e+01
      vertex   2.005397e+01 3.616903e+01 8.555550e+01
    endloop
  endfacet
  facet normal 8.660254e-01 -5.000000e-01 -2.125345e-14
    outer loop
      vertex   2.005397e+01 3.616903e+01 8.555550e+01
      vertex   2.020511e+01 3.643081e+01 8.458297e+01
      vertex   2.053167e+01 3.699643e+01 8.613237e+01
    endloop
  endfacet
  facet normal 8.660254e-01 -5.000000e-01 -2.071400e-14
    outer loop
      vertex   2.005397e+01 3.616903e+01 8.555550e+01
      vertex   2.053167e+01 3.699643e+01 8.613237e+01
      vertex   2.044405e+01 3.684466e+01 8.710368e+01
    endloop
  endfacet
  facet normal 8.660254e-01 -5.000000e-01 -2.028140e-14
    outer loop
      vertex   2.044405e+01 3.684466e+01 8.710368e+01
      vertex   2.053167e+01 3.699643e+01 8.613237e+01
      vertex   2.097005e+01 3.775572e+01 8.756712e+01
    endloop
  endfacet
  facet normal 8.660254e-01 -5.000000e-01 -2.280469e-14
    outer loop
      vertex   2.044405e+01 3.684466e+01 8.710368e+01
      vertex   2.097005e+01 3.775572e+01 8.756712e+01
      vertex   2.094267e+01 3.770831e+01 8.852177e+01
    endloop
  endfacet
  facet normal 8.660254e-01 -5.000000e-01 -2.319040e-14
    outer loop
      vertex   2.094267e+01 3.770831e+01 8.852177e+01
      vertex   2.097005e+01 3.775572e+01 8.756712e+01
      vertex   2.151045e+01 3.869172e+01 8.885516e+01
    endloop
  endfacet
  facet normal 8.660254e-01 -5.000000e-01 -1.432904e-14
    outer loop
      vertex   2.094267e+01 3.770831e+01 8.852177e+01
      vertex   2.151045e+01 3.869172e+01 8.885516e+01
      vertex   2.153923e+01 3.874157e+01 8.977955e+01
    endloop
  endfacet
  facet normal 8.660254e-01 -5.000000e-01 -1.451932e-14
    outer loop
      vertex   2.153923e+01 3.874157e+01 8.977955e+01
      vertex   2.151045e+01 3.869172e+01 8.885516e+01
      vertex   2.214080e+01 3.978352e+01 8.996774e+01
    endloop
  endfacet
  facet normal 8.660254e-01 -5.000000e-01 -2.163286e-14
    outer loop
      vertex   2.153923e+01 3.874157e+01 8.977955e+01
      vertex   2.214080e+01 3.978352e+01 8.996774e+01
      vertex   2.222099e+01 3.992241e+01 9.085021e+01
    endloop
  endfacet
  facet normal 8.660254e-01 -5.000000e-01 -2.111698e-14
    outer loop
      vertex   2.222099e+01 3.992241e+01 9.085021e+01
      vertex   2.214080e+01 3.978352e+01 8.996774e+01
      vertex   2.284702e+01 4.100673e+01 9.087999e+01
    endloop
  endfacet
  facet normal 8.660254e-01 -5.000000e-01 -1.300640e-14
    outer loop
      vertex   2.222099e+01 3.992241e+01 9.085021e+01
      vertex   2.284702e+01 4.100673e+01 9.087999e+01
      vertex   2.297343e+01 4.122568e+01 9.171093e+01
    endloop
  endfacet
  facet normal 8.660254e-01 -5.000000e-01 -1.288396e-14
    outer loop
      vertex   2.297343e+01 4.122568e+01 9.171093e+01
      vertex   2.284702e+01 4.100673e+01 9.087999e+01
      vertex   2.361333e+01 4.233403e+01 9.157154e+01
    endloop
  endfacet
  facet normal 8.660254e-01 -5.000000e-01 -1.352376e-14
    outer loop
      vertex   2.297343e+01 4.122568e+01 9.171093e+01
      vertex   2.361333e+01 4.233403e+01 9.157154e+01
      vertex   2.378051e+01 4.262359e+01 9.234336e+01
    endloop
  endfacet
  facet normal 8.660254e-01 -5.000000e-01 -1.325805e-14
    outer loop
      vertex   2.378051e+01 4.262359e+01 9.234336e+01
      vertex   2.361333e+01 4.233403e+01 9.157154e+01
      vertex   2.442263e+01 4.373576e+01 9.202694e+01
    endloop
  endfacet
  facet normal 8.660254e-01 -5.000000e-01 -1.157199e-14
    outer loop
      vertex   2.378051e+01 4.262359e+01 9.234336e+01
      vertex   2.442263e+01 4.373576e+01 9.202694e+01
      vertex   2.462503e+01 4.408635e+01 9.273403e+01
    endloop
  endfacet
  facet normal 8.660254e-01 -5.000000e-01 -1.097494e-14
    outer loop
      vertex   2.462503e+01 4.408635e+01 9.273403e+01
      vertex   2.442263e+01 4.373576e+01 9.202694e+01
      vertex   2.525681e+01 4.518062e+01 9.223602e+01
    endloop
  endfacet
  facet normal 8.660254e-01 -5.000000e-01 -1.090798e-14
    outer loop
      vertex   2.462503e+01 4.408635e+01 9.273403e+01
      vertex   2.525681e+01 4.518062e+01 9.223602e+01
      vertex   2.548900e+01 4.558278e+01 9.287461e+01
    endloop
  endfacet
  facet normal 8.660254e-01 -5.000000e-01 -1.442534e-14
    outer loop
      vertex   2.548900e+01 4.558278e+01 9.287461e+01
      vertex   2.525681e+01 4.518062e+01 9.223602e+01
      vertex   2.609727e+01 4.663633e+01 9.219410e+01
    endloop
  endfacet
  facet normal 8.660254e-01 -5.000000e-01 -2.251592e-14
    outer loop
      vertex   2.548900e+01 4.558278e+01 9.287461e+01
      vertex   2.609727e+01 4.663633e+01 9.219410e+01
      vertex   2.635399e+01 4.708099e+01 9.276210e+01
    endloop
  endfacet
  facet normal 8.660254e-01 -5.000000e-01 -2.306041e-14
    outer loop
      vertex   2.635399e+01 4.708099e+01 9.276210e+01
      vertex   2.609727e+01 4.663633e+01 9.219410e+01
      vertex   2.692521e+01 4.807036e+01 9.190212e+01
    endloop
  endfacet
  facet normal 8.660254e-01 -5.000000e-01 -1.894934e-14
    outer loop
      vertex   2.635399e+01 4.708099e+01 9.276210e+01
      vertex   2.692521e+01 4.807036e+01 9.190212e+01
      vertex   2.720157e+01 4.854904e+01 9.239890e+01
    endloop
  endfacet
  facet normal 8.660254e-01 -5.000000e-01 -2.173894e-14
    outer loop
      vertex   2.720157e+01 4.854904e+01 9.239890e+01
      vertex   2.692521e+01 4.807036e+01 9.190212e+01
      vertex   2.772214e+01 4.945070e+01 9.136661e+01
    endloop
  endfacet
  facet normal 8.660254e-01 -5.000000e-01 -3.100475e-14
    outer loop
      vertex   2.720157e+01 4.854904e+01 9.239890e+01
      vertex   2.772214e+01 4.945070e+01 9.136661e+01
      vertex   2.801368e+01 4.995566e+01 9.179276e+01
    endloop
  endfacet
  facet normal 8.660254e-01 -5.000000e-01 -2.496937e-14
    outer loop
      vertex   2.801368e+01 4.995566e+01 9.179276e+01
      vertex   2.772214e+01 4.945070e+01 9.136661e+01
      vertex   2.847027e+01 5.074649e+01 9.059952e+01
    endloop
  endfacet
  facet normal 8.660254e-01 -5.000000e-01 -1.482347e-14
    outer loop
      vertex   2.801368e+01 4.995566e+01 9.179276e+01
      vertex   2.847027e+01 5.074649e+01 9.059952e+01
      vertex   2.877301e+01 5.127086e+01 9.095659e+01
    endloop
  endfacet
  facet normal 8.660254e-01 -5.000000e-01 -1.577945e-14
    outer loop
      vertex   2.877301e+01 5.127086e+01 9.095659e+01
      vertex   2.847027e+01 5.074649e+01 9.059952e+01
      vertex   2.915288e+01 5.192880e+01 8.961800e+01
    endloop
  endfacet
  facet normal 8.660254e-01 -5.000000e-01 -1.884267e-14
    outer loop
      vertex   2.877301e+01 5.127086e+01 9.095659e+01
      vertex   2.915288e+01 5.192880e+01 8.961800e+01
      vertex   2.946338e+01 5.246660e+01 8.990821e+01
    endloop
  endfacet
  facet normal 8.660254e-01 -5.000000e-01 -1.624075e-14
    outer loop
      vertex   2.946338e+01 5.246660e+01 8.990821e+01
      vertex   2.915288e+01 5.192880e+01 8.961800e+01
      vertex   2.975472e+01 5.297122e+01 8.844397e+01
    endloop
  endfacet
  facet normal 8.660254e-01 -5.000000e-01 -1.488847e-14
    outer loop
      vertex   2.946338e+01 5.246660e+01 8.990821e+01
      vertex   2.975472e+01 5.297122e+01 8.844397e+01
      vertex   3.007006e+01 5.351740e+01 8.866996e+01
    endloop
  endfacet
  facet normal 8.660254e-01 -5.000000e-01 -1.809034e-14
    outer loop
      vertex   3.007006e+01 5.351740e+01 8.866996e+01
      vertex   2.975472e+01 5.297122e+01 8.844397e+01
      vertex   3.026234e+01 5.385045e+01 8.710365e+01
    endloop
  endfacet
  facet normal 8.660254e-01 -5.000000e-01 -1.834971e-14
    outer loop
      vertex   3.007006e+01 5.351740e+01 8.866996e+01
      vertex   3.026234e+01 5.385045e+01 8.710365e+01
      vertex   3.058013e+01 5.440088e+01 8.726825e+01
    endloop
  endfacet
  facet normal 8.660254e-01 -5.000000e-01 -1.780573e-14
    outer loop
      vertex   3.058013e+01 5.440088e+01 8.726825e+01
      vertex   3.026234e+01 5.385045e+01 8.710365e+01
      vertex   3.066442e+01 5.454687e+01 8.562698e+01
    endloop
  endfacet
  facet normal 8.660254e-01 -5.000000e-01 -1.817148e-14
    outer loop
      vertex   3.058013e+01 5.440088e+01 8.726825e+01
      vertex   3.066442e+01 5.454687e+01 8.562698e+01
      vertex   3.098272e+01 5.509818e+01 8.573294e+01
    endloop
  endfacet
  facet normal 8.660254e-01 -5.000000e-01 -1.775068e-14
    outer loop
      vertex   3.098272e+01 5.509818e+01 8.573294e+01
      vertex   3.066442e+01 5.454687e+01 8.562698e+01
      vertex   3.095196e+01 5.504490e+01 8.404696e+01
    endloop
  endfacet
  facet normal 8.660254e-01 -5.000000e-01 -1.762961e-14
    outer loop
      vertex   3.098272e+01 5.509818e+01 8.573294e+01
      vertex   3.095196e+01 5.504490e+01 8.404696e+01
      vertex   3.126925e+01 5.559447e+01 8.409675e+01
    endloop
  endfacet
  facet normal 8.660254e-01 -5.000000e-01 -1.946261e-14
    outer loop
      vertex   3.126925e+01 5.559447e+01 8.409675e+01
      vertex   3.095196e+01 5.504490e+01 8.404696e+01
      vertex   3.111854e+01 5.533343e+01 8.239887e+01
    endloop
  endfacet
  facet normal 8.660254e-01 -5.000000e-01 -2.094238e-14
    outer loop
      vertex   3.126925e+01 5.559447e+01 8.409675e+01
      vertex   3.111854e+01 5.533343e+01 8.239887e+01
      vertex   3.143361e+01 5.587915e+01 8.239456e+01
    endloop
  endfacet
  facet normal 8.660254e-01 -5.000000e-01 -1.603119e-14
    outer loop
      vertex   3.143361e+01 5.587915e+01 8.239456e+01
      vertex   3.111854e+01 5.533343e+01 8.239887e+01
      vertex   3.116045e+01 5.540602e+01 8.071953e+01
    endloop
  endfacet
  facet normal 8.660254e-01 -5.000000e-01 -1.771814e-14
    outer loop
      vertex   3.143361e+01 5.587915e+01 8.239456e+01
      vertex   3.116045e+01 5.540602e+01 8.071953e+01
      vertex   3.147230e+01 5.594616e+01 8.066265e+01
    endloop
  endfacet
  facet normal 8.660254e-01 -5.000000e-01 -2.211433e-14
    outer loop
      vertex   3.147230e+01 5.594616e+01 8.066265e+01
      vertex   3.116045e+01 5.540602e+01 8.071953e+01
      vertex   3.107674e+01 5.526103e+01 7.904646e+01
    endloop
  endfacet
  facet normal 4.975154e-01 8.617219e-01 -9.956785e-02
    outer loop
      vertex   3.116045e+01 5.540602e+01 8.071953e+01
      vertex   3.354202e+01 5.403102e+01 8.071953e+01
      vertex   3.107674e+01 5.526103e+01 7.904646e+01
    endloop
  endfacet
  facet normal 4.975154e-01 8.617219e-01 -9.956785e-02
    outer loop
      vertex   3.107674e+01 5.526103e+01 7.904646e+01
      vertex   3.354202e+01 5.403102e+01 8.071953e+01
      vertex   3.345831e+01 5.388603e+01 7.904646e+01
    endloop
  endfacet
  facet normal 4.845386e-01 8.392455e-01 -2.467574e-01
    outer loop
      vertex   3.107674e+01 5.526103e+01 7.904646e+01
      vertex   3.345831e+01 5.388603e+01 7.904646e+01
      vertex   3.086929e+01 5.490171e+01 7.741703e+01
    endloop
  endfacet
  facet normal 4.845386e-01 8.392455e-01 -2.467574e-01
    outer loop
      vertex   3.086929e+01 5.490171e+01 7.741703e+01
      vertex   3.345831e+01 5.388603e+01 7.904646e+01
      vertex   3.325086e+01 5.352671e+01 7.741703e+01
    endloop
  endfacet
  facet normal 4.607381e-01 7.980218e-01 -3.884348e-01
    outer loop
      vertex   3.086929e+01 5.490171e+01 7.741703e+01
      vertex   3.325086e+01 5.352671e+01 7.741703e+01
      vertex   3.292430e+01 5.296109e+01 7.586763e+01
    endloop
  endfacet
  facet normal 4.993785e-01 8.649489e-01 4.984589e-02
    outer loop
      vertex   3.116045e+01 5.540602e+01 8.071953e+01
      vertex   3.111854e+01 5.533343e+01 8.239887e+01
      vertex   3.354202e+01 5.403102e+01 8.071953e+01
    endloop
  endfacet
  facet normal 4.993785e-01 8.649489e-01 4.984589e-02
    outer loop
      vertex   3.354202e+01 5.403102e+01 8.071953e+01
      vertex   3.111854e+01 5.533343e+01 8.239887e+01
      vertex   3.350011e+01 5.395843e+01 8.239887e+01
    endloop
  endfacet
  facet normal 4.900862e-01 8.488543e-01 1.981461e-01
    outer loop
      vertex   3.350011e+01 5.395843e+01 8.239887e+01
      vertex   3.111854e+01 5.533343e+01 8.239887e+01
      vertex   3.095196e+01 5.504490e+01 8.404696e+01
    endloop
  endfacet
  facet normal 4.900862e-01 8.488543e-01 1.981461e-01
    outer loop
      vertex   3.350011e+01 5.395843e+01 8.239887e+01
      vertex   3.095196e+01 5.504490e+01 8.404696e+01
      vertex   3.333353e+01 5.366990e+01 8.404696e+01
    endloop
  endfacet
  facet normal 4.698463e-01 8.137977e-01 3.420201e-01
    outer loop
      vertex   3.333353e+01 5.366990e+01 8.404696e+01
      vertex   3.095196e+01 5.504490e+01 8.404696e+01
      vertex   3.066442e+01 5.454687e+01 8.562698e+01
    endloop
  endfacet
  facet normal 4.698463e-01 8.137977e-01 3.420201e-01
    outer loop
      vertex   3.333353e+01 5.366990e+01 8.404696e+01
      vertex   3.066442e+01 5.454687e+01 8.562698e+01
      vertex   3.304599e+01 5.317187e+01 8.562698e+01
    endloop
  endfacet
  facet normal 4.391108e-01 7.605622e-01 4.782540e-01
    outer loop
      vertex   3.304599e+01 5.317187e+01 8.562698e+01
      vertex   3.066442e+01 5.454687e+01 8.562698e+01
      vertex   3.026234e+01 5.385045e+01 8.710365e+01
    endloop
  endfacet
  facet normal 4.391108e-01 7.605622e-01 4.782540e-01
    outer loop
      vertex   3.304599e+01 5.317187e+01 8.562698e+01
      vertex   3.026234e+01 5.385045e+01 8.710365e+01
      vertex   3.264391e+01 5.247545e+01 8.710365e+01
    endloop
  endfacet
  facet normal 3.985663e-01 6.903370e-01 6.038044e-01
    outer loop
      vertex   3.264391e+01 5.247545e+01 8.710365e+01
      vertex   3.026234e+01 5.385045e+01 8.710365e+01
      vertex   2.975472e+01 5.297122e+01 8.844397e+01
    endloop
  endfacet
  facet normal 3.985663e-01 6.903370e-01 6.038044e-01
    outer loop
      vertex   3.264391e+01 5.247545e+01 8.710365e+01
      vertex   2.975472e+01 5.297122e+01 8.844397e+01
      vertex   3.213629e+01 5.159622e+01 8.844397e+01
    endloop
  endfacet
  facet normal 3.491184e-01 6.046908e-01 7.158668e-01
    outer loop
      vertex   3.213629e+01 5.159622e+01 8.844397e+01
      vertex   2.975472e+01 5.297122e+01 8.844397e+01
      vertex   2.915288e+01 5.192880e+01 8.961800e+01
    endloop
  endfacet
  facet normal 3.491184e-01 6.046908e-01 7.158668e-01
    outer loop
      vertex   3.213629e+01 5.159622e+01 8.844397e+01
      vertex   2.915288e+01 5.192880e+01 8.961800e+01
      vertex   3.153445e+01 5.055380e+01 8.961800e+01
    endloop
  endfacet
  facet normal 2.918718e-01 5.055368e-01 8.119380e-01
    outer loop
      vertex   3.153445e+01 5.055380e+01 8.961800e+01
      vertex   2.915288e+01 5.192880e+01 8.961800e+01
      vertex   2.847027e+01 5.074649e+01 9.059952e+01
    endloop
  endfacet
  facet normal 2.918718e-01 5.055368e-01 8.119380e-01
    outer loop
      vertex   3.153445e+01 5.055380e+01 8.961800e+01
      vertex   2.847027e+01 5.074649e+01 9.059952e+01
      vertex   3.085184e+01 4.937149e+01 9.059952e+01
    endloop
  endfacet
  facet normal 2.281053e-01 3.950900e-01 8.898718e-01
    outer loop
      vertex   3.085184e+01 4.937149e+01 9.059952e+01
      vertex   2.847027e+01 5.074649e+01 9.059952e+01
      vertex   2.772214e+01 4.945070e+01 9.136661e+01
    endloop
  endfacet
  facet normal 2.281053e-01 3.950900e-01 8.898718e-01
    outer loop
      vertex   3.085184e+01 4.937149e+01 9.059952e+01
      vertex   2.772214e+01 4.945070e+01 9.136661e+01
      vertex   3.010371e+01 4.807570e+01 9.136661e+01
    endloop
  endfacet
  facet normal 1.592433e-01 2.758175e-01 9.479273e-01
    outer loop
      vertex   3.010371e+01 4.807570e+01 9.136661e+01
      vertex   2.772214e+01 4.945070e+01 9.136661e+01
      vertex   2.692521e+01 4.807036e+01 9.190212e+01
    endloop
  endfacet
  facet normal 1.592433e-01 2.758175e-01 9.479273e-01
    outer loop
      vertex   3.010371e+01 4.807570e+01 9.136661e+01
      vertex   2.692521e+01 4.807036e+01 9.190212e+01
      vertex   2.930678e+01 4.669536e+01 9.190212e+01
    endloop
  endfacet
  facet normal 8.682409e-02 1.503837e-01 9.848078e-01
    outer loop
      vertex   2.930678e+01 4.669536e+01 9.190212e+01
      vertex   2.692521e+01 4.807036e+01 9.190212e+01
      vertex   2.609727e+01 4.663633e+01 9.219410e+01
    endloop
  endfacet
  facet normal 8.682409e-02 1.503837e-01 9.848078e-01
    outer loop
      vertex   2.930678e+01 4.669536e+01 9.190212e+01
      vertex   2.609727e+01 4.663633e+01 9.219410e+01
      vertex   2.847884e+01 4.526133e+01 9.219410e+01
    endloop
  endfacet
  facet normal 1.246535e-02 2.159061e-02 9.996892e-01
    outer loop
      vertex   2.847884e+01 4.526133e+01 9.219410e+01
      vertex   2.609727e+01 4.663633e+01 9.219410e+01
      vertex   2.525681e+01 4.518062e+01 9.223602e+01
    endloop
  endfacet
  facet normal 1.246535e-02 2.159061e-02 9.996892e-01
    outer loop
      vertex   2.847884e+01 4.526133e+01 9.219410e+01
      vertex   2.525681e+01 4.518062e+01 9.223602e+01
      vertex   2.763838e+01 4.380562e+01 9.223602e+01
    endloop
  endfacet
  facet normal -6.217185e-02 -1.076848e-01 9.922392e-01
    outer loop
      vertex   2.763838e+01 4.380562e+01 9.223602e+01
      vertex   2.525681e+01 4.518062e+01 9.223602e+01
      vertex   2.442263e+01 4.373576e+01 9.202694e+01
    endloop
  endfacet
  facet normal -6.217185e-02 -1.076848e-01 9.922392e-01
    outer loop
      vertex   2.763838e+01 4.380562e+01 9.223602e+01
      vertex   2.442263e+01 4.373576e+01 9.202694e+01
      vertex   2.680420e+01 4.236076e+01 9.202694e+01
    endloop
  endfacet
  facet normal -1.354202e-01 -2.345547e-01 9.626242e-01
    outer loop
      vertex   2.680420e+01 4.236076e+01 9.202694e+01
      vertex   2.442263e+01 4.373576e+01 9.202694e+01
      vertex   2.361333e+01 4.233403e+01 9.157154e+01
    endloop
  endfacet
  facet normal -1.354202e-01 -2.345547e-01 9.626242e-01
    outer loop
      vertex   2.680420e+01 4.236076e+01 9.202694e+01
      vertex   2.361333e+01 4.233403e+01 9.157154e+01
      vertex   2.599490e+01 4.095903e+01 9.157154e+01
    endloop
  endfacet
  facet normal -2.056436e-01 -3.561851e-01 9.115059e-01
    outer loop
      vertex   2.599490e+01 4.095903e+01 9.157154e+01
      vertex   2.361333e+01 4.233403e+01 9.157154e+01
      vertex   2.284702e+01 4.100673e+01 9.087999e+01
    endloop
  endfacet
  facet normal -2.056436e-01 -3.561851e-01 9.115059e-01
    outer loop
      vertex   2.599490e+01 4.095903e+01 9.157154e+01
      vertex   2.284702e+01 4.100673e+01 9.087999e+01
      vertex   2.522859e+01 3.963173e+01 9.087999e+01
    endloop
  endfacet
  facet normal -2.712731e-01 -4.698588e-01 8.400259e-01
    outer loop
      vertex   2.522859e+01 3.963173e+01 9.087999e+01
      vertex   2.284702e+01 4.100673e+01 9.087999e+01
      vertex   2.214080e+01 3.978352e+01 8.996774e+01
    endloop
  endfacet
  facet normal -2.712731e-01 -4.698588e-01 8.400259e-01
    outer loop
      vertex   2.522859e+01 3.963173e+01 9.087999e+01
      vertex   2.214080e+01 3.978352e+01 8.996774e+01
      vertex   2.452237e+01 3.840852e+01 8.996774e+01
    endloop
  endfacet
  facet normal -3.308429e-01 -5.730367e-01 7.497812e-01
    outer loop
      vertex   2.452237e+01 3.840852e+01 8.996774e+01
      vertex   2.214080e+01 3.978352e+01 8.996774e+01
      vertex   2.151045e+01 3.869172e+01 8.885516e+01
    endloop
  endfacet
  facet normal -3.308429e-01 -5.730367e-01 7.497812e-01
    outer loop
      vertex   2.452237e+01 3.840852e+01 8.996774e+01
      vertex   2.151045e+01 3.869172e+01 8.885516e+01
      vertex   2.389202e+01 3.731672e+01 8.885516e+01
    endloop
  endfacet
  facet normal -3.830222e-01 -6.634139e-01 6.427876e-01
    outer loop
      vertex   2.389202e+01 3.731672e+01 8.885516e+01
      vertex   2.151045e+01 3.869172e+01 8.885516e+01
      vertex   2.097005e+01 3.775572e+01 8.756712e+01
    endloop
  endfacet
  facet normal -3.830222e-01 -6.634139e-01 6.427876e-01
    outer loop
      vertex   2.389202e+01 3.731672e+01 8.885516e+01
      vertex   2.097005e+01 3.775572e+01 8.756712e+01
      vertex   2.335162e+01 3.638072e+01 8.756712e+01
    endloop
  endfacet
  facet normal -4.266454e-01 -7.389716e-01 5.214352e-01
    outer loop
      vertex   2.335162e+01 3.638072e+01 8.756712e+01
      vertex   2.097005e+01 3.775572e+01 8.756712e+01
      vertex   2.053167e+01 3.699643e+01 8.613237e+01
    endloop
  endfacet
  facet normal -4.266454e-01 -7.389716e-01 5.214352e-01
    outer loop
      vertex   2.335162e+01 3.638072e+01 8.756712e+01
      vertex   2.053167e+01 3.699643e+01 8.613237e+01
      vertex   2.291324e+01 3.562143e+01 8.613237e+01
    endloop
  endfacet
  facet normal -4.607381e-01 -7.980218e-01 3.884348e-01
    outer loop
      vertex   2.291324e+01 3.562143e+01 8.613237e+01
      vertex   2.053167e+01 3.699643e+01 8.613237e+01
      vertex   2.020511e+01 3.643081e+01 8.458297e+01
    endloop
  endfacet
  facet normal -4.607381e-01 -7.980218e-01 3.884348e-01
    outer loop
      vertex   2.291324e+01 3.562143e+01 8.613237e+01
      vertex   2.020511e+01 3.643081e+01 8.458297e+01
      vertex   2.258668e+01 3.505581e+01 8.458297e+01
    endloop
  endfacet
  facet normal -4.845386e-01 -8.392455e-01 2.467574e-01
    outer loop
      vertex   2.258668e+01 3.505581e+01 8.458297e+01
      vertex   2.020511e+01 3.643081e+01 8.458297e+01
      vertex   1.999765e+01 3.607149e+01 8.295354e+01
    endloop
  endfacet
  facet normal -4.845386e-01 -8.392455e-01 2.467574e-01
    outer loop
      vertex   2.258668e+01 3.505581e+01 8.458297e+01
      vertex   1.999765e+01 3.607149e+01 8.295354e+01
      vertex   2.237922e+01 3.469649e+01 8.295354e+01
    endloop
  endfacet
  facet normal -4.975154e-01 -8.617219e-01 9.956785e-02
    outer loop
      vertex   2.237922e+01 3.469649e+01 8.295354e+01
      vertex   1.999765e+01 3.607149e+01 8.295354e+01
      vertex   1.991395e+01 3.592650e+01 8.128047e+01
    endloop
  endfacet
  facet normal -4.975154e-01 -8.617219e-01 9.956785e-02
    outer loop
      vertex   2.237922e+01 3.469649e+01 8.295354e+01
      vertex   1.991395e+01 3.592650e+01 8.128047e+01
      vertex   2.229552e+01 3.455150e+01 8.128047e+01
    endloop
  endfacet
  facet normal -4.993785e-01 -8.649489e-01 -4.984589e-02
    outer loop
      vertex   2.229552e+01 3.455150e+01 8.128047e+01
      vertex   1.991395e+01 3.592650e+01 8.128047e+01
      vertex   1.995585e+01 3.599909e+01 7.960113e+01
    endloop
  endfacet
  facet normal -4.993785e-01 -8.649489e-01 -4.984589e-02
    outer loop
      vertex   2.229552e+01 3.455150e+01 8.128047e+01
      vertex   1.995585e+01 3.599909e+01 7.960113e+01
      vertex   2.233742e+01 3.462409e+01 7.960113e+01
    endloop
  endfacet
  facet normal -4.900862e-01 -8.488543e-01 -1.981461e-01
    outer loop
      vertex   2.233742e+01 3.462409e+01 7.960113e+01
      vertex   1.995585e+01 3.599909e+01 7.960113e+01
      vertex   2.012244e+01 3.628762e+01 7.795304e+01
    endloop
  endfacet
  facet normal -4.900862e-01 -8.488543e-01 -1.981461e-01
    outer loop
      vertex   2.233742e+01 3.462409e+01 7.960113e+01
      vertex   2.012244e+01 3.628762e+01 7.795304e+01
      vertex   2.250401e+01 3.491262e+01 7.795304e+01
    endloop
  endfacet
  facet normal -4.698463e-01 -8.137977e-01 -3.420201e-01
    outer loop
      vertex   2.250401e+01 3.491262e+01 7.795304e+01
      vertex   2.012244e+01 3.628762e+01 7.795304e+01
      vertex   2.040998e+01 3.678565e+01 7.637302e+01
    endloop
  endfacet
  facet normal -4.698463e-01 -8.137977e-01 -3.420201e-01
    outer loop
      vertex   2.250401e+01 3.491262e+01 7.795304e+01
      vertex   2.040998e+01 3.678565e+01 7.637302e+01
      vertex   2.279155e+01 3.541065e+01 7.637302e+01
    endloop
  endfacet
  facet normal -4.391108e-01 -7.605622e-01 -4.782540e-01
    outer loop
      vertex   2.279155e+01 3.541065e+01 7.637302e+01
      vertex   2.040998e+01 3.678565e+01 7.637302e+01
      vertex   2.081205e+01 3.748207e+01 7.489635e+01
    endloop
  endfacet
  facet normal -4.391108e-01 -7.605622e-01 -4.782540e-01
    outer loop
      vertex   2.279155e+01 3.541065e+01 7.637302e+01
      vertex   2.081205e+01 3.748207e+01 7.489635e+01
      vertex   2.319362e+01 3.610707e+01 7.489635e+01
    endloop
  endfacet
  facet normal -3.985663e-01 -6.903370e-01 -6.038044e-01
    outer loop
      vertex   2.319362e+01 3.610707e+01 7.489635e+01
      vertex   2.081205e+01 3.748207e+01 7.489635e+01
      vertex   2.131968e+01 3.836130e+01 7.355603e+01
    endloop
  endfacet
  facet normal -3.985663e-01 -6.903370e-01 -6.038044e-01
    outer loop
      vertex   2.319362e+01 3.610707e+01 7.489635e+01
      vertex   2.131968e+01 3.836130e+01 7.355603e+01
      vertex   2.370125e+01 3.698630e+01 7.355603e+01
    endloop
  endfacet
  facet normal -3.491184e-01 -6.046908e-01 -7.158668e-01
    outer loop
      vertex   2.370125e+01 3.698630e+01 7.355603e+01
      vertex   2.131968e+01 3.836130e+01 7.355603e+01
      vertex   2.192152e+01 3.940372e+01 7.238200e+01
    endloop
  endfacet
  facet normal -3.491184e-01 -6.046908e-01 -7.158668e-01
    outer loop
      vertex   2.370125e+01 3.698630e+01 7.355603e+01
      vertex   2.192152e+01 3.940372e+01 7.238200e+01
      vertex   2.430309e+01 3.802872e+01 7.238200e+01
    endloop
  endfacet
  facet normal -2.918718e-01 -5.055368e-01 -8.119380e-01
    outer loop
      vertex   2.430309e+01 3.802872e+01 7.238200e+01
      vertex   2.192152e+01 3.940372e+01 7.238200e+01
      vertex   2.260412e+01 4.058603e+01 7.140048e+01
    endloop
  endfacet
  facet normal -2.918718e-01 -5.055368e-01 -8.119380e-01
    outer loop
      vertex   2.430309e+01 3.802872e+01 7.238200e+01
      vertex   2.260412e+01 4.058603e+01 7.140048e+01
      vertex   2.498569e+01 3.921103e+01 7.140048e+01
    endloop
  endfacet
  facet normal -2.281053e-01 -3.950900e-01 -8.898718e-01
    outer loop
      vertex   2.498569e+01 3.921103e+01 7.140048e+01
      vertex   2.260412e+01 4.058603e+01 7.140048e+01
      vertex   2.335225e+01 4.188182e+01 7.063339e+01
    endloop
  endfacet
  facet normal -2.281053e-01 -3.950900e-01 -8.898718e-01
    outer loop
      vertex   2.498569e+01 3.921103e+01 7.140048e+01
      vertex   2.335225e+01 4.188182e+01 7.063339e+01
      vertex   2.573382e+01 4.050682e+01 7.063339e+01
    endloop
  endfacet
  facet normal -1.592433e-01 -2.758175e-01 -9.479273e-01
    outer loop
      vertex   2.573382e+01 4.050682e+01 7.063339e+01
      vertex   2.335225e+01 4.188182e+01 7.063339e+01
      vertex   2.414919e+01 4.326215e+01 7.009788e+01
    endloop
  endfacet
  facet normal -1.592433e-01 -2.758175e-01 -9.479273e-01
    outer loop
      vertex   2.573382e+01 4.050682e+01 7.063339e+01
      vertex   2.414919e+01 4.326215e+01 7.009788e+01
      vertex   2.653076e+01 4.188715e+01 7.009788e+01
    endloop
  endfacet
  facet normal -8.682409e-02 -1.503837e-01 -9.848078e-01
    outer loop
      vertex   2.653076e+01 4.188715e+01 7.009788e+01
      vertex   2.414919e+01 4.326215e+01 7.009788e+01
      vertex   2.497713e+01 4.469619e+01 6.980590e+01
    endloop
  endfacet
  facet normal -8.682409e-02 -1.503837e-01 -9.848078e-01
    outer loop
      vertex   2.653076e+01 4.188715e+01 7.009788e+01
      vertex   2.497713e+01 4.469619e+01 6.980590e+01
      vertex   2.735870e+01 4.332119e+01 6.980590e+01
    endloop
  endfacet
  facet normal -1.246535e-02 -2.159061e-02 -9.996892e-01
    outer loop
      vertex   2.735870e+01 4.332119e+01 6.980590e+01
      vertex   2.497713e+01 4.469619e+01 6.980590e+01
      vertex   2.581758e+01 4.615190e+01 6.976398e+01
    endloop
  endfacet
  facet normal -1.246535e-02 -2.159061e-02 -9.996892e-01
    outer loop
      vertex   2.735870e+01 4.332119e+01 6.980590e+01
      vertex   2.581758e+01 4.615190e+01 6.976398e+01
      vertex   2.819915e+01 4.477690e+01 6.976398e+01
    endloop
  endfacet
  facet normal 6.217185e-02 1.076848e-01 -9.922392e-01
    outer loop
      vertex   2.819915e+01 4.477690e+01 6.976398e+01
      vertex   2.581758e+01 4.615190e+01 6.976398e+01
      vertex   2.665177e+01 4.759675e+01 6.997306e+01
    endloop
  endfacet
  facet normal 6.217185e-02 1.076848e-01 -9.922392e-01
    outer loop
      vertex   2.819915e+01 4.477690e+01 6.976398e+01
      vertex   2.665177e+01 4.759675e+01 6.997306e+01
      vertex   2.903334e+01 4.622175e+01 6.997306e+01
    endloop
  endfacet
  facet normal 1.354202e-01 2.345547e-01 -9.626242e-01
    outer loop
      vertex   2.903334e+01 4.622175e+01 6.997306e+01
      vertex   2.665177e+01 4.759675e+01 6.997306e+01
      vertex   2.746106e+01 4.899849e+01 7.042846e+01
    endloop
  endfacet
  facet normal 1.354202e-01 2.345547e-01 -9.626242e-01
    outer loop
      vertex   2.903334e+01 4.622175e+01 6.997306e+01
      vertex   2.746106e+01 4.899849e+01 7.042846e+01
      vertex   2.984263e+01 4.762349e+01 7.042846e+01
    endloop
  endfacet
  facet normal 2.056436e-01 3.561851e-01 -9.115059e-01
    outer loop
      vertex   2.984263e+01 4.762349e+01 7.042846e+01
      vertex   2.746106e+01 4.899849e+01 7.042846e+01
      vertex   2.822738e+01 5.032579e+01 7.112001e+01
    endloop
  endfacet
  facet normal 2.056436e-01 3.561851e-01 -9.115059e-01
    outer loop
      vertex   2.984263e+01 4.762349e+01 7.042846e+01
      vertex   2.822738e+01 5.032579e+01 7.112001e+01
      vertex   3.060895e+01 4.895079e+01 7.112001e+01
    endloop
  endfacet
  facet normal 2.712731e-01 4.698588e-01 -8.400259e-01
    outer loop
      vertex   3.060895e+01 4.895079e+01 7.112001e+01
      vertex   2.822738e+01 5.032579e+01 7.112001e+01
      vertex   2.893360e+01 5.154900e+01 7.203226e+01
    endloop
  endfacet
  facet normal 2.712731e-01 4.698588e-01 -8.400259e-01
    outer loop
      vertex   3.060895e+01 4.895079e+01 7.112001e+01
      vertex   2.893360e+01 5.154900e+01 7.203226e+01
      vertex   3.131517e+01 5.017400e+01 7.203226e+01
    endloop
  endfacet
  facet normal 3.308429e-01 5.730367e-01 -7.497812e-01
    outer loop
      vertex   3.131517e+01 5.017400e+01 7.203226e+01
      vertex   2.893360e+01 5.154900e+01 7.203226e+01
      vertex   2.956395e+01 5.264080e+01 7.314484e+01
    endloop
  endfacet
  facet normal 3.308429e-01 5.730367e-01 -7.497812e-01
    outer loop
      vertex   3.131517e+01 5.017400e+01 7.203226e+01
      vertex   2.956395e+01 5.264080e+01 7.314484e+01
      vertex   3.194552e+01 5.126580e+01 7.314484e+01
    endloop
  endfacet
  facet normal 3.830222e-01 6.634139e-01 -6.427876e-01
    outer loop
      vertex   3.194552e+01 5.126580e+01 7.314484e+01
      vertex   2.956395e+01 5.264080e+01 7.314484e+01
      vertex   3.010435e+01 5.357680e+01 7.443288e+01
    endloop
  endfacet
  facet normal 3.830222e-01 6.634139e-01 -6.427876e-01
    outer loop
      vertex   3.194552e+01 5.126580e+01 7.314484e+01
      vertex   3.010435e+01 5.357680e+01 7.443288e+01
      vertex   3.248592e+01 5.220180e+01 7.443288e+01
    endloop
  endfacet
  facet normal 4.266454e-01 7.389716e-01 -5.214352e-01
    outer loop
      vertex   3.248592e+01 5.220180e+01 7.443288e+01
      vertex   3.010435e+01 5.357680e+01 7.443288e+01
      vertex   3.054273e+01 5.433609e+01 7.586763e+01
    endloop
  endfacet
  facet normal 4.266454e-01 7.389716e-01 -5.214352e-01
    outer loop
      vertex   3.248592e+01 5.220180e+01 7.443288e+01
      vertex   3.054273e+01 5.433609e+01 7.586763e+01
      vertex   3.292430e+01 5.296109e+01 7.586763e+01
    endloop
  endfacet
  facet normal 4.607381e-01 7.980218e-01 -3.884348e-01
    outer loop
      vertex   3.292430e+01 5.296109e+01 7.586763e+01
      vertex   3.054273e+01 5.433609e+01 7.586763e+01
      vertex   3.086929e+01 5.490171e+01 7.741703e+01
    endloop
  endfacet
  facet normal 8.660254e-01 -5.000000e-01 -1.727933e-14
    outer loop
      vertex   3.263977e+01 5.246827e+01 7.770626e+01
      vertex   3.325086e+01 5.352671e+01 7.741703e+01
      vertex   3.284281e+01 5.281994e+01 7.926352e+01
    endloop
  endfacet
  facet normal 8.660254e-01 -5.000000e-01 -1.657993e-14
    outer loop
      vertex   3.284281e+01 5.281994e+01 7.926352e+01
      vertex   3.325086e+01 5.352671e+01 7.741703e+01
      vertex   3.345831e+01 5.388603e+01 7.904646e+01
    endloop
  endfacet
  facet normal 8.660254e-01 -5.000000e-01 -1.880471e-14
    outer loop
      vertex   3.284281e+01 5.281994e+01 7.926352e+01
      vertex   3.345831e+01 5.388603e+01 7.904646e+01
      vertex   3.354202e+01 5.403102e+01 8.071953e+01
    endloop
  endfacet
  facet normal 8.660254e-01 -5.000000e-01 -1.724597e-14
    outer loop
      vertex   3.325086e+01 5.352671e+01 7.741703e+01
      vertex   3.263977e+01 5.246827e+01 7.770626e+01
      vertex   3.292430e+01 5.296109e+01 7.586763e+01
    endloop
  endfacet
  facet normal 8.660254e-01 -5.000000e-01 -1.678527e-14
    outer loop
      vertex   3.292430e+01 5.296109e+01 7.586763e+01
      vertex   3.263977e+01 5.246827e+01 7.770626e+01
      vertex   3.231445e+01 5.190481e+01 7.623431e+01
    endloop
  endfacet
  facet normal 8.660254e-01 -5.000000e-01 -1.452477e-14
    outer loop
      vertex   3.292430e+01 5.296109e+01 7.586763e+01
      vertex   3.231445e+01 5.190481e+01 7.623431e+01
      vertex   3.248592e+01 5.220180e+01 7.443288e+01
    endloop
  endfacet
  facet normal 8.660254e-01 -5.000000e-01 -1.497276e-14
    outer loop
      vertex   3.248592e+01 5.220180e+01 7.443288e+01
      vertex   3.231445e+01 5.190481e+01 7.623431e+01
      vertex   3.187530e+01 5.114417e+01 7.488579e+01
    endloop
  endfacet
  facet normal 8.660254e-01 -5.000000e-01 -1.539489e-14
    outer loop
      vertex   3.248592e+01 5.220180e+01 7.443288e+01
      vertex   3.187530e+01 5.114417e+01 7.488579e+01
      vertex   3.194552e+01 5.126580e+01 7.314484e+01
    endloop
  endfacet
  facet normal 8.660254e-01 -5.000000e-01 -1.483723e-14
    outer loop
      vertex   3.194552e+01 5.126580e+01 7.314484e+01
      vertex   3.187530e+01 5.114417e+01 7.488579e+01
      vertex   3.133367e+01 5.020604e+01 7.369563e+01
    endloop
  endfacet
  facet normal 8.660254e-01 -5.000000e-01 -1.733501e-14
    outer loop
      vertex   3.194552e+01 5.126580e+01 7.314484e+01
      vertex   3.133367e+01 5.020604e+01 7.369563e+01
      vertex   3.131517e+01 5.017400e+01 7.203226e+01
    endloop
  endfacet
  facet normal 8.660254e-01 -5.000000e-01 -1.722546e-14
    outer loop
      vertex   3.131517e+01 5.017400e+01 7.203226e+01
      vertex   3.133367e+01 5.020604e+01 7.369563e+01
      vertex   3.070359e+01 4.911472e+01 7.269464e+01
    endloop
  endfacet
  facet normal 8.660254e-01 -5.000000e-01 -1.342185e-14
    outer loop
      vertex   3.131517e+01 5.017400e+01 7.203226e+01
      vertex   3.070359e+01 4.911472e+01 7.269464e+01
      vertex   3.060895e+01 4.895079e+01 7.112001e+01
    endloop
  endfacet
  facet normal 8.660254e-01 -5.000000e-01 -1.376576e-14
    outer loop
      vertex   3.060895e+01 4.895079e+01 7.112001e+01
      vertex   3.070359e+01 4.911472e+01 7.269464e+01
      vertex   3.000139e+01 4.789847e+01 7.190876e+01
    endloop
  endfacet
  facet normal 8.660254e-01 -5.000000e-01 -1.652465e-14
    outer loop
      vertex   3.060895e+01 4.895079e+01 7.112001e+01
      vertex   3.000139e+01 4.789847e+01 7.190876e+01
      vertex   2.984263e+01 4.762349e+01 7.042846e+01
    endloop
  endfacet
  facet normal 8.660254e-01 -5.000000e-01 -1.710643e-14
    outer loop
      vertex   2.984263e+01 4.762349e+01 7.042846e+01
      vertex   3.000139e+01 4.789847e+01 7.190876e+01
      vertex   2.924525e+01 4.658880e+01 7.135833e+01
    endloop
  endfacet
  facet normal 8.660254e-01 -5.000000e-01 -1.912525e-14
    outer loop
      vertex   2.984263e+01 4.762349e+01 7.042846e+01
      vertex   2.924525e+01 4.658880e+01 7.135833e+01
      vertex   2.903334e+01 4.622175e+01 6.997306e+01
    endloop
  endfacet
  facet normal 8.660254e-01 -5.000000e-01 -1.947121e-14
    outer loop
      vertex   2.903334e+01 4.622175e+01 6.997306e+01
      vertex   2.924525e+01 4.658880e+01 7.135833e+01
      vertex   2.845476e+01 4.521963e+01 7.105762e+01
    endloop
  endfacet
  facet normal 8.660254e-01 -5.000000e-01 -2.105283e-14
    outer loop
      vertex   2.903334e+01 4.622175e+01 6.997306e+01
      vertex   2.845476e+01 4.521963e+01 7.105762e+01
      vertex   2.819915e+01 4.477690e+01 6.976398e+01
    endloop
  endfacet
  facet normal 8.660254e-01 -5.000000e-01 -2.160806e-14
    outer loop
      vertex   2.819915e+01 4.477690e+01 6.976398e+01
      vertex   2.845476e+01 4.521963e+01 7.105762e+01
      vertex   2.765038e+01 4.382641e+01 7.101442e+01
    endloop
  endfacet
  facet normal 8.660254e-01 -5.000000e-01 -2.008917e-14
    outer loop
      vertex   2.819915e+01 4.477690e+01 6.976398e+01
      vertex   2.765038e+01 4.382641e+01 7.101442e+01
      vertex   2.735870e+01 4.332119e+01 6.980590e+01
    endloop
  endfacet
  facet normal 8.660254e-01 -5.000000e-01 -1.862934e-14
    outer loop
      vertex   2.735870e+01 4.332119e+01 6.980590e+01
      vertex   2.765038e+01 4.382641e+01 7.101442e+01
      vertex   2.685296e+01 4.244523e+01 7.122983e+01
    endloop
  endfacet
  facet normal 8.660254e-01 -5.000000e-01 -1.550255e-14
    outer loop
      vertex   2.735870e+01 4.332119e+01 6.980590e+01
      vertex   2.685296e+01 4.244523e+01 7.122983e+01
      vertex   2.653076e+01 4.188715e+01 7.009788e+01
    endloop
  endfacet
  facet normal 8.660254e-01 -5.000000e-01 -1.533928e-14
    outer loop
      vertex   2.653076e+01 4.188715e+01 7.009788e+01
      vertex   2.685296e+01 4.244523e+01 7.122983e+01
      vertex   2.608314e+01 4.111186e+01 7.169829e+01
    endloop
  endfacet
  facet normal 8.660254e-01 -5.000000e-01 -1.591829e-14
    outer loop
      vertex   2.653076e+01 4.188715e+01 7.009788e+01
      vertex   2.608314e+01 4.111186e+01 7.169829e+01
      vertex   2.573382e+01 4.050682e+01 7.063339e+01
    endloop
  endfacet
  facet normal 8.660254e-01 -5.000000e-01 -1.447900e-14
    outer loop
      vertex   2.573382e+01 4.050682e+01 7.063339e+01
      vertex   2.608314e+01 4.111186e+01 7.169829e+01
      vertex   2.536086e+01 3.986083e+01 7.240765e+01
    endloop
  endfacet
  facet normal 8.660254e-01 -5.000000e-01 -1.671286e-14
    outer loop
      vertex   2.573382e+01 4.050682e+01 7.063339e+01
      vertex   2.536086e+01 3.986083e+01 7.240765e+01
      vertex   2.498569e+01 3.921103e+01 7.140048e+01
    endloop
  endfacet
  facet normal 8.660254e-01 -5.000000e-01 -1.734800e-14
    outer loop
      vertex   2.498569e+01 3.921103e+01 7.140048e+01
      vertex   2.536086e+01 3.986083e+01 7.240765e+01
      vertex   2.470483e+01 3.872456e+01 7.333956e+01
    endloop
  endfacet
  facet normal 8.660254e-01 -5.000000e-01 -1.546754e-14
    outer loop
      vertex   2.498569e+01 3.921103e+01 7.140048e+01
      vertex   2.470483e+01 3.872456e+01 7.333956e+01
      vertex   2.430309e+01 3.802872e+01 7.238200e+01
    endloop
  endfacet
  facet normal 8.660254e-01 -5.000000e-01 -1.525565e-14
    outer loop
      vertex   2.430309e+01 3.802872e+01 7.238200e+01
      vertex   2.470483e+01 3.872456e+01 7.333956e+01
      vertex   2.370125e+01 3.698630e+01 7.355603e+01
    endloop
  endfacet
  facet normal 8.660254e-01 -5.000000e-01 -1.884518e-14
    outer loop
      vertex   2.370125e+01 3.698630e+01 7.355603e+01
      vertex   2.470483e+01 3.872456e+01 7.333956e+01
      vertex   2.413204e+01 3.773245e+01 7.446986e+01
    endloop
  endfacet
  facet normal 8.660254e-01 -5.000000e-01 -1.737924e-14
    outer loop
      vertex   2.370125e+01 3.698630e+01 7.355603e+01
      vertex   2.413204e+01 3.773245e+01 7.446986e+01
      vertex   2.319362e+01 3.610707e+01 7.489635e+01
    endloop
  endfacet
  facet normal 8.660254e-01 -5.000000e-01 -2.210743e-14
    outer loop
      vertex   2.319362e+01 3.610707e+01 7.489635e+01
      vertex   2.413204e+01 3.773245e+01 7.446986e+01
      vertex   2.365732e+01 3.691022e+01 7.576929e+01
    endloop
  endfacet
  facet normal 8.660254e-01 -5.000000e-01 -2.039363e-14
    outer loop
      vertex   2.319362e+01 3.610707e+01 7.489635e+01
      vertex   2.365732e+01 3.691022e+01 7.576929e+01
      vertex   2.279155e+01 3.541065e+01 7.637302e+01
    endloop
  endfacet
  facet normal 8.660254e-01 -5.000000e-01 -1.656099e-14
    outer loop
      vertex   2.279155e+01 3.541065e+01 7.637302e+01
      vertex   2.365732e+01 3.691022e+01 7.576929e+01
      vertex   2.329297e+01 3.627915e+01 7.720420e+01
    endloop
  endfacet
  facet normal 8.660254e-01 -5.000000e-01 -2.046821e-14
    outer loop
      vertex   2.279155e+01 3.541065e+01 7.637302e+01
      vertex   2.329297e+01 3.627915e+01 7.720420e+01
      vertex   2.250401e+01 3.491262e+01 7.795304e+01
    endloop
  endfacet
  facet normal 8.660254e-01 -5.000000e-01 -2.049498e-14
    outer loop
      vertex   2.250401e+01 3.491262e+01 7.795304e+01
      vertex   2.329297e+01 3.627915e+01 7.720420e+01
      vertex   2.304843e+01 3.585559e+01 7.873741e+01
    endloop
  endfacet
  facet normal 8.660254e-01 -5.000000e-01 -1.618745e-14
    outer loop
      vertex   2.250401e+01 3.491262e+01 7.795304e+01
      vertex   2.304843e+01 3.585559e+01 7.873741e+01
      vertex   2.233742e+01 3.462409e+01 7.960113e+01
    endloop
  endfacet
  facet normal 8.660254e-01 -5.000000e-01 -1.471990e-14
    outer loop
      vertex   2.233742e+01 3.462409e+01 7.960113e+01
      vertex   2.304843e+01 3.585559e+01 7.873741e+01
      vertex   2.293003e+01 3.565051e+01 8.032922e+01
    endloop
  endfacet
  facet normal 8.660254e-01 -5.000000e-01 -1.846858e-14
    outer loop
      vertex   2.233742e+01 3.462409e+01 7.960113e+01
      vertex   2.293003e+01 3.565051e+01 8.032922e+01
      vertex   2.229552e+01 3.455150e+01 8.128047e+01
    endloop
  endfacet
  facet normal 8.660254e-01 -5.000000e-01 -1.959232e-14
    outer loop
      vertex   2.229552e+01 3.455150e+01 8.128047e+01
      vertex   2.293003e+01 3.565051e+01 8.032922e+01
      vertex   2.294083e+01 3.566922e+01 8.193841e+01
    endloop
  endfacet
  facet normal 8.660254e-01 -5.000000e-01 -1.704613e-14
    outer loop
      vertex   2.229552e+01 3.455150e+01 8.128047e+01
      vertex   2.294083e+01 3.566922e+01 8.193841e+01
      vertex   2.237922e+01 3.469649e+01 8.295354e+01
    endloop
  endfacet
  facet normal 8.660254e-01 -5.000000e-01 -1.651469e-14
    outer loop
      vertex   2.237922e+01 3.469649e+01 8.295354e+01
      vertex   2.294083e+01 3.566922e+01 8.193841e+01
      vertex   2.308056e+01 3.591124e+01 8.352329e+01
    endloop
  endfacet
  facet normal 8.660254e-01 -5.000000e-01 -1.544107e-14
    outer loop
      vertex   2.237922e+01 3.469649e+01 8.295354e+01
      vertex   2.308056e+01 3.591124e+01 8.352329e+01
      vertex   2.258668e+01 3.505581e+01 8.458297e+01
    endloop
  endfacet
  facet normal 8.660254e-01 -5.000000e-01 -1.980762e-14
    outer loop
      vertex   2.258668e+01 3.505581e+01 8.458297e+01
      vertex   2.308056e+01 3.591124e+01 8.352329e+01
      vertex   2.334560e+01 3.637029e+01 8.504282e+01
    endloop
  endfacet
  facet normal 8.660254e-01 -5.000000e-01 -1.680438e-14
    outer loop
      vertex   2.258668e+01 3.505581e+01 8.458297e+01
      vertex   2.334560e+01 3.637029e+01 8.504282e+01
      vertex   2.291324e+01 3.562143e+01 8.613237e+01
    endloop
  endfacet
  facet normal 8.660254e-01 -5.000000e-01 -1.294058e-14
    outer loop
      vertex   2.291324e+01 3.562143e+01 8.613237e+01
      vertex   2.334560e+01 3.637029e+01 8.504282e+01
      vertex   2.372907e+01 3.703450e+01 8.645765e+01
    endloop
  endfacet
  facet normal 8.660254e-01 -5.000000e-01 -1.582293e-14
    outer loop
      vertex   2.291324e+01 3.562143e+01 8.613237e+01
      vertex   2.372907e+01 3.703450e+01 8.645765e+01
      vertex   2.335162e+01 3.638072e+01 8.756712e+01
    endloop
  endfacet
  facet normal 8.660254e-01 -5.000000e-01 -1.838600e-14
    outer loop
      vertex   2.335162e+01 3.638072e+01 8.756712e+01
      vertex   2.372907e+01 3.703450e+01 8.645765e+01
      vertex   2.422106e+01 3.788665e+01 8.773112e+01
    endloop
  endfacet
  facet normal 8.660254e-01 -5.000000e-01 -1.900139e-14
    outer loop
      vertex   2.335162e+01 3.638072e+01 8.756712e+01
      vertex   2.422106e+01 3.788665e+01 8.773112e+01
      vertex   2.389202e+01 3.731672e+01 8.885516e+01
    endloop
  endfacet
  facet normal 8.660254e-01 -5.000000e-01 -1.482344e-14
    outer loop
      vertex   2.389202e+01 3.731672e+01 8.885516e+01
      vertex   2.422106e+01 3.788665e+01 8.773112e+01
      vertex   2.480882e+01 3.890468e+01 8.883026e+01
    endloop
  endfacet
  facet normal 8.660254e-01 -5.000000e-01 -1.618627e-14
    outer loop
      vertex   2.389202e+01 3.731672e+01 8.885516e+01
      vertex   2.480882e+01 3.890468e+01 8.883026e+01
      vertex   2.452237e+01 3.840852e+01 8.996774e+01
    endloop
  endfacet
  facet normal 8.660254e-01 -5.000000e-01 -1.798616e-14
    outer loop
      vertex   2.452237e+01 3.840852e+01 8.996774e+01
      vertex   2.480882e+01 3.890468e+01 8.883026e+01
      vertex   2.547713e+01 4.006221e+01 8.972660e+01
    endloop
  endfacet
  facet normal 8.660254e-01 -5.000000e-01 -1.695276e-14
    outer loop
      vertex   2.452237e+01 3.840852e+01 8.996774e+01
      vertex   2.547713e+01 4.006221e+01 8.972660e+01
      vertex   2.522859e+01 3.963173e+01 9.087999e+01
    endloop
  endfacet
  facet normal 8.660254e-01 -5.000000e-01 -1.741668e-14
    outer loop
      vertex   2.522859e+01 3.963173e+01 9.087999e+01
      vertex   2.547713e+01 4.006221e+01 8.972660e+01
      vertex   2.620867e+01 4.132928e+01 9.039693e+01
    endloop
  endfacet
  facet normal 8.660254e-01 -5.000000e-01 -1.663290e-14
    outer loop
      vertex   2.522859e+01 3.963173e+01 9.087999e+01
      vertex   2.620867e+01 4.132928e+01 9.039693e+01
      vertex   2.599490e+01 4.095903e+01 9.157154e+01
    endloop
  endfacet
  facet normal 8.660254e-01 -5.000000e-01 -1.644750e-14
    outer loop
      vertex   2.599490e+01 4.095903e+01 9.157154e+01
      vertex   2.620867e+01 4.132928e+01 9.039693e+01
      vertex   2.680420e+01 4.236076e+01 9.202694e+01
    endloop
  endfacet
  facet normal 8.660254e-01 -5.000000e-01 -1.960063e-14
    outer loop
      vertex   2.680420e+01 4.236076e+01 9.202694e+01
      vertex   2.620867e+01 4.132928e+01 9.039693e+01
      vertex   2.698450e+01 4.267306e+01 9.082388e+01
    endloop
  endfacet
  facet normal 8.660254e-01 -5.000000e-01 -2.036463e-14
    outer loop
      vertex   2.680420e+01 4.236076e+01 9.202694e+01
      vertex   2.698450e+01 4.267306e+01 9.082388e+01
      vertex   2.763838e+01 4.380562e+01 9.223602e+01
    endloop
  endfacet
  facet normal 8.660254e-01 -5.000000e-01 -2.014232e-14
    outer loop
      vertex   2.763838e+01 4.380562e+01 9.223602e+01
      vertex   2.698450e+01 4.267306e+01 9.082388e+01
      vertex   2.778453e+01 4.405875e+01 9.099640e+01
    endloop
  endfacet
  facet normal 8.660254e-01 -5.000000e-01 -2.028644e-14
    outer loop
      vertex   2.763838e+01 4.380562e+01 9.223602e+01
      vertex   2.778453e+01 4.405875e+01 9.099640e+01
      vertex   2.847884e+01 4.526133e+01 9.219410e+01
    endloop
  endfacet
  facet normal 8.660254e-01 -5.000000e-01 -1.520353e-14
    outer loop
      vertex   2.847884e+01 4.526133e+01 9.219410e+01
      vertex   2.778453e+01 4.405875e+01 9.099640e+01
      vertex   2.858803e+01 4.545046e+01 9.091001e+01
    endloop
  endfacet
  facet normal 8.660254e-01 -5.000000e-01 -1.484315e-14
    outer loop
      vertex   2.847884e+01 4.526133e+01 9.219410e+01
      vertex   2.858803e+01 4.545046e+01 9.091001e+01
      vertex   2.930678e+01 4.669536e+01 9.190212e+01
    endloop
  endfacet
  facet normal 8.660254e-01 -5.000000e-01 -2.329343e-14
    outer loop
      vertex   2.930678e+01 4.669536e+01 9.190212e+01
      vertex   2.858803e+01 4.545046e+01 9.091001e+01
      vertex   2.937421e+01 4.681215e+01 9.056696e+01
    endloop
  endfacet
  facet normal 8.660254e-01 -5.000000e-01 -2.330236e-14
    outer loop
      vertex   2.930678e+01 4.669536e+01 9.190212e+01
      vertex   2.937421e+01 4.681215e+01 9.056696e+01
      vertex   3.010371e+01 4.807570e+01 9.136661e+01
    endloop
  endfacet
  facet normal 8.660254e-01 -5.000000e-01 -1.437617e-14
    outer loop
      vertex   3.010371e+01 4.807570e+01 9.136661e+01
      vertex   2.937421e+01 4.681215e+01 9.056696e+01
      vertex   3.012268e+01 4.810855e+01 8.997614e+01
    endloop
  endfacet
  facet normal 8.660254e-01 -5.000000e-01 -1.445522e-14
    outer loop
      vertex   3.010371e+01 4.807570e+01 9.136661e+01
      vertex   3.012268e+01 4.810855e+01 8.997614e+01
      vertex   3.085184e+01 4.937149e+01 9.059952e+01
    endloop
  endfacet
  facet normal 8.660254e-01 -5.000000e-01 -2.029877e-14
    outer loop
      vertex   3.085184e+01 4.937149e+01 9.059952e+01
      vertex   3.012268e+01 4.810855e+01 8.997614e+01
      vertex   3.081408e+01 4.930609e+01 8.915283e+01
    endloop
  endfacet
  facet normal 8.660254e-01 -5.000000e-01 -2.056777e-14
    outer loop
      vertex   3.085184e+01 4.937149e+01 9.059952e+01
      vertex   3.081408e+01 4.930609e+01 8.915283e+01
      vertex   3.153445e+01 5.055380e+01 8.961800e+01
    endloop
  endfacet
  facet normal 8.660254e-01 -5.000000e-01 -1.351569e-14
    outer loop
      vertex   3.153445e+01 5.055380e+01 8.961800e+01
      vertex   3.081408e+01 4.930609e+01 8.915283e+01
      vertex   3.143049e+01 5.037374e+01 8.811838e+01
    endloop
  endfacet
  facet normal 8.660254e-01 -5.000000e-01 -1.311136e-14
    outer loop
      vertex   3.153445e+01 5.055380e+01 8.961800e+01
      vertex   3.143049e+01 5.037374e+01 8.811838e+01
      vertex   3.213629e+01 5.159622e+01 8.844397e+01
    endloop
  endfacet
  facet normal 8.660254e-01 -5.000000e-01 -2.038624e-14
    outer loop
      vertex   3.213629e+01 5.159622e+01 8.844397e+01
      vertex   3.143049e+01 5.037374e+01 8.811838e+01
      vertex   3.195595e+01 5.128386e+01 8.689955e+01
    endloop
  endfacet
  facet normal 8.660254e-01 -5.000000e-01 -2.080929e-14
    outer loop
      vertex   3.213629e+01 5.159622e+01 8.844397e+01
      vertex   3.195595e+01 5.128386e+01 8.689955e+01
      vertex   3.264391e+01 5.247545e+01 8.710365e+01
    endloop
  endfacet
  facet normal 8.660254e-01 -5.000000e-01 -1.962654e-14
    outer loop
      vertex   3.264391e+01 5.247545e+01 8.710365e+01
      vertex   3.195595e+01 5.128386e+01 8.689955e+01
      vertex   3.237684e+01 5.201287e+01 8.552794e+01
    endloop
  endfacet
  facet normal 8.660254e-01 -5.000000e-01 -1.802355e-14
    outer loop
      vertex   3.264391e+01 5.247545e+01 8.710365e+01
      vertex   3.237684e+01 5.201287e+01 8.552794e+01
      vertex   3.304599e+01 5.317187e+01 8.562698e+01
    endloop
  endfacet
  facet normal 8.660254e-01 -5.000000e-01 -1.749373e-14
    outer loop
      vertex   3.304599e+01 5.317187e+01 8.562698e+01
      vertex   3.237684e+01 5.201287e+01 8.552794e+01
      vertex   3.268228e+01 5.254190e+01 8.403905e+01
    endloop
  endfacet
  facet normal 8.660254e-01 -5.000000e-01 -1.885336e-14
    outer loop
      vertex   3.304599e+01 5.317187e+01 8.562698e+01
      vertex   3.268228e+01 5.254190e+01 8.403905e+01
      vertex   3.333353e+01 5.366990e+01 8.404696e+01
    endloop
  endfacet
  facet normal 8.660254e-01 -5.000000e-01 -1.813564e-14
    outer loop
      vertex   3.333353e+01 5.366990e+01 8.404696e+01
      vertex   3.268228e+01 5.254190e+01 8.403905e+01
      vertex   3.286434e+01 5.285725e+01 8.247145e+01
    endloop
  endfacet
  facet normal 8.660254e-01 -5.000000e-01 -1.968347e-14
    outer loop
      vertex   3.333353e+01 5.366990e+01 8.404696e+01
      vertex   3.286434e+01 5.285725e+01 8.247145e+01
      vertex   3.350011e+01 5.395843e+01 8.239887e+01
    endloop
  endfacet
  facet normal 8.660254e-01 -5.000000e-01 -2.063360e-14
    outer loop
      vertex   3.350011e+01 5.395843e+01 8.239887e+01
      vertex   3.286434e+01 5.285725e+01 8.247145e+01
      vertex   3.291832e+01 5.295073e+01 8.086575e+01
    endloop
  endfacet
  facet normal 8.660254e-01 -5.000000e-01 -1.288116e-14
    outer loop
      vertex   3.350011e+01 5.395843e+01 8.239887e+01
      vertex   3.291832e+01 5.295073e+01 8.086575e+01
      vertex   3.354202e+01 5.403102e+01 8.071953e+01
    endloop
  endfacet
  facet normal 8.660254e-01 -5.000000e-01 -1.477946e-14
    outer loop
      vertex   3.354202e+01 5.403102e+01 8.071953e+01
      vertex   3.291832e+01 5.295073e+01 8.086575e+01
      vertex   3.284281e+01 5.281994e+01 7.926352e+01
    endloop
  endfacet
  facet normal 4.977936e-01 8.622038e-01 -9.384099e-02
    outer loop
      vertex   3.291832e+01 5.295073e+01 8.086575e+01
      vertex   3.768146e+01 5.020073e+01 8.086575e+01
      vertex   3.284281e+01 5.281994e+01 7.926352e+01
    endloop
  endfacet
  facet normal 4.977936e-01 8.622038e-01 -9.384099e-02
    outer loop
      vertex   3.284281e+01 5.281994e+01 7.926352e+01
      vertex   3.768146e+01 5.020073e+01 8.086575e+01
      vertex   3.760595e+01 5.006994e+01 7.926352e+01
    endloop
  endfacet
  facet normal 4.838207e-01 8.380021e-01 -2.523292e-01
    outer loop
      vertex   3.284281e+01 5.281994e+01 7.926352e+01
      vertex   3.760595e+01 5.006994e+01 7.926352e+01
      vertex   3.263977e+01 5.246827e+01 7.770626e+01
    endloop
  endfacet
  facet normal 4.838207e-01 8.380021e-01 -2.523292e-01
    outer loop
      vertex   3.263977e+01 5.246827e+01 7.770626e+01
      vertex   3.760595e+01 5.006994e+01 7.926352e+01
      vertex   3.740291e+01 4.971827e+01 7.770626e+01
    endloop
  endfacet
  facet normal 4.573172e-01 7.920965e-01 -4.042822e-01
    outer loop
      vertex   3.263977e+01 5.246827e+01 7.770626e+01
      vertex   3.740291e+01 4.971827e+01 7.770626e+01
      vertex   3.231445e+01 5.190481e+01 7.623431e+01
    endloop
  endfacet
  facet normal 4.573172e-01 7.920965e-01 -4.042822e-01
    outer loop
      vertex   3.231445e+01 5.190481e+01 7.623431e+01
      vertex   3.740291e+01 4.971827e+01 7.770626e+01
      vertex   3.707759e+01 4.915481e+01 7.623431e+01
    endloop
  endfacet
  facet normal 4.189693e-01 7.256761e-01 -5.457645e-01
    outer loop
      vertex   3.231445e+01 5.190481e+01 7.623431e+01
      vertex   3.707759e+01 4.915481e+01 7.623431e+01
      vertex   3.187530e+01 5.114417e+01 7.488579e+01
    endloop
  endfacet
  facet normal 4.189693e-01 7.256761e-01 -5.457645e-01
    outer loop
      vertex   3.187530e+01 5.114417e+01 7.488579e+01
      vertex   3.707759e+01 4.915481e+01 7.623431e+01
      vertex   3.663844e+01 4.839417e+01 7.488579e+01
    endloop
  endfacet
  facet normal 3.697704e-01 6.404611e-01 -6.731118e-01
    outer loop
      vertex   3.187530e+01 5.114417e+01 7.488579e+01
      vertex   3.663844e+01 4.839417e+01 7.488579e+01
      vertex   3.133367e+01 5.020604e+01 7.369563e+01
    endloop
  endfacet
  facet normal 3.697704e-01 6.404611e-01 -6.731118e-01
    outer loop
      vertex   3.133367e+01 5.020604e+01 7.369563e+01
      vertex   3.663844e+01 4.839417e+01 7.488579e+01
      vertex   3.609681e+01 4.745604e+01 7.369563e+01
    endloop
  endfacet
  facet normal 3.109946e-01 5.386584e-01 -7.830259e-01
    outer loop
      vertex   3.133367e+01 5.020604e+01 7.369563e+01
      vertex   3.609681e+01 4.745604e+01 7.369563e+01
      vertex   3.070359e+01 4.911472e+01 7.269464e+01
    endloop
  endfacet
  facet normal 3.109946e-01 5.386584e-01 -7.830259e-01
    outer loop
      vertex   3.070359e+01 4.911472e+01 7.269464e+01
      vertex   3.609681e+01 4.745604e+01 7.369563e+01
      vertex   3.546673e+01 4.636472e+01 7.269464e+01
    endloop
  endfacet
  facet normal 2.441642e-01 4.229048e-01 -8.726600e-01
    outer loop
      vertex   3.070359e+01 4.911472e+01 7.269464e+01
      vertex   3.546673e+01 4.636472e+01 7.269464e+01
      vertex   3.000139e+01 4.789847e+01 7.190876e+01
    endloop
  endfacet
  facet normal 2.441642e-01 4.229048e-01 -8.726600e-01
    outer loop
      vertex   3.000139e+01 4.789847e+01 7.190876e+01
      vertex   3.546673e+01 4.636472e+01 7.269464e+01
      vertex   3.476453e+01 4.514847e+01 7.190876e+01
    endloop
  endfacet
  facet normal 1.710101e-01 2.961981e-01 -9.396926e-01
    outer loop
      vertex   3.000139e+01 4.789847e+01 7.190876e+01
      vertex   3.476453e+01 4.514847e+01 7.190876e+01
      vertex   2.924525e+01 4.658880e+01 7.135833e+01
    endloop
  endfacet
  facet normal 1.710101e-01 2.961981e-01 -9.396926e-01
    outer loop
      vertex   2.924525e+01 4.658880e+01 7.135833e+01
      vertex   3.476453e+01 4.514847e+01 7.190876e+01
      vertex   3.400839e+01 4.383880e+01 7.135833e+01
    endloop
  endfacet
  facet normal 9.342689e-02 1.618201e-01 -9.823877e-01
    outer loop
      vertex   2.924525e+01 4.658880e+01 7.135833e+01
      vertex   3.400839e+01 4.383880e+01 7.135833e+01
      vertex   2.845476e+01 4.521963e+01 7.105762e+01
    endloop
  endfacet
  facet normal 9.342689e-02 1.618201e-01 -9.823877e-01
    outer loop
      vertex   2.845476e+01 4.521963e+01 7.105762e+01
      vertex   3.400839e+01 4.383880e+01 7.135833e+01
      vertex   3.321790e+01 4.246963e+01 7.105762e+01
    endloop
  endfacet
  facet normal 1.342400e-02 2.325104e-02 -9.996395e-01
    outer loop
      vertex   2.845476e+01 4.521963e+01 7.105762e+01
      vertex   3.321790e+01 4.246963e+01 7.105762e+01
      vertex   2.765038e+01 4.382641e+01 7.101442e+01
    endloop
  endfacet
  facet normal 1.342400e-02 2.325104e-02 -9.996395e-01
    outer loop
      vertex   2.765038e+01 4.382641e+01 7.101442e+01
      vertex   3.321790e+01 4.246963e+01 7.105762e+01
      vertex   3.241352e+01 4.107641e+01 7.101442e+01
    endloop
  endfacet
  facet normal -6.692657e-02 -1.159202e-01 -9.910012e-01
    outer loop
      vertex   2.765038e+01 4.382641e+01 7.101442e+01
      vertex   3.241352e+01 4.107641e+01 7.101442e+01
      vertex   2.685296e+01 4.244523e+01 7.122983e+01
    endloop
  endfacet
  facet normal -6.692657e-02 -1.159202e-01 -9.910012e-01
    outer loop
      vertex   2.685296e+01 4.244523e+01 7.122983e+01
      vertex   3.241352e+01 4.107641e+01 7.101442e+01
      vertex   3.161610e+01 3.969523e+01 7.122983e+01
    endloop
  endfacet
  facet normal -1.455438e-01 -2.520892e-01 -9.566964e-01
    outer loop
      vertex   2.685296e+01 4.244523e+01 7.122983e+01
      vertex   3.161610e+01 3.969523e+01 7.122983e+01
      vertex   2.608314e+01 4.111186e+01 7.169829e+01
    endloop
  endfacet
  facet normal -1.455438e-01 -2.520892e-01 -9.566964e-01
    outer loop
      vertex   2.608314e+01 4.111186e+01 7.169829e+01
      vertex   3.161610e+01 3.969523e+01 7.122983e+01
      vertex   3.084628e+01 3.836186e+01 7.169829e+01
    endloop
  endfacet
  facet normal -2.203915e-01 -3.817292e-01 -8.976137e-01
    outer loop
      vertex   2.608314e+01 4.111186e+01 7.169829e+01
      vertex   3.084628e+01 3.836186e+01 7.169829e+01
      vertex   2.536086e+01 3.986083e+01 7.240765e+01
    endloop
  endfacet
  facet normal -2.203915e-01 -3.817292e-01 -8.976137e-01
    outer loop
      vertex   2.536086e+01 3.986083e+01 7.240765e+01
      vertex   3.084628e+01 3.836186e+01 7.169829e+01
      vertex   3.012400e+01 3.711083e+01 7.240765e+01
    endloop
  endfacet
  facet normal -2.895311e-01 -5.014826e-01 -8.152833e-01
    outer loop
      vertex   2.536086e+01 3.986083e+01 7.240765e+01
      vertex   3.012400e+01 3.711083e+01 7.240765e+01
      vertex   2.470483e+01 3.872456e+01 7.333956e+01
    endloop
  endfacet
  facet normal -2.895311e-01 -5.014826e-01 -8.152833e-01
    outer loop
      vertex   2.470483e+01 3.872456e+01 7.333956e+01
      vertex   3.012400e+01 3.711083e+01 7.240765e+01
      vertex   2.946797e+01 3.597456e+01 7.333956e+01
    endloop
  endfacet
  facet normal -3.511721e-01 -6.082479e-01 -7.118375e-01
    outer loop
      vertex   2.470483e+01 3.872456e+01 7.333956e+01
      vertex   2.946797e+01 3.597456e+01 7.333956e+01
      vertex   2.413204e+01 3.773245e+01 7.446986e+01
    endloop
  endfacet
  facet normal -3.511721e-01 -6.082479e-01 -7.118375e-01
    outer loop
      vertex   2.413204e+01 3.773245e+01 7.446986e+01
      vertex   2.946797e+01 3.597456e+01 7.333956e+01
      vertex   2.889518e+01 3.498245e+01 7.446986e+01
    endloop
  endfacet
  facet normal -4.037179e-01 -6.992599e-01 -5.899554e-01
    outer loop
      vertex   2.413204e+01 3.773245e+01 7.446986e+01
      vertex   2.889518e+01 3.498245e+01 7.446986e+01
      vertex   2.365732e+01 3.691022e+01 7.576929e+01
    endloop
  endfacet
  facet normal -4.037179e-01 -6.992599e-01 -5.899554e-01
    outer loop
      vertex   2.365732e+01 3.691022e+01 7.576929e+01
      vertex   2.889518e+01 3.498245e+01 7.446986e+01
      vertex   2.842046e+01 3.416022e+01 7.576929e+01
    endloop
  endfacet
  facet normal -4.458076e-01 -7.721614e-01 -4.527939e-01
    outer loop
      vertex   2.365732e+01 3.691022e+01 7.576929e+01
      vertex   2.842046e+01 3.416022e+01 7.576929e+01
      vertex   2.329297e+01 3.627915e+01 7.720420e+01
    endloop
  endfacet
  facet normal -4.458076e-01 -7.721614e-01 -4.527939e-01
    outer loop
      vertex   2.329297e+01 3.627915e+01 7.720420e+01
      vertex   2.842046e+01 3.416022e+01 7.576929e+01
      vertex   2.805611e+01 3.352915e+01 7.720420e+01
    endloop
  endfacet
  facet normal -4.763511e-01 -8.250644e-01 -3.039052e-01
    outer loop
      vertex   2.329297e+01 3.627915e+01 7.720420e+01
      vertex   2.805611e+01 3.352915e+01 7.720420e+01
      vertex   2.304843e+01 3.585559e+01 7.873741e+01
    endloop
  endfacet
  facet normal -4.763511e-01 -8.250644e-01 -3.039052e-01
    outer loop
      vertex   2.304843e+01 3.585559e+01 7.873741e+01
      vertex   2.805611e+01 3.352915e+01 7.720420e+01
      vertex   2.781157e+01 3.310559e+01 7.873741e+01
    endloop
  endfacet
  facet normal -4.945574e-01 -8.565986e-01 -1.471455e-01
    outer loop
      vertex   2.304843e+01 3.585559e+01 7.873741e+01
      vertex   2.781157e+01 3.310559e+01 7.873741e+01
      vertex   2.293003e+01 3.565051e+01 8.032922e+01
    endloop
  endfacet
  facet normal -4.945574e-01 -8.565986e-01 -1.471455e-01
    outer loop
      vertex   2.293003e+01 3.565051e+01 8.032922e+01
      vertex   2.781157e+01 3.310559e+01 7.873741e+01
      vertex   2.769317e+01 3.290051e+01 8.032922e+01
    endloop
  endfacet
  facet normal -4.999549e-01 -8.659474e-01 1.342521e-02
    outer loop
      vertex   2.293003e+01 3.565051e+01 8.032922e+01
      vertex   2.769317e+01 3.290051e+01 8.032922e+01
      vertex   2.294083e+01 3.566922e+01 8.193841e+01
    endloop
  endfacet
  facet normal -4.999549e-01 -8.659474e-01 1.342521e-02
    outer loop
      vertex   2.294083e+01 3.566922e+01 8.193841e+01
      vertex   2.769317e+01 3.290051e+01 8.032922e+01
      vertex   2.770397e+01 3.291922e+01 8.193841e+01
    endloop
  endfacet
  facet normal -4.924039e-01 -8.528685e-01 1.736482e-01
    outer loop
      vertex   2.294083e+01 3.566922e+01 8.193841e+01
      vertex   2.770397e+01 3.291922e+01 8.193841e+01
      vertex   2.308056e+01 3.591124e+01 8.352329e+01
    endloop
  endfacet
  facet normal -4.924039e-01 -8.528685e-01 1.736482e-01
    outer loop
      vertex   2.308056e+01 3.591124e+01 8.352329e+01
      vertex   2.770397e+01 3.291922e+01 8.193841e+01
      vertex   2.784370e+01 3.316124e+01 8.352329e+01
    endloop
  endfacet
  facet normal -4.720998e-01 -8.177009e-01 3.293738e-01
    outer loop
      vertex   2.308056e+01 3.591124e+01 8.352329e+01
      vertex   2.784370e+01 3.316124e+01 8.352329e+01
      vertex   2.334560e+01 3.637029e+01 8.504282e+01
    endloop
  endfacet
  facet normal -4.720998e-01 -8.177009e-01 3.293738e-01
    outer loop
      vertex   2.334560e+01 3.637029e+01 8.504282e+01
      vertex   2.784370e+01 3.316124e+01 8.352329e+01
      vertex   2.810874e+01 3.362029e+01 8.504282e+01
    endloop
  endfacet
  facet normal -4.395686e-01 -7.613552e-01 4.765687e-01
    outer loop
      vertex   2.334560e+01 3.637029e+01 8.504282e+01
      vertex   2.810874e+01 3.362029e+01 8.504282e+01
      vertex   2.372907e+01 3.703450e+01 8.645765e+01
    endloop
  endfacet
  facet normal -4.395686e-01 -7.613552e-01 4.765687e-01
    outer loop
      vertex   2.372907e+01 3.703450e+01 8.645765e+01
      vertex   2.810874e+01 3.362029e+01 8.504282e+01
      vertex   2.849221e+01 3.428450e+01 8.645765e+01
    endloop
  endfacet
  facet normal -3.956528e-01 -6.852908e-01 6.114208e-01
    outer loop
      vertex   2.372907e+01 3.703450e+01 8.645765e+01
      vertex   2.849221e+01 3.428450e+01 8.645765e+01
      vertex   2.422106e+01 3.788665e+01 8.773112e+01
    endloop
  endfacet
  facet normal -3.956528e-01 -6.852908e-01 6.114208e-01
    outer loop
      vertex   2.422106e+01 3.788665e+01 8.773112e+01
      vertex   2.849221e+01 3.428450e+01 8.645765e+01
      vertex   2.898420e+01 3.513665e+01 8.773112e+01
    endloop
  endfacet
  facet normal -3.414898e-01 -5.914777e-01 7.304374e-01
    outer loop
      vertex   2.422106e+01 3.788665e+01 8.773112e+01
      vertex   2.898420e+01 3.513665e+01 8.773112e+01
      vertex   2.480882e+01 3.890468e+01 8.883026e+01
    endloop
  endfacet
  facet normal -3.414898e-01 -5.914777e-01 7.304374e-01
    outer loop
      vertex   2.480882e+01 3.890468e+01 8.883026e+01
      vertex   2.898420e+01 3.513665e+01 8.773112e+01
      vertex   2.957196e+01 3.615468e+01 8.883026e+01
    endloop
  endfacet
  facet normal -2.784824e-01 -4.823457e-01 8.305361e-01
    outer loop
      vertex   2.480882e+01 3.890468e+01 8.883026e+01
      vertex   2.957196e+01 3.615468e+01 8.883026e+01
      vertex   2.547713e+01 4.006221e+01 8.972660e+01
    endloop
  endfacet
  facet normal -2.784824e-01 -4.823457e-01 8.305361e-01
    outer loop
      vertex   2.547713e+01 4.006221e+01 8.972660e+01
      vertex   2.957196e+01 3.615468e+01 8.883026e+01
      vertex   3.024027e+01 3.731221e+01 8.972660e+01
    endloop
  endfacet
  facet normal -2.082625e-01 -3.607212e-01 9.091243e-01
    outer loop
      vertex   2.547713e+01 4.006221e+01 8.972660e+01
      vertex   3.024027e+01 3.731221e+01 8.972660e+01
      vertex   2.620867e+01 4.132928e+01 9.039693e+01
    endloop
  endfacet
  facet normal -2.082625e-01 -3.607212e-01 9.091243e-01
    outer loop
      vertex   2.620867e+01 4.132928e+01 9.039693e+01
      vertex   3.024027e+01 3.731221e+01 8.972660e+01
      vertex   3.097181e+01 3.857928e+01 9.039693e+01
    endloop
  endfacet
  facet normal -1.326486e-01 -2.297541e-01 9.641667e-01
    outer loop
      vertex   2.620867e+01 4.132928e+01 9.039693e+01
      vertex   3.097181e+01 3.857928e+01 9.039693e+01
      vertex   2.698450e+01 4.267306e+01 9.082388e+01
    endloop
  endfacet
  facet normal -1.326486e-01 -2.297541e-01 9.641667e-01
    outer loop
      vertex   2.698450e+01 4.267306e+01 9.082388e+01
      vertex   3.097181e+01 3.857928e+01 9.039693e+01
      vertex   3.174764e+01 3.992306e+01 9.082388e+01
    endloop
  endfacet
  facet normal -5.359925e-02 -9.283662e-02 9.942376e-01
    outer loop
      vertex   2.698450e+01 4.267306e+01 9.082388e+01
      vertex   3.174764e+01 3.992306e+01 9.082388e+01
      vertex   2.778453e+01 4.405875e+01 9.099640e+01
    endloop
  endfacet
  facet normal -5.359925e-02 -9.283662e-02 9.942376e-01
    outer loop
      vertex   2.778453e+01 4.405875e+01 9.099640e+01
      vertex   3.174764e+01 3.992306e+01 9.082388e+01
      vertex   3.254767e+01 4.130875e+01 9.099640e+01
    endloop
  endfacet
  facet normal 2.683831e-02 4.648532e-02 9.985584e-01
    outer loop
      vertex   2.778453e+01 4.405875e+01 9.099640e+01
      vertex   3.254767e+01 4.130875e+01 9.099640e+01
      vertex   2.858803e+01 4.545046e+01 9.091001e+01
    endloop
  endfacet
  facet normal 2.683831e-02 4.648532e-02 9.985584e-01
    outer loop
      vertex   2.858803e+01 4.545046e+01 9.091001e+01
      vertex   3.254767e+01 4.130875e+01 9.099640e+01
      vertex   3.335117e+01 4.270046e+01 9.091001e+01
    endloop
  endfacet
  facet normal 1.065808e-01 1.846033e-01 9.770170e-01
    outer loop
      vertex   2.858803e+01 4.545046e+01 9.091001e+01
      vertex   3.335117e+01 4.270046e+01 9.091001e+01
      vertex   2.937421e+01 4.681215e+01 9.056696e+01
    endloop
  endfacet
  facet normal 1.065808e-01 1.846033e-01 9.770170e-01
    outer loop
      vertex   2.937421e+01 4.681215e+01 9.056696e+01
      vertex   3.335117e+01 4.270046e+01 9.091001e+01
      vertex   3.413734e+01 4.406215e+01 9.056696e+01
    endloop
  endfacet
  facet normal 1.835629e-01 3.179402e-01 9.301713e-01
    outer loop
      vertex   2.937421e+01 4.681215e+01 9.056696e+01
      vertex   3.413734e+01 4.406215e+01 9.056696e+01
      vertex   3.012268e+01 4.810855e+01 8.997614e+01
    endloop
  endfacet
  facet normal 1.835629e-01 3.179402e-01 9.301713e-01
    outer loop
      vertex   3.012268e+01 4.810855e+01 8.997614e+01
      vertex   3.413734e+01 4.406215e+01 9.056696e+01
      vertex   3.488582e+01 4.535855e+01 8.997614e+01
    endloop
  endfacet
  facet normal 2.557908e-01 4.430426e-01 8.592348e-01
    outer loop
      vertex   3.012268e+01 4.810855e+01 8.997614e+01
      vertex   3.488582e+01 4.535855e+01 8.997614e+01
      vertex   3.081408e+01 4.930609e+01 8.915283e+01
    endloop
  endfacet
  facet normal 2.557908e-01 4.430426e-01 8.592348e-01
    outer loop
      vertex   3.081408e+01 4.930609e+01 8.915283e+01
      vertex   3.488582e+01 4.535855e+01 8.997614e+01
      vertex   3.557722e+01 4.655609e+01 8.915283e+01
    endloop
  endfacet
  facet normal 3.213938e-01 5.566704e-01 7.660444e-01
    outer loop
      vertex   3.081408e+01 4.930609e+01 8.915283e+01
      vertex   3.557722e+01 4.655609e+01 8.915283e+01
      vertex   3.143049e+01 5.037374e+01 8.811838e+01
    endloop
  endfacet
  facet normal 3.213938e-01 5.566704e-01 7.660444e-01
    outer loop
      vertex   3.143049e+01 5.037374e+01 8.811838e+01
      vertex   3.557722e+01 4.655609e+01 8.915283e+01
      vertex   3.619363e+01 4.762374e+01 8.811838e+01
    endloop
  endfacet
  facet normal 3.786729e-01 6.558807e-01 6.530140e-01
    outer loop
      vertex   3.143049e+01 5.037374e+01 8.811838e+01
      vertex   3.619363e+01 4.762374e+01 8.811838e+01
      vertex   3.195595e+01 5.128386e+01 8.689955e+01
    endloop
  endfacet
  facet normal 3.786729e-01 6.558807e-01 6.530140e-01
    outer loop
      vertex   3.195595e+01 5.128386e+01 8.689955e+01
      vertex   3.619363e+01 4.762374e+01 8.811838e+01
      vertex   3.671909e+01 4.853386e+01 8.689955e+01
    endloop
  endfacet
  facet normal 4.261446e-01 7.381041e-01 5.230708e-01
    outer loop
      vertex   3.195595e+01 5.128386e+01 8.689955e+01
      vertex   3.671909e+01 4.853386e+01 8.689955e+01
      vertex   3.237684e+01 5.201287e+01 8.552794e+01
    endloop
  endfacet
  facet normal 4.261446e-01 7.381041e-01 5.230708e-01
    outer loop
      vertex   3.237684e+01 5.201287e+01 8.552794e+01
      vertex   3.671909e+01 4.853386e+01 8.689955e+01
      vertex   3.713998e+01 4.926287e+01 8.552794e+01
    endloop
  endfacet
  facet normal 4.625794e-01 8.012110e-01 3.795804e-01
    outer loop
      vertex   3.237684e+01 5.201287e+01 8.552794e+01
      vertex   3.713998e+01 4.926287e+01 8.552794e+01
      vertex   3.268228e+01 5.254190e+01 8.403905e+01
    endloop
  endfacet
  facet normal 4.625794e-01 8.012110e-01 3.795804e-01
    outer loop
      vertex   3.268228e+01 5.254190e+01 8.403905e+01
      vertex   3.713998e+01 4.926287e+01 8.552794e+01
      vertex   3.744542e+01 4.979190e+01 8.403905e+01
    endloop
  endfacet
  facet normal 4.870336e-01 8.435669e-01 2.262590e-01
    outer loop
      vertex   3.268228e+01 5.254190e+01 8.403905e+01
      vertex   3.744542e+01 4.979190e+01 8.403905e+01
      vertex   3.286434e+01 5.285725e+01 8.247145e+01
    endloop
  endfacet
  facet normal 4.870336e-01 8.435669e-01 2.262590e-01
    outer loop
      vertex   3.286434e+01 5.285725e+01 8.247145e+01
      vertex   3.744542e+01 4.979190e+01 8.403905e+01
      vertex   3.762748e+01 5.010725e+01 8.247145e+01
    endloop
  endfacet
  facet normal 4.988739e-01 8.640749e-01 6.707764e-02
    outer loop
      vertex   3.286434e+01 5.285725e+01 8.247145e+01
      vertex   3.762748e+01 5.010725e+01 8.247145e+01
      vertex   3.291832e+01 5.295073e+01 8.086575e+01
    endloop
  endfacet
  facet normal 4.988739e-01 8.640749e-01 6.707764e-02
    outer loop
      vertex   3.291832e+01 5.295073e+01 8.086575e+01
      vertex   3.762748e+01 5.010725e+01 8.247145e+01
      vertex   3.768146e+01 5.020073e+01 8.086575e+01
    endloop
  endfacet
  facet normal -1.217306e-01 -2.108435e-01 -9.699107e-01
    outer loop
      vertex   1.254405e+01 5.066146e+01 6.868990e+01
      vertex   2.207033e+01 4.516146e+01 6.868990e+01
      vertex   1.167914e+01 4.916340e+01 6.912411e+01
    endloop
  endfacet
  facet normal -1.217306e-01 -2.108435e-01 -9.699107e-01
    outer loop
      vertex   1.167914e+01 4.916340e+01 6.912411e+01
      vertex   2.207033e+01 4.516146e+01 6.868990e+01
      vertex   2.120542e+01 4.366340e+01 6.912411e+01
    endloop
  endfacet
  facet normal -1.895079e-01 -3.282372e-01 -9.253902e-01
    outer loop
      vertex   1.167914e+01 4.916340e+01 6.912411e+01
      vertex   2.120542e+01 4.366340e+01 6.912411e+01
      vertex   1.085393e+01 4.773410e+01 6.980008e+01
    endloop
  endfacet
  facet normal -1.895079e-01 -3.282372e-01 -9.253902e-01
    outer loop
      vertex   1.085393e+01 4.773410e+01 6.980008e+01
      vertex   2.120542e+01 4.366340e+01 6.912411e+01
      vertex   2.038021e+01 4.223410e+01 6.980008e+01
    endloop
  endfacet
  facet normal -2.534273e-01 -4.389490e-01 -8.620315e-01
    outer loop
      vertex   1.085393e+01 4.773410e+01 6.980008e+01
      vertex   2.038021e+01 4.223410e+01 6.980008e+01
      vertex   1.008522e+01 4.640266e+01 7.070404e+01
    endloop
  endfacet
  facet normal -2.534273e-01 -4.389490e-01 -8.620315e-01
    outer loop
      vertex   1.008522e+01 4.640266e+01 7.070404e+01
      vertex   2.038021e+01 4.223410e+01 6.980008e+01
      vertex   1.961150e+01 4.090266e+01 7.070404e+01
    endloop
  endfacet
  facet normal -3.121877e-01 -5.407250e-01 -7.811244e-01
    outer loop
      vertex   1.008522e+01 4.640266e+01 7.070404e+01
      vertex   1.961150e+01 4.090266e+01 7.070404e+01
      vertex   9.388664e+00 4.519618e+01 7.181760e+01
    endloop
  endfacet
  facet normal -3.121877e-01 -5.407250e-01 -7.811244e-01
    outer loop
      vertex   9.388664e+00 4.519618e+01 7.181760e+01
      vertex   1.961150e+01 4.090266e+01 7.070404e+01
      vertex   1.891494e+01 3.969618e+01 7.181760e+01
    endloop
  endfacet
  facet normal -3.645929e-01 -6.314934e-01 -6.843157e-01
    outer loop
      vertex   9.388664e+00 4.519618e+01 7.181760e+01
      vertex   1.891494e+01 3.969618e+01 7.181760e+01
      vertex   8.778433e+00 4.413923e+01 7.311809e+01
    endloop
  endfacet
  facet normal -3.645929e-01 -6.314934e-01 -6.843157e-01
    outer loop
      vertex   8.778433e+00 4.413923e+01 7.311809e+01
      vertex   1.891494e+01 3.969618e+01 7.181760e+01
      vertex   1.830471e+01 3.863923e+01 7.311809e+01
    endloop
  endfacet
  facet normal -4.095760e-01 -7.094065e-01 -5.735764e-01
    outer loop
      vertex   8.778433e+00 4.413923e+01 7.311809e+01
      vertex   1.830471e+01 3.863923e+01 7.311809e+01
      vertex   8.266952e+00 4.325332e+01 7.457903e+01
    endloop
  endfacet
  facet normal -4.095760e-01 -7.094065e-01 -5.735764e-01
    outer loop
      vertex   8.266952e+00 4.325332e+01 7.457903e+01
      vertex   1.830471e+01 3.863923e+01 7.311809e+01
      vertex   1.779323e+01 3.775332e+01 7.457903e+01
    endloop
  endfacet
  facet normal -4.462213e-01 -7.728780e-01 -4.511608e-01
    outer loop
      vertex   8.266952e+00 4.325332e+01 7.457903e+01
      vertex   1.779323e+01 3.775332e+01 7.457903e+01
      vertex   7.864634e+00 4.255648e+01 7.617069e+01
    endloop
  endfacet
  facet normal -4.462213e-01 -7.728780e-01 -4.511608e-01
    outer loop
      vertex   7.864634e+00 4.255648e+01 7.617069e+01
      vertex   1.779323e+01 3.775332e+01 7.457903e+01
      vertex   1.739091e+01 3.705648e+01 7.617069e+01
    endloop
  endfacet
  facet normal -4.737829e-01 -8.206160e-01 -3.195608e-01
    outer loop
      vertex   7.864634e+00 4.255648e+01 7.617069e+01
      vertex   1.739091e+01 3.705648e+01 7.617069e+01
      vertex   7.579669e+00 4.206291e+01 7.786065e+01
    endloop
  endfacet
  facet normal -4.737829e-01 -8.206160e-01 -3.195608e-01
    outer loop
      vertex   7.579669e+00 4.206291e+01 7.786065e+01
      vertex   1.739091e+01 3.705648e+01 7.617069e+01
      vertex   1.710595e+01 3.656291e+01 7.786065e+01
    endloop
  endfacet
  facet normal -4.916996e-01 -8.516487e-01 -1.814554e-01
    outer loop
      vertex   7.579669e+00 4.206291e+01 7.786065e+01
      vertex   1.710595e+01 3.656291e+01 7.786065e+01
      vertex   7.417858e+00 4.178264e+01 7.961452e+01
    endloop
  endfacet
  facet normal -4.916996e-01 -8.516487e-01 -1.814554e-01
    outer loop
      vertex   7.417858e+00 4.178264e+01 7.961452e+01
      vertex   1.710595e+01 3.656291e+01 7.786065e+01
      vertex   1.694414e+01 3.628264e+01 7.961452e+01
    endloop
  endfacet
  facet normal -4.996067e-01 -8.653442e-01 -3.965617e-02
    outer loop
      vertex   7.417858e+00 4.178264e+01 7.961452e+01
      vertex   1.694414e+01 3.628264e+01 7.961452e+01
      vertex   7.382495e+00 4.172139e+01 8.139660e+01
    endloop
  endfacet
  facet normal -4.996067e-01 -8.653442e-01 -3.965617e-02
    outer loop
      vertex   7.382495e+00 4.172139e+01 8.139660e+01
      vertex   1.694414e+01 3.628264e+01 7.961452e+01
      vertex   1.690877e+01 3.622139e+01 8.139660e+01
    endloop
  endfacet
  facet normal -4.973432e-01 -8.614238e-01 1.029504e-01
    outer loop
      vertex   7.382495e+00 4.172139e+01 8.139660e+01
      vertex   1.690877e+01 3.622139e+01 8.139660e+01
      vertex   7.474300e+00 4.188040e+01 8.317060e+01
    endloop
  endfacet
  facet normal -4.973432e-01 -8.614238e-01 1.029504e-01
    outer loop
      vertex   7.474300e+00 4.188040e+01 8.317060e+01
      vertex   1.690877e+01 3.622139e+01 8.139660e+01
      vertex   1.700058e+01 3.638040e+01 8.317060e+01
    endloop
  endfacet
  facet normal -4.849553e-01 -8.399673e-01 2.434611e-01
    outer loop
      vertex   7.474300e+00 4.188040e+01 8.317060e+01
      vertex   1.700058e+01 3.638040e+01 8.317060e+01
      vertex   7.691404e+00 4.225644e+01 8.490042e+01
    endloop
  endfacet
  facet normal -4.849553e-01 -8.399673e-01 2.434611e-01
    outer loop
      vertex   7.691404e+00 4.225644e+01 8.490042e+01
      vertex   1.700058e+01 3.638040e+01 8.317060e+01
      vertex   1.721768e+01 3.675644e+01 8.490042e+01
    endloop
  endfacet
  facet normal -4.626951e-01 -8.014115e-01 3.790157e-01
    outer loop
      vertex   7.691404e+00 4.225644e+01 8.490042e+01
      vertex   1.721768e+01 3.675644e+01 8.490042e+01
      vertex   8.029387e+00 4.284184e+01 8.655083e+01
    endloop
  endfacet
  facet normal -4.626951e-01 -8.014115e-01 3.790157e-01
    outer loop
      vertex   8.029387e+00 4.284184e+01 8.655083e+01
      vertex   1.721768e+01 3.675644e+01 8.490042e+01
      vertex   1.755567e+01 3.734184e+01 8.655083e+01
    endloop
  endfacet
  facet normal -4.310158e-01 -7.465412e-01 5.068546e-01
    outer loop
      vertex   8.029387e+00 4.284184e+01 8.655083e+01
      vertex   1.755567e+01 3.734184e+01 8.655083e+01
      vertex   8.481370e+00 4.362470e+01 8.808825e+01
    endloop
  endfacet
  facet normal -4.310158e-01 -7.465412e-01 5.068546e-01
    outer loop
      vertex   8.481370e+00 4.362470e+01 8.808825e+01
      vertex   1.755567e+01 3.734184e+01 8.655083e+01
      vertex   1.800765e+01 3.812470e+01 8.808825e+01
    endloop
  endfacet
  facet normal -3.905622e-01 -6.764735e-01 6.243755e-01
    outer loop
      vertex   8.481370e+00 4.362470e+01 8.808825e+01
      vertex   1.800765e+01 3.812470e+01 8.808825e+01
      vertex   9.038150e+00 4.458907e+01 8.948137e+01
    endloop
  endfacet
  facet normal -3.905622e-01 -6.764735e-01 6.243755e-01
    outer loop
      vertex   9.038150e+00 4.458907e+01 8.948137e+01
      vertex   1.800765e+01 3.812470e+01 8.808825e+01
      vertex   1.856443e+01 3.908907e+01 8.948137e+01
    endloop
  endfacet
  facet normal -3.421579e-01 -5.926348e-01 7.291858e-01
    outer loop
      vertex   9.038150e+00 4.458907e+01 8.948137e+01
      vertex   1.856443e+01 3.908907e+01 8.948137e+01
      vertex   9.688394e+00 4.571533e+01 9.070183e+01
    endloop
  endfacet
  facet normal -3.421579e-01 -5.926348e-01 7.291858e-01
    outer loop
      vertex   9.688394e+00 4.571533e+01 9.070183e+01
      vertex   1.856443e+01 3.908907e+01 8.948137e+01
      vertex   1.921467e+01 4.021533e+01 9.070183e+01
    endloop
  endfacet
  facet normal -2.867882e-01 -4.967318e-01 8.191520e-01
    outer loop
      vertex   9.688394e+00 4.571533e+01 9.070183e+01
      vertex   1.921467e+01 4.021533e+01 9.070183e+01
      vertex   1.041886e+01 4.698054e+01 9.172479e+01
    endloop
  endfacet
  facet normal -2.867882e-01 -4.967318e-01 8.191520e-01
    outer loop
      vertex   1.041886e+01 4.698054e+01 9.172479e+01
      vertex   1.921467e+01 4.021533e+01 9.070183e+01
      vertex   1.994514e+01 4.148054e+01 9.172479e+01
    endloop
  endfacet
  facet normal -2.255804e-01 -3.907167e-01 8.924427e-01
    outer loop
      vertex   1.041886e+01 4.698054e+01 9.172479e+01
      vertex   1.994514e+01 4.148054e+01 9.172479e+01
      vertex   1.121469e+01 4.835895e+01 9.252943e+01
    endloop
  endfacet
  facet normal -2.255804e-01 -3.907167e-01 8.924427e-01
    outer loop
      vertex   1.121469e+01 4.835895e+01 9.252943e+01
      vertex   1.994514e+01 4.148054e+01 9.172479e+01
      vertex   2.074097e+01 4.285895e+01 9.252943e+01
    endloop
  endfacet
  facet normal -1.597804e-01 -2.767477e-01 9.475658e-01
    outer loop
      vertex   1.121469e+01 4.835895e+01 9.252943e+01
      vertex   2.074097e+01 4.285895e+01 9.252943e+01
      vertex   1.205967e+01 4.982250e+01 9.309936e+01
    endloop
  endfacet
  facet normal -1.597804e-01 -2.767477e-01 9.475658e-01
    outer loop
      vertex   1.205967e+01 4.982250e+01 9.309936e+01
      vertex   2.074097e+01 4.285895e+01 9.252943e+01
      vertex   2.158595e+01 4.432250e+01 9.309936e+01
    endloop
  endfacet
  facet normal -9.072771e-02 -1.571450e-01 9.833992e-01
    outer loop
      vertex   1.205967e+01 4.982250e+01 9.309936e+01
      vertex   2.158595e+01 4.432250e+01 9.309936e+01
      vertex   1.293661e+01 5.134140e+01 9.342298e+01
    endloop
  endfacet
  facet normal -9.072771e-02 -1.571450e-01 9.833992e-01
    outer loop
      vertex   1.293661e+01 5.134140e+01 9.342298e+01
      vertex   2.158595e+01 4.432250e+01 9.309936e+01
      vertex   2.246289e+01 4.584140e+01 9.342298e+01
    endloop
  endfacet
  facet normal -1.982809e-02 -3.434325e-02 9.992134e-01
    outer loop
      vertex   1.293661e+01 5.134140e+01 9.342298e+01
      vertex   2.246289e+01 4.584140e+01 9.342298e+01
      vertex   1.382765e+01 5.288472e+01 9.349371e+01
    endloop
  endfacet
  facet normal -1.982809e-02 -3.434325e-02 9.992134e-01
    outer loop
      vertex   1.382765e+01 5.288472e+01 9.349371e+01
      vertex   2.246289e+01 4.584140e+01 9.342298e+01
      vertex   2.335393e+01 4.738472e+01 9.349371e+01
    endloop
  endfacet
  facet normal 5.147518e-02 8.915763e-02 9.946865e-01
    outer loop
      vertex   1.382765e+01 5.288472e+01 9.349371e+01
      vertex   2.335393e+01 4.738472e+01 9.349371e+01
      vertex   1.471465e+01 5.442106e+01 9.331010e+01
    endloop
  endfacet
  facet normal 5.147518e-02 8.915763e-02 9.946865e-01
    outer loop
      vertex   1.471465e+01 5.442106e+01 9.331010e+01
      vertex   2.335393e+01 4.738472e+01 9.349371e+01
      vertex   2.424093e+01 4.892106e+01 9.331010e+01
    endloop
  endfacet
  facet normal -8.660254e-01 5.000000e-01 2.896593e-14
    outer loop
      vertex   3.216633e+01 4.664825e+01 7.944252e+01
      vertex   3.217655e+01 4.666595e+01 8.026200e+01
      vertex   3.274281e+01 4.764675e+01 8.006230e+01
    endloop
  endfacet
  facet normal -8.660254e-01 5.000000e-01 1.107647e-14
    outer loop
      vertex   3.274281e+01 4.764675e+01 8.006230e+01
      vertex   3.217655e+01 4.666595e+01 8.026200e+01
      vertex   3.230708e+01 4.689205e+01 8.103904e+01
    endloop
  endfacet
  facet normal -8.660254e-01 5.000000e-01 1.006448e-14
    outer loop
      vertex   3.274281e+01 4.764675e+01 8.006230e+01
      vertex   3.230708e+01 4.689205e+01 8.103904e+01
      vertex   3.285595e+01 4.784270e+01 8.064414e+01
    endloop
  endfacet
  facet normal -8.660254e-01 5.000000e-01 8.451231e-15
    outer loop
      vertex   3.285595e+01 4.784270e+01 8.064414e+01
      vertex   3.230708e+01 4.689205e+01 8.103904e+01
      vertex   3.254634e+01 4.730645e+01 8.170461e+01
    endloop
  endfacet
  facet normal -8.660254e-01 5.000000e-01 9.452069e-15
    outer loop
      vertex   3.285595e+01 4.784270e+01 8.064414e+01
      vertex   3.254634e+01 4.730645e+01 8.170461e+01
      vertex   3.307180e+01 4.821657e+01 8.109511e+01
    endloop
  endfacet
  facet normal -8.660254e-01 5.000000e-01 3.040196e-14
    outer loop
      vertex   3.307180e+01 4.821657e+01 8.109511e+01
      vertex   3.254634e+01 4.730645e+01 8.170461e+01
      vertex   3.287306e+01 4.787234e+01 8.219957e+01
    endloop
  endfacet
  facet normal -8.660254e-01 5.000000e-01 3.202492e-14
    outer loop
      vertex   3.307180e+01 4.821657e+01 8.109511e+01
      vertex   3.287306e+01 4.787234e+01 8.219957e+01
      vertex   3.335751e+01 4.871143e+01 8.134654e+01
    endloop
  endfacet
  facet normal -8.660254e-01 5.000000e-01 1.120701e-14
    outer loop
      vertex   3.335751e+01 4.871143e+01 8.134654e+01
      vertex   3.287306e+01 4.787234e+01 8.219957e+01
      vertex   3.325821e+01 4.853944e+01 8.247994e+01
    endloop
  endfacet
  facet normal -8.660254e-01 5.000000e-01 1.068212e-14
    outer loop
      vertex   3.335751e+01 4.871143e+01 8.134654e+01
      vertex   3.325821e+01 4.853944e+01 8.247994e+01
      vertex   3.366756e+01 4.924847e+01 8.252080e+01
    endloop
  endfacet
  facet normal -8.660254e-01 5.000000e-01 1.333263e-14
    outer loop
      vertex   3.335751e+01 4.871143e+01 8.134654e+01
      vertex   3.366756e+01 4.924847e+01 8.252080e+01
      vertex   3.366958e+01 4.925195e+01 8.136016e+01
    endloop
  endfacet
  facet normal -8.660254e-01 5.000000e-01 1.332141e-14
    outer loop
      vertex   3.366958e+01 4.925195e+01 8.136016e+01
      vertex   3.366756e+01 4.924847e+01 8.252080e+01
      vertex   3.406476e+01 4.993642e+01 8.231852e+01
    endloop
  endfacet
  facet normal -8.660254e-01 5.000000e-01 6.331641e-15
    outer loop
      vertex   3.366958e+01 4.925195e+01 8.136016e+01
      vertex   3.406476e+01 4.993642e+01 8.231852e+01
      vertex   3.396050e+01 4.975584e+01 8.113389e+01
    endloop
  endfacet
  facet normal -8.660254e-01 5.000000e-01 4.551615e-15
    outer loop
      vertex   3.396050e+01 4.975584e+01 8.113389e+01
      vertex   3.406476e+01 4.993642e+01 8.231852e+01
      vertex   3.441449e+01 5.054218e+01 8.189109e+01
    endloop
  endfacet
  facet normal -8.660254e-01 5.000000e-01 2.266767e-14
    outer loop
      vertex   3.396050e+01 4.975584e+01 8.113389e+01
      vertex   3.441449e+01 5.054218e+01 8.189109e+01
      vertex   3.418598e+01 5.014639e+01 8.070219e+01
    endloop
  endfacet
  facet normal -8.660254e-01 5.000000e-01 2.461470e-14
    outer loop
      vertex   3.418598e+01 5.014639e+01 8.070219e+01
      vertex   3.441449e+01 5.054218e+01 8.189109e+01
      vertex   3.468569e+01 5.101192e+01 8.127647e+01
    endloop
  endfacet
  facet normal -8.660254e-01 5.000000e-01 1.097969e-14
    outer loop
      vertex   3.418598e+01 5.014639e+01 8.070219e+01
      vertex   3.468569e+01 5.101192e+01 8.127647e+01
      vertex   3.485427e+01 5.130390e+01 8.052927e+01
    endloop
  endfacet
  facet normal -8.660254e-01 5.000000e-01 1.098249e-14
    outer loop
      vertex   3.418598e+01 5.014639e+01 8.070219e+01
      vertex   3.485427e+01 5.130390e+01 8.052927e+01
      vertex   3.431169e+01 5.036413e+01 8.013077e+01
    endloop
  endfacet
  facet normal -8.660254e-01 5.000000e-01 2.453152e-14
    outer loop
      vertex   3.431169e+01 5.036413e+01 8.013077e+01
      vertex   3.485427e+01 5.130390e+01 8.052927e+01
      vertex   3.490523e+01 5.139217e+01 7.971590e+01
    endloop
  endfacet
  facet normal -8.660254e-01 5.000000e-01 1.775542e-14
    outer loop
      vertex   3.431169e+01 5.036413e+01 8.013077e+01
      vertex   3.490523e+01 5.139217e+01 7.971590e+01
      vertex   3.431850e+01 5.037593e+01 7.950663e+01
    endloop
  endfacet
  facet normal -8.660254e-01 5.000000e-01 1.415740e-14
    outer loop
      vertex   3.431850e+01 5.037593e+01 7.950663e+01
      vertex   3.490523e+01 5.139217e+01 7.971590e+01
      vertex   3.483406e+01 5.126889e+01 7.890862e+01
    endloop
  endfacet
  facet normal -8.660254e-01 5.000000e-01 2.168730e-14
    outer loop
      vertex   3.431850e+01 5.037593e+01 7.950663e+01
      vertex   3.483406e+01 5.126889e+01 7.890862e+01
      vertex   3.420537e+01 5.017998e+01 7.892478e+01
    endloop
  endfacet
  facet normal -8.660254e-01 5.000000e-01 1.515182e-14
    outer loop
      vertex   3.420537e+01 5.017998e+01 7.892478e+01
      vertex   3.483406e+01 5.126889e+01 7.890862e+01
      vertex   3.464707e+01 5.094503e+01 7.817917e+01
    endloop
  endfacet
  facet normal -8.660254e-01 5.000000e-01 1.402676e-14
    outer loop
      vertex   3.420537e+01 5.017998e+01 7.892478e+01
      vertex   3.464707e+01 5.094503e+01 7.817917e+01
      vertex   3.398952e+01 4.980611e+01 7.847382e+01
    endloop
  endfacet
  facet normal -8.660254e-01 5.000000e-01 1.511183e-14
    outer loop
      vertex   3.398952e+01 4.980611e+01 7.847382e+01
      vertex   3.464707e+01 5.094503e+01 7.817917e+01
      vertex   3.436089e+01 5.044934e+01 7.759235e+01
    endloop
  endfacet
  facet normal -8.660254e-01 5.000000e-01 2.393731e-14
    outer loop
      vertex   3.398952e+01 4.980611e+01 7.847382e+01
      vertex   3.436089e+01 5.044934e+01 7.759235e+01
      vertex   3.400094e+01 4.982588e+01 7.720031e+01
    endloop
  endfacet
  facet normal -8.660254e-01 5.000000e-01 2.400044e-14
    outer loop
      vertex   3.398952e+01 4.980611e+01 7.847382e+01
      vertex   3.400094e+01 4.982588e+01 7.720031e+01
      vertex   3.370381e+01 4.931125e+01 7.822239e+01
    endloop
  endfacet
  facet normal -8.660254e-01 5.000000e-01 1.940863e-14
    outer loop
      vertex   3.370381e+01 4.931125e+01 7.822239e+01
      vertex   3.400094e+01 4.982588e+01 7.720031e+01
      vertex   3.359920e+01 4.913005e+01 7.703788e+01
    endloop
  endfacet
  facet normal -8.660254e-01 5.000000e-01 2.140698e-14
    outer loop
      vertex   3.370381e+01 4.931125e+01 7.822239e+01
      vertex   3.359920e+01 4.913005e+01 7.703788e+01
      vertex   3.339174e+01 4.877073e+01 7.820877e+01
    endloop
  endfacet
  facet normal -8.660254e-01 5.000000e-01 2.401394e-14
    outer loop
      vertex   3.339174e+01 4.877073e+01 7.820877e+01
      vertex   3.359920e+01 4.913005e+01 7.703788e+01
      vertex   3.319137e+01 4.842367e+01 7.711950e+01
    endloop
  endfacet
  facet normal -8.660254e-01 5.000000e-01 1.733625e-14
    outer loop
      vertex   3.339174e+01 4.877073e+01 7.820877e+01
      vertex   3.319137e+01 4.842367e+01 7.711950e+01
      vertex   3.310082e+01 4.826683e+01 7.843504e+01
    endloop
  endfacet
  facet normal -8.660254e-01 5.000000e-01 1.469255e-14
    outer loop
      vertex   3.310082e+01 4.826683e+01 7.843504e+01
      vertex   3.319137e+01 4.842367e+01 7.711950e+01
      vertex   3.281368e+01 4.776950e+01 7.743791e+01
    endloop
  endfacet
  facet normal -8.660254e-01 5.000000e-01 1.159552e-14
    outer loop
      vertex   3.310082e+01 4.826683e+01 7.843504e+01
      vertex   3.281368e+01 4.776950e+01 7.743791e+01
      vertex   3.249971e+01 4.722568e+01 7.796483e+01
    endloop
  endfacet
  facet normal -8.660254e-01 5.000000e-01 2.391903e-14
    outer loop
      vertex   3.310082e+01 4.826683e+01 7.843504e+01
      vertex   3.249971e+01 4.722568e+01 7.796483e+01
      vertex   3.287534e+01 4.787629e+01 7.886674e+01
    endloop
  endfacet
  facet normal -8.660254e-01 5.000000e-01 1.994562e-14
    outer loop
      vertex   3.287534e+01 4.787629e+01 7.886674e+01
      vertex   3.249971e+01 4.722568e+01 7.796483e+01
      vertex   3.227734e+01 4.684052e+01 7.865342e+01
    endloop
  endfacet
  facet normal -8.660254e-01 5.000000e-01 2.293351e-14
    outer loop
      vertex   3.287534e+01 4.787629e+01 7.886674e+01
      vertex   3.227734e+01 4.684052e+01 7.865342e+01
      vertex   3.274962e+01 4.765854e+01 7.943816e+01
    endloop
  endfacet
  facet normal -8.660254e-01 5.000000e-01 1.364270e-14
    outer loop
      vertex   3.274962e+01 4.765854e+01 7.943816e+01
      vertex   3.227734e+01 4.684052e+01 7.865342e+01
      vertex   3.216633e+01 4.664825e+01 7.944252e+01
    endloop
  endfacet
  facet normal -8.660254e-01 5.000000e-01 1.814298e-14
    outer loop
      vertex   3.274962e+01 4.765854e+01 7.943816e+01
      vertex   3.216633e+01 4.664825e+01 7.944252e+01
      vertex   3.274281e+01 4.764675e+01 8.006230e+01
    endloop
  endfacet
  facet normal -8.660254e-01 5.000000e-01 1.335801e-14
    outer loop
      vertex   2.527267e+01 3.470809e+01 8.187359e+01
      vertex   2.528289e+01 3.472579e+01 8.269307e+01
      vertex   2.584916e+01 3.570659e+01 8.249337e+01
    endloop
  endfacet
  facet normal -8.660254e-01 5.000000e-01 1.816302e-14
    outer loop
      vertex   2.584916e+01 3.570659e+01 8.249337e+01
      vertex   2.528289e+01 3.472579e+01 8.269307e+01
      vertex   2.541343e+01 3.495189e+01 8.347012e+01
    endloop
  endfacet
  facet normal -8.660254e-01 5.000000e-01 1.046477e-14
    outer loop
      vertex   2.584916e+01 3.570659e+01 8.249337e+01
      vertex   2.541343e+01 3.495189e+01 8.347012e+01
      vertex   2.596229e+01 3.590254e+01 8.307522e+01
    endloop
  endfacet
  facet normal -8.660254e-01 5.000000e-01 1.454819e-14
    outer loop
      vertex   2.596229e+01 3.590254e+01 8.307522e+01
      vertex   2.541343e+01 3.495189e+01 8.347012e+01
      vertex   2.565269e+01 3.536629e+01 8.413569e+01
    endloop
  endfacet
  facet normal -8.660254e-01 5.000000e-01 1.660702e-14
    outer loop
      vertex   2.596229e+01 3.590254e+01 8.307522e+01
      vertex   2.565269e+01 3.536629e+01 8.413569e+01
      vertex   2.617814e+01 3.627641e+01 8.352618e+01
    endloop
  endfacet
  facet normal -8.660254e-01 5.000000e-01 2.073136e-14
    outer loop
      vertex   2.617814e+01 3.627641e+01 8.352618e+01
      vertex   2.565269e+01 3.536629e+01 8.413569e+01
      vertex   2.597940e+01 3.593218e+01 8.463065e+01
    endloop
  endfacet
  facet normal -8.660254e-01 5.000000e-01 2.093864e-14
    outer loop
      vertex   2.617814e+01 3.627641e+01 8.352618e+01
      vertex   2.597940e+01 3.593218e+01 8.463065e+01
      vertex   2.646385e+01 3.677127e+01 8.377761e+01
    endloop
  endfacet
  facet normal -8.660254e-01 5.000000e-01 1.745305e-14
    outer loop
      vertex   2.646385e+01 3.677127e+01 8.377761e+01
      vertex   2.597940e+01 3.593218e+01 8.463065e+01
      vertex   2.636455e+01 3.659928e+01 8.491101e+01
    endloop
  endfacet
  facet normal -8.660254e-01 5.000000e-01 1.853989e-14
    outer loop
      vertex   2.646385e+01 3.677127e+01 8.377761e+01
      vertex   2.636455e+01 3.659928e+01 8.491101e+01
      vertex   2.677391e+01 3.730831e+01 8.495187e+01
    endloop
  endfacet
  facet normal -8.660254e-01 5.000000e-01 2.130156e-14
    outer loop
      vertex   2.646385e+01 3.677127e+01 8.377761e+01
      vertex   2.677391e+01 3.730831e+01 8.495187e+01
      vertex   2.677592e+01 3.731179e+01 8.379123e+01
    endloop
  endfacet
  facet normal -8.660254e-01 5.000000e-01 2.128101e-14
    outer loop
      vertex   2.677592e+01 3.731179e+01 8.379123e+01
      vertex   2.677391e+01 3.730831e+01 8.495187e+01
      vertex   2.717110e+01 3.799626e+01 8.474960e+01
    endloop
  endfacet
  facet normal -8.660254e-01 5.000000e-01 1.413313e-14
    outer loop
      vertex   2.677592e+01 3.731179e+01 8.379123e+01
      vertex   2.717110e+01 3.799626e+01 8.474960e+01
      vertex   2.706684e+01 3.781568e+01 8.356496e+01
    endloop
  endfacet
  facet normal -8.660254e-01 5.000000e-01 1.335241e-14
    outer loop
      vertex   2.706684e+01 3.781568e+01 8.356496e+01
      vertex   2.717110e+01 3.799626e+01 8.474960e+01
      vertex   2.752084e+01 3.860202e+01 8.432216e+01
    endloop
  endfacet
  facet normal -8.660254e-01 5.000000e-01 2.425706e-14
    outer loop
      vertex   2.706684e+01 3.781568e+01 8.356496e+01
      vertex   2.752084e+01 3.860202e+01 8.432216e+01
      vertex   2.729233e+01 3.820623e+01 8.313326e+01
    endloop
  endfacet
  facet normal -8.660254e-01 5.000000e-01 2.338546e-14
    outer loop
      vertex   2.729233e+01 3.820623e+01 8.313326e+01
      vertex   2.752084e+01 3.860202e+01 8.432216e+01
      vertex   2.779204e+01 3.907176e+01 8.370754e+01
    endloop
  endfacet
  facet normal -8.660254e-01 5.000000e-01 1.759112e-14
    outer loop
      vertex   2.729233e+01 3.820623e+01 8.313326e+01
      vertex   2.779204e+01 3.907176e+01 8.370754e+01
      vertex   2.796061e+01 3.936374e+01 8.296035e+01
    endloop
  endfacet
  facet normal -8.660254e-01 5.000000e-01 1.972995e-14
    outer loop
      vertex   2.729233e+01 3.820623e+01 8.313326e+01
      vertex   2.796061e+01 3.936374e+01 8.296035e+01
      vertex   2.741804e+01 3.842397e+01 8.256184e+01
    endloop
  endfacet
  facet normal -8.660254e-01 5.000000e-01 2.140495e-14
    outer loop
      vertex   2.741804e+01 3.842397e+01 8.256184e+01
      vertex   2.796061e+01 3.936374e+01 8.296035e+01
      vertex   2.801158e+01 3.945201e+01 8.214698e+01
    endloop
  endfacet
  facet normal -8.660254e-01 5.000000e-01 1.800197e-14
    outer loop
      vertex   2.741804e+01 3.842397e+01 8.256184e+01
      vertex   2.801158e+01 3.945201e+01 8.214698e+01
      vertex   2.742485e+01 3.843577e+01 8.193770e+01
    endloop
  endfacet
  facet normal -8.660254e-01 5.000000e-01 1.669847e-14
    outer loop
      vertex   2.742485e+01 3.843577e+01 8.193770e+01
      vertex   2.801158e+01 3.945201e+01 8.214698e+01
      vertex   2.794040e+01 3.932873e+01 8.133970e+01
    endloop
  endfacet
  facet normal -8.660254e-01 5.000000e-01 1.436383e-14
    outer loop
      vertex   2.742485e+01 3.843577e+01 8.193770e+01
      vertex   2.794040e+01 3.932873e+01 8.133970e+01
      vertex   2.731172e+01 3.823982e+01 8.135586e+01
    endloop
  endfacet
  facet normal -8.660254e-01 5.000000e-01 1.731637e-14
    outer loop
      vertex   2.731172e+01 3.823982e+01 8.135586e+01
      vertex   2.794040e+01 3.932873e+01 8.133970e+01
      vertex   2.775342e+01 3.900487e+01 8.061024e+01
    endloop
  endfacet
  facet normal -8.660254e-01 5.000000e-01 1.595351e-14
    outer loop
      vertex   2.731172e+01 3.823982e+01 8.135586e+01
      vertex   2.775342e+01 3.900487e+01 8.061024e+01
      vertex   2.709586e+01 3.786595e+01 8.090489e+01
    endloop
  endfacet
  facet normal -8.660254e-01 5.000000e-01 2.066071e-14
    outer loop
      vertex   2.709586e+01 3.786595e+01 8.090489e+01
      vertex   2.775342e+01 3.900487e+01 8.061024e+01
      vertex   2.746723e+01 3.850918e+01 8.002342e+01
    endloop
  endfacet
  facet normal -8.660254e-01 5.000000e-01 2.145729e-14
    outer loop
      vertex   2.709586e+01 3.786595e+01 8.090489e+01
      vertex   2.746723e+01 3.850918e+01 8.002342e+01
      vertex   2.710728e+01 3.788572e+01 7.963138e+01
    endloop
  endfacet
  facet normal -8.660254e-01 5.000000e-01 2.138221e-14
    outer loop
      vertex   2.709586e+01 3.786595e+01 8.090489e+01
      vertex   2.710728e+01 3.788572e+01 7.963138e+01
      vertex   2.681016e+01 3.737109e+01 8.065346e+01
    endloop
  endfacet
  facet normal -8.660254e-01 5.000000e-01 1.895498e-14
    outer loop
      vertex   2.681016e+01 3.737109e+01 8.065346e+01
      vertex   2.710728e+01 3.788572e+01 7.963138e+01
      vertex   2.670554e+01 3.718989e+01 7.946896e+01
    endloop
  endfacet
  facet normal -8.660254e-01 5.000000e-01 1.759103e-14
    outer loop
      vertex   2.681016e+01 3.737109e+01 8.065346e+01
      vertex   2.670554e+01 3.718989e+01 7.946896e+01
      vertex   2.649809e+01 3.683057e+01 8.063984e+01
    endloop
  endfacet
  facet normal -8.660254e-01 5.000000e-01 1.862059e-14
    outer loop
      vertex   2.649809e+01 3.683057e+01 8.063984e+01
      vertex   2.670554e+01 3.718989e+01 7.946896e+01
      vertex   2.629771e+01 3.648351e+01 7.955057e+01
    endloop
  endfacet
  facet normal -8.660254e-01 5.000000e-01 1.854309e-14
    outer loop
      vertex   2.649809e+01 3.683057e+01 8.063984e+01
      vertex   2.629771e+01 3.648351e+01 7.955057e+01
      vertex   2.620716e+01 3.632668e+01 8.086611e+01
    endloop
  endfacet
  facet normal -8.660254e-01 5.000000e-01 1.756137e-14
    outer loop
      vertex   2.620716e+01 3.632668e+01 8.086611e+01
      vertex   2.629771e+01 3.648351e+01 7.955057e+01
      vertex   2.592003e+01 3.582935e+01 7.986899e+01
    endloop
  endfacet
  facet normal -8.660254e-01 5.000000e-01 1.619787e-14
    outer loop
      vertex   2.620716e+01 3.632668e+01 8.086611e+01
      vertex   2.592003e+01 3.582935e+01 7.986899e+01
      vertex   2.560605e+01 3.528552e+01 8.039590e+01
    endloop
  endfacet
  facet normal -8.660254e-01 5.000000e-01 1.222528e-14
    outer loop
      vertex   2.620716e+01 3.632668e+01 8.086611e+01
      vertex   2.560605e+01 3.528552e+01 8.039590e+01
      vertex   2.598168e+01 3.593613e+01 8.129782e+01
    endloop
  endfacet
  facet normal -8.660254e-01 5.000000e-01 1.359929e-14
    outer loop
      vertex   2.598168e+01 3.593613e+01 8.129782e+01
      vertex   2.560605e+01 3.528552e+01 8.039590e+01
      vertex   2.538368e+01 3.490036e+01 8.108450e+01
    endloop
  endfacet
  facet normal -8.660254e-01 5.000000e-01 2.903404e-14
    outer loop
      vertex   2.598168e+01 3.593613e+01 8.129782e+01
      vertex   2.538368e+01 3.490036e+01 8.108450e+01
      vertex   2.585597e+01 3.571838e+01 8.186923e+01
    endloop
  endfacet
  facet normal -8.660254e-01 5.000000e-01 2.390491e-14
    outer loop
      vertex   2.585597e+01 3.571838e+01 8.186923e+01
      vertex   2.538368e+01 3.490036e+01 8.108450e+01
      vertex   2.527267e+01 3.470809e+01 8.187359e+01
    endloop
  endfacet
  facet normal -8.660254e-01 5.000000e-01 1.721731e-14
    outer loop
      vertex   2.585597e+01 3.571838e+01 8.186923e+01
      vertex   2.527267e+01 3.470809e+01 8.187359e+01
      vertex   2.584916e+01 3.570659e+01 8.249337e+01
    endloop
  endfacet
  facet normal -8.660254e-01 5.000000e-01 1.277925e-14
    outer loop
      vertex   2.932727e+01 4.173086e+01 8.755171e+01
      vertex   2.933749e+01 4.174856e+01 8.837119e+01
      vertex   2.990375e+01 4.272936e+01 8.817149e+01
    endloop
  endfacet
  facet normal -8.660254e-01 5.000000e-01 2.251024e-14
    outer loop
      vertex   2.990375e+01 4.272936e+01 8.817149e+01
      vertex   2.933749e+01 4.174856e+01 8.837119e+01
      vertex   2.946803e+01 4.197465e+01 8.914823e+01
    endloop
  endfacet
  facet normal -8.660254e-01 5.000000e-01 2.007177e-14
    outer loop
      vertex   2.990375e+01 4.272936e+01 8.817149e+01
      vertex   2.946803e+01 4.197465e+01 8.914823e+01
      vertex   3.001689e+01 4.292531e+01 8.875333e+01
    endloop
  endfacet
  facet normal -8.660254e-01 5.000000e-01 1.267685e-14
    outer loop
      vertex   3.001689e+01 4.292531e+01 8.875333e+01
      vertex   2.946803e+01 4.197465e+01 8.914823e+01
      vertex   2.970728e+01 4.238906e+01 8.981381e+01
    endloop
  endfacet
  facet normal -8.660254e-01 5.000000e-01 1.152324e-14
    outer loop
      vertex   3.001689e+01 4.292531e+01 8.875333e+01
      vertex   2.970728e+01 4.238906e+01 8.981381e+01
      vertex   3.023274e+01 4.329917e+01 8.920430e+01
    endloop
  endfacet
  facet normal -8.660254e-01 5.000000e-01 2.478092e-14
    outer loop
      vertex   3.023274e+01 4.329917e+01 8.920430e+01
      vertex   2.970728e+01 4.238906e+01 8.981381e+01
      vertex   3.003400e+01 4.295495e+01 9.030876e+01
    endloop
  endfacet
  facet normal -8.660254e-01 5.000000e-01 2.756383e-14
    outer loop
      vertex   3.023274e+01 4.329917e+01 8.920430e+01
      vertex   3.003400e+01 4.295495e+01 9.030876e+01
      vertex   3.051845e+01 4.379404e+01 8.945573e+01
    endloop
  endfacet
  facet normal -8.660254e-01 5.000000e-01 1.450934e-14
    outer loop
      vertex   3.051845e+01 4.379404e+01 8.945573e+01
      vertex   3.003400e+01 4.295495e+01 9.030876e+01
      vertex   3.041915e+01 4.362205e+01 9.058913e+01
    endloop
  endfacet
  facet normal -8.660254e-01 5.000000e-01 1.402538e-14
    outer loop
      vertex   3.051845e+01 4.379404e+01 8.945573e+01
      vertex   3.041915e+01 4.362205e+01 9.058913e+01
      vertex   3.082851e+01 4.433107e+01 9.062999e+01
    endloop
  endfacet
  facet normal -8.660254e-01 5.000000e-01 1.861971e-14
    outer loop
      vertex   3.051845e+01 4.379404e+01 8.945573e+01
      vertex   3.082851e+01 4.433107e+01 9.062999e+01
      vertex   3.083052e+01 4.433456e+01 8.946935e+01
    endloop
  endfacet
  facet normal -8.660254e-01 5.000000e-01 1.862789e-14
    outer loop
      vertex   3.083052e+01 4.433456e+01 8.946935e+01
      vertex   3.082851e+01 4.433107e+01 9.062999e+01
      vertex   3.122570e+01 4.501903e+01 9.042771e+01
    endloop
  endfacet
  facet normal -8.660254e-01 5.000000e-01 1.119344e-14
    outer loop
      vertex   3.083052e+01 4.433456e+01 8.946935e+01
      vertex   3.122570e+01 4.501903e+01 9.042771e+01
      vertex   3.112144e+01 4.483845e+01 8.924308e+01
    endloop
  endfacet
  facet normal -8.660254e-01 5.000000e-01 9.950041e-15
    outer loop
      vertex   3.112144e+01 4.483845e+01 8.924308e+01
      vertex   3.122570e+01 4.501903e+01 9.042771e+01
      vertex   3.157543e+01 4.562479e+01 9.000028e+01
    endloop
  endfacet
  facet normal -8.660254e-01 5.000000e-01 2.894953e-14
    outer loop
      vertex   3.112144e+01 4.483845e+01 8.924308e+01
      vertex   3.157543e+01 4.562479e+01 9.000028e+01
      vertex   3.134692e+01 4.522900e+01 8.881138e+01
    endloop
  endfacet
  facet normal -8.660254e-01 5.000000e-01 2.848230e-14
    outer loop
      vertex   3.134692e+01 4.522900e+01 8.881138e+01
      vertex   3.157543e+01 4.562479e+01 9.000028e+01
      vertex   3.184664e+01 4.609453e+01 8.938566e+01
    endloop
  endfacet
  facet normal -8.660254e-01 5.000000e-01 1.015326e-14
    outer loop
      vertex   3.134692e+01 4.522900e+01 8.881138e+01
      vertex   3.184664e+01 4.609453e+01 8.938566e+01
      vertex   3.201521e+01 4.638650e+01 8.863847e+01
    endloop
  endfacet
  facet normal -8.660254e-01 5.000000e-01 7.784081e-15
    outer loop
      vertex   3.134692e+01 4.522900e+01 8.881138e+01
      vertex   3.201521e+01 4.638650e+01 8.863847e+01
      vertex   3.147264e+01 4.544674e+01 8.823996e+01
    endloop
  endfacet
  facet normal -8.660254e-01 5.000000e-01 1.803788e-14
    outer loop
      vertex   3.147264e+01 4.544674e+01 8.823996e+01
      vertex   3.201521e+01 4.638650e+01 8.863847e+01
      vertex   3.206617e+01 4.647478e+01 8.782510e+01
    endloop
  endfacet
  facet normal -8.660254e-01 5.000000e-01 2.371990e-14
    outer loop
      vertex   3.147264e+01 4.544674e+01 8.823996e+01
      vertex   3.206617e+01 4.647478e+01 8.782510e+01
      vertex   3.147945e+01 4.545854e+01 8.761582e+01
    endloop
  endfacet
  facet normal -8.660254e-01 5.000000e-01 1.573044e-14
    outer loop
      vertex   3.147945e+01 4.545854e+01 8.761582e+01
      vertex   3.206617e+01 4.647478e+01 8.782510e+01
      vertex   3.199500e+01 4.635150e+01 8.701782e+01
    endloop
  endfacet
  facet normal -8.660254e-01 5.000000e-01 1.275946e-14
    outer loop
      vertex   3.147945e+01 4.545854e+01 8.761582e+01
      vertex   3.199500e+01 4.635150e+01 8.701782e+01
      vertex   3.136631e+01 4.526258e+01 8.703398e+01
    endloop
  endfacet
  facet normal -8.660254e-01 5.000000e-01 1.563283e-14
    outer loop
      vertex   3.136631e+01 4.526258e+01 8.703398e+01
      vertex   3.199500e+01 4.635150e+01 8.701782e+01
      vertex   3.180801e+01 4.602763e+01 8.628836e+01
    endloop
  endfacet
  facet normal -8.660254e-01 5.000000e-01 1.032739e-14
    outer loop
      vertex   3.136631e+01 4.526258e+01 8.703398e+01
      vertex   3.180801e+01 4.602763e+01 8.628836e+01
      vertex   3.115046e+01 4.488872e+01 8.658301e+01
    endloop
  endfacet
  facet normal -8.660254e-01 5.000000e-01 1.564311e-14
    outer loop
      vertex   3.115046e+01 4.488872e+01 8.658301e+01
      vertex   3.180801e+01 4.602763e+01 8.628836e+01
      vertex   3.152183e+01 4.553195e+01 8.570154e+01
    endloop
  endfacet
  facet normal -8.660254e-01 5.000000e-01 2.154536e-14
    outer loop
      vertex   3.115046e+01 4.488872e+01 8.658301e+01
      vertex   3.152183e+01 4.553195e+01 8.570154e+01
      vertex   3.116188e+01 4.490849e+01 8.530950e+01
    endloop
  endfacet
  facet normal -8.660254e-01 5.000000e-01 2.160335e-14
    outer loop
      vertex   3.115046e+01 4.488872e+01 8.658301e+01
      vertex   3.116188e+01 4.490849e+01 8.530950e+01
      vertex   3.086475e+01 4.439385e+01 8.633158e+01
    endloop
  endfacet
  facet normal -8.660254e-01 5.000000e-01 1.472092e-14
    outer loop
      vertex   3.086475e+01 4.439385e+01 8.633158e+01
      vertex   3.116188e+01 4.490849e+01 8.530950e+01
      vertex   3.076014e+01 4.421266e+01 8.514707e+01
    endloop
  endfacet
  facet normal -8.660254e-01 5.000000e-01 1.619656e-14
    outer loop
      vertex   3.086475e+01 4.439385e+01 8.633158e+01
      vertex   3.076014e+01 4.421266e+01 8.514707e+01
      vertex   3.055268e+01 4.385333e+01 8.631796e+01
    endloop
  endfacet
  facet normal -8.660254e-01 5.000000e-01 1.996140e-14
    outer loop
      vertex   3.055268e+01 4.385333e+01 8.631796e+01
      vertex   3.076014e+01 4.421266e+01 8.514707e+01
      vertex   3.035231e+01 4.350628e+01 8.522869e+01
    endloop
  endfacet
  facet normal -8.660254e-01 5.000000e-01 1.486512e-14
    outer loop
      vertex   3.055268e+01 4.385333e+01 8.631796e+01
      vertex   3.035231e+01 4.350628e+01 8.522869e+01
      vertex   3.026176e+01 4.334944e+01 8.654423e+01
    endloop
  endfacet
  facet normal -8.660254e-01 5.000000e-01 1.280223e-14
    outer loop
      vertex   3.026176e+01 4.334944e+01 8.654423e+01
      vertex   3.035231e+01 4.350628e+01 8.522869e+01
      vertex   2.997463e+01 4.285211e+01 8.554710e+01
    endloop
  endfacet
  facet normal -8.660254e-01 5.000000e-01 1.350818e-14
    outer loop
      vertex   3.026176e+01 4.334944e+01 8.654423e+01
      vertex   2.997463e+01 4.285211e+01 8.554710e+01
      vertex   2.966065e+01 4.230829e+01 8.607402e+01
    endloop
  endfacet
  facet normal -8.660254e-01 5.000000e-01 2.710823e-14
    outer loop
      vertex   3.026176e+01 4.334944e+01 8.654423e+01
      vertex   2.966065e+01 4.230829e+01 8.607402e+01
      vertex   3.003628e+01 4.295890e+01 8.697593e+01
    endloop
  endfacet
  facet normal -8.660254e-01 5.000000e-01 1.994562e-14
    outer loop
      vertex   3.003628e+01 4.295890e+01 8.697593e+01
      vertex   2.966065e+01 4.230829e+01 8.607402e+01
      vertex   2.943828e+01 4.192313e+01 8.676261e+01
    endloop
  endfacet
  facet normal -8.660254e-01 5.000000e-01 1.295423e-14
    outer loop
      vertex   3.003628e+01 4.295890e+01 8.697593e+01
      vertex   2.943828e+01 4.192313e+01 8.676261e+01
      vertex   2.991056e+01 4.274115e+01 8.754735e+01
    endloop
  endfacet
  facet normal -8.660254e-01 5.000000e-01 1.539331e-14
    outer loop
      vertex   2.991056e+01 4.274115e+01 8.754735e+01
      vertex   2.943828e+01 4.192313e+01 8.676261e+01
      vertex   2.932727e+01 4.173086e+01 8.755171e+01
    endloop
  endfacet
  facet normal -8.660254e-01 5.000000e-01 1.720777e-14
    outer loop
      vertex   2.991056e+01 4.274115e+01 8.754735e+01
      vertex   2.932727e+01 4.173086e+01 8.755171e+01
      vertex   2.990375e+01 4.272936e+01 8.817149e+01
    endloop
  endfacet
  facet normal -8.660254e-01 5.000000e-01 1.343617e-14
    outer loop
      vertex   2.811173e+01 3.962549e+01 7.376440e+01
      vertex   2.812195e+01 3.964318e+01 7.458388e+01
      vertex   2.868822e+01 4.062398e+01 7.438418e+01
    endloop
  endfacet
  facet normal -8.660254e-01 5.000000e-01 2.292709e-14
    outer loop
      vertex   2.868822e+01 4.062398e+01 7.438418e+01
      vertex   2.812195e+01 3.964318e+01 7.458388e+01
      vertex   2.825249e+01 3.986928e+01 7.536093e+01
    endloop
  endfacet
  facet normal -8.660254e-01 5.000000e-01 2.470371e-14
    outer loop
      vertex   2.868822e+01 4.062398e+01 7.438418e+01
      vertex   2.825249e+01 3.986928e+01 7.536093e+01
      vertex   2.880135e+01 4.081994e+01 7.496603e+01
    endloop
  endfacet
  facet normal -8.660254e-01 5.000000e-01 1.267685e-14
    outer loop
      vertex   2.880135e+01 4.081994e+01 7.496603e+01
      vertex   2.825249e+01 3.986928e+01 7.536093e+01
      vertex   2.849175e+01 4.028369e+01 7.602650e+01
    endloop
  endfacet
  facet normal -8.660254e-01 5.000000e-01 1.152324e-14
    outer loop
      vertex   2.880135e+01 4.081994e+01 7.496603e+01
      vertex   2.849175e+01 4.028369e+01 7.602650e+01
      vertex   2.901720e+01 4.119380e+01 7.541699e+01
    endloop
  endfacet
  facet normal -8.660254e-01 5.000000e-01 2.478092e-14
    outer loop
      vertex   2.901720e+01 4.119380e+01 7.541699e+01
      vertex   2.849175e+01 4.028369e+01 7.602650e+01
      vertex   2.881846e+01 4.084958e+01 7.652146e+01
    endloop
  endfacet
  facet normal -8.660254e-01 5.000000e-01 2.397598e-14
    outer loop
      vertex   2.901720e+01 4.119380e+01 7.541699e+01
      vertex   2.881846e+01 4.084958e+01 7.652146e+01
      vertex   2.930291e+01 4.168867e+01 7.566842e+01
    endloop
  endfacet
  facet normal -8.660254e-01 5.000000e-01 1.628752e-14
    outer loop
      vertex   2.930291e+01 4.168867e+01 7.566842e+01
      vertex   2.881846e+01 4.084958e+01 7.652146e+01
      vertex   2.920361e+01 4.151667e+01 7.680182e+01
    endloop
  endfacet
  facet normal -8.660254e-01 5.000000e-01 1.747242e-14
    outer loop
      vertex   2.930291e+01 4.168867e+01 7.566842e+01
      vertex   2.920361e+01 4.151667e+01 7.680182e+01
      vertex   2.961297e+01 4.222570e+01 7.684268e+01
    endloop
  endfacet
  facet normal -8.660254e-01 5.000000e-01 2.126325e-14
    outer loop
      vertex   2.930291e+01 4.168867e+01 7.566842e+01
      vertex   2.961297e+01 4.222570e+01 7.684268e+01
      vertex   2.961498e+01 4.222919e+01 7.568204e+01
    endloop
  endfacet
  facet normal -8.660254e-01 5.000000e-01 2.128101e-14
    outer loop
      vertex   2.961498e+01 4.222919e+01 7.568204e+01
      vertex   2.961297e+01 4.222570e+01 7.684268e+01
      vertex   3.001016e+01 4.291366e+01 7.664041e+01
    endloop
  endfacet
  facet normal -8.660254e-01 5.000000e-01 1.081655e-14
    outer loop
      vertex   2.961498e+01 4.222919e+01 7.568204e+01
      vertex   3.001016e+01 4.291366e+01 7.664041e+01
      vertex   2.990590e+01 4.273308e+01 7.545577e+01
    endloop
  endfacet
  facet normal -8.660254e-01 5.000000e-01 1.031296e-14
    outer loop
      vertex   2.990590e+01 4.273308e+01 7.545577e+01
      vertex   3.001016e+01 4.291366e+01 7.664041e+01
      vertex   3.035990e+01 4.351942e+01 7.621297e+01
    endloop
  endfacet
  facet normal -8.660254e-01 5.000000e-01 2.425706e-14
    outer loop
      vertex   2.990590e+01 4.273308e+01 7.545577e+01
      vertex   3.035990e+01 4.351942e+01 7.621297e+01
      vertex   3.013138e+01 4.312362e+01 7.502407e+01
    endloop
  endfacet
  facet normal -8.660254e-01 5.000000e-01 2.644356e-14
    outer loop
      vertex   3.013138e+01 4.312362e+01 7.502407e+01
      vertex   3.035990e+01 4.351942e+01 7.621297e+01
      vertex   3.063110e+01 4.398915e+01 7.559835e+01
    endloop
  endfacet
  facet normal -8.660254e-01 5.000000e-01 8.854589e-15
    outer loop
      vertex   3.013138e+01 4.312362e+01 7.502407e+01
      vertex   3.063110e+01 4.398915e+01 7.559835e+01
      vertex   3.079967e+01 4.428113e+01 7.485116e+01
    endloop
  endfacet
  facet normal -8.660254e-01 5.000000e-01 1.314045e-14
    outer loop
      vertex   3.013138e+01 4.312362e+01 7.502407e+01
      vertex   3.079967e+01 4.428113e+01 7.485116e+01
      vertex   3.025710e+01 4.334137e+01 7.445265e+01
    endloop
  endfacet
  facet normal -8.660254e-01 5.000000e-01 2.573404e-14
    outer loop
      vertex   3.025710e+01 4.334137e+01 7.445265e+01
      vertex   3.079967e+01 4.428113e+01 7.485116e+01
      vertex   3.085063e+01 4.436940e+01 7.403779e+01
    endloop
  endfacet
  facet normal -8.660254e-01 5.000000e-01 2.282806e-14
    outer loop
      vertex   3.025710e+01 4.334137e+01 7.445265e+01
      vertex   3.085063e+01 4.436940e+01 7.403779e+01
      vertex   3.026391e+01 4.335316e+01 7.382851e+01
    endloop
  endfacet
  facet normal -8.660254e-01 5.000000e-01 8.228230e-15
    outer loop
      vertex   3.026391e+01 4.335316e+01 7.382851e+01
      vertex   3.085063e+01 4.436940e+01 7.403779e+01
      vertex   3.077946e+01 4.424613e+01 7.323051e+01
    endloop
  endfacet
  facet normal -8.660254e-01 5.000000e-01 1.357108e-14
    outer loop
      vertex   3.026391e+01 4.335316e+01 7.382851e+01
      vertex   3.077946e+01 4.424613e+01 7.323051e+01
      vertex   3.015078e+01 4.315721e+01 7.324667e+01
    endloop
  endfacet
  facet normal -8.660254e-01 5.000000e-01 1.563283e-14
    outer loop
      vertex   3.015078e+01 4.315721e+01 7.324667e+01
      vertex   3.077946e+01 4.424613e+01 7.323051e+01
      vertex   3.059248e+01 4.392226e+01 7.250105e+01
    endloop
  endfacet
  facet normal -8.660254e-01 5.000000e-01 1.468186e-14
    outer loop
      vertex   3.015078e+01 4.315721e+01 7.324667e+01
      vertex   3.059248e+01 4.392226e+01 7.250105e+01
      vertex   2.993492e+01 4.278334e+01 7.279570e+01
    endloop
  endfacet
  facet normal -8.660254e-01 5.000000e-01 1.345897e-14
    outer loop
      vertex   2.993492e+01 4.278334e+01 7.279570e+01
      vertex   3.059248e+01 4.392226e+01 7.250105e+01
      vertex   3.030629e+01 4.342658e+01 7.191423e+01
    endloop
  endfacet
  facet normal -8.660254e-01 5.000000e-01 1.878239e-14
    outer loop
      vertex   2.993492e+01 4.278334e+01 7.279570e+01
      vertex   3.030629e+01 4.342658e+01 7.191423e+01
      vertex   2.994634e+01 4.280312e+01 7.152219e+01
    endloop
  endfacet
  facet normal -8.660254e-01 5.000000e-01 1.882074e-14
    outer loop
      vertex   2.993492e+01 4.278334e+01 7.279570e+01
      vertex   2.994634e+01 4.280312e+01 7.152219e+01
      vertex   2.964921e+01 4.228848e+01 7.254427e+01
    endloop
  endfacet
  facet normal -8.660254e-01 5.000000e-01 1.202927e-14
    outer loop
      vertex   2.964921e+01 4.228848e+01 7.254427e+01
      vertex   2.994634e+01 4.280312e+01 7.152219e+01
      vertex   2.954460e+01 4.210728e+01 7.135976e+01
    endloop
  endfacet
  facet normal -8.660254e-01 5.000000e-01 1.257848e-14
    outer loop
      vertex   2.964921e+01 4.228848e+01 7.254427e+01
      vertex   2.954460e+01 4.210728e+01 7.135976e+01
      vertex   2.933714e+01 4.174796e+01 7.253065e+01
    endloop
  endfacet
  facet normal -8.660254e-01 5.000000e-01 1.569794e-14
    outer loop
      vertex   2.933714e+01 4.174796e+01 7.253065e+01
      vertex   2.954460e+01 4.210728e+01 7.135976e+01
      vertex   2.913677e+01 4.140090e+01 7.144138e+01
    endloop
  endfacet
  facet normal -8.660254e-01 5.000000e-01 1.777684e-14
    outer loop
      vertex   2.933714e+01 4.174796e+01 7.253065e+01
      vertex   2.913677e+01 4.140090e+01 7.144138e+01
      vertex   2.904622e+01 4.124407e+01 7.275692e+01
    endloop
  endfacet
  facet normal -8.660254e-01 5.000000e-01 1.756137e-14
    outer loop
      vertex   2.904622e+01 4.124407e+01 7.275692e+01
      vertex   2.913677e+01 4.140090e+01 7.144138e+01
      vertex   2.875909e+01 4.074674e+01 7.175980e+01
    endloop
  endfacet
  facet normal -8.660254e-01 5.000000e-01 1.619787e-14
    outer loop
      vertex   2.904622e+01 4.124407e+01 7.275692e+01
      vertex   2.875909e+01 4.074674e+01 7.175980e+01
      vertex   2.844511e+01 4.020292e+01 7.228671e+01
    endloop
  endfacet
  facet normal -8.660254e-01 5.000000e-01 2.391903e-14
    outer loop
      vertex   2.904622e+01 4.124407e+01 7.275692e+01
      vertex   2.844511e+01 4.020292e+01 7.228671e+01
      vertex   2.882074e+01 4.085352e+01 7.318862e+01
    endloop
  endfacet
  facet normal -8.660254e-01 5.000000e-01 1.704444e-14
    outer loop
      vertex   2.882074e+01 4.085352e+01 7.318862e+01
      vertex   2.844511e+01 4.020292e+01 7.228671e+01
      vertex   2.822274e+01 3.981776e+01 7.297531e+01
    endloop
  endfacet
  facet normal -8.660254e-01 5.000000e-01 1.415927e-14
    outer loop
      vertex   2.882074e+01 4.085352e+01 7.318862e+01
      vertex   2.822274e+01 3.981776e+01 7.297531e+01
      vertex   2.869503e+01 4.063578e+01 7.376004e+01
    endloop
  endfacet
  facet normal -8.660254e-01 5.000000e-01 1.986039e-14
    outer loop
      vertex   2.869503e+01 4.063578e+01 7.376004e+01
      vertex   2.822274e+01 3.981776e+01 7.297531e+01
      vertex   2.811173e+01 3.962549e+01 7.376440e+01
    endloop
  endfacet
  facet normal -8.660254e-01 5.000000e-01 1.227799e-14
    outer loop
      vertex   2.869503e+01 4.063578e+01 7.376004e+01
      vertex   2.811173e+01 3.962549e+01 7.376440e+01
      vertex   2.868822e+01 4.062398e+01 7.438418e+01
    endloop
  endfacet
  facet normal 8.660254e-01 -5.000000e-01 -1.460974e-14
    outer loop
      vertex   2.886026e+01 4.092197e+01 8.225458e+01
      vertex   2.872972e+01 4.069587e+01 8.147753e+01
      vertex   3.061793e+01 4.396634e+01 8.353406e+01
    endloop
  endfacet
  facet normal 8.660254e-01 -5.000000e-01 -1.803903e-14
    outer loop
      vertex   3.061793e+01 4.396634e+01 8.353406e+01
      vertex   2.872972e+01 4.069587e+01 8.147753e+01
      vertex   2.871950e+01 4.067817e+01 8.065805e+01
    endloop
  endfacet
  facet normal 8.660254e-01 -5.000000e-01 -1.515080e-14
    outer loop
      vertex   3.061793e+01 4.396634e+01 8.353406e+01
      vertex   2.871950e+01 4.067817e+01 8.065805e+01
      vertex   2.883051e+01 4.087044e+01 7.986896e+01
    endloop
  endfacet
  facet normal 8.660254e-01 -5.000000e-01 -2.105590e-14
    outer loop
      vertex   2.883051e+01 4.087044e+01 7.986896e+01
      vertex   2.905288e+01 4.125560e+01 7.918036e+01
      vertex   3.061793e+01 4.396634e+01 8.353406e+01
    endloop
  endfacet
  facet normal 8.660254e-01 -5.000000e-01 -1.469085e-14
    outer loop
      vertex   3.061793e+01 4.396634e+01 8.353406e+01
      vertex   2.905288e+01 4.125560e+01 7.918036e+01
      vertex   2.936686e+01 4.179942e+01 7.865345e+01
    endloop
  endfacet
  facet normal 8.660254e-01 -5.000000e-01 -1.629422e-14
    outer loop
      vertex   3.061793e+01 4.396634e+01 8.353406e+01
      vertex   2.936686e+01 4.179942e+01 7.865345e+01
      vertex   2.974454e+01 4.245359e+01 7.833504e+01
    endloop
  endfacet
  facet normal 8.660254e-01 -5.000000e-01 -1.653987e-14
    outer loop
      vertex   2.974454e+01 4.245359e+01 7.833504e+01
      vertex   3.015237e+01 4.315997e+01 7.825342e+01
      vertex   3.061793e+01 4.396634e+01 8.353406e+01
    endloop
  endfacet
  facet normal 8.660254e-01 -5.000000e-01 -1.512715e-14
    outer loop
      vertex   3.061793e+01 4.396634e+01 8.353406e+01
      vertex   3.015237e+01 4.315997e+01 7.825342e+01
      vertex   3.096766e+01 4.457210e+01 8.310662e+01
    endloop
  endfacet
  facet normal 8.660254e-01 -5.000000e-01 -2.016034e-14
    outer loop
      vertex   3.096766e+01 4.457210e+01 8.310662e+01
      vertex   3.015237e+01 4.315997e+01 7.825342e+01
      vertex   3.055411e+01 4.385580e+01 7.841585e+01
    endloop
  endfacet
  facet normal 8.660254e-01 -5.000000e-01 -1.963927e-14
    outer loop
      vertex   3.096766e+01 4.457210e+01 8.310662e+01
      vertex   3.055411e+01 4.385580e+01 7.841585e+01
      vertex   3.123887e+01 4.504184e+01 8.249200e+01
    endloop
  endfacet
  facet normal 8.660254e-01 -5.000000e-01 -1.278063e-14
    outer loop
      vertex   3.123887e+01 4.504184e+01 8.249200e+01
      vertex   3.055411e+01 4.385580e+01 7.841585e+01
      vertex   3.091406e+01 4.447926e+01 7.880789e+01
    endloop
  endfacet
  facet normal 8.660254e-01 -5.000000e-01 -1.576195e-14
    outer loop
      vertex   3.123887e+01 4.504184e+01 8.249200e+01
      vertex   3.091406e+01 4.447926e+01 7.880789e+01
      vertex   3.140744e+01 4.533382e+01 8.174481e+01
    endloop
  endfacet
  facet normal 8.660254e-01 -5.000000e-01 -1.886551e-14
    outer loop
      vertex   3.140744e+01 4.533382e+01 8.174481e+01
      vertex   3.091406e+01 4.447926e+01 7.880789e+01
      vertex   3.120025e+01 4.497495e+01 7.939471e+01
    endloop
  endfacet
  facet normal 8.660254e-01 -5.000000e-01 -1.975429e-14
    outer loop
      vertex   3.140744e+01 4.533382e+01 8.174481e+01
      vertex   3.120025e+01 4.497495e+01 7.939471e+01
      vertex   3.145840e+01 4.542209e+01 8.093144e+01
    endloop
  endfacet
  facet normal 8.660254e-01 -5.000000e-01 -1.040497e-14
    outer loop
      vertex   3.145840e+01 4.542209e+01 8.093144e+01
      vertex   3.120025e+01 4.497495e+01 7.939471e+01
      vertex   3.138723e+01 4.529881e+01 8.012416e+01
    endloop
  endfacet
  facet normal 8.660254e-01 -5.000000e-01 -7.623307e-14
    outer loop
      vertex   3.022074e+01 4.327839e+01 8.373633e+01
      vertex   2.981138e+01 4.256936e+01 8.369547e+01
      vertex   3.061793e+01 4.396634e+01 8.353406e+01
    endloop
  endfacet
  facet normal 8.660254e-01 -5.000000e-01 -4.621169e-15
    outer loop
      vertex   3.061793e+01 4.396634e+01 8.353406e+01
      vertex   2.981138e+01 4.256936e+01 8.369547e+01
      vertex   2.942623e+01 4.190226e+01 8.341511e+01
    endloop
  endfacet
  facet normal 8.660254e-01 -5.000000e-01 -5.359922e-14
    outer loop
      vertex   3.061793e+01 4.396634e+01 8.353406e+01
      vertex   2.942623e+01 4.190226e+01 8.341511e+01
      vertex   2.909951e+01 4.133637e+01 8.292015e+01
    endloop
  endfacet
  facet normal 8.660254e-01 -5.000000e-01 -9.447531e-15
    outer loop
      vertex   2.909951e+01 4.133637e+01 8.292015e+01
      vertex   2.886026e+01 4.092197e+01 8.225458e+01
      vertex   3.061793e+01 4.396634e+01 8.353406e+01
    endloop
  endfacet
  facet normal 8.660254e-01 -5.000000e-01 -1.595880e-14
    outer loop
      vertex   3.768146e+01 5.020073e+01 8.086575e+01
      vertex   3.690977e+01 4.886413e+01 8.013077e+01
      vertex   3.760595e+01 5.006994e+01 7.926352e+01
    endloop
  endfacet
  facet normal 8.660254e-01 -5.000000e-01 -2.370138e-14
    outer loop
      vertex   3.760595e+01 5.006994e+01 7.926352e+01
      vertex   3.690977e+01 4.886413e+01 8.013077e+01
      vertex   3.691658e+01 4.887593e+01 7.950663e+01
    endloop
  endfacet
  facet normal 8.660254e-01 -5.000000e-01 -1.424673e-14
    outer loop
      vertex   3.760595e+01 5.006994e+01 7.926352e+01
      vertex   3.691658e+01 4.887593e+01 7.950663e+01
      vertex   3.680345e+01 4.867998e+01 7.892478e+01
    endloop
  endfacet
  facet normal 8.660254e-01 -5.000000e-01 -1.103241e-14
    outer loop
      vertex   3.690977e+01 4.886413e+01 8.013077e+01
      vertex   3.768146e+01 5.020073e+01 8.086575e+01
      vertex   3.678406e+01 4.864639e+01 8.070219e+01
    endloop
  endfacet
  facet normal 8.660254e-01 -5.000000e-01 -2.052295e-14
    outer loop
      vertex   3.678406e+01 4.864639e+01 8.070219e+01
      vertex   3.768146e+01 5.020073e+01 8.086575e+01
      vertex   3.762748e+01 5.010725e+01 8.247145e+01
    endloop
  endfacet
  facet normal 8.660254e-01 -5.000000e-01 -2.255224e-14
    outer loop
      vertex   3.678406e+01 4.864639e+01 8.070219e+01
      vertex   3.762748e+01 5.010725e+01 8.247145e+01
      vertex   3.655857e+01 4.825584e+01 8.113389e+01
    endloop
  endfacet
  facet normal 8.660254e-01 -5.000000e-01 -1.758643e-14
    outer loop
      vertex   3.655857e+01 4.825584e+01 8.113389e+01
      vertex   3.762748e+01 5.010725e+01 8.247145e+01
      vertex   3.744542e+01 4.979190e+01 8.403905e+01
    endloop
  endfacet
  facet normal 8.660254e-01 -5.000000e-01 -1.740967e-14
    outer loop
      vertex   3.655857e+01 4.825584e+01 8.113389e+01
      vertex   3.744542e+01 4.979190e+01 8.403905e+01
      vertex   3.626765e+01 4.775195e+01 8.136016e+01
    endloop
  endfacet
  facet normal 8.660254e-01 -5.000000e-01 -1.605897e-14
    outer loop
      vertex   3.626765e+01 4.775195e+01 8.136016e+01
      vertex   3.744542e+01 4.979190e+01 8.403905e+01
      vertex   3.713998e+01 4.926287e+01 8.552794e+01
    endloop
  endfacet
  facet normal 8.660254e-01 -5.000000e-01 -1.798309e-14
    outer loop
      vertex   3.626765e+01 4.775195e+01 8.136016e+01
      vertex   3.713998e+01 4.926287e+01 8.552794e+01
      vertex   3.595558e+01 4.721143e+01 8.134654e+01
    endloop
  endfacet
  facet normal 8.660254e-01 -5.000000e-01 -1.666409e-14
    outer loop
      vertex   3.595558e+01 4.721143e+01 8.134654e+01
      vertex   3.713998e+01 4.926287e+01 8.552794e+01
      vertex   3.671909e+01 4.853386e+01 8.689955e+01
    endloop
  endfacet
  facet normal 8.660254e-01 -5.000000e-01 -1.543678e-14
    outer loop
      vertex   3.595558e+01 4.721143e+01 8.134654e+01
      vertex   3.671909e+01 4.853386e+01 8.689955e+01
      vertex   3.371286e+01 4.332692e+01 8.281964e+01
    endloop
  endfacet
  facet normal 8.660254e-01 -5.000000e-01 -1.924266e-14
    outer loop
      vertex   3.371286e+01 4.332692e+01 8.281964e+01
      vertex   3.671909e+01 4.853386e+01 8.689955e+01
      vertex   3.396439e+01 4.376258e+01 8.703398e+01
    endloop
  endfacet
  facet normal 8.660254e-01 -5.000000e-01 -1.872650e-14
    outer loop
      vertex   3.371286e+01 4.332692e+01 8.281964e+01
      vertex   3.396439e+01 4.376258e+01 8.703398e+01
      vertex   3.374854e+01 4.338872e+01 8.658301e+01
    endloop
  endfacet
  facet normal 8.660254e-01 -5.000000e-01 -2.222575e-14
    outer loop
      vertex   3.671909e+01 4.853386e+01 8.689955e+01
      vertex   3.619363e+01 4.762374e+01 8.811838e+01
      vertex   3.396439e+01 4.376258e+01 8.703398e+01
    endloop
  endfacet
  facet normal 8.660254e-01 -5.000000e-01 -1.309332e-14
    outer loop
      vertex   3.396439e+01 4.376258e+01 8.703398e+01
      vertex   3.619363e+01 4.762374e+01 8.811838e+01
      vertex   3.407752e+01 4.395854e+01 8.761582e+01
    endloop
  endfacet
  facet normal 8.660254e-01 -5.000000e-01 -1.635030e-14
    outer loop
      vertex   3.407752e+01 4.395854e+01 8.761582e+01
      vertex   3.619363e+01 4.762374e+01 8.811838e+01
      vertex   3.557722e+01 4.655609e+01 8.915283e+01
    endloop
  endfacet
  facet normal 8.660254e-01 -5.000000e-01 -1.385414e-14
    outer loop
      vertex   3.407752e+01 4.395854e+01 8.761582e+01
      vertex   3.557722e+01 4.655609e+01 8.915283e+01
      vertex   3.407071e+01 4.394674e+01 8.823996e+01
    endloop
  endfacet
  facet normal 8.660254e-01 -5.000000e-01 -2.147512e-14
    outer loop
      vertex   3.407071e+01 4.394674e+01 8.823996e+01
      vertex   3.557722e+01 4.655609e+01 8.915283e+01
      vertex   3.488582e+01 4.535855e+01 8.997614e+01
    endloop
  endfacet
  facet normal 8.660254e-01 -5.000000e-01 -1.505383e-14
    outer loop
      vertex   3.407071e+01 4.394674e+01 8.823996e+01
      vertex   3.488582e+01 4.535855e+01 8.997614e+01
      vertex   3.394500e+01 4.372900e+01 8.881138e+01
    endloop
  endfacet
  facet normal 8.660254e-01 -5.000000e-01 -1.817761e-14
    outer loop
      vertex   3.394500e+01 4.372900e+01 8.881138e+01
      vertex   3.488582e+01 4.535855e+01 8.997614e+01
      vertex   3.413734e+01 4.406215e+01 9.056696e+01
    endloop
  endfacet
  facet normal 8.660254e-01 -5.000000e-01 -2.325568e-14
    outer loop
      vertex   3.394500e+01 4.372900e+01 8.881138e+01
      vertex   3.413734e+01 4.406215e+01 9.056696e+01
      vertex   3.371952e+01 4.333845e+01 8.924308e+01
    endloop
  endfacet
  facet normal 8.660254e-01 -5.000000e-01 -5.381159e-15
    outer loop
      vertex   3.371952e+01 4.333845e+01 8.924308e+01
      vertex   3.413734e+01 4.406215e+01 9.056696e+01
      vertex   3.342859e+01 4.283456e+01 8.946935e+01
    endloop
  endfacet
  facet normal 8.660254e-01 -5.000000e-01 -2.303029e-14
    outer loop
      vertex   3.342859e+01 4.283456e+01 8.946935e+01
      vertex   3.413734e+01 4.406215e+01 9.056696e+01
      vertex   3.335117e+01 4.270046e+01 9.091001e+01
    endloop
  endfacet
  facet normal 8.660254e-01 -5.000000e-01 -2.225746e-14
    outer loop
      vertex   3.342859e+01 4.283456e+01 8.946935e+01
      vertex   3.335117e+01 4.270046e+01 9.091001e+01
      vertex   3.311652e+01 4.229404e+01 8.945573e+01
    endloop
  endfacet
  facet normal 8.660254e-01 -5.000000e-01 -1.731228e-14
    outer loop
      vertex   3.311652e+01 4.229404e+01 8.945573e+01
      vertex   3.335117e+01 4.270046e+01 9.091001e+01
      vertex   3.254767e+01 4.130875e+01 9.099640e+01
    endloop
  endfacet
  facet normal 8.660254e-01 -5.000000e-01 -2.108279e-14
    outer loop
      vertex   3.311652e+01 4.229404e+01 8.945573e+01
      vertex   3.254767e+01 4.130875e+01 9.099640e+01
      vertex   3.283081e+01 4.179917e+01 8.920430e+01
    endloop
  endfacet
  facet normal 8.660254e-01 -5.000000e-01 -1.568448e-14
    outer loop
      vertex   3.283081e+01 4.179917e+01 8.920430e+01
      vertex   3.254767e+01 4.130875e+01 9.099640e+01
      vertex   3.261496e+01 4.142531e+01 8.875333e+01
    endloop
  endfacet
  facet normal 8.660254e-01 -5.000000e-01 -1.599755e-14
    outer loop
      vertex   3.261496e+01 4.142531e+01 8.875333e+01
      vertex   3.254767e+01 4.130875e+01 9.099640e+01
      vertex   3.174764e+01 3.992306e+01 9.082388e+01
    endloop
  endfacet
  facet normal 8.660254e-01 -5.000000e-01 -2.338342e-14
    outer loop
      vertex   3.261496e+01 4.142531e+01 8.875333e+01
      vertex   3.174764e+01 3.992306e+01 9.082388e+01
      vertex   3.250183e+01 4.122936e+01 8.817149e+01
    endloop
  endfacet
  facet normal 8.660254e-01 -5.000000e-01 -1.917388e-14
    outer loop
      vertex   3.250183e+01 4.122936e+01 8.817149e+01
      vertex   3.174764e+01 3.992306e+01 9.082388e+01
      vertex   3.097181e+01 3.857928e+01 9.039693e+01
    endloop
  endfacet
  facet normal 8.660254e-01 -5.000000e-01 -1.214386e-14
    outer loop
      vertex   3.250183e+01 4.122936e+01 8.817149e+01
      vertex   3.097181e+01 3.857928e+01 9.039693e+01
      vertex   3.250864e+01 4.124115e+01 8.754735e+01
    endloop
  endfacet
  facet normal 8.660254e-01 -5.000000e-01 -1.953287e-14
    outer loop
      vertex   3.250864e+01 4.124115e+01 8.754735e+01
      vertex   3.097181e+01 3.857928e+01 9.039693e+01
      vertex   3.024027e+01 3.731221e+01 8.972660e+01
    endloop
  endfacet
  facet normal 8.660254e-01 -5.000000e-01 -1.857988e-14
    outer loop
      vertex   3.250864e+01 4.124115e+01 8.754735e+01
      vertex   3.024027e+01 3.731221e+01 8.972660e+01
      vertex   2.957196e+01 3.615468e+01 8.883026e+01
    endloop
  endfacet
  facet normal 8.660254e-01 -5.000000e-01 -1.639170e-14
    outer loop
      vertex   2.898420e+01 3.513665e+01 8.773112e+01
      vertex   2.966492e+01 3.631568e+01 8.356496e+01
      vertex   2.957196e+01 3.615468e+01 8.883026e+01
    endloop
  endfacet
  facet normal 8.660254e-01 -5.000000e-01 -1.642956e-14
    outer loop
      vertex   2.957196e+01 3.615468e+01 8.883026e+01
      vertex   2.966492e+01 3.631568e+01 8.356496e+01
      vertex   3.185168e+01 4.010326e+01 8.319211e+01
    endloop
  endfacet
  facet normal 8.660254e-01 -5.000000e-01 -1.934966e-14
    outer loop
      vertex   2.957196e+01 3.615468e+01 8.883026e+01
      vertex   3.185168e+01 4.010326e+01 8.319211e+01
      vertex   3.250864e+01 4.124115e+01 8.754735e+01
    endloop
  endfacet
  facet normal 8.660254e-01 -5.000000e-01 -1.646532e-14
    outer loop
      vertex   3.250864e+01 4.124115e+01 8.754735e+01
      vertex   3.185168e+01 4.010326e+01 8.319211e+01
      vertex   3.263435e+01 4.145890e+01 8.697593e+01
    endloop
  endfacet
  facet normal 8.660254e-01 -5.000000e-01 -1.704544e-14
    outer loop
      vertex   3.263435e+01 4.145890e+01 8.697593e+01
      vertex   3.185168e+01 4.010326e+01 8.319211e+01
      vertex   3.221163e+01 4.072671e+01 8.358415e+01
    endloop
  endfacet
  facet normal 8.660254e-01 -5.000000e-01 -2.090583e-14
    outer loop
      vertex   3.263435e+01 4.145890e+01 8.697593e+01
      vertex   3.221163e+01 4.072671e+01 8.358415e+01
      vertex   3.285984e+01 4.184944e+01 8.654423e+01
    endloop
  endfacet
  facet normal 8.660254e-01 -5.000000e-01 -1.751540e-14
    outer loop
      vertex   3.285984e+01 4.184944e+01 8.654423e+01
      vertex   3.221163e+01 4.072671e+01 8.358415e+01
      vertex   3.261337e+01 4.142255e+01 8.374658e+01
    endloop
  endfacet
  facet normal 8.660254e-01 -5.000000e-01 -1.696302e-14
    outer loop
      vertex   3.285984e+01 4.184944e+01 8.654423e+01
      vertex   3.261337e+01 4.142255e+01 8.374658e+01
      vertex   3.315076e+01 4.235333e+01 8.631796e+01
    endloop
  endfacet
  facet normal 8.660254e-01 -5.000000e-01 -1.846907e-14
    outer loop
      vertex   3.315076e+01 4.235333e+01 8.631796e+01
      vertex   3.261337e+01 4.142255e+01 8.374658e+01
      vertex   3.302120e+01 4.212893e+01 8.366496e+01
    endloop
  endfacet
  facet normal 8.660254e-01 -5.000000e-01 -1.956126e-14
    outer loop
      vertex   3.315076e+01 4.235333e+01 8.631796e+01
      vertex   3.302120e+01 4.212893e+01 8.366496e+01
      vertex   3.346283e+01 4.289385e+01 8.633158e+01
    endloop
  endfacet
  facet normal 8.660254e-01 -5.000000e-01 -1.715749e-14
    outer loop
      vertex   3.346283e+01 4.289385e+01 8.633158e+01
      vertex   3.302120e+01 4.212893e+01 8.366496e+01
      vertex   3.339888e+01 4.278309e+01 8.334655e+01
    endloop
  endfacet
  facet normal 8.660254e-01 -5.000000e-01 -1.650610e-14
    outer loop
      vertex   3.346283e+01 4.289385e+01 8.633158e+01
      vertex   3.339888e+01 4.278309e+01 8.334655e+01
      vertex   3.374854e+01 4.338872e+01 8.658301e+01
    endloop
  endfacet
  facet normal 8.660254e-01 -5.000000e-01 -1.877054e-14
    outer loop
      vertex   3.374854e+01 4.338872e+01 8.658301e+01
      vertex   3.339888e+01 4.278309e+01 8.334655e+01
      vertex   3.371286e+01 4.332692e+01 8.281964e+01
    endloop
  endfacet
  facet normal 8.660254e-01 -5.000000e-01 -1.907213e-14
    outer loop
      vertex   2.966492e+01 3.631568e+01 8.356496e+01
      vertex   2.898420e+01 3.513665e+01 8.773112e+01
      vertex   2.937400e+01 3.581179e+01 8.379123e+01
    endloop
  endfacet
  facet normal 8.660254e-01 -5.000000e-01 -1.899180e-14
    outer loop
      vertex   2.937400e+01 3.581179e+01 8.379123e+01
      vertex   2.898420e+01 3.513665e+01 8.773112e+01
      vertex   2.849221e+01 3.428450e+01 8.645765e+01
    endloop
  endfacet
  facet normal 8.660254e-01 -5.000000e-01 -1.703244e-14
    outer loop
      vertex   2.937400e+01 3.581179e+01 8.379123e+01
      vertex   2.849221e+01 3.428450e+01 8.645765e+01
      vertex   2.906193e+01 3.527127e+01 8.377761e+01
    endloop
  endfacet
  facet normal 8.660254e-01 -5.000000e-01 -1.537789e-14
    outer loop
      vertex   2.906193e+01 3.527127e+01 8.377761e+01
      vertex   2.849221e+01 3.428450e+01 8.645765e+01
      vertex   2.810874e+01 3.362029e+01 8.504282e+01
    endloop
  endfacet
  facet normal 8.660254e-01 -5.000000e-01 -2.857999e-14
    outer loop
      vertex   2.906193e+01 3.527127e+01 8.377761e+01
      vertex   2.810874e+01 3.362029e+01 8.504282e+01
      vertex   2.877622e+01 3.477641e+01 8.352618e+01
    endloop
  endfacet
  facet normal 8.660254e-01 -5.000000e-01 -1.640915e-14
    outer loop
      vertex   2.877622e+01 3.477641e+01 8.352618e+01
      vertex   2.810874e+01 3.362029e+01 8.504282e+01
      vertex   2.856037e+01 3.440254e+01 8.307522e+01
    endloop
  endfacet
  facet normal 8.660254e-01 -5.000000e-01 -2.095883e-14
    outer loop
      vertex   2.856037e+01 3.440254e+01 8.307522e+01
      vertex   2.810874e+01 3.362029e+01 8.504282e+01
      vertex   2.784370e+01 3.316124e+01 8.352329e+01
    endloop
  endfacet
  facet normal 8.660254e-01 -5.000000e-01 -1.462915e-14
    outer loop
      vertex   2.856037e+01 3.440254e+01 8.307522e+01
      vertex   2.784370e+01 3.316124e+01 8.352329e+01
      vertex   2.844723e+01 3.420659e+01 8.249337e+01
    endloop
  endfacet
  facet normal 8.660254e-01 -5.000000e-01 -1.634403e-14
    outer loop
      vertex   2.844723e+01 3.420659e+01 8.249337e+01
      vertex   2.784370e+01 3.316124e+01 8.352329e+01
      vertex   2.770397e+01 3.291922e+01 8.193841e+01
    endloop
  endfacet
  facet normal 8.660254e-01 -5.000000e-01 -1.233500e-14
    outer loop
      vertex   2.844723e+01 3.420659e+01 8.249337e+01
      vertex   2.770397e+01 3.291922e+01 8.193841e+01
      vertex   2.845404e+01 3.421838e+01 8.186923e+01
    endloop
  endfacet
  facet normal 8.660254e-01 -5.000000e-01 -1.953399e-14
    outer loop
      vertex   2.845404e+01 3.421838e+01 8.186923e+01
      vertex   2.770397e+01 3.291922e+01 8.193841e+01
      vertex   2.769317e+01 3.290051e+01 8.032922e+01
    endloop
  endfacet
  facet normal 8.660254e-01 -5.000000e-01 -2.758415e-14
    outer loop
      vertex   2.845404e+01 3.421838e+01 8.186923e+01
      vertex   2.769317e+01 3.290051e+01 8.032922e+01
      vertex   2.857976e+01 3.443613e+01 8.129782e+01
    endloop
  endfacet
  facet normal 8.660254e-01 -5.000000e-01 -1.925340e-14
    outer loop
      vertex   2.857976e+01 3.443613e+01 8.129782e+01
      vertex   2.769317e+01 3.290051e+01 8.032922e+01
      vertex   2.880524e+01 3.482668e+01 8.086611e+01
    endloop
  endfacet
  facet normal 8.660254e-01 -5.000000e-01 -1.471191e-14
    outer loop
      vertex   2.880524e+01 3.482668e+01 8.086611e+01
      vertex   2.769317e+01 3.290051e+01 8.032922e+01
      vertex   2.781157e+01 3.310559e+01 7.873741e+01
    endloop
  endfacet
  facet normal 8.660254e-01 -5.000000e-01 -1.341552e-14
    outer loop
      vertex   2.880524e+01 3.482668e+01 8.086611e+01
      vertex   2.781157e+01 3.310559e+01 7.873741e+01
      vertex   2.909616e+01 3.533057e+01 8.063984e+01
    endloop
  endfacet
  facet normal 8.660254e-01 -5.000000e-01 -1.997217e-14
    outer loop
      vertex   2.909616e+01 3.533057e+01 8.063984e+01
      vertex   2.781157e+01 3.310559e+01 7.873741e+01
      vertex   2.805611e+01 3.352915e+01 7.720420e+01
    endloop
  endfacet
  facet normal 8.660254e-01 -5.000000e-01 -1.427131e-14
    outer loop
      vertex   2.909616e+01 3.533057e+01 8.063984e+01
      vertex   2.805611e+01 3.352915e+01 7.720420e+01
      vertex   2.940823e+01 3.587109e+01 8.065346e+01
    endloop
  endfacet
  facet normal 8.660254e-01 -5.000000e-01 -1.708627e-14
    outer loop
      vertex   2.940823e+01 3.587109e+01 8.065346e+01
      vertex   2.805611e+01 3.352915e+01 7.720420e+01
      vertex   2.842046e+01 3.416022e+01 7.576929e+01
    endloop
  endfacet
  facet normal 8.660254e-01 -5.000000e-01 -1.862742e-14
    outer loop
      vertex   2.940823e+01 3.587109e+01 8.065346e+01
      vertex   2.842046e+01 3.416022e+01 7.576929e+01
      vertex   3.152687e+01 3.954068e+01 7.950800e+01
    endloop
  endfacet
  facet normal 8.660254e-01 -5.000000e-01 -1.752952e-14
    outer loop
      vertex   3.152687e+01 3.954068e+01 7.950800e+01
      vertex   2.842046e+01 3.416022e+01 7.576929e+01
      vertex   3.139943e+01 3.931994e+01 7.496603e+01
    endloop
  endfacet
  facet normal 8.660254e-01 -5.000000e-01 -1.807426e-14
    outer loop
      vertex   3.152687e+01 3.954068e+01 7.950800e+01
      vertex   3.139943e+01 3.931994e+01 7.496603e+01
      vertex   3.161528e+01 3.969380e+01 7.541699e+01
    endloop
  endfacet
  facet normal 8.660254e-01 -5.000000e-01 -2.137959e-14
    outer loop
      vertex   2.842046e+01 3.416022e+01 7.576929e+01
      vertex   2.889518e+01 3.498245e+01 7.446986e+01
      vertex   3.139943e+01 3.931994e+01 7.496603e+01
    endloop
  endfacet
  facet normal 8.660254e-01 -5.000000e-01 -1.739423e-14
    outer loop
      vertex   3.139943e+01 3.931994e+01 7.496603e+01
      vertex   2.889518e+01 3.498245e+01 7.446986e+01
      vertex   2.946797e+01 3.597456e+01 7.333956e+01
    endloop
  endfacet
  facet normal 8.660254e-01 -5.000000e-01 -1.364454e-14
    outer loop
      vertex   3.139943e+01 3.931994e+01 7.496603e+01
      vertex   2.946797e+01 3.597456e+01 7.333956e+01
      vertex   3.128629e+01 3.912398e+01 7.438418e+01
    endloop
  endfacet
  facet normal 8.660254e-01 -5.000000e-01 -1.940714e-14
    outer loop
      vertex   3.128629e+01 3.912398e+01 7.438418e+01
      vertex   2.946797e+01 3.597456e+01 7.333956e+01
      vertex   3.012400e+01 3.711083e+01 7.240765e+01
    endloop
  endfacet
  facet normal 8.660254e-01 -5.000000e-01 -1.726053e-14
    outer loop
      vertex   3.128629e+01 3.912398e+01 7.438418e+01
      vertex   3.012400e+01 3.711083e+01 7.240765e+01
      vertex   3.129310e+01 3.913578e+01 7.376004e+01
    endloop
  endfacet
  facet normal 8.660254e-01 -5.000000e-01 -1.819510e-14
    outer loop
      vertex   3.129310e+01 3.913578e+01 7.376004e+01
      vertex   3.012400e+01 3.711083e+01 7.240765e+01
      vertex   3.084628e+01 3.836186e+01 7.169829e+01
    endloop
  endfacet
  facet normal 8.660254e-01 -5.000000e-01 -2.172631e-14
    outer loop
      vertex   3.129310e+01 3.913578e+01 7.376004e+01
      vertex   3.084628e+01 3.836186e+01 7.169829e+01
      vertex   3.141882e+01 3.935352e+01 7.318862e+01
    endloop
  endfacet
  facet normal 8.660254e-01 -5.000000e-01 -2.117798e-14
    outer loop
      vertex   3.141882e+01 3.935352e+01 7.318862e+01
      vertex   3.084628e+01 3.836186e+01 7.169829e+01
      vertex   3.164430e+01 3.974407e+01 7.275692e+01
    endloop
  endfacet
  facet normal 8.660254e-01 -5.000000e-01 -1.452224e-14
    outer loop
      vertex   3.164430e+01 3.974407e+01 7.275692e+01
      vertex   3.084628e+01 3.836186e+01 7.169829e+01
      vertex   3.161610e+01 3.969523e+01 7.122983e+01
    endloop
  endfacet
  facet normal 8.660254e-01 -5.000000e-01 -1.398309e-14
    outer loop
      vertex   3.164430e+01 3.974407e+01 7.275692e+01
      vertex   3.161610e+01 3.969523e+01 7.122983e+01
      vertex   3.193522e+01 4.024796e+01 7.253065e+01
    endloop
  endfacet
  facet normal 8.660254e-01 -5.000000e-01 -2.002524e-14
    outer loop
      vertex   3.193522e+01 4.024796e+01 7.253065e+01
      vertex   3.161610e+01 3.969523e+01 7.122983e+01
      vertex   3.241352e+01 4.107641e+01 7.101442e+01
    endloop
  endfacet
  facet normal 8.660254e-01 -5.000000e-01 -1.261390e-14
    outer loop
      vertex   3.193522e+01 4.024796e+01 7.253065e+01
      vertex   3.241352e+01 4.107641e+01 7.101442e+01
      vertex   3.224729e+01 4.078848e+01 7.254427e+01
    endloop
  endfacet
  facet normal 8.660254e-01 -5.000000e-01 -1.735845e-14
    outer loop
      vertex   3.224729e+01 4.078848e+01 7.254427e+01
      vertex   3.241352e+01 4.107641e+01 7.101442e+01
      vertex   3.253300e+01 4.128334e+01 7.279570e+01
    endloop
  endfacet
  facet normal 8.660254e-01 -5.000000e-01 -1.917884e-14
    outer loop
      vertex   3.253300e+01 4.128334e+01 7.279570e+01
      vertex   3.241352e+01 4.107641e+01 7.101442e+01
      vertex   3.321790e+01 4.246963e+01 7.105762e+01
    endloop
  endfacet
  facet normal 8.660254e-01 -5.000000e-01 -1.533787e-14
    outer loop
      vertex   3.253300e+01 4.128334e+01 7.279570e+01
      vertex   3.321790e+01 4.246963e+01 7.105762e+01
      vertex   3.274885e+01 4.165721e+01 7.324667e+01
    endloop
  endfacet
  facet normal 8.660254e-01 -5.000000e-01 -1.898353e-14
    outer loop
      vertex   3.274885e+01 4.165721e+01 7.324667e+01
      vertex   3.321790e+01 4.246963e+01 7.105762e+01
      vertex   3.400839e+01 4.383880e+01 7.135833e+01
    endloop
  endfacet
  facet normal 8.660254e-01 -5.000000e-01 -1.445714e-14
    outer loop
      vertex   3.274885e+01 4.165721e+01 7.324667e+01
      vertex   3.400839e+01 4.383880e+01 7.135833e+01
      vertex   3.286198e+01 4.185316e+01 7.382851e+01
    endloop
  endfacet
  facet normal 8.660254e-01 -5.000000e-01 -1.563942e-14
    outer loop
      vertex   3.286198e+01 4.185316e+01 7.382851e+01
      vertex   3.400839e+01 4.383880e+01 7.135833e+01
      vertex   3.476453e+01 4.514847e+01 7.190876e+01
    endloop
  endfacet
  facet normal 8.660254e-01 -5.000000e-01 -2.373755e-14
    outer loop
      vertex   3.286198e+01 4.185316e+01 7.382851e+01
      vertex   3.476453e+01 4.514847e+01 7.190876e+01
      vertex   3.285518e+01 4.184137e+01 7.445265e+01
    endloop
  endfacet
  facet normal 8.660254e-01 -5.000000e-01 -1.783464e-14
    outer loop
      vertex   3.285518e+01 4.184137e+01 7.445265e+01
      vertex   3.476453e+01 4.514847e+01 7.190876e+01
      vertex   3.546673e+01 4.636472e+01 7.269464e+01
    endloop
  endfacet
  facet normal 8.660254e-01 -5.000000e-01 -1.643922e-14
    outer loop
      vertex   3.285518e+01 4.184137e+01 7.445265e+01
      vertex   3.546673e+01 4.636472e+01 7.269464e+01
      vertex   3.333951e+01 4.268025e+01 7.858489e+01
    endloop
  endfacet
  facet normal 8.660254e-01 -5.000000e-01 -1.811859e-14
    outer loop
      vertex   3.333951e+01 4.268025e+01 7.858489e+01
      vertex   3.546673e+01 4.636472e+01 7.269464e+01
      vertex   3.569889e+01 4.676683e+01 7.843504e+01
    endloop
  endfacet
  facet normal 8.660254e-01 -5.000000e-01 -3.522031e-14
    outer loop
      vertex   3.333951e+01 4.268025e+01 7.858489e+01
      vertex   3.569889e+01 4.676683e+01 7.843504e+01
      vertex   3.366622e+01 4.324615e+01 7.907985e+01
    endloop
  endfacet
  facet normal 8.660254e-01 -5.000000e-01 -1.941059e-14
    outer loop
      vertex   3.366622e+01 4.324615e+01 7.907985e+01
      vertex   3.569889e+01 4.676683e+01 7.843504e+01
      vertex   3.547341e+01 4.637629e+01 7.886674e+01
    endloop
  endfacet
  facet normal 8.660254e-01 -5.000000e-01 -1.248534e-14
    outer loop
      vertex   3.366622e+01 4.324615e+01 7.907985e+01
      vertex   3.547341e+01 4.637629e+01 7.886674e+01
      vertex   3.390548e+01 4.366055e+01 7.974542e+01
    endloop
  endfacet
  facet normal 8.660254e-01 -5.000000e-01 -2.374559e-14
    outer loop
      vertex   3.390548e+01 4.366055e+01 7.974542e+01
      vertex   3.547341e+01 4.637629e+01 7.886674e+01
      vertex   3.534770e+01 4.615854e+01 7.943816e+01
    endloop
  endfacet
  facet normal 8.660254e-01 -5.000000e-01 -1.814858e-14
    outer loop
      vertex   3.390548e+01 4.366055e+01 7.974542e+01
      vertex   3.534770e+01 4.615854e+01 7.943816e+01
      vertex   3.403602e+01 4.388665e+01 8.052247e+01
    endloop
  endfacet
  facet normal 8.660254e-01 -5.000000e-01 -1.806378e-14
    outer loop
      vertex   3.403602e+01 4.388665e+01 8.052247e+01
      vertex   3.534770e+01 4.615854e+01 7.943816e+01
      vertex   3.534089e+01 4.614675e+01 8.006230e+01
    endloop
  endfacet
  facet normal 8.660254e-01 -5.000000e-01 -9.305583e-15
    outer loop
      vertex   3.403602e+01 4.388665e+01 8.052247e+01
      vertex   3.534089e+01 4.614675e+01 8.006230e+01
      vertex   3.545402e+01 4.634270e+01 8.064414e+01
    endloop
  endfacet
  facet normal 8.660254e-01 -5.000000e-01 -1.789421e-14
    outer loop
      vertex   3.546673e+01 4.636472e+01 7.269464e+01
      vertex   3.609681e+01 4.745604e+01 7.369563e+01
      vertex   3.569889e+01 4.676683e+01 7.843504e+01
    endloop
  endfacet
  facet normal 8.660254e-01 -5.000000e-01 -1.870457e-14
    outer loop
      vertex   3.569889e+01 4.676683e+01 7.843504e+01
      vertex   3.609681e+01 4.745604e+01 7.369563e+01
      vertex   3.598982e+01 4.727073e+01 7.820877e+01
    endloop
  endfacet
  facet normal 8.660254e-01 -5.000000e-01 -1.801238e-14
    outer loop
      vertex   3.598982e+01 4.727073e+01 7.820877e+01
      vertex   3.609681e+01 4.745604e+01 7.369563e+01
      vertex   3.663844e+01 4.839417e+01 7.488579e+01
    endloop
  endfacet
  facet normal 8.660254e-01 -5.000000e-01 -1.817930e-14
    outer loop
      vertex   3.598982e+01 4.727073e+01 7.820877e+01
      vertex   3.663844e+01 4.839417e+01 7.488579e+01
      vertex   3.630189e+01 4.781125e+01 7.822239e+01
    endloop
  endfacet
  facet normal 8.660254e-01 -5.000000e-01 -1.843972e-14
    outer loop
      vertex   3.630189e+01 4.781125e+01 7.822239e+01
      vertex   3.663844e+01 4.839417e+01 7.488579e+01
      vertex   3.707759e+01 4.915481e+01 7.623431e+01
    endloop
  endfacet
  facet normal 8.660254e-01 -5.000000e-01 -2.327973e-14
    outer loop
      vertex   3.630189e+01 4.781125e+01 7.822239e+01
      vertex   3.707759e+01 4.915481e+01 7.623431e+01
      vertex   3.658760e+01 4.830611e+01 7.847382e+01
    endloop
  endfacet
  facet normal 8.660254e-01 -5.000000e-01 -2.025492e-14
    outer loop
      vertex   3.658760e+01 4.830611e+01 7.847382e+01
      vertex   3.707759e+01 4.915481e+01 7.623431e+01
      vertex   3.740291e+01 4.971827e+01 7.770626e+01
    endloop
  endfacet
  facet normal 8.660254e-01 -5.000000e-01 -1.503947e-14
    outer loop
      vertex   3.658760e+01 4.830611e+01 7.847382e+01
      vertex   3.740291e+01 4.971827e+01 7.770626e+01
      vertex   3.680345e+01 4.867998e+01 7.892478e+01
    endloop
  endfacet
  facet normal 8.660254e-01 -5.000000e-01 -1.922576e-14
    outer loop
      vertex   3.680345e+01 4.867998e+01 7.892478e+01
      vertex   3.740291e+01 4.971827e+01 7.770626e+01
      vertex   3.760595e+01 5.006994e+01 7.926352e+01
    endloop
  endfacet
  facet normal 8.660254e-01 -5.000000e-01 -1.798584e-14
    outer loop
      vertex   3.152687e+01 3.954068e+01 7.950800e+01
      vertex   3.161528e+01 3.969380e+01 7.541699e+01
      vertex   3.179807e+01 4.001042e+01 7.889338e+01
    endloop
  endfacet
  facet normal 8.660254e-01 -5.000000e-01 -1.621411e-14
    outer loop
      vertex   3.179807e+01 4.001042e+01 7.889338e+01
      vertex   3.161528e+01 3.969380e+01 7.541699e+01
      vertex   3.190099e+01 4.018867e+01 7.566842e+01
    endloop
  endfacet
  facet normal 8.660254e-01 -5.000000e-01 -1.736816e-14
    outer loop
      vertex   3.179807e+01 4.001042e+01 7.889338e+01
      vertex   3.190099e+01 4.018867e+01 7.566842e+01
      vertex   3.214781e+01 4.061617e+01 7.846594e+01
    endloop
  endfacet
  facet normal 8.660254e-01 -5.000000e-01 -2.129154e-14
    outer loop
      vertex   3.214781e+01 4.061617e+01 7.846594e+01
      vertex   3.190099e+01 4.018867e+01 7.566842e+01
      vertex   3.221306e+01 4.072919e+01 7.568204e+01
    endloop
  endfacet
  facet normal 8.660254e-01 -5.000000e-01 -2.073642e-14
    outer loop
      vertex   3.214781e+01 4.061617e+01 7.846594e+01
      vertex   3.221306e+01 4.072919e+01 7.568204e+01
      vertex   3.254500e+01 4.130413e+01 7.826367e+01
    endloop
  endfacet
  facet normal 8.660254e-01 -5.000000e-01 -1.684208e-14
    outer loop
      vertex   3.254500e+01 4.130413e+01 7.826367e+01
      vertex   3.221306e+01 4.072919e+01 7.568204e+01
      vertex   3.250398e+01 4.123308e+01 7.545577e+01
    endloop
  endfacet
  facet normal 8.660254e-01 -5.000000e-01 -1.700484e-14
    outer loop
      vertex   3.254500e+01 4.130413e+01 7.826367e+01
      vertex   3.250398e+01 4.123308e+01 7.545577e+01
      vertex   3.295436e+01 4.201316e+01 7.830453e+01
    endloop
  endfacet
  facet normal 8.660254e-01 -5.000000e-01 -1.918871e-14
    outer loop
      vertex   3.295436e+01 4.201316e+01 7.830453e+01
      vertex   3.250398e+01 4.123308e+01 7.545577e+01
      vertex   3.272946e+01 4.162362e+01 7.502407e+01
    endloop
  endfacet
  facet normal 8.660254e-01 -5.000000e-01 -1.877487e-14
    outer loop
      vertex   3.295436e+01 4.201316e+01 7.830453e+01
      vertex   3.272946e+01 4.162362e+01 7.502407e+01
      vertex   3.333951e+01 4.268025e+01 7.858489e+01
    endloop
  endfacet
  facet normal 8.660254e-01 -5.000000e-01 -1.477989e-14
    outer loop
      vertex   3.333951e+01 4.268025e+01 7.858489e+01
      vertex   3.272946e+01 4.162362e+01 7.502407e+01
      vertex   3.285518e+01 4.184137e+01 7.445265e+01
    endloop
  endfacet
  facet normal 8.660254e-01 -5.000000e-01 -2.504571e-14
    outer loop
      vertex   2.940823e+01 3.587109e+01 8.065346e+01
      vertex   3.152687e+01 3.954068e+01 7.950800e+01
      vertex   2.969394e+01 3.636595e+01 8.090489e+01
    endloop
  endfacet
  facet normal 8.660254e-01 -5.000000e-01 -1.488037e-14
    outer loop
      vertex   2.969394e+01 3.636595e+01 8.090489e+01
      vertex   3.152687e+01 3.954068e+01 7.950800e+01
      vertex   3.135830e+01 3.924870e+01 8.025519e+01
    endloop
  endfacet
  facet normal 8.660254e-01 -5.000000e-01 -1.202693e-14
    outer loop
      vertex   2.969394e+01 3.636595e+01 8.090489e+01
      vertex   3.135830e+01 3.924870e+01 8.025519e+01
      vertex   2.990979e+01 3.673982e+01 8.135586e+01
    endloop
  endfacet
  facet normal 8.660254e-01 -5.000000e-01 -1.306055e-14
    outer loop
      vertex   2.990979e+01 3.673982e+01 8.135586e+01
      vertex   3.135830e+01 3.924870e+01 8.025519e+01
      vertex   3.130733e+01 3.916043e+01 8.106856e+01
    endloop
  endfacet
  facet normal 8.660254e-01 -5.000000e-01 -1.565587e-14
    outer loop
      vertex   2.990979e+01 3.673982e+01 8.135586e+01
      vertex   3.130733e+01 3.916043e+01 8.106856e+01
      vertex   3.002293e+01 3.693577e+01 8.193770e+01
    endloop
  endfacet
  facet normal 8.660254e-01 -5.000000e-01 -1.737984e-14
    outer loop
      vertex   3.002293e+01 3.693577e+01 8.193770e+01
      vertex   3.130733e+01 3.916043e+01 8.106856e+01
      vertex   3.137851e+01 3.928370e+01 8.187584e+01
    endloop
  endfacet
  facet normal 8.660254e-01 -5.000000e-01 -1.222191e-14
    outer loop
      vertex   3.002293e+01 3.693577e+01 8.193770e+01
      vertex   3.137851e+01 3.928370e+01 8.187584e+01
      vertex   3.001612e+01 3.692397e+01 8.256184e+01
    endloop
  endfacet
  facet normal 8.660254e-01 -5.000000e-01 -2.552743e-14
    outer loop
      vertex   3.001612e+01 3.692397e+01 8.256184e+01
      vertex   3.137851e+01 3.928370e+01 8.187584e+01
      vertex   3.156549e+01 3.960757e+01 8.260530e+01
    endloop
  endfacet
  facet normal 8.660254e-01 -5.000000e-01 -3.019195e-14
    outer loop
      vertex   3.001612e+01 3.692397e+01 8.256184e+01
      vertex   3.156549e+01 3.960757e+01 8.260530e+01
      vertex   2.989040e+01 3.670623e+01 8.313326e+01
    endloop
  endfacet
  facet normal 8.660254e-01 -5.000000e-01 -6.265420e-15
    outer loop
      vertex   2.989040e+01 3.670623e+01 8.313326e+01
      vertex   3.156549e+01 3.960757e+01 8.260530e+01
      vertex   3.185168e+01 4.010326e+01 8.319211e+01
    endloop
  endfacet
  facet normal 8.660254e-01 -5.000000e-01 -1.665410e-14
    outer loop
      vertex   2.989040e+01 3.670623e+01 8.313326e+01
      vertex   3.185168e+01 4.010326e+01 8.319211e+01
      vertex   2.966492e+01 3.631568e+01 8.356496e+01
    endloop
  endfacet
  facet normal 8.660254e-01 -5.000000e-01 -1.551154e-14
    outer loop
      vertex   3.371286e+01 4.332692e+01 8.281964e+01
      vertex   3.393523e+01 4.371207e+01 8.213104e+01
      vertex   3.595558e+01 4.721143e+01 8.134654e+01
    endloop
  endfacet
  facet normal 8.660254e-01 -5.000000e-01 -3.882119e-14
    outer loop
      vertex   3.595558e+01 4.721143e+01 8.134654e+01
      vertex   3.393523e+01 4.371207e+01 8.213104e+01
      vertex   3.566987e+01 4.671657e+01 8.109511e+01
    endloop
  endfacet
  facet normal 8.660254e-01 -5.000000e-01 -1.098002e-14
    outer loop
      vertex   3.566987e+01 4.671657e+01 8.109511e+01
      vertex   3.393523e+01 4.371207e+01 8.213104e+01
      vertex   3.404624e+01 4.390435e+01 8.134195e+01
    endloop
  endfacet
  facet normal 8.660254e-01 -5.000000e-01 -1.773852e-14
    outer loop
      vertex   3.566987e+01 4.671657e+01 8.109511e+01
      vertex   3.404624e+01 4.390435e+01 8.134195e+01
      vertex   3.545402e+01 4.634270e+01 8.064414e+01
    endloop
  endfacet
  facet normal 8.660254e-01 -5.000000e-01 -2.142441e-14
    outer loop
      vertex   3.545402e+01 4.634270e+01 8.064414e+01
      vertex   3.404624e+01 4.390435e+01 8.134195e+01
      vertex   3.403602e+01 4.388665e+01 8.052247e+01
    endloop
  endfacet
  facet normal 8.660254e-01 -5.000000e-01 -1.881699e-14
    outer loop
      vertex   2.879049e+01 5.680113e+01 7.725716e+01
      vertex   3.321830e+01 6.447032e+01 6.965694e+01
      vertex   2.900292e+01 5.716907e+01 7.893793e+01
    endloop
  endfacet
  facet normal 8.660254e-01 -5.000000e-01 -1.850284e-14
    outer loop
      vertex   2.900292e+01 5.716907e+01 7.893793e+01
      vertex   3.321830e+01 6.447032e+01 6.965694e+01
      vertex   3.452652e+01 6.673622e+01 8.449548e+01
    endloop
  endfacet
  facet normal 8.660254e-01 -5.000000e-01 -1.676021e-14
    outer loop
      vertex   2.900292e+01 5.716907e+01 7.893793e+01
      vertex   3.452652e+01 6.673622e+01 8.449548e+01
      vertex   2.909073e+01 5.732116e+01 8.066265e+01
    endloop
  endfacet
  facet normal 8.660254e-01 -5.000000e-01 -1.606619e-14
    outer loop
      vertex   2.909073e+01 5.732116e+01 8.066265e+01
      vertex   3.452652e+01 6.673622e+01 8.449548e+01
      vertex   3.348438e+01 6.493119e+01 8.546923e+01
    endloop
  endfacet
  facet normal 8.660254e-01 -5.000000e-01 -2.156251e-14
    outer loop
      vertex   2.909073e+01 5.732116e+01 8.066265e+01
      vertex   3.348438e+01 6.493119e+01 8.546923e+01
      vertex   2.905204e+01 5.725415e+01 8.239456e+01
    endloop
  endfacet
  facet normal 8.660254e-01 -5.000000e-01 -1.327005e-14
    outer loop
      vertex   2.905204e+01 5.725415e+01 8.239456e+01
      vertex   3.348438e+01 6.493119e+01 8.546923e+01
      vertex   3.246789e+01 6.317057e+01 8.654597e+01
    endloop
  endfacet
  facet normal 8.660254e-01 -5.000000e-01 -1.573889e-14
    outer loop
      vertex   2.905204e+01 5.725415e+01 8.239456e+01
      vertex   3.246789e+01 6.317057e+01 8.654597e+01
      vertex   2.888768e+01 5.696947e+01 8.409675e+01
    endloop
  endfacet
  facet normal 8.660254e-01 -5.000000e-01 -2.730957e-14
    outer loop
      vertex   2.888768e+01 5.696947e+01 8.409675e+01
      vertex   3.246789e+01 6.317057e+01 8.654597e+01
      vertex   3.147959e+01 6.145878e+01 8.772301e+01
    endloop
  endfacet
  facet normal 8.660254e-01 -5.000000e-01 -1.978685e-14
    outer loop
      vertex   2.888768e+01 5.696947e+01 8.409675e+01
      vertex   3.147959e+01 6.145878e+01 8.772301e+01
      vertex   2.860115e+01 5.647318e+01 8.573294e+01
    endloop
  endfacet
  facet normal 8.660254e-01 -5.000000e-01 -1.329335e-14
    outer loop
      vertex   2.860115e+01 5.647318e+01 8.573294e+01
      vertex   3.147959e+01 6.145878e+01 8.772301e+01
      vertex   3.012742e+01 5.911676e+01 8.928343e+01
    endloop
  endfacet
  facet normal 8.660254e-01 -5.000000e-01 -1.700928e-14
    outer loop
      vertex   2.860115e+01 5.647318e+01 8.573294e+01
      vertex   3.012742e+01 5.911676e+01 8.928343e+01
      vertex   2.819856e+01 5.577588e+01 8.726825e+01
    endloop
  endfacet
  facet normal 8.660254e-01 -5.000000e-01 -1.975526e-14
    outer loop
      vertex   2.819856e+01 5.577588e+01 8.726825e+01
      vertex   3.012742e+01 5.911676e+01 8.928343e+01
      vertex   2.768849e+01 5.489240e+01 8.866996e+01
    endloop
  endfacet
  facet normal 8.660254e-01 -5.000000e-01 -1.573919e-14
    outer loop
      vertex   2.768849e+01 5.489240e+01 8.866996e+01
      vertex   3.012742e+01 5.911676e+01 8.928343e+01
      vertex   2.871890e+01 5.667713e+01 9.062976e+01
    endloop
  endfacet
  facet normal 8.660254e-01 -5.000000e-01 -1.472866e-14
    outer loop
      vertex   2.768849e+01 5.489240e+01 8.866996e+01
      vertex   2.871890e+01 5.667713e+01 9.062976e+01
      vertex   2.708181e+01 5.384160e+01 8.990821e+01
    endloop
  endfacet
  facet normal 8.660254e-01 -5.000000e-01 -1.486079e-14
    outer loop
      vertex   2.708181e+01 5.384160e+01 8.990821e+01
      vertex   2.871890e+01 5.667713e+01 9.062976e+01
      vertex   2.726248e+01 5.415454e+01 9.175390e+01
    endloop
  endfacet
  facet normal 8.660254e-01 -5.000000e-01 -1.421330e-14
    outer loop
      vertex   2.708181e+01 5.384160e+01 8.990821e+01
      vertex   2.726248e+01 5.415454e+01 9.175390e+01
      vertex   2.639144e+01 5.264586e+01 9.095659e+01
    endloop
  endfacet
  facet normal 8.660254e-01 -5.000000e-01 -1.868949e-14
    outer loop
      vertex   2.639144e+01 5.264586e+01 9.095659e+01
      vertex   2.726248e+01 5.415454e+01 9.175390e+01
      vertex   2.576691e+01 5.156414e+01 9.264911e+01
    endloop
  endfacet
  facet normal 8.660254e-01 -5.000000e-01 -1.593383e-14
    outer loop
      vertex   2.639144e+01 5.264586e+01 9.095659e+01
      vertex   2.576691e+01 5.156414e+01 9.264911e+01
      vertex   2.563211e+01 5.133066e+01 9.179276e+01
    endloop
  endfacet
  facet normal 8.660254e-01 -5.000000e-01 -1.449999e-14
    outer loop
      vertex   2.563211e+01 5.133066e+01 9.179276e+01
      vertex   2.576691e+01 5.156414e+01 9.264911e+01
      vertex   2.482000e+01 4.992404e+01 9.239890e+01
    endloop
  endfacet
  facet normal 8.660254e-01 -5.000000e-01 -1.851179e-14
    outer loop
      vertex   2.482000e+01 4.992404e+01 9.239890e+01
      vertex   2.576691e+01 5.156414e+01 9.264911e+01
      vertex   2.424117e+01 4.892148e+01 9.331001e+01
    endloop
  endfacet
  facet normal 8.660254e-01 -5.000000e-01 -1.817418e-14
    outer loop
      vertex   2.482000e+01 4.992404e+01 9.239890e+01
      vertex   2.424117e+01 4.892148e+01 9.331001e+01
      vertex   2.397242e+01 4.845599e+01 9.276210e+01
    endloop
  endfacet
  facet normal 8.660254e-01 -5.000000e-01 -2.038171e-12
    outer loop
      vertex   2.397242e+01 4.845599e+01 9.276210e+01
      vertex   2.424117e+01 4.892148e+01 9.331001e+01
      vertex   2.424093e+01 4.892106e+01 9.331010e+01
    endloop
  endfacet
  facet normal 8.660254e-01 -5.000000e-01 -2.244817e-14
    outer loop
      vertex   2.397242e+01 4.845599e+01 9.276210e+01
      vertex   2.424093e+01 4.892106e+01 9.331010e+01
      vertex   2.335393e+01 4.738472e+01 9.349371e+01
    endloop
  endfacet
  facet normal 8.660254e-01 -5.000000e-01 -1.729379e-14
    outer loop
      vertex   3.321830e+01 6.447032e+01 6.965694e+01
      vertex   2.879049e+01 5.680113e+01 7.725716e+01
      vertex   3.214556e+01 6.261229e+01 6.950324e+01
    endloop
  endfacet
  facet normal 8.660254e-01 -5.000000e-01 -1.742867e-14
    outer loop
      vertex   3.214556e+01 6.261229e+01 6.950324e+01
      vertex   2.879049e+01 5.680113e+01 7.725716e+01
      vertex   2.845796e+01 5.622517e+01 7.565616e+01
    endloop
  endfacet
  facet normal 8.660254e-01 -5.000000e-01 -1.570377e-14
    outer loop
      vertex   3.214556e+01 6.261229e+01 6.950324e+01
      vertex   2.845796e+01 5.622517e+01 7.565616e+01
      vertex   3.107786e+01 6.076297e+01 6.924486e+01
    endloop
  endfacet
  facet normal 8.660254e-01 -5.000000e-01 -1.683612e-14
    outer loop
      vertex   3.107786e+01 6.076297e+01 6.924486e+01
      vertex   2.845796e+01 5.622517e+01 7.565616e+01
      vertex   2.801242e+01 5.545347e+01 7.416905e+01
    endloop
  endfacet
  facet normal 8.660254e-01 -5.000000e-01 -2.062211e-14
    outer loop
      vertex   3.107786e+01 6.076297e+01 6.924486e+01
      vertex   2.801242e+01 5.545347e+01 7.416905e+01
      vertex   3.001775e+01 5.892681e+01 6.888244e+01
    endloop
  endfacet
  facet normal 8.660254e-01 -5.000000e-01 -1.715115e-14
    outer loop
      vertex   3.001775e+01 5.892681e+01 6.888244e+01
      vertex   2.801242e+01 5.545347e+01 7.416905e+01
      vertex   2.746337e+01 5.450248e+01 7.282754e+01
    endloop
  endfacet
  facet normal 8.660254e-01 -5.000000e-01 -1.810370e-14
    outer loop
      vertex   3.001775e+01 5.892681e+01 6.888244e+01
      vertex   2.746337e+01 5.450248e+01 7.282754e+01
      vertex   2.843949e+01 5.619317e+01 6.838139e+01
    endloop
  endfacet
  facet normal 8.660254e-01 -5.000000e-01 -1.853693e-14
    outer loop
      vertex   2.843949e+01 5.619317e+01 6.838139e+01
      vertex   2.746337e+01 5.450248e+01 7.282754e+01
      vertex   2.682250e+01 5.339247e+01 7.166020e+01
    endloop
  endfacet
  facet normal 8.660254e-01 -5.000000e-01 -1.980919e-14
    outer loop
      vertex   2.843949e+01 5.619317e+01 6.838139e+01
      vertex   2.682250e+01 5.339247e+01 7.166020e+01
      vertex   2.610348e+01 5.214709e+01 7.069193e+01
    endloop
  endfacet
  facet normal 8.660254e-01 -5.000000e-01 -1.679056e-14
    outer loop
      vertex   2.843949e+01 5.619317e+01 6.838139e+01
      vertex   2.610348e+01 5.214709e+01 7.069193e+01
      vertex   2.684720e+01 5.343525e+01 6.811080e+01
    endloop
  endfacet
  facet normal 8.660254e-01 -5.000000e-01 -1.724767e-14
    outer loop
      vertex   2.684720e+01 5.343525e+01 6.811080e+01
      vertex   2.610348e+01 5.214709e+01 7.069193e+01
      vertex   2.532163e+01 5.079289e+01 6.994336e+01
    endloop
  endfacet
  facet normal 8.660254e-01 -5.000000e-01 -1.679839e-14
    outer loop
      vertex   2.684720e+01 5.343525e+01 6.811080e+01
      vertex   2.532163e+01 5.079289e+01 6.994336e+01
      vertex   2.524929e+01 5.066760e+01 6.807209e+01
    endloop
  endfacet
  facet normal 8.660254e-01 -5.000000e-01 -1.707276e-14
    outer loop
      vertex   2.524929e+01 5.066760e+01 6.807209e+01
      vertex   2.532163e+01 5.079289e+01 6.994336e+01
      vertex   2.449362e+01 4.935873e+01 6.943044e+01
    endloop
  endfacet
  facet normal 8.660254e-01 -5.000000e-01 -2.076958e-14
    outer loop
      vertex   2.524929e+01 5.066760e+01 6.807209e+01
      vertex   2.449362e+01 4.935873e+01 6.943044e+01
      vertex   2.365420e+01 4.790481e+01 6.826546e+01
    endloop
  endfacet
  facet normal 8.660254e-01 -5.000000e-01 -2.022024e-14
    outer loop
      vertex   2.365420e+01 4.790481e+01 6.826546e+01
      vertex   2.449362e+01 4.935873e+01 6.943044e+01
      vertex   2.363709e+01 4.787518e+01 6.916411e+01
    endloop
  endfacet
  facet normal 8.660254e-01 -5.000000e-01 -2.005060e-14
    outer loop
      vertex   2.365420e+01 4.790481e+01 6.826546e+01
      vertex   2.363709e+01 4.787518e+01 6.916411e+01
      vertex   2.277030e+01 4.637386e+01 6.915003e+01
    endloop
  endfacet
  facet normal 8.660254e-01 -5.000000e-01 -2.315935e-14
    outer loop
      vertex   2.365420e+01 4.790481e+01 6.826546e+01
      vertex   2.277030e+01 4.637386e+01 6.915003e+01
      vertex   2.207033e+01 4.516146e+01 6.868990e+01
    endloop
  endfacet
  facet normal 8.660254e-01 -5.000000e-01 -2.286652e-14
    outer loop
      vertex   2.207033e+01 4.516146e+01 6.868990e+01
      vertex   2.277030e+01 4.637386e+01 6.915003e+01
      vertex   2.191172e+01 4.488676e+01 6.938852e+01
    endloop
  endfacet
  facet normal 8.660254e-01 -5.000000e-01 -2.475520e-14
    outer loop
      vertex   2.207033e+01 4.516146e+01 6.868990e+01
      vertex   2.191172e+01 4.488676e+01 6.938852e+01
      vertex   2.120542e+01 4.366340e+01 6.912411e+01
    endloop
  endfacet
  facet normal 8.660254e-01 -5.000000e-01 -1.909512e-14
    outer loop
      vertex   2.120542e+01 4.366340e+01 6.912411e+01
      vertex   2.191172e+01 4.488676e+01 6.938852e+01
      vertex   2.107966e+01 4.344557e+01 6.987449e+01
    endloop
  endfacet
  facet normal 8.660254e-01 -5.000000e-01 -1.750940e-14
    outer loop
      vertex   2.120542e+01 4.366340e+01 6.912411e+01
      vertex   2.107966e+01 4.344557e+01 6.987449e+01
      vertex   2.038021e+01 4.223410e+01 6.980008e+01
    endloop
  endfacet
  facet normal 8.660254e-01 -5.000000e-01 -1.164304e-14
    outer loop
      vertex   2.038021e+01 4.223410e+01 6.980008e+01
      vertex   2.107966e+01 4.344557e+01 6.987449e+01
      vertex   2.029184e+01 4.208103e+01 7.059758e+01
    endloop
  endfacet
  facet normal 8.660254e-01 -5.000000e-01 -1.145300e-14
    outer loop
      vertex   2.038021e+01 4.223410e+01 6.980008e+01
      vertex   2.029184e+01 4.208103e+01 7.059758e+01
      vertex   1.961150e+01 4.090266e+01 7.070404e+01
    endloop
  endfacet
  facet normal 8.660254e-01 -5.000000e-01 -2.366152e-14
    outer loop
      vertex   1.961150e+01 4.090266e+01 7.070404e+01
      vertex   2.029184e+01 4.208103e+01 7.059758e+01
      vertex   1.956505e+01 4.082220e+01 7.154237e+01
    endloop
  endfacet
  facet normal 8.660254e-01 -5.000000e-01 -2.381320e-14
    outer loop
      vertex   1.961150e+01 4.090266e+01 7.070404e+01
      vertex   1.956505e+01 4.082220e+01 7.154237e+01
      vertex   1.891494e+01 3.969618e+01 7.181760e+01
    endloop
  endfacet
  facet normal 8.660254e-01 -5.000000e-01 -1.666725e-14
    outer loop
      vertex   1.891494e+01 3.969618e+01 7.181760e+01
      vertex   1.956505e+01 4.082220e+01 7.154237e+01
      vertex   1.891480e+01 3.969592e+01 7.268874e+01
    endloop
  endfacet
  facet normal 8.660254e-01 -5.000000e-01 -1.666651e-14
    outer loop
      vertex   1.891494e+01 3.969618e+01 7.181760e+01
      vertex   1.891480e+01 3.969592e+01 7.268874e+01
      vertex   1.830471e+01 3.863923e+01 7.311809e+01
    endloop
  endfacet
  facet normal 8.660254e-01 -5.000000e-01 -1.599293e-14
    outer loop
      vertex   1.830471e+01 3.863923e+01 7.311809e+01
      vertex   1.891480e+01 3.969592e+01 7.268874e+01
      vertex   1.835492e+01 3.872620e+01 7.401225e+01
    endloop
  endfacet
  facet normal 8.660254e-01 -5.000000e-01 -1.554607e-14
    outer loop
      vertex   1.830471e+01 3.863923e+01 7.311809e+01
      vertex   1.835492e+01 3.872620e+01 7.401225e+01
      vertex   1.779323e+01 3.775332e+01 7.457903e+01
    endloop
  endfacet
  facet normal 8.660254e-01 -5.000000e-01 -1.719664e-14
    outer loop
      vertex   1.779323e+01 3.775332e+01 7.457903e+01
      vertex   1.835492e+01 3.872620e+01 7.401225e+01
      vertex   1.789737e+01 3.793369e+01 7.548470e+01
    endloop
  endfacet
  facet normal 8.660254e-01 -5.000000e-01 -1.774910e-14
    outer loop
      vertex   1.779323e+01 3.775332e+01 7.457903e+01
      vertex   1.789737e+01 3.793369e+01 7.548470e+01
      vertex   1.739091e+01 3.705648e+01 7.617069e+01
    endloop
  endfacet
  facet normal 8.660254e-01 -5.000000e-01 -1.921955e-14
    outer loop
      vertex   1.739091e+01 3.705648e+01 7.617069e+01
      vertex   1.789737e+01 3.793369e+01 7.548470e+01
      vertex   1.755189e+01 3.733530e+01 7.707469e+01
    endloop
  endfacet
  facet normal 8.660254e-01 -5.000000e-01 -1.953337e-14
    outer loop
      vertex   1.739091e+01 3.705648e+01 7.617069e+01
      vertex   1.755189e+01 3.733530e+01 7.707469e+01
      vertex   1.710595e+01 3.656291e+01 7.786065e+01
    endloop
  endfacet
  facet normal 8.660254e-01 -5.000000e-01 -1.788763e-14
    outer loop
      vertex   1.710595e+01 3.656291e+01 7.786065e+01
      vertex   1.755189e+01 3.733530e+01 7.707469e+01
      vertex   1.732584e+01 3.694377e+01 7.874834e+01
    endloop
  endfacet
  facet normal 8.660254e-01 -5.000000e-01 -1.714726e-14
    outer loop
      vertex   1.710595e+01 3.656291e+01 7.786065e+01
      vertex   1.732584e+01 3.694377e+01 7.874834e+01
      vertex   1.694414e+01 3.628264e+01 7.961452e+01
    endloop
  endfacet
  facet normal 8.660254e-01 -5.000000e-01 -1.751238e-14
    outer loop
      vertex   1.694414e+01 3.628264e+01 7.961452e+01
      vertex   1.732584e+01 3.694377e+01 7.874834e+01
      vertex   1.722404e+01 3.676746e+01 8.046998e+01
    endloop
  endfacet
  facet normal 8.660254e-01 -5.000000e-01 -1.806634e-14
    outer loop
      vertex   1.694414e+01 3.628264e+01 7.961452e+01
      vertex   1.722404e+01 3.676746e+01 8.046998e+01
      vertex   1.690877e+01 3.622139e+01 8.139660e+01
    endloop
  endfacet
  facet normal 8.660254e-01 -5.000000e-01 -1.665347e-14
    outer loop
      vertex   1.690877e+01 3.622139e+01 8.139660e+01
      vertex   1.722404e+01 3.676746e+01 8.046998e+01
      vertex   1.724867e+01 3.681011e+01 8.220292e+01
    endloop
  endfacet
  facet normal 8.660254e-01 -5.000000e-01 -1.934936e-14
    outer loop
      vertex   1.690877e+01 3.622139e+01 8.139660e+01
      vertex   1.724867e+01 3.681011e+01 8.220292e+01
      vertex   1.700058e+01 3.638040e+01 8.317060e+01
    endloop
  endfacet
  facet normal 8.660254e-01 -5.000000e-01 -2.099141e-14
    outer loop
      vertex   1.700058e+01 3.638040e+01 8.317060e+01
      vertex   1.724867e+01 3.681011e+01 8.220292e+01
      vertex   1.739919e+01 3.707082e+01 8.391022e+01
    endloop
  endfacet
  facet normal 8.660254e-01 -5.000000e-01 -1.576809e-14
    outer loop
      vertex   1.700058e+01 3.638040e+01 8.317060e+01
      vertex   1.739919e+01 3.707082e+01 8.391022e+01
      vertex   1.721768e+01 3.675644e+01 8.490042e+01
    endloop
  endfacet
  facet normal 8.660254e-01 -5.000000e-01 -1.706798e-14
    outer loop
      vertex   1.721768e+01 3.675644e+01 8.490042e+01
      vertex   1.739919e+01 3.707082e+01 8.391022e+01
      vertex   1.767240e+01 3.754403e+01 8.555550e+01
    endloop
  endfacet
  facet normal 8.660254e-01 -5.000000e-01 -1.395469e-14
    outer loop
      vertex   1.721768e+01 3.675644e+01 8.490042e+01
      vertex   1.767240e+01 3.754403e+01 8.555550e+01
      vertex   1.755567e+01 3.734184e+01 8.655083e+01
    endloop
  endfacet
  facet normal 8.660254e-01 -5.000000e-01 -1.350014e-14
    outer loop
      vertex   1.755567e+01 3.734184e+01 8.655083e+01
      vertex   1.767240e+01 3.754403e+01 8.555550e+01
      vertex   1.806248e+01 3.821966e+01 8.710368e+01
    endloop
  endfacet
  facet normal 8.660254e-01 -5.000000e-01 -1.531193e-14
    outer loop
      vertex   1.755567e+01 3.734184e+01 8.655083e+01
      vertex   1.806248e+01 3.821966e+01 8.710368e+01
      vertex   1.800765e+01 3.812470e+01 8.808825e+01
    endloop
  endfacet
  facet normal 8.660254e-01 -5.000000e-01 -1.510565e-14
    outer loop
      vertex   1.800765e+01 3.812470e+01 8.808825e+01
      vertex   1.806248e+01 3.821966e+01 8.710368e+01
      vertex   1.856110e+01 3.908331e+01 8.852177e+01
    endloop
  endfacet
  facet normal 8.660254e-01 -5.000000e-01 -1.163356e-14
    outer loop
      vertex   1.800765e+01 3.812470e+01 8.808825e+01
      vertex   1.856110e+01 3.908331e+01 8.852177e+01
      vertex   1.856443e+01 3.908907e+01 8.948137e+01
    endloop
  endfacet
  facet normal 8.660254e-01 -5.000000e-01 -1.162071e-14
    outer loop
      vertex   1.856443e+01 3.908907e+01 8.948137e+01
      vertex   1.856110e+01 3.908331e+01 8.852177e+01
      vertex   1.915766e+01 4.011657e+01 8.977955e+01
    endloop
  endfacet
  facet normal 8.660254e-01 -5.000000e-01 -1.979104e-14
    outer loop
      vertex   1.856443e+01 3.908907e+01 8.948137e+01
      vertex   1.915766e+01 4.011657e+01 8.977955e+01
      vertex   1.921467e+01 4.021533e+01 9.070183e+01
    endloop
  endfacet
  facet normal 8.660254e-01 -5.000000e-01 -2.059441e-14
    outer loop
      vertex   1.921467e+01 4.021533e+01 9.070183e+01
      vertex   1.915766e+01 4.011657e+01 8.977955e+01
      vertex   1.983942e+01 4.129741e+01 9.085021e+01
    endloop
  endfacet
  facet normal 8.660254e-01 -5.000000e-01 -2.008306e-14
    outer loop
      vertex   1.921467e+01 4.021533e+01 9.070183e+01
      vertex   1.983942e+01 4.129741e+01 9.085021e+01
      vertex   1.994514e+01 4.148054e+01 9.172479e+01
    endloop
  endfacet
  facet normal 8.660254e-01 -5.000000e-01 -1.933346e-14
    outer loop
      vertex   1.994514e+01 4.148054e+01 9.172479e+01
      vertex   1.983942e+01 4.129741e+01 9.085021e+01
      vertex   2.059186e+01 4.260068e+01 9.171093e+01
    endloop
  endfacet
  facet normal 8.660254e-01 -5.000000e-01 -2.078781e-14
    outer loop
      vertex   1.994514e+01 4.148054e+01 9.172479e+01
      vertex   2.059186e+01 4.260068e+01 9.171093e+01
      vertex   2.074097e+01 4.285895e+01 9.252943e+01
    endloop
  endfacet
  facet normal 8.660254e-01 -5.000000e-01 -2.188413e-14
    outer loop
      vertex   2.074097e+01 4.285895e+01 9.252943e+01
      vertex   2.059186e+01 4.260068e+01 9.171093e+01
      vertex   2.139894e+01 4.399859e+01 9.234336e+01
    endloop
  endfacet
  facet normal 8.660254e-01 -5.000000e-01 -3.233328e-14
    outer loop
      vertex   2.074097e+01 4.285895e+01 9.252943e+01
      vertex   2.139894e+01 4.399859e+01 9.234336e+01
      vertex   2.158595e+01 4.432250e+01 9.309936e+01
    endloop
  endfacet
  facet normal 8.660254e-01 -5.000000e-01 -2.950326e-14
    outer loop
      vertex   2.158595e+01 4.432250e+01 9.309936e+01
      vertex   2.139894e+01 4.399859e+01 9.234336e+01
      vertex   2.224346e+01 4.546135e+01 9.273403e+01
    endloop
  endfacet
  facet normal 8.660254e-01 -5.000000e-01 -1.915774e-14
    outer loop
      vertex   2.158595e+01 4.432250e+01 9.309936e+01
      vertex   2.224346e+01 4.546135e+01 9.273403e+01
      vertex   2.246289e+01 4.584140e+01 9.342298e+01
    endloop
  endfacet
  facet normal 8.660254e-01 -5.000000e-01 -1.935179e-14
    outer loop
      vertex   2.246289e+01 4.584140e+01 9.342298e+01
      vertex   2.224346e+01 4.546135e+01 9.273403e+01
      vertex   2.310743e+01 4.695778e+01 9.287461e+01
    endloop
  endfacet
  facet normal 8.660254e-01 -5.000000e-01 -1.735353e-14
    outer loop
      vertex   2.246289e+01 4.584140e+01 9.342298e+01
      vertex   2.310743e+01 4.695778e+01 9.287461e+01
      vertex   2.335393e+01 4.738472e+01 9.349371e+01
    endloop
  endfacet
  facet normal 8.660254e-01 -5.000000e-01 -1.931687e-14
    outer loop
      vertex   2.335393e+01 4.738472e+01 9.349371e+01
      vertex   2.310743e+01 4.695778e+01 9.287461e+01
      vertex   2.397242e+01 4.845599e+01 9.276210e+01
    endloop
  endfacet
  facet normal 1.831383e-02 3.177204e-02 -9.993273e-01
    outer loop
      vertex   3.367660e+01 6.519726e+01 6.968845e+01
      vertex   3.321830e+01 6.447032e+01 6.965694e+01
      vertex   2.370608e+01 6.999467e+01 6.965826e+01
    endloop
  endfacet
  facet normal 3.578418e-02 6.185330e-02 -9.974436e-01
    outer loop
      vertex   2.370608e+01 6.999467e+01 6.965826e+01
      vertex   3.321830e+01 6.447032e+01 6.965694e+01
      vertex   3.214556e+01 6.261229e+01 6.950324e+01
    endloop
  endfacet
  facet normal 4.365246e-02 7.082912e-02 -9.965328e-01
    outer loop
      vertex   2.370608e+01 6.999467e+01 6.965826e+01
      vertex   3.214556e+01 6.261229e+01 6.950324e+01
      vertex   2.209163e+01 6.719836e+01 6.938879e+01
    endloop
  endfacet
  facet normal 5.902489e-02 1.046239e-01 -9.927587e-01
    outer loop
      vertex   2.209163e+01 6.719836e+01 6.938879e+01
      vertex   3.214556e+01 6.261229e+01 6.950324e+01
      vertex   3.107786e+01 6.076297e+01 6.924486e+01
    endloop
  endfacet
  facet normal 8.023419e-02 1.341272e-01 -9.877107e-01
    outer loop
      vertex   2.209163e+01 6.719836e+01 6.938879e+01
      vertex   3.107786e+01 6.076297e+01 6.924486e+01
      vertex   2.049147e+01 6.442681e+01 6.888244e+01
    endloop
  endfacet
  facet normal 8.424662e-02 1.459194e-01 -9.857028e-01
    outer loop
      vertex   2.049147e+01 6.442681e+01 6.888244e+01
      vertex   3.107786e+01 6.076297e+01 6.924486e+01
      vertex   3.001775e+01 5.892681e+01 6.888244e+01
    endloop
  endfacet
  facet normal 9.634548e-03 1.373042e-02 -9.998593e-01
    outer loop
      vertex   3.367660e+01 6.519726e+01 6.968845e+01
      vertex   2.370608e+01 6.999467e+01 6.965826e+01
      vertex   3.419987e+01 6.590162e+01 6.970317e+01
    endloop
  endfacet
  facet normal 7.024248e-03 7.037121e-03 -9.999506e-01
    outer loop
      vertex   3.419987e+01 6.590162e+01 6.970317e+01
      vertex   2.370608e+01 6.999467e+01 6.965826e+01
      vertex   2.532607e+01 7.280057e+01 6.968939e+01
    endloop
  endfacet
  facet normal -3.738551e-04 -2.478809e-03 -9.999969e-01
    outer loop
      vertex   3.419987e+01 6.590162e+01 6.970317e+01
      vertex   2.532607e+01 7.280057e+01 6.968939e+01
      vertex   3.478355e+01 6.657331e+01 6.970129e+01
    endloop
  endfacet
  facet normal -1.070876e-02 -1.817424e-02 -9.997775e-01
    outer loop
      vertex   3.478355e+01 6.657331e+01 6.970129e+01
      vertex   2.532607e+01 7.280057e+01 6.968939e+01
      vertex   3.542306e+01 6.720225e+01 6.968300e+01
    endloop
  endfacet
  facet normal -2.029555e-02 -3.546543e-02 -9.991648e-01
    outer loop
      vertex   3.542306e+01 6.720225e+01 6.968300e+01
      vertex   2.532607e+01 7.280057e+01 6.968939e+01
      vertex   3.611383e+01 6.777836e+01 6.964852e+01
    endloop
  endfacet
  facet normal -2.892598e-02 -5.401215e-02 -9.981212e-01
    outer loop
      vertex   3.611383e+01 6.777836e+01 6.964852e+01
      vertex   2.532607e+01 7.280057e+01 6.968939e+01
      vertex   3.684972e+01 6.829412e+01 6.959929e+01
    endloop
  endfacet
  facet normal -2.994394e-02 -5.661873e-02 -9.979467e-01
    outer loop
      vertex   3.684972e+01 6.829412e+01 6.959929e+01
      vertex   2.532607e+01 7.280057e+01 6.968939e+01
      vertex   2.694281e+01 7.560085e+01 6.948200e+01
    endloop
  endfacet
  facet normal -3.872675e-02 -6.851019e-02 -9.968985e-01
    outer loop
      vertex   3.684972e+01 6.829412e+01 6.959929e+01
      vertex   2.694281e+01 7.560085e+01 6.948200e+01
      vertex   3.762138e+01 6.874558e+01 6.953828e+01
    endloop
  endfacet
  facet normal -4.769455e-02 -8.246760e-02 -9.954518e-01
    outer loop
      vertex   3.762138e+01 6.874558e+01 6.953828e+01
      vertex   2.694281e+01 7.560085e+01 6.948200e+01
      vertex   3.841920e+01 6.912853e+01 6.946833e+01
    endloop
  endfacet
  facet normal -5.621614e-02 -9.758150e-02 -9.936386e-01
    outer loop
      vertex   3.841920e+01 6.912853e+01 6.946833e+01
      vertex   2.694281e+01 7.560085e+01 6.948200e+01
      vertex   3.920100e+01 6.950450e+01 6.938718e+01
    endloop
  endfacet
  facet normal -6.349272e-02 -1.122438e-01 -9.916501e-01
    outer loop
      vertex   3.920100e+01 6.950450e+01 6.938718e+01
      vertex   2.694281e+01 7.560085e+01 6.948200e+01
      vertex   3.995836e+01 6.993996e+01 6.928940e+01
    endloop
  endfacet
  facet normal -6.681832e-02 -1.199281e-01 -9.905315e-01
    outer loop
      vertex   3.995836e+01 6.993996e+01 6.928940e+01
      vertex   2.694281e+01 7.560085e+01 6.948200e+01
      vertex   2.854753e+01 7.838031e+01 6.903723e+01
    endloop
  endfacet
  facet normal -7.226977e-02 -1.272593e-01 -9.892331e-01
    outer loop
      vertex   3.995836e+01 6.993996e+01 6.928940e+01
      vertex   2.854753e+01 7.838031e+01 6.903723e+01
      vertex   4.067996e+01 7.043474e+01 6.917303e+01
    endloop
  endfacet
  facet normal -8.219562e-02 -1.423670e-01 -9.863952e-01
    outer loop
      vertex   4.067996e+01 7.043474e+01 6.917303e+01
      vertex   2.854753e+01 7.838031e+01 6.903723e+01
      vertex   4.135693e+01 7.098481e+01 6.903723e+01
    endloop
  endfacet
  facet normal 7.838505e-02 1.357669e-01 -9.876351e-01
    outer loop
      vertex   2.049147e+01 6.442681e+01 6.888244e+01
      vertex   3.001775e+01 5.892681e+01 6.888244e+01
      vertex   1.891321e+01 6.169317e+01 6.838139e+01
    endloop
  endfacet
  facet normal 7.838505e-02 1.357669e-01 -9.876351e-01
    outer loop
      vertex   1.891321e+01 6.169317e+01 6.838139e+01
      vertex   3.001775e+01 5.892681e+01 6.888244e+01
      vertex   2.843949e+01 5.619317e+01 6.838139e+01
    endloop
  endfacet
  facet normal 4.233226e-02 7.332163e-02 -9.964095e-01
    outer loop
      vertex   1.891321e+01 6.169317e+01 6.838139e+01
      vertex   2.843949e+01 5.619317e+01 6.838139e+01
      vertex   1.732092e+01 5.893525e+01 6.811080e+01
    endloop
  endfacet
  facet normal 4.233226e-02 7.332163e-02 -9.964095e-01
    outer loop
      vertex   1.732092e+01 5.893525e+01 6.811080e+01
      vertex   2.843949e+01 5.619317e+01 6.838139e+01
      vertex   2.684720e+01 5.343525e+01 6.811080e+01
    endloop
  endfacet
  facet normal 6.056121e-03 1.048951e-02 -9.999266e-01
    outer loop
      vertex   1.732092e+01 5.893525e+01 6.811080e+01
      vertex   2.684720e+01 5.343525e+01 6.811080e+01
      vertex   1.572301e+01 5.616760e+01 6.807209e+01
    endloop
  endfacet
  facet normal 6.056121e-03 1.048951e-02 -9.999266e-01
    outer loop
      vertex   1.572301e+01 5.616760e+01 6.807209e+01
      vertex   2.684720e+01 5.343525e+01 6.811080e+01
      vertex   2.524929e+01 5.066760e+01 6.807209e+01
    endloop
  endfacet
  facet normal -3.025197e-02 -5.239795e-02 -9.981680e-01
    outer loop
      vertex   1.572301e+01 5.616760e+01 6.807209e+01
      vertex   2.524929e+01 5.066760e+01 6.807209e+01
      vertex   1.412792e+01 5.340481e+01 6.826546e+01
    endloop
  endfacet
  facet normal -3.025197e-02 -5.239795e-02 -9.981680e-01
    outer loop
      vertex   1.412792e+01 5.340481e+01 6.826546e+01
      vertex   2.524929e+01 5.066760e+01 6.807209e+01
      vertex   2.365420e+01 4.790481e+01 6.826546e+01
    endloop
  endfacet
  facet normal -6.640045e-02 -1.150090e-01 -9.911427e-01
    outer loop
      vertex   1.412792e+01 5.340481e+01 6.826546e+01
      vertex   2.365420e+01 4.790481e+01 6.826546e+01
      vertex   1.254405e+01 5.066146e+01 6.868990e+01
    endloop
  endfacet
  facet normal -6.640045e-02 -1.150090e-01 -9.911427e-01
    outer loop
      vertex   1.254405e+01 5.066146e+01 6.868990e+01
      vertex   2.365420e+01 4.790481e+01 6.826546e+01
      vertex   2.207033e+01 4.516146e+01 6.868990e+01
    endloop
  endfacet
  facet normal 2.558195e-01 4.430923e-01 8.592006e-01
    outer loop
      vertex   3.147959e+01 6.145878e+01 8.772301e+01
      vertex   3.246789e+01 6.317057e+01 8.654597e+01
      vertex   2.195331e+01 6.695878e+01 8.772301e+01
    endloop
  endfacet
  facet normal 2.540012e-01 4.368942e-01 8.629060e-01
    outer loop
      vertex   2.195331e+01 6.695878e+01 8.772301e+01
      vertex   3.246789e+01 6.317057e+01 8.654597e+01
      vertex   2.323508e+01 6.917887e+01 8.622166e+01
    endloop
  endfacet
  facet normal 2.330858e-01 4.058768e-01 8.837053e-01
    outer loop
      vertex   2.323508e+01 6.917887e+01 8.622166e+01
      vertex   3.246789e+01 6.317057e+01 8.654597e+01
      vertex   3.348438e+01 6.493119e+01 8.546923e+01
    endloop
  endfacet
  facet normal 2.261746e-01 3.874254e-01 8.937263e-01
    outer loop
      vertex   2.323508e+01 6.917887e+01 8.622166e+01
      vertex   3.348438e+01 6.493119e+01 8.546923e+01
      vertex   2.456264e+01 7.147827e+01 8.488893e+01
    endloop
  endfacet
  facet normal 2.105365e-01 3.672033e-01 9.060001e-01
    outer loop
      vertex   2.456264e+01 7.147827e+01 8.488893e+01
      vertex   3.348438e+01 6.493119e+01 8.546923e+01
      vertex   3.452652e+01 6.673622e+01 8.449548e+01
    endloop
  endfacet
  facet normal 1.971808e-01 3.379561e-01 9.202746e-01
    outer loop
      vertex   2.456264e+01 7.147827e+01 8.488893e+01
      vertex   3.452652e+01 6.673622e+01 8.449548e+01
      vertex   3.495178e+01 6.740610e+01 8.415835e+01
    endloop
  endfacet
  facet normal 1.967372e-01 3.367267e-01 9.208201e-01
    outer loop
      vertex   2.456264e+01 7.147827e+01 8.488893e+01
      vertex   3.495178e+01 6.740610e+01 8.415835e+01
      vertex   2.593044e+01 7.384737e+01 8.373035e+01
    endloop
  endfacet
  facet normal 1.870467e-01 3.235998e-01 9.275218e-01
    outer loop
      vertex   2.593044e+01 7.384737e+01 8.373035e+01
      vertex   3.495178e+01 6.740610e+01 8.415835e+01
      vertex   3.544446e+01 6.805783e+01 8.383162e+01
    endloop
  endfacet
  facet normal 1.781923e-01 3.091656e-01 9.341649e-01
    outer loop
      vertex   2.593044e+01 7.384737e+01 8.373035e+01
      vertex   3.544446e+01 6.805783e+01 8.383162e+01
      vertex   3.600036e+01 6.868184e+01 8.351906e+01
    endloop
  endfacet
  facet normal 1.703867e-01 2.936860e-01 9.405939e-01
    outer loop
      vertex   3.600036e+01 6.868184e+01 8.351906e+01
      vertex   3.661528e+01 6.926859e+01 8.322447e+01
      vertex   2.593044e+01 7.384737e+01 8.373035e+01
    endloop
  endfacet
  facet normal 1.666304e-01 2.845360e-01 9.440728e-01
    outer loop
      vertex   2.593044e+01 7.384737e+01 8.373035e+01
      vertex   3.661528e+01 6.926859e+01 8.322447e+01
      vertex   2.733278e+01 7.627630e+01 8.275078e+01
    endloop
  endfacet
  facet normal 1.615922e-01 2.780518e-01 9.468765e-01
    outer loop
      vertex   2.733278e+01 7.627630e+01 8.275078e+01
      vertex   3.661528e+01 6.926859e+01 8.322447e+01
      vertex   3.728502e+01 6.980851e+01 8.295162e+01
    endloop
  endfacet
  facet normal 1.519820e-01 2.634428e-01 9.526276e-01
    outer loop
      vertex   2.733278e+01 7.627630e+01 8.275078e+01
      vertex   3.728502e+01 6.980851e+01 8.295162e+01
      vertex   3.800355e+01 7.029415e+01 8.270269e+01
    endloop
  endfacet
  facet normal 1.438748e-01 2.489402e-01 9.577728e-01
    outer loop
      vertex   3.800355e+01 7.029415e+01 8.270269e+01
      vertex   3.876131e+01 7.072104e+01 8.247790e+01
      vertex   2.733278e+01 7.627630e+01 8.275078e+01
    endloop
  endfacet
  facet normal 1.366901e-01 2.339225e-01 9.625986e-01
    outer loop
      vertex   2.733278e+01 7.627630e+01 8.275078e+01
      vertex   3.876131e+01 7.072104e+01 8.247790e+01
      vertex   3.954852e+01 7.108458e+01 8.227777e+01
    endloop
  endfacet
  facet normal 1.356018e-01 2.312897e-01 9.633884e-01
    outer loop
      vertex   2.733278e+01 7.627630e+01 8.275078e+01
      vertex   3.954852e+01 7.108458e+01 8.227777e+01
      vertex   2.876381e+01 7.875492e+01 8.195429e+01
    endloop
  endfacet
  facet normal 1.268367e-01 2.191356e-01 9.674151e-01
    outer loop
      vertex   2.876381e+01 7.875492e+01 8.195429e+01
      vertex   3.954852e+01 7.108458e+01 8.227777e+01
      vertex   4.057878e+01 7.158084e+01 8.203029e+01
    endloop
  endfacet
  facet normal 1.162661e-01 2.017809e-01 9.725054e-01
    outer loop
      vertex   2.876381e+01 7.875492e+01 8.195429e+01
      vertex   4.057878e+01 7.158084e+01 8.203029e+01
      vertex   4.156136e+01 7.218965e+01 8.178650e+01
    endloop
  endfacet
  facet normal 1.053679e-01 1.803985e-01 9.779335e-01
    outer loop
      vertex   4.156136e+01 7.218965e+01 8.178650e+01
      vertex   4.247250e+01 7.290858e+01 8.155571e+01
      vertex   2.876381e+01 7.875492e+01 8.195429e+01
    endloop
  endfacet
  facet normal 1.039806e-01 1.770942e-01 9.786857e-01
    outer loop
      vertex   2.876381e+01 7.875492e+01 8.195429e+01
      vertex   4.247250e+01 7.290858e+01 8.155571e+01
      vertex   3.021757e+01 8.127289e+01 8.134420e+01
    endloop
  endfacet
  facet normal 9.308310e-02 1.612247e-01 9.825183e-01
    outer loop
      vertex   3.021757e+01 8.127289e+01 8.134420e+01
      vertex   4.247250e+01 7.290858e+01 8.155571e+01
      vertex   4.329868e+01 7.372051e+01 8.134420e+01
    endloop
  endfacet
  facet normal 2.498892e-01 4.328207e-01 8.661534e-01
    outer loop
      vertex   3.147959e+01 6.145878e+01 8.772301e+01
      vertex   2.195331e+01 6.695878e+01 8.772301e+01
      vertex   3.012742e+01 5.911676e+01 8.928343e+01
    endloop
  endfacet
  facet normal 2.498892e-01 4.328207e-01 8.661534e-01
    outer loop
      vertex   3.012742e+01 5.911676e+01 8.928343e+01
      vertex   2.195331e+01 6.695878e+01 8.772301e+01
      vertex   2.060114e+01 6.461676e+01 8.928343e+01
    endloop
  endfacet
  facet normal 2.156032e-01 3.734357e-01 9.022533e-01
    outer loop
      vertex   3.012742e+01 5.911676e+01 8.928343e+01
      vertex   2.060114e+01 6.461676e+01 8.928343e+01
      vertex   2.871890e+01 5.667713e+01 9.062976e+01
    endloop
  endfacet
  facet normal 2.156032e-01 3.734357e-01 9.022533e-01
    outer loop
      vertex   2.871890e+01 5.667713e+01 9.062976e+01
      vertex   2.060114e+01 6.461676e+01 8.928343e+01
      vertex   1.919262e+01 6.217713e+01 9.062976e+01
    endloop
  endfacet
  facet normal 1.800225e-01 3.118082e-01 9.329349e-01
    outer loop
      vertex   2.871890e+01 5.667713e+01 9.062976e+01
      vertex   1.919262e+01 6.217713e+01 9.062976e+01
      vertex   2.726248e+01 5.415454e+01 9.175390e+01
    endloop
  endfacet
  facet normal 1.800225e-01 3.118082e-01 9.329349e-01
    outer loop
      vertex   2.726248e+01 5.415454e+01 9.175390e+01
      vertex   1.919262e+01 6.217713e+01 9.062976e+01
      vertex   1.773620e+01 5.965454e+01 9.175390e+01
    endloop
  endfacet
  facet normal 1.433607e-01 2.483081e-01 9.580140e-01
    outer loop
      vertex   2.726248e+01 5.415454e+01 9.175390e+01
      vertex   1.773620e+01 5.965454e+01 9.175390e+01
      vertex   2.576691e+01 5.156414e+01 9.264911e+01
    endloop
  endfacet
  facet normal 1.433607e-01 2.483081e-01 9.580140e-01
    outer loop
      vertex   2.576691e+01 5.156414e+01 9.264911e+01
      vertex   1.773620e+01 5.965454e+01 9.175390e+01
      vertex   1.624063e+01 5.706414e+01 9.264911e+01
    endloop
  endfacet
  facet normal 1.058380e-01 1.833169e-01 9.773399e-01
    outer loop
      vertex   2.576691e+01 5.156414e+01 9.264911e+01
      vertex   1.624063e+01 5.706414e+01 9.264911e+01
      vertex   2.424117e+01 4.892148e+01 9.331001e+01
    endloop
  endfacet
  facet normal 1.058380e-01 1.833169e-01 9.773399e-01
    outer loop
      vertex   2.424117e+01 4.892148e+01 9.331001e+01
      vertex   1.624063e+01 5.706414e+01 9.264911e+01
      vertex   1.471489e+01 5.442148e+01 9.331001e+01
    endloop
  endfacet
  facet normal 8.682409e-02 1.503837e-01 9.848078e-01
    outer loop
      vertex   2.424117e+01 4.892148e+01 9.331001e+01
      vertex   1.471489e+01 5.442148e+01 9.331001e+01
      vertex   2.424093e+01 4.892106e+01 9.331010e+01
    endloop
  endfacet
  facet normal 8.682409e-02 1.503837e-01 9.848078e-01
    outer loop
      vertex   2.424093e+01 4.892106e+01 9.331010e+01
      vertex   1.471489e+01 5.442148e+01 9.331001e+01
      vertex   1.471465e+01 5.442106e+01 9.331010e+01
    endloop
  endfacet
  facet normal 8.682409e-02 1.503837e-01 9.848078e-01
    outer loop
      vertex   3.646165e+01 9.208797e+01 7.914220e+01
      vertex   3.021757e+01 8.127289e+01 8.134420e+01
      vertex   3.412986e+01 7.904919e+01 8.133885e+01
    endloop
  endfacet
  facet normal 8.682409e-02 1.503837e-01 9.848078e-01
    outer loop
      vertex   3.412986e+01 7.904919e+01 8.133885e+01
      vertex   3.021757e+01 8.127289e+01 8.134420e+01
      vertex   4.329868e+01 7.372051e+01 8.134420e+01
    endloop
  endfacet
  facet normal 8.682409e-02 1.503837e-01 9.848078e-01
    outer loop
      vertex   3.412986e+01 7.904919e+01 8.133885e+01
      vertex   4.329868e+01 7.372051e+01 8.134420e+01
      vertex   3.962912e+01 7.587419e+01 8.133885e+01
    endloop
  endfacet
  facet normal 8.682409e-02 1.503837e-01 9.848078e-01
    outer loop
      vertex   3.962912e+01 7.587419e+01 8.133885e+01
      vertex   4.329868e+01 7.372051e+01 8.134420e+01
      vertex   4.379242e+01 7.430367e+01 8.121162e+01
    endloop
  endfacet
  facet normal 8.682409e-02 1.503837e-01 9.848078e-01
    outer loop
      vertex   3.962912e+01 7.587419e+01 8.133885e+01
      vertex   4.379242e+01 7.430367e+01 8.121162e+01
      vertex   4.424307e+01 7.492045e+01 8.107771e+01
    endloop
  endfacet
  facet normal 8.682409e-02 1.503837e-01 9.848078e-01
    outer loop
      vertex   4.424307e+01 7.492045e+01 8.107771e+01
      vertex   4.464837e+01 7.556779e+01 8.094312e+01
      vertex   3.962912e+01 7.587419e+01 8.133885e+01
    endloop
  endfacet
  facet normal 8.682409e-02 1.503837e-01 9.848078e-01
    outer loop
      vertex   3.962912e+01 7.587419e+01 8.133885e+01
      vertex   4.464837e+01 7.556779e+01 8.094312e+01
      vertex   4.585803e+01 8.666297e+01 7.914220e+01
    endloop
  endfacet
  facet normal 8.682409e-02 1.503837e-01 9.848078e-01
    outer loop
      vertex   4.585803e+01 8.666297e+01 7.914220e+01
      vertex   4.464837e+01 7.556779e+01 8.094312e+01
      vertex   4.975514e+01 8.441297e+01 7.914220e+01
    endloop
  endfacet
  facet normal 8.682409e-02 1.503837e-01 9.848078e-01
    outer loop
      vertex   3.412986e+01 7.904919e+01 8.133885e+01
      vertex   4.035877e+01 8.983797e+01 7.914220e+01
      vertex   3.646165e+01 9.208797e+01 7.914220e+01
    endloop
  endfacet
  facet normal -8.682409e-02 -1.503837e-01 -9.848078e-01
    outer loop
      vertex   4.135693e+01 7.098481e+01 6.903723e+01
      vertex   2.854753e+01 7.838031e+01 6.903723e+01
      vertex   4.218218e+01 7.179546e+01 6.884068e+01
    endloop
  endfacet
  facet normal -8.682409e-02 -1.503837e-01 -9.848078e-01
    outer loop
      vertex   4.218218e+01 7.179546e+01 6.884068e+01
      vertex   2.854753e+01 7.838031e+01 6.903723e+01
      vertex   4.291455e+01 7.268989e+01 6.863953e+01
    endloop
  endfacet
  facet normal -8.682409e-02 -1.503837e-01 -9.848078e-01
    outer loop
      vertex   4.291455e+01 7.268989e+01 6.863953e+01
      vertex   2.854753e+01 7.838031e+01 6.903723e+01
      vertex   3.721263e+01 8.438869e+01 6.735578e+01
    endloop
  endfacet
  facet normal -8.682409e-02 -1.503837e-01 -9.848078e-01
    outer loop
      vertex   4.291455e+01 7.268989e+01 6.863953e+01
      vertex   3.721263e+01 8.438869e+01 6.735578e+01
      vertex   4.354571e+01 7.365792e+01 6.843606e+01
    endloop
  endfacet
  facet normal -8.682409e-02 -1.503837e-01 -9.848078e-01
    outer loop
      vertex   4.354571e+01 7.365792e+01 6.843606e+01
      vertex   3.721263e+01 8.438869e+01 6.735578e+01
      vertex   4.271189e+01 8.121369e+01 6.735578e+01
    endloop
  endfacet
  facet normal -8.682409e-02 -1.503837e-01 -9.848078e-01
    outer loop
      vertex   4.354571e+01 7.365792e+01 6.843606e+01
      vertex   4.271189e+01 8.121369e+01 6.735578e+01
      vertex   4.865248e+01 8.250310e+01 6.663514e+01
    endloop
  endfacet
  facet normal -8.682409e-02 -1.503837e-01 -9.848078e-01
    outer loop
      vertex   4.865248e+01 8.250310e+01 6.663514e+01
      vertex   4.271189e+01 8.121369e+01 6.735578e+01
      vertex   4.475536e+01 8.475310e+01 6.663514e+01
    endloop
  endfacet
  facet normal -8.682409e-02 -1.503837e-01 -9.848078e-01
    outer loop
      vertex   2.854753e+01 7.838031e+01 6.903723e+01
      vertex   3.535899e+01 9.017810e+01 6.663514e+01
      vertex   3.721263e+01 8.438869e+01 6.735578e+01
    endloop
  endfacet
  facet normal -8.682409e-02 -1.503837e-01 -9.848078e-01
    outer loop
      vertex   3.721263e+01 8.438869e+01 6.735578e+01
      vertex   3.535899e+01 9.017810e+01 6.663514e+01
      vertex   3.925610e+01 8.792810e+01 6.663514e+01
    endloop
  endfacet
  facet normal 4.998446e-01 8.657562e-01 -2.493069e-02
    outer loop
      vertex   2.527267e+01 3.470809e+01 8.187359e+01
      vertex   8.818192e+00 4.420809e+01 8.187359e+01
      vertex   2.528289e+01 3.472579e+01 8.269307e+01
    endloop
  endfacet
  facet normal 4.998446e-01 8.657562e-01 -2.493069e-02
    outer loop
      vertex   2.528289e+01 3.472579e+01 8.269307e+01
      vertex   8.818192e+00 4.420809e+01 8.187359e+01
      vertex   8.828410e+00 4.422579e+01 8.269307e+01
    endloop
  endfacet
  facet normal 4.739637e-01 8.209292e-01 -3.184867e-01
    outer loop
      vertex   2.528289e+01 3.472579e+01 8.269307e+01
      vertex   8.828410e+00 4.422579e+01 8.269307e+01
      vertex   2.541343e+01 3.495189e+01 8.347012e+01
    endloop
  endfacet
  facet normal 4.739637e-01 8.209292e-01 -3.184867e-01
    outer loop
      vertex   2.541343e+01 3.495189e+01 8.347012e+01
      vertex   8.828410e+00 4.422579e+01 8.269307e+01
      vertex   8.958947e+00 4.445189e+01 8.347012e+01
    endloop
  endfacet
  facet normal 4.059690e-01 7.031589e-01 -5.837437e-01
    outer loop
      vertex   2.541343e+01 3.495189e+01 8.347012e+01
      vertex   8.958947e+00 4.445189e+01 8.347012e+01
      vertex   2.565269e+01 3.536629e+01 8.413569e+01
    endloop
  endfacet
  facet normal 4.059690e-01 7.031589e-01 -5.837437e-01
    outer loop
      vertex   2.565269e+01 3.536629e+01 8.413569e+01
      vertex   8.958947e+00 4.445189e+01 8.347012e+01
      vertex   9.198204e+00 4.486629e+01 8.413569e+01
    endloop
  endfacet
  facet normal 3.019022e-01 5.229100e-01 -7.971325e-01
    outer loop
      vertex   2.565269e+01 3.536629e+01 8.413569e+01
      vertex   9.198204e+00 4.486629e+01 8.413569e+01
      vertex   2.597940e+01 3.593218e+01 8.463065e+01
    endloop
  endfacet
  facet normal 3.019022e-01 5.229100e-01 -7.971325e-01
    outer loop
      vertex   2.597940e+01 3.593218e+01 8.463065e+01
      vertex   9.198204e+00 4.486629e+01 8.413569e+01
      vertex   9.524922e+00 4.543218e+01 8.463065e+01
    endloop
  endfacet
  facet normal 1.710101e-01 2.961981e-01 -9.396926e-01
    outer loop
      vertex   2.597940e+01 3.593218e+01 8.463065e+01
      vertex   9.524922e+00 4.543218e+01 8.463065e+01
      vertex   2.636455e+01 3.659928e+01 8.491101e+01
    endloop
  endfacet
  facet normal 1.710101e-01 2.961981e-01 -9.396926e-01
    outer loop
      vertex   2.636455e+01 3.659928e+01 8.491101e+01
      vertex   9.524922e+00 4.543218e+01 8.463065e+01
      vertex   9.910070e+00 4.609928e+01 8.491101e+01
    endloop
  endfacet
  facet normal 2.492294e-02 4.316780e-02 -9.987569e-01
    outer loop
      vertex   2.636455e+01 3.659928e+01 8.491101e+01
      vertex   9.910070e+00 4.609928e+01 8.491101e+01
      vertex   2.677391e+01 3.730831e+01 8.495187e+01
    endloop
  endfacet
  facet normal 2.492294e-02 4.316780e-02 -9.987569e-01
    outer loop
      vertex   2.677391e+01 3.730831e+01 8.495187e+01
      vertex   9.910070e+00 4.609928e+01 8.491101e+01
      vertex   1.031943e+01 4.680831e+01 8.495187e+01
    endloop
  endfacet
  facet normal -1.233787e-01 -2.136982e-01 -9.690773e-01
    outer loop
      vertex   2.677391e+01 3.730831e+01 8.495187e+01
      vertex   1.031943e+01 4.680831e+01 8.495187e+01
      vertex   2.717110e+01 3.799626e+01 8.474960e+01
    endloop
  endfacet
  facet normal -1.233787e-01 -2.136982e-01 -9.690773e-01
    outer loop
      vertex   2.717110e+01 3.799626e+01 8.474960e+01
      vertex   1.031943e+01 4.680831e+01 8.495187e+01
      vertex   1.071662e+01 4.749626e+01 8.474960e+01
    endloop
  endfacet
  facet normal -2.607176e-01 -4.515761e-01 -8.532909e-01
    outer loop
      vertex   2.717110e+01 3.799626e+01 8.474960e+01
      vertex   1.071662e+01 4.749626e+01 8.474960e+01
      vertex   2.752084e+01 3.860202e+01 8.432216e+01
    endloop
  endfacet
  facet normal -2.607176e-01 -4.515761e-01 -8.532909e-01
    outer loop
      vertex   2.752084e+01 3.860202e+01 8.432216e+01
      vertex   1.071662e+01 4.749626e+01 8.474960e+01
      vertex   1.106635e+01 4.810202e+01 8.432216e+01
    endloop
  endfacet
  facet normal -3.748906e-01 -6.493296e-01 -6.616858e-01
    outer loop
      vertex   2.752084e+01 3.860202e+01 8.432216e+01
      vertex   1.106635e+01 4.810202e+01 8.432216e+01
      vertex   2.779204e+01 3.907176e+01 8.370754e+01
    endloop
  endfacet
  facet normal -3.748906e-01 -6.493296e-01 -6.616858e-01
    outer loop
      vertex   2.779204e+01 3.907176e+01 8.370754e+01
      vertex   1.106635e+01 4.810202e+01 8.432216e+01
      vertex   1.133756e+01 4.857176e+01 8.370754e+01
    endloop
  endfacet
  facet normal -4.557529e-01 -7.893872e-01 -4.112871e-01
    outer loop
      vertex   2.779204e+01 3.907176e+01 8.370754e+01
      vertex   1.133756e+01 4.857176e+01 8.370754e+01
      vertex   2.796061e+01 3.936374e+01 8.296035e+01
    endloop
  endfacet
  facet normal -4.557529e-01 -7.893872e-01 -4.112871e-01
    outer loop
      vertex   2.796061e+01 3.936374e+01 8.296035e+01
      vertex   1.133756e+01 4.857176e+01 8.370754e+01
      vertex   1.150613e+01 4.886374e+01 8.296035e+01
    endloop
  endfacet
  facet normal -4.961196e-01 -8.593044e-01 -1.243437e-01
    outer loop
      vertex   2.796061e+01 3.936374e+01 8.296035e+01
      vertex   1.150613e+01 4.886374e+01 8.296035e+01
      vertex   2.801158e+01 3.945201e+01 8.214698e+01
    endloop
  endfacet
  facet normal -4.961196e-01 -8.593044e-01 -1.243437e-01
    outer loop
      vertex   2.801158e+01 3.945201e+01 8.214698e+01
      vertex   1.150613e+01 4.886374e+01 8.296035e+01
      vertex   1.155709e+01 4.895201e+01 8.214698e+01
    endloop
  endfacet
  facet normal -4.924039e-01 -8.528685e-01 1.736482e-01
    outer loop
      vertex   2.801158e+01 3.945201e+01 8.214698e+01
      vertex   1.155709e+01 4.895201e+01 8.214698e+01
      vertex   2.794040e+01 3.932873e+01 8.133970e+01
    endloop
  endfacet
  facet normal -4.924039e-01 -8.528685e-01 1.736482e-01
    outer loop
      vertex   2.794040e+01 3.932873e+01 8.133970e+01
      vertex   1.155709e+01 4.895201e+01 8.214698e+01
      vertex   1.148592e+01 4.882873e+01 8.133970e+01
    endloop
  endfacet
  facet normal -4.449359e-01 -7.706516e-01 4.562107e-01
    outer loop
      vertex   2.794040e+01 3.932873e+01 8.133970e+01
      vertex   1.148592e+01 4.882873e+01 8.133970e+01
      vertex   2.775342e+01 3.900487e+01 8.061024e+01
    endloop
  endfacet
  facet normal -4.449359e-01 -7.706516e-01 4.562107e-01
    outer loop
      vertex   2.775342e+01 3.900487e+01 8.061024e+01
      vertex   1.148592e+01 4.882873e+01 8.133970e+01
      vertex   1.129894e+01 4.850487e+01 8.061024e+01
    endloop
  endfacet
  facet normal -3.579334e-01 -6.199589e-01 6.982368e-01
    outer loop
      vertex   2.775342e+01 3.900487e+01 8.061024e+01
      vertex   1.129894e+01 4.850487e+01 8.061024e+01
      vertex   2.746723e+01 3.850918e+01 8.002342e+01
    endloop
  endfacet
  facet normal -3.579334e-01 -6.199589e-01 6.982368e-01
    outer loop
      vertex   2.746723e+01 3.850918e+01 8.002342e+01
      vertex   1.129894e+01 4.850487e+01 8.061024e+01
      vertex   1.101275e+01 4.800918e+01 8.002342e+01
    endloop
  endfacet
  facet normal -2.391270e-01 -4.141801e-01 8.782216e-01
    outer loop
      vertex   2.746723e+01 3.850918e+01 8.002342e+01
      vertex   1.101275e+01 4.800918e+01 8.002342e+01
      vertex   2.710728e+01 3.788572e+01 7.963138e+01
    endloop
  endfacet
  facet normal -2.391270e-01 -4.141801e-01 8.782216e-01
    outer loop
      vertex   2.710728e+01 3.788572e+01 7.963138e+01
      vertex   1.101275e+01 4.800918e+01 8.002342e+01
      vertex   1.065280e+01 4.738572e+01 7.963138e+01
    endloop
  endfacet
  facet normal -9.907307e-02 -1.715996e-01 9.801725e-01
    outer loop
      vertex   2.710728e+01 3.788572e+01 7.963138e+01
      vertex   1.065280e+01 4.738572e+01 7.963138e+01
      vertex   2.670554e+01 3.718989e+01 7.946896e+01
    endloop
  endfacet
  facet normal -9.907307e-02 -1.715996e-01 9.801725e-01
    outer loop
      vertex   2.670554e+01 3.718989e+01 7.946896e+01
      vertex   1.065280e+01 4.738572e+01 7.963138e+01
      vertex   1.025106e+01 4.668989e+01 7.946896e+01
    endloop
  endfacet
  facet normal 4.978392e-02 8.622828e-02 9.950308e-01
    outer loop
      vertex   2.670554e+01 3.718989e+01 7.946896e+01
      vertex   1.025106e+01 4.668989e+01 7.946896e+01
      vertex   2.629771e+01 3.648351e+01 7.955057e+01
    endloop
  endfacet
  facet normal 4.978392e-02 8.622828e-02 9.950308e-01
    outer loop
      vertex   2.629771e+01 3.648351e+01 7.955057e+01
      vertex   1.025106e+01 4.668989e+01 7.946896e+01
      vertex   9.843230e+00 4.598351e+01 7.955057e+01
    endloop
  endfacet
  facet normal 1.942174e-01 3.363944e-01 9.214762e-01
    outer loop
      vertex   2.629771e+01 3.648351e+01 7.955057e+01
      vertex   9.843230e+00 4.598351e+01 7.955057e+01
      vertex   2.592003e+01 3.582935e+01 7.986899e+01
    endloop
  endfacet
  facet normal 1.942174e-01 3.363944e-01 9.214762e-01
    outer loop
      vertex   2.592003e+01 3.582935e+01 7.986899e+01
      vertex   9.843230e+00 4.598351e+01 7.955057e+01
      vertex   9.465548e+00 4.532935e+01 7.986899e+01
    endloop
  endfacet
  facet normal 3.213938e-01 5.566704e-01 7.660444e-01
    outer loop
      vertex   2.592003e+01 3.582935e+01 7.986899e+01
      vertex   9.465548e+00 4.532935e+01 7.986899e+01
      vertex   2.560605e+01 3.528552e+01 8.039590e+01
    endloop
  endfacet
  facet normal 3.213938e-01 5.566704e-01 7.660444e-01
    outer loop
      vertex   2.560605e+01 3.528552e+01 8.039590e+01
      vertex   9.465548e+00 4.532935e+01 7.986899e+01
      vertex   9.151572e+00 4.478552e+01 8.039590e+01
    endloop
  endfacet
  facet normal 4.200130e-01 7.274838e-01 5.425463e-01
    outer loop
      vertex   2.560605e+01 3.528552e+01 8.039590e+01
      vertex   9.151572e+00 4.478552e+01 8.039590e+01
      vertex   2.538368e+01 3.490036e+01 8.108450e+01
    endloop
  endfacet
  facet normal 4.200130e-01 7.274838e-01 5.425463e-01
    outer loop
      vertex   2.538368e+01 3.490036e+01 8.108450e+01
      vertex   9.151572e+00 4.478552e+01 8.039590e+01
      vertex   8.929201e+00 4.440036e+01 8.108450e+01
    endloop
  endfacet
  facet normal 4.813121e-01 8.336571e-01 2.708405e-01
    outer loop
      vertex   2.538368e+01 3.490036e+01 8.108450e+01
      vertex   8.929201e+00 4.440036e+01 8.108450e+01
      vertex   2.527267e+01 3.470809e+01 8.187359e+01
    endloop
  endfacet
  facet normal 4.813121e-01 8.336571e-01 2.708405e-01
    outer loop
      vertex   2.527267e+01 3.470809e+01 8.187359e+01
      vertex   8.929201e+00 4.440036e+01 8.108450e+01
      vertex   8.818192e+00 4.420809e+01 8.187359e+01
    endloop
  endfacet
  facet normal 4.998446e-01 8.657562e-01 -2.493069e-02
    outer loop
      vertex   2.932727e+01 4.173086e+01 8.755171e+01
      vertex   1.287279e+01 5.123086e+01 8.755171e+01
      vertex   2.933749e+01 4.174856e+01 8.837119e+01
    endloop
  endfacet
  facet normal 4.998446e-01 8.657562e-01 -2.493069e-02
    outer loop
      vertex   2.933749e+01 4.174856e+01 8.837119e+01
      vertex   1.287279e+01 5.123086e+01 8.755171e+01
      vertex   1.288301e+01 5.124856e+01 8.837119e+01
    endloop
  endfacet
  facet normal 4.739637e-01 8.209292e-01 -3.184867e-01
    outer loop
      vertex   2.933749e+01 4.174856e+01 8.837119e+01
      vertex   1.288301e+01 5.124856e+01 8.837119e+01
      vertex   2.946803e+01 4.197465e+01 8.914823e+01
    endloop
  endfacet
  facet normal 4.739637e-01 8.209292e-01 -3.184867e-01
    outer loop
      vertex   2.946803e+01 4.197465e+01 8.914823e+01
      vertex   1.288301e+01 5.124856e+01 8.837119e+01
      vertex   1.301354e+01 5.147465e+01 8.914823e+01
    endloop
  endfacet
  facet normal 4.059690e-01 7.031589e-01 -5.837437e-01
    outer loop
      vertex   2.946803e+01 4.197465e+01 8.914823e+01
      vertex   1.301354e+01 5.147465e+01 8.914823e+01
      vertex   2.970728e+01 4.238906e+01 8.981381e+01
    endloop
  endfacet
  facet normal 4.059690e-01 7.031589e-01 -5.837437e-01
    outer loop
      vertex   2.970728e+01 4.238906e+01 8.981381e+01
      vertex   1.301354e+01 5.147465e+01 8.914823e+01
      vertex   1.325280e+01 5.188906e+01 8.981381e+01
    endloop
  endfacet
  facet normal 3.019022e-01 5.229100e-01 -7.971325e-01
    outer loop
      vertex   2.970728e+01 4.238906e+01 8.981381e+01
      vertex   1.325280e+01 5.188906e+01 8.981381e+01
      vertex   3.003400e+01 4.295495e+01 9.030876e+01
    endloop
  endfacet
  facet normal 3.019022e-01 5.229100e-01 -7.971325e-01
    outer loop
      vertex   3.003400e+01 4.295495e+01 9.030876e+01
      vertex   1.325280e+01 5.188906e+01 8.981381e+01
      vertex   1.357952e+01 5.245495e+01 9.030876e+01
    endloop
  endfacet
  facet normal 1.710101e-01 2.961981e-01 -9.396926e-01
    outer loop
      vertex   3.003400e+01 4.295495e+01 9.030876e+01
      vertex   1.357952e+01 5.245495e+01 9.030876e+01
      vertex   3.041915e+01 4.362205e+01 9.058913e+01
    endloop
  endfacet
  facet normal 1.710101e-01 2.961981e-01 -9.396926e-01
    outer loop
      vertex   3.041915e+01 4.362205e+01 9.058913e+01
      vertex   1.357952e+01 5.245495e+01 9.030876e+01
      vertex   1.396467e+01 5.312205e+01 9.058913e+01
    endloop
  endfacet
  facet normal 2.492294e-02 4.316780e-02 -9.987569e-01
    outer loop
      vertex   3.041915e+01 4.362205e+01 9.058913e+01
      vertex   1.396467e+01 5.312205e+01 9.058913e+01
      vertex   3.082851e+01 4.433107e+01 9.062999e+01
    endloop
  endfacet
  facet normal 2.492294e-02 4.316780e-02 -9.987569e-01
    outer loop
      vertex   3.082851e+01 4.433107e+01 9.062999e+01
      vertex   1.396467e+01 5.312205e+01 9.058913e+01
      vertex   1.437402e+01 5.383107e+01 9.062999e+01
    endloop
  endfacet
  facet normal -1.233787e-01 -2.136982e-01 -9.690773e-01
    outer loop
      vertex   3.082851e+01 4.433107e+01 9.062999e+01
      vertex   1.437402e+01 5.383107e+01 9.062999e+01
      vertex   3.122570e+01 4.501903e+01 9.042771e+01
    endloop
  endfacet
  facet normal -1.233787e-01 -2.136982e-01 -9.690773e-01
    outer loop
      vertex   3.122570e+01 4.501903e+01 9.042771e+01
      vertex   1.437402e+01 5.383107e+01 9.062999e+01
      vertex   1.477121e+01 5.451903e+01 9.042771e+01
    endloop
  endfacet
  facet normal -2.607176e-01 -4.515761e-01 -8.532909e-01
    outer loop
      vertex   3.122570e+01 4.501903e+01 9.042771e+01
      vertex   1.477121e+01 5.451903e+01 9.042771e+01
      vertex   3.157543e+01 4.562479e+01 9.000028e+01
    endloop
  endfacet
  facet normal -2.607176e-01 -4.515761e-01 -8.532909e-01
    outer loop
      vertex   3.157543e+01 4.562479e+01 9.000028e+01
      vertex   1.477121e+01 5.451903e+01 9.042771e+01
      vertex   1.512095e+01 5.512479e+01 9.000028e+01
    endloop
  endfacet
  facet normal -3.748906e-01 -6.493296e-01 -6.616858e-01
    outer loop
      vertex   3.157543e+01 4.562479e+01 9.000028e+01
      vertex   1.512095e+01 5.512479e+01 9.000028e+01
      vertex   3.184664e+01 4.609453e+01 8.938566e+01
    endloop
  endfacet
  facet normal -3.748906e-01 -6.493296e-01 -6.616858e-01
    outer loop
      vertex   3.184664e+01 4.609453e+01 8.938566e+01
      vertex   1.512095e+01 5.512479e+01 9.000028e+01
      vertex   1.539215e+01 5.559453e+01 8.938566e+01
    endloop
  endfacet
  facet normal -4.557529e-01 -7.893872e-01 -4.112871e-01
    outer loop
      vertex   3.184664e+01 4.609453e+01 8.938566e+01
      vertex   1.539215e+01 5.559453e+01 8.938566e+01
      vertex   3.201521e+01 4.638650e+01 8.863847e+01
    endloop
  endfacet
  facet normal -4.557529e-01 -7.893872e-01 -4.112871e-01
    outer loop
      vertex   3.201521e+01 4.638650e+01 8.863847e+01
      vertex   1.539215e+01 5.559453e+01 8.938566e+01
      vertex   1.556073e+01 5.588650e+01 8.863847e+01
    endloop
  endfacet
  facet normal -4.961196e-01 -8.593044e-01 -1.243437e-01
    outer loop
      vertex   3.201521e+01 4.638650e+01 8.863847e+01
      vertex   1.556073e+01 5.588650e+01 8.863847e+01
      vertex   3.206617e+01 4.647478e+01 8.782510e+01
    endloop
  endfacet
  facet normal -4.961196e-01 -8.593044e-01 -1.243437e-01
    outer loop
      vertex   3.206617e+01 4.647478e+01 8.782510e+01
      vertex   1.556073e+01 5.588650e+01 8.863847e+01
      vertex   1.561169e+01 5.597478e+01 8.782510e+01
    endloop
  endfacet
  facet normal -4.924039e-01 -8.528685e-01 1.736482e-01
    outer loop
      vertex   3.206617e+01 4.647478e+01 8.782510e+01
      vertex   1.561169e+01 5.597478e+01 8.782510e+01
      vertex   3.199500e+01 4.635150e+01 8.701782e+01
    endloop
  endfacet
  facet normal -4.924039e-01 -8.528685e-01 1.736482e-01
    outer loop
      vertex   3.199500e+01 4.635150e+01 8.701782e+01
      vertex   1.561169e+01 5.597478e+01 8.782510e+01
      vertex   1.554052e+01 5.585150e+01 8.701782e+01
    endloop
  endfacet
  facet normal -4.449359e-01 -7.706516e-01 4.562107e-01
    outer loop
      vertex   3.199500e+01 4.635150e+01 8.701782e+01
      vertex   1.554052e+01 5.585150e+01 8.701782e+01
      vertex   3.180801e+01 4.602763e+01 8.628836e+01
    endloop
  endfacet
  facet normal -4.449359e-01 -7.706516e-01 4.562107e-01
    outer loop
      vertex   3.180801e+01 4.602763e+01 8.628836e+01
      vertex   1.554052e+01 5.585150e+01 8.701782e+01
      vertex   1.535353e+01 5.552763e+01 8.628836e+01
    endloop
  endfacet
  facet normal -3.579334e-01 -6.199589e-01 6.982368e-01
    outer loop
      vertex   3.180801e+01 4.602763e+01 8.628836e+01
      vertex   1.535353e+01 5.552763e+01 8.628836e+01
      vertex   3.152183e+01 4.553195e+01 8.570154e+01
    endloop
  endfacet
  facet normal -3.579334e-01 -6.199589e-01 6.982368e-01
    outer loop
      vertex   3.152183e+01 4.553195e+01 8.570154e+01
      vertex   1.535353e+01 5.552763e+01 8.628836e+01
      vertex   1.506735e+01 5.503195e+01 8.570154e+01
    endloop
  endfacet
  facet normal -2.391270e-01 -4.141801e-01 8.782216e-01
    outer loop
      vertex   3.152183e+01 4.553195e+01 8.570154e+01
      vertex   1.506735e+01 5.503195e+01 8.570154e+01
      vertex   3.116188e+01 4.490849e+01 8.530950e+01
    endloop
  endfacet
  facet normal -2.391270e-01 -4.141801e-01 8.782216e-01
    outer loop
      vertex   3.116188e+01 4.490849e+01 8.530950e+01
      vertex   1.506735e+01 5.503195e+01 8.570154e+01
      vertex   1.470739e+01 5.440849e+01 8.530950e+01
    endloop
  endfacet
  facet normal -9.907307e-02 -1.715996e-01 9.801725e-01
    outer loop
      vertex   3.116188e+01 4.490849e+01 8.530950e+01
      vertex   1.470739e+01 5.440849e+01 8.530950e+01
      vertex   3.076014e+01 4.421266e+01 8.514707e+01
    endloop
  endfacet
  facet normal -9.907307e-02 -1.715996e-01 9.801725e-01
    outer loop
      vertex   3.076014e+01 4.421266e+01 8.514707e+01
      vertex   1.470739e+01 5.440849e+01 8.530950e+01
      vertex   1.430566e+01 5.371266e+01 8.514707e+01
    endloop
  endfacet
  facet normal 4.978392e-02 8.622828e-02 9.950308e-01
    outer loop
      vertex   3.076014e+01 4.421266e+01 8.514707e+01
      vertex   1.430566e+01 5.371266e+01 8.514707e+01
      vertex   3.035231e+01 4.350628e+01 8.522869e+01
    endloop
  endfacet
  facet normal 4.978392e-02 8.622828e-02 9.950308e-01
    outer loop
      vertex   3.035231e+01 4.350628e+01 8.522869e+01
      vertex   1.430566e+01 5.371266e+01 8.514707e+01
      vertex   1.389783e+01 5.300628e+01 8.522869e+01
    endloop
  endfacet
  facet normal 1.942174e-01 3.363944e-01 9.214762e-01
    outer loop
      vertex   3.035231e+01 4.350628e+01 8.522869e+01
      vertex   1.389783e+01 5.300628e+01 8.522869e+01
      vertex   2.997463e+01 4.285211e+01 8.554710e+01
    endloop
  endfacet
  facet normal 1.942174e-01 3.363944e-01 9.214762e-01
    outer loop
      vertex   2.997463e+01 4.285211e+01 8.554710e+01
      vertex   1.389783e+01 5.300628e+01 8.522869e+01
      vertex   1.352014e+01 5.235211e+01 8.554710e+01
    endloop
  endfacet
  facet normal 3.213938e-01 5.566704e-01 7.660444e-01
    outer loop
      vertex   2.997463e+01 4.285211e+01 8.554710e+01
      vertex   1.352014e+01 5.235211e+01 8.554710e+01
      vertex   2.966065e+01 4.230829e+01 8.607402e+01
    endloop
  endfacet
  facet normal 3.213938e-01 5.566704e-01 7.660444e-01
    outer loop
      vertex   2.966065e+01 4.230829e+01 8.607402e+01
      vertex   1.352014e+01 5.235211e+01 8.554710e+01
      vertex   1.320617e+01 5.180829e+01 8.607402e+01
    endloop
  endfacet
  facet normal 4.200130e-01 7.274838e-01 5.425463e-01
    outer loop
      vertex   2.966065e+01 4.230829e+01 8.607402e+01
      vertex   1.320617e+01 5.180829e+01 8.607402e+01
      vertex   2.943828e+01 4.192313e+01 8.676261e+01
    endloop
  endfacet
  facet normal 4.200130e-01 7.274838e-01 5.425463e-01
    outer loop
      vertex   2.943828e+01 4.192313e+01 8.676261e+01
      vertex   1.320617e+01 5.180829e+01 8.607402e+01
      vertex   1.298380e+01 5.142313e+01 8.676261e+01
    endloop
  endfacet
  facet normal 4.813121e-01 8.336571e-01 2.708405e-01
    outer loop
      vertex   2.943828e+01 4.192313e+01 8.676261e+01
      vertex   1.298380e+01 5.142313e+01 8.676261e+01
      vertex   2.932727e+01 4.173086e+01 8.755171e+01
    endloop
  endfacet
  facet normal 4.813121e-01 8.336571e-01 2.708405e-01
    outer loop
      vertex   2.932727e+01 4.173086e+01 8.755171e+01
      vertex   1.298380e+01 5.142313e+01 8.676261e+01
      vertex   1.287279e+01 5.123086e+01 8.755171e+01
    endloop
  endfacet
  facet normal 4.998446e-01 8.657562e-01 -2.493069e-02
    outer loop
      vertex   2.811173e+01 3.962549e+01 7.376440e+01
      vertex   1.165725e+01 4.912549e+01 7.376440e+01
      vertex   2.812195e+01 3.964318e+01 7.458388e+01
    endloop
  endfacet
  facet normal 4.998446e-01 8.657562e-01 -2.493069e-02
    outer loop
      vertex   2.812195e+01 3.964318e+01 7.458388e+01
      vertex   1.165725e+01 4.912549e+01 7.376440e+01
      vertex   1.166747e+01 4.914318e+01 7.458388e+01
    endloop
  endfacet
  facet normal 4.739637e-01 8.209292e-01 -3.184867e-01
    outer loop
      vertex   2.812195e+01 3.964318e+01 7.458388e+01
      vertex   1.166747e+01 4.914318e+01 7.458388e+01
      vertex   2.825249e+01 3.986928e+01 7.536093e+01
    endloop
  endfacet
  facet normal 4.739637e-01 8.209292e-01 -3.184867e-01
    outer loop
      vertex   2.825249e+01 3.986928e+01 7.536093e+01
      vertex   1.166747e+01 4.914318e+01 7.458388e+01
      vertex   1.179801e+01 4.936928e+01 7.536093e+01
    endloop
  endfacet
  facet normal 4.059690e-01 7.031589e-01 -5.837437e-01
    outer loop
      vertex   2.825249e+01 3.986928e+01 7.536093e+01
      vertex   1.179801e+01 4.936928e+01 7.536093e+01
      vertex   2.849175e+01 4.028369e+01 7.602650e+01
    endloop
  endfacet
  facet normal 4.059690e-01 7.031589e-01 -5.837437e-01
    outer loop
      vertex   2.849175e+01 4.028369e+01 7.602650e+01
      vertex   1.179801e+01 4.936928e+01 7.536093e+01
      vertex   1.203726e+01 4.978369e+01 7.602650e+01
    endloop
  endfacet
  facet normal 3.019022e-01 5.229100e-01 -7.971325e-01
    outer loop
      vertex   2.849175e+01 4.028369e+01 7.602650e+01
      vertex   1.203726e+01 4.978369e+01 7.602650e+01
      vertex   2.881846e+01 4.084958e+01 7.652146e+01
    endloop
  endfacet
  facet normal 3.019022e-01 5.229100e-01 -7.971325e-01
    outer loop
      vertex   2.881846e+01 4.084958e+01 7.652146e+01
      vertex   1.203726e+01 4.978369e+01 7.602650e+01
      vertex   1.236398e+01 5.034958e+01 7.652146e+01
    endloop
  endfacet
  facet normal 1.710101e-01 2.961981e-01 -9.396926e-01
    outer loop
      vertex   2.881846e+01 4.084958e+01 7.652146e+01
      vertex   1.236398e+01 5.034958e+01 7.652146e+01
      vertex   2.920361e+01 4.151667e+01 7.680182e+01
    endloop
  endfacet
  facet normal 1.710101e-01 2.961981e-01 -9.396926e-01
    outer loop
      vertex   2.920361e+01 4.151667e+01 7.680182e+01
      vertex   1.236398e+01 5.034958e+01 7.652146e+01
      vertex   1.274913e+01 5.101667e+01 7.680182e+01
    endloop
  endfacet
  facet normal 2.492294e-02 4.316780e-02 -9.987569e-01
    outer loop
      vertex   2.920361e+01 4.151667e+01 7.680182e+01
      vertex   1.274913e+01 5.101667e+01 7.680182e+01
      vertex   2.961297e+01 4.222570e+01 7.684268e+01
    endloop
  endfacet
  facet normal 2.492294e-02 4.316780e-02 -9.987569e-01
    outer loop
      vertex   2.961297e+01 4.222570e+01 7.684268e+01
      vertex   1.274913e+01 5.101667e+01 7.680182e+01
      vertex   1.315849e+01 5.172570e+01 7.684268e+01
    endloop
  endfacet
  facet normal -1.233787e-01 -2.136982e-01 -9.690773e-01
    outer loop
      vertex   2.961297e+01 4.222570e+01 7.684268e+01
      vertex   1.315849e+01 5.172570e+01 7.684268e+01
      vertex   3.001016e+01 4.291366e+01 7.664041e+01
    endloop
  endfacet
  facet normal -1.233787e-01 -2.136982e-01 -9.690773e-01
    outer loop
      vertex   3.001016e+01 4.291366e+01 7.664041e+01
      vertex   1.315849e+01 5.172570e+01 7.684268e+01
      vertex   1.355568e+01 5.241366e+01 7.664041e+01
    endloop
  endfacet
  facet normal -2.607176e-01 -4.515761e-01 -8.532909e-01
    outer loop
      vertex   3.001016e+01 4.291366e+01 7.664041e+01
      vertex   1.355568e+01 5.241366e+01 7.664041e+01
      vertex   3.035990e+01 4.351942e+01 7.621297e+01
    endloop
  endfacet
  facet normal -2.607176e-01 -4.515761e-01 -8.532909e-01
    outer loop
      vertex   3.035990e+01 4.351942e+01 7.621297e+01
      vertex   1.355568e+01 5.241366e+01 7.664041e+01
      vertex   1.390541e+01 5.301942e+01 7.621297e+01
    endloop
  endfacet
  facet normal -3.748906e-01 -6.493296e-01 -6.616858e-01
    outer loop
      vertex   3.035990e+01 4.351942e+01 7.621297e+01
      vertex   1.390541e+01 5.301942e+01 7.621297e+01
      vertex   3.063110e+01 4.398915e+01 7.559835e+01
    endloop
  endfacet
  facet normal -3.748906e-01 -6.493296e-01 -6.616858e-01
    outer loop
      vertex   3.063110e+01 4.398915e+01 7.559835e+01
      vertex   1.390541e+01 5.301942e+01 7.621297e+01
      vertex   1.417662e+01 5.348915e+01 7.559835e+01
    endloop
  endfacet
  facet normal -4.557529e-01 -7.893872e-01 -4.112871e-01
    outer loop
      vertex   3.063110e+01 4.398915e+01 7.559835e+01
      vertex   1.417662e+01 5.348915e+01 7.559835e+01
      vertex   3.079967e+01 4.428113e+01 7.485116e+01
    endloop
  endfacet
  facet normal -4.557529e-01 -7.893872e-01 -4.112871e-01
    outer loop
      vertex   3.079967e+01 4.428113e+01 7.485116e+01
      vertex   1.417662e+01 5.348915e+01 7.559835e+01
      vertex   1.434519e+01 5.378113e+01 7.485116e+01
    endloop
  endfacet
  facet normal -4.961196e-01 -8.593044e-01 -1.243437e-01
    outer loop
      vertex   3.079967e+01 4.428113e+01 7.485116e+01
      vertex   1.434519e+01 5.378113e+01 7.485116e+01
      vertex   3.085063e+01 4.436940e+01 7.403779e+01
    endloop
  endfacet
  facet normal -4.961196e-01 -8.593044e-01 -1.243437e-01
    outer loop
      vertex   3.085063e+01 4.436940e+01 7.403779e+01
      vertex   1.434519e+01 5.378113e+01 7.485116e+01
      vertex   1.439615e+01 5.386940e+01 7.403779e+01
    endloop
  endfacet
  facet normal -4.924039e-01 -8.528685e-01 1.736482e-01
    outer loop
      vertex   3.085063e+01 4.436940e+01 7.403779e+01
      vertex   1.439615e+01 5.386940e+01 7.403779e+01
      vertex   3.077946e+01 4.424613e+01 7.323051e+01
    endloop
  endfacet
  facet normal -4.924039e-01 -8.528685e-01 1.736482e-01
    outer loop
      vertex   3.077946e+01 4.424613e+01 7.323051e+01
      vertex   1.439615e+01 5.386940e+01 7.403779e+01
      vertex   1.432498e+01 5.374613e+01 7.323051e+01
    endloop
  endfacet
  facet normal -4.449359e-01 -7.706516e-01 4.562107e-01
    outer loop
      vertex   3.077946e+01 4.424613e+01 7.323051e+01
      vertex   1.432498e+01 5.374613e+01 7.323051e+01
      vertex   3.059248e+01 4.392226e+01 7.250105e+01
    endloop
  endfacet
  facet normal -4.449359e-01 -7.706516e-01 4.562107e-01
    outer loop
      vertex   3.059248e+01 4.392226e+01 7.250105e+01
      vertex   1.432498e+01 5.374613e+01 7.323051e+01
      vertex   1.413799e+01 5.342226e+01 7.250105e+01
    endloop
  endfacet
  facet normal -3.579334e-01 -6.199589e-01 6.982368e-01
    outer loop
      vertex   3.059248e+01 4.392226e+01 7.250105e+01
      vertex   1.413799e+01 5.342226e+01 7.250105e+01
      vertex   3.030629e+01 4.342658e+01 7.191423e+01
    endloop
  endfacet
  facet normal -3.579334e-01 -6.199589e-01 6.982368e-01
    outer loop
      vertex   3.030629e+01 4.342658e+01 7.191423e+01
      vertex   1.413799e+01 5.342226e+01 7.250105e+01
      vertex   1.385181e+01 5.292658e+01 7.191423e+01
    endloop
  endfacet
  facet normal -2.391270e-01 -4.141801e-01 8.782216e-01
    outer loop
      vertex   3.030629e+01 4.342658e+01 7.191423e+01
      vertex   1.385181e+01 5.292658e+01 7.191423e+01
      vertex   2.994634e+01 4.280312e+01 7.152219e+01
    endloop
  endfacet
  facet normal -2.391270e-01 -4.141801e-01 8.782216e-01
    outer loop
      vertex   2.994634e+01 4.280312e+01 7.152219e+01
      vertex   1.385181e+01 5.292658e+01 7.191423e+01
      vertex   1.349186e+01 5.230312e+01 7.152219e+01
    endloop
  endfacet
  facet normal -9.907307e-02 -1.715996e-01 9.801725e-01
    outer loop
      vertex   2.994634e+01 4.280312e+01 7.152219e+01
      vertex   1.349186e+01 5.230312e+01 7.152219e+01
      vertex   2.954460e+01 4.210728e+01 7.135976e+01
    endloop
  endfacet
  facet normal -9.907307e-02 -1.715996e-01 9.801725e-01
    outer loop
      vertex   2.954460e+01 4.210728e+01 7.135976e+01
      vertex   1.349186e+01 5.230312e+01 7.152219e+01
      vertex   1.309012e+01 5.160728e+01 7.135976e+01
    endloop
  endfacet
  facet normal 4.978392e-02 8.622828e-02 9.950308e-01
    outer loop
      vertex   2.954460e+01 4.210728e+01 7.135976e+01
      vertex   1.309012e+01 5.160728e+01 7.135976e+01
      vertex   2.913677e+01 4.140090e+01 7.144138e+01
    endloop
  endfacet
  facet normal 4.978392e-02 8.622828e-02 9.950308e-01
    outer loop
      vertex   2.913677e+01 4.140090e+01 7.144138e+01
      vertex   1.309012e+01 5.160728e+01 7.135976e+01
      vertex   1.268229e+01 5.090090e+01 7.144138e+01
    endloop
  endfacet
  facet normal 1.942174e-01 3.363944e-01 9.214762e-01
    outer loop
      vertex   2.913677e+01 4.140090e+01 7.144138e+01
      vertex   1.268229e+01 5.090090e+01 7.144138e+01
      vertex   2.875909e+01 4.074674e+01 7.175980e+01
    endloop
  endfacet
  facet normal 1.942174e-01 3.363944e-01 9.214762e-01
    outer loop
      vertex   2.875909e+01 4.074674e+01 7.175980e+01
      vertex   1.268229e+01 5.090090e+01 7.144138e+01
      vertex   1.230461e+01 5.024674e+01 7.175980e+01
    endloop
  endfacet
  facet normal 3.213938e-01 5.566704e-01 7.660444e-01
    outer loop
      vertex   2.875909e+01 4.074674e+01 7.175980e+01
      vertex   1.230461e+01 5.024674e+01 7.175980e+01
      vertex   2.844511e+01 4.020292e+01 7.228671e+01
    endloop
  endfacet
  facet normal 3.213938e-01 5.566704e-01 7.660444e-01
    outer loop
      vertex   2.844511e+01 4.020292e+01 7.228671e+01
      vertex   1.230461e+01 5.024674e+01 7.175980e+01
      vertex   1.199063e+01 4.970292e+01 7.228671e+01
    endloop
  endfacet
  facet normal 4.200130e-01 7.274838e-01 5.425463e-01
    outer loop
      vertex   2.844511e+01 4.020292e+01 7.228671e+01
      vertex   1.199063e+01 4.970292e+01 7.228671e+01
      vertex   2.822274e+01 3.981776e+01 7.297531e+01
    endloop
  endfacet
  facet normal 4.200130e-01 7.274838e-01 5.425463e-01
    outer loop
      vertex   2.822274e+01 3.981776e+01 7.297531e+01
      vertex   1.199063e+01 4.970292e+01 7.228671e+01
      vertex   1.176826e+01 4.931776e+01 7.297531e+01
    endloop
  endfacet
  facet normal 4.813121e-01 8.336571e-01 2.708405e-01
    outer loop
      vertex   2.822274e+01 3.981776e+01 7.297531e+01
      vertex   1.176826e+01 4.931776e+01 7.297531e+01
      vertex   2.811173e+01 3.962549e+01 7.376440e+01
    endloop
  endfacet
  facet normal 4.813121e-01 8.336571e-01 2.708405e-01
    outer loop
      vertex   2.811173e+01 3.962549e+01 7.376440e+01
      vertex   1.176826e+01 4.931776e+01 7.297531e+01
      vertex   1.165725e+01 4.912549e+01 7.376440e+01
    endloop
  endfacet
  facet normal 4.998446e-01 8.657562e-01 -2.493069e-02
    outer loop
      vertex   3.216633e+01 4.664825e+01 7.944252e+01
      vertex   1.571185e+01 5.614825e+01 7.944252e+01
      vertex   3.217655e+01 4.666595e+01 8.026200e+01
    endloop
  endfacet
  facet normal 4.998446e-01 8.657562e-01 -2.493069e-02
    outer loop
      vertex   3.217655e+01 4.666595e+01 8.026200e+01
      vertex   1.571185e+01 5.614825e+01 7.944252e+01
      vertex   1.572206e+01 5.616595e+01 8.026200e+01
    endloop
  endfacet
  facet normal 4.739637e-01 8.209292e-01 -3.184867e-01
    outer loop
      vertex   3.217655e+01 4.666595e+01 8.026200e+01
      vertex   1.572206e+01 5.616595e+01 8.026200e+01
      vertex   3.230708e+01 4.689205e+01 8.103904e+01
    endloop
  endfacet
  facet normal 4.739637e-01 8.209292e-01 -3.184867e-01
    outer loop
      vertex   3.230708e+01 4.689205e+01 8.103904e+01
      vertex   1.572206e+01 5.616595e+01 8.026200e+01
      vertex   1.585260e+01 5.639205e+01 8.103904e+01
    endloop
  endfacet
  facet normal 4.059690e-01 7.031589e-01 -5.837437e-01
    outer loop
      vertex   3.230708e+01 4.689205e+01 8.103904e+01
      vertex   1.585260e+01 5.639205e+01 8.103904e+01
      vertex   3.254634e+01 4.730645e+01 8.170461e+01
    endloop
  endfacet
  facet normal 4.059690e-01 7.031589e-01 -5.837437e-01
    outer loop
      vertex   3.254634e+01 4.730645e+01 8.170461e+01
      vertex   1.585260e+01 5.639205e+01 8.103904e+01
      vertex   1.609186e+01 5.680645e+01 8.170461e+01
    endloop
  endfacet
  facet normal 3.019022e-01 5.229100e-01 -7.971325e-01
    outer loop
      vertex   3.254634e+01 4.730645e+01 8.170461e+01
      vertex   1.609186e+01 5.680645e+01 8.170461e+01
      vertex   3.287306e+01 4.787234e+01 8.219957e+01
    endloop
  endfacet
  facet normal 3.019022e-01 5.229100e-01 -7.971325e-01
    outer loop
      vertex   3.287306e+01 4.787234e+01 8.219957e+01
      vertex   1.609186e+01 5.680645e+01 8.170461e+01
      vertex   1.641858e+01 5.737234e+01 8.219957e+01
    endloop
  endfacet
  facet normal 1.710101e-01 2.961981e-01 -9.396926e-01
    outer loop
      vertex   3.287306e+01 4.787234e+01 8.219957e+01
      vertex   1.641858e+01 5.737234e+01 8.219957e+01
      vertex   3.325821e+01 4.853944e+01 8.247994e+01
    endloop
  endfacet
  facet normal 1.710101e-01 2.961981e-01 -9.396926e-01
    outer loop
      vertex   3.325821e+01 4.853944e+01 8.247994e+01
      vertex   1.641858e+01 5.737234e+01 8.219957e+01
      vertex   1.680372e+01 5.803944e+01 8.247994e+01
    endloop
  endfacet
  facet normal 2.492294e-02 4.316780e-02 -9.987569e-01
    outer loop
      vertex   3.325821e+01 4.853944e+01 8.247994e+01
      vertex   1.680372e+01 5.803944e+01 8.247994e+01
      vertex   3.366756e+01 4.924847e+01 8.252080e+01
    endloop
  endfacet
  facet normal 2.492294e-02 4.316780e-02 -9.987569e-01
    outer loop
      vertex   3.366756e+01 4.924847e+01 8.252080e+01
      vertex   1.680372e+01 5.803944e+01 8.247994e+01
      vertex   1.721308e+01 5.874847e+01 8.252080e+01
    endloop
  endfacet
  facet normal -1.233787e-01 -2.136982e-01 -9.690773e-01
    outer loop
      vertex   3.366756e+01 4.924847e+01 8.252080e+01
      vertex   1.721308e+01 5.874847e+01 8.252080e+01
      vertex   3.406476e+01 4.993642e+01 8.231852e+01
    endloop
  endfacet
  facet normal -1.233787e-01 -2.136982e-01 -9.690773e-01
    outer loop
      vertex   3.406476e+01 4.993642e+01 8.231852e+01
      vertex   1.721308e+01 5.874847e+01 8.252080e+01
      vertex   1.761027e+01 5.943642e+01 8.231852e+01
    endloop
  endfacet
  facet normal -2.607176e-01 -4.515761e-01 -8.532909e-01
    outer loop
      vertex   3.406476e+01 4.993642e+01 8.231852e+01
      vertex   1.761027e+01 5.943642e+01 8.231852e+01
      vertex   3.441449e+01 5.054218e+01 8.189109e+01
    endloop
  endfacet
  facet normal -2.607176e-01 -4.515761e-01 -8.532909e-01
    outer loop
      vertex   3.441449e+01 5.054218e+01 8.189109e+01
      vertex   1.761027e+01 5.943642e+01 8.231852e+01
      vertex   1.796001e+01 6.004218e+01 8.189109e+01
    endloop
  endfacet
  facet normal -3.748906e-01 -6.493296e-01 -6.616858e-01
    outer loop
      vertex   3.441449e+01 5.054218e+01 8.189109e+01
      vertex   1.796001e+01 6.004218e+01 8.189109e+01
      vertex   3.468569e+01 5.101192e+01 8.127647e+01
    endloop
  endfacet
  facet normal -3.748906e-01 -6.493296e-01 -6.616858e-01
    outer loop
      vertex   3.468569e+01 5.101192e+01 8.127647e+01
      vertex   1.796001e+01 6.004218e+01 8.189109e+01
      vertex   1.823121e+01 6.051192e+01 8.127647e+01
    endloop
  endfacet
  facet normal -4.557529e-01 -7.893872e-01 -4.112871e-01
    outer loop
      vertex   3.468569e+01 5.101192e+01 8.127647e+01
      vertex   1.823121e+01 6.051192e+01 8.127647e+01
      vertex   3.485427e+01 5.130390e+01 8.052927e+01
    endloop
  endfacet
  facet normal -4.557529e-01 -7.893872e-01 -4.112871e-01
    outer loop
      vertex   3.485427e+01 5.130390e+01 8.052927e+01
      vertex   1.823121e+01 6.051192e+01 8.127647e+01
      vertex   1.839978e+01 6.080390e+01 8.052927e+01
    endloop
  endfacet
  facet normal -4.961196e-01 -8.593044e-01 -1.243437e-01
    outer loop
      vertex   3.485427e+01 5.130390e+01 8.052927e+01
      vertex   1.839978e+01 6.080390e+01 8.052927e+01
      vertex   3.490523e+01 5.139217e+01 7.971590e+01
    endloop
  endfacet
  facet normal -4.961196e-01 -8.593044e-01 -1.243437e-01
    outer loop
      vertex   3.490523e+01 5.139217e+01 7.971590e+01
      vertex   1.839978e+01 6.080390e+01 8.052927e+01
      vertex   1.845075e+01 6.089217e+01 7.971590e+01
    endloop
  endfacet
  facet normal -4.924039e-01 -8.528685e-01 1.736482e-01
    outer loop
      vertex   3.490523e+01 5.139217e+01 7.971590e+01
      vertex   1.845075e+01 6.089217e+01 7.971590e+01
      vertex   3.483406e+01 5.126889e+01 7.890862e+01
    endloop
  endfacet
  facet normal -4.924039e-01 -8.528685e-01 1.736482e-01
    outer loop
      vertex   3.483406e+01 5.126889e+01 7.890862e+01
      vertex   1.845075e+01 6.089217e+01 7.971590e+01
      vertex   1.837958e+01 6.076889e+01 7.890862e+01
    endloop
  endfacet
  facet normal -4.449359e-01 -7.706516e-01 4.562107e-01
    outer loop
      vertex   3.483406e+01 5.126889e+01 7.890862e+01
      vertex   1.837958e+01 6.076889e+01 7.890862e+01
      vertex   3.464707e+01 5.094503e+01 7.817917e+01
    endloop
  endfacet
  facet normal -4.449359e-01 -7.706516e-01 4.562107e-01
    outer loop
      vertex   3.464707e+01 5.094503e+01 7.817917e+01
      vertex   1.837958e+01 6.076889e+01 7.890862e+01
      vertex   1.819259e+01 6.044503e+01 7.817917e+01
    endloop
  endfacet
  facet normal -3.579334e-01 -6.199589e-01 6.982368e-01
    outer loop
      vertex   3.464707e+01 5.094503e+01 7.817917e+01
      vertex   1.819259e+01 6.044503e+01 7.817917e+01
      vertex   3.436089e+01 5.044934e+01 7.759235e+01
    endloop
  endfacet
  facet normal -3.579334e-01 -6.199589e-01 6.982368e-01
    outer loop
      vertex   3.436089e+01 5.044934e+01 7.759235e+01
      vertex   1.819259e+01 6.044503e+01 7.817917e+01
      vertex   1.790641e+01 5.994934e+01 7.759235e+01
    endloop
  endfacet
  facet normal -2.391270e-01 -4.141801e-01 8.782216e-01
    outer loop
      vertex   3.436089e+01 5.044934e+01 7.759235e+01
      vertex   1.790641e+01 5.994934e+01 7.759235e+01
      vertex   3.400094e+01 4.982588e+01 7.720031e+01
    endloop
  endfacet
  facet normal -2.391270e-01 -4.141801e-01 8.782216e-01
    outer loop
      vertex   3.400094e+01 4.982588e+01 7.720031e+01
      vertex   1.790641e+01 5.994934e+01 7.759235e+01
      vertex   1.754645e+01 5.932588e+01 7.720031e+01
    endloop
  endfacet
  facet normal -9.907307e-02 -1.715996e-01 9.801725e-01
    outer loop
      vertex   3.400094e+01 4.982588e+01 7.720031e+01
      vertex   1.754645e+01 5.932588e+01 7.720031e+01
      vertex   3.359920e+01 4.913005e+01 7.703788e+01
    endloop
  endfacet
  facet normal -9.907307e-02 -1.715996e-01 9.801725e-01
    outer loop
      vertex   3.359920e+01 4.913005e+01 7.703788e+01
      vertex   1.754645e+01 5.932588e+01 7.720031e+01
      vertex   1.714471e+01 5.863005e+01 7.703788e+01
    endloop
  endfacet
  facet normal 4.978392e-02 8.622828e-02 9.950308e-01
    outer loop
      vertex   3.359920e+01 4.913005e+01 7.703788e+01
      vertex   1.714471e+01 5.863005e+01 7.703788e+01
      vertex   3.319137e+01 4.842367e+01 7.711950e+01
    endloop
  endfacet
  facet normal 4.978392e-02 8.622828e-02 9.950308e-01
    outer loop
      vertex   3.319137e+01 4.842367e+01 7.711950e+01
      vertex   1.714471e+01 5.863005e+01 7.703788e+01
      vertex   1.673688e+01 5.792367e+01 7.711950e+01
    endloop
  endfacet
  facet normal 1.942174e-01 3.363944e-01 9.214762e-01
    outer loop
      vertex   3.319137e+01 4.842367e+01 7.711950e+01
      vertex   1.673688e+01 5.792367e+01 7.711950e+01
      vertex   3.281368e+01 4.776950e+01 7.743791e+01
    endloop
  endfacet
  facet normal 1.942174e-01 3.363944e-01 9.214762e-01
    outer loop
      vertex   3.281368e+01 4.776950e+01 7.743791e+01
      vertex   1.673688e+01 5.792367e+01 7.711950e+01
      vertex   1.635920e+01 5.726950e+01 7.743791e+01
    endloop
  endfacet
  facet normal 3.213938e-01 5.566704e-01 7.660444e-01
    outer loop
      vertex   3.281368e+01 4.776950e+01 7.743791e+01
      vertex   1.635920e+01 5.726950e+01 7.743791e+01
      vertex   3.249971e+01 4.722568e+01 7.796483e+01
    endloop
  endfacet
  facet normal 3.213938e-01 5.566704e-01 7.660444e-01
    outer loop
      vertex   3.249971e+01 4.722568e+01 7.796483e+01
      vertex   1.635920e+01 5.726950e+01 7.743791e+01
      vertex   1.604523e+01 5.672568e+01 7.796483e+01
    endloop
  endfacet
  facet normal 4.200130e-01 7.274838e-01 5.425463e-01
    outer loop
      vertex   3.249971e+01 4.722568e+01 7.796483e+01
      vertex   1.604523e+01 5.672568e+01 7.796483e+01
      vertex   3.227734e+01 4.684052e+01 7.865342e+01
    endloop
  endfacet
  facet normal 4.200130e-01 7.274838e-01 5.425463e-01
    outer loop
      vertex   3.227734e+01 4.684052e+01 7.865342e+01
      vertex   1.604523e+01 5.672568e+01 7.796483e+01
      vertex   1.582285e+01 5.634052e+01 7.865342e+01
    endloop
  endfacet
  facet normal 4.813121e-01 8.336571e-01 2.708405e-01
    outer loop
      vertex   3.227734e+01 4.684052e+01 7.865342e+01
      vertex   1.582285e+01 5.634052e+01 7.865342e+01
      vertex   3.216633e+01 4.664825e+01 7.944252e+01
    endloop
  endfacet
  facet normal 4.813121e-01 8.336571e-01 2.708405e-01
    outer loop
      vertex   3.216633e+01 4.664825e+01 7.944252e+01
      vertex   1.582285e+01 5.634052e+01 7.865342e+01
      vertex   1.571185e+01 5.614825e+01 7.944252e+01
    endloop
  endfacet
  facet normal 4.828051e-01 8.157672e-01 -3.184700e-01
    outer loop
      vertex   2.886026e+01 4.092197e+01 8.225458e+01
      vertex   3.137851e+01 3.928370e+01 8.187584e+01
      vertex   2.872972e+01 4.069587e+01 8.147753e+01
    endloop
  endfacet
  facet normal 4.835118e-01 8.579428e-01 -1.736391e-01
    outer loop
      vertex   2.872972e+01 4.069587e+01 8.147753e+01
      vertex   3.137851e+01 3.928370e+01 8.187584e+01
      vertex   3.130733e+01 3.916043e+01 8.106856e+01
    endloop
  endfacet
  facet normal 5.086847e-01 8.605919e-01 -2.492939e-02
    outer loop
      vertex   2.872972e+01 4.069587e+01 8.147753e+01
      vertex   3.130733e+01 3.916043e+01 8.106856e+01
      vertex   2.871950e+01 4.067817e+01 8.065805e+01
    endloop
  endfacet
  facet normal 4.872273e-01 8.643783e-01 1.243372e-01
    outer loop
      vertex   2.871950e+01 4.067817e+01 8.065805e+01
      vertex   3.130733e+01 3.916043e+01 8.106856e+01
      vertex   3.135830e+01 3.924870e+01 8.025519e+01
    endloop
  endfacet
  facet normal 4.901532e-01 8.284944e-01 2.708263e-01
    outer loop
      vertex   2.871950e+01 4.067817e+01 8.065805e+01
      vertex   3.135830e+01 3.924870e+01 8.025519e+01
      vertex   2.883051e+01 4.087044e+01 7.986896e+01
    endloop
  endfacet
  facet normal 4.468628e-01 7.944648e-01 4.112655e-01
    outer loop
      vertex   2.883051e+01 4.087044e+01 7.986896e+01
      vertex   3.135830e+01 3.924870e+01 8.025519e+01
      vertex   3.152687e+01 3.954068e+01 7.950800e+01
    endloop
  endfacet
  facet normal 4.288572e-01 7.223267e-01 5.425178e-01
    outer loop
      vertex   2.883051e+01 4.087044e+01 7.986896e+01
      vertex   3.152687e+01 3.954068e+01 7.950800e+01
      vertex   2.905288e+01 4.125560e+01 7.918036e+01
    endloop
  endfacet
  facet normal 3.660047e-01 6.544145e-01 6.616512e-01
    outer loop
      vertex   2.905288e+01 4.125560e+01 7.918036e+01
      vertex   3.152687e+01 3.954068e+01 7.950800e+01
      vertex   3.179807e+01 4.001042e+01 7.889338e+01
    endloop
  endfacet
  facet normal 3.302432e-01 5.515223e-01 7.660043e-01
    outer loop
      vertex   2.905288e+01 4.125560e+01 7.918036e+01
      vertex   3.179807e+01 4.001042e+01 7.889338e+01
      vertex   2.936686e+01 4.179942e+01 7.865345e+01
    endloop
  endfacet
  facet normal 2.518377e-01 4.566714e-01 8.532462e-01
    outer loop
      vertex   2.936686e+01 4.179942e+01 7.865345e+01
      vertex   3.179807e+01 4.001042e+01 7.889338e+01
      vertex   3.214781e+01 4.061617e+01 7.846594e+01
    endloop
  endfacet
  facet normal 2.030735e-01 3.312578e-01 9.214279e-01
    outer loop
      vertex   2.936686e+01 4.179942e+01 7.865345e+01
      vertex   3.214781e+01 4.061617e+01 7.846594e+01
      vertex   2.974454e+01 4.245359e+01 7.833504e+01
    endloop
  endfacet
  facet normal 1.145060e-01 2.188059e-01 9.690265e-01
    outer loop
      vertex   2.974454e+01 4.245359e+01 7.833504e+01
      vertex   3.214781e+01 4.061617e+01 7.846594e+01
      vertex   3.254500e+01 4.130413e+01 7.826367e+01
    endloop
  endfacet
  facet normal 5.864757e-02 8.110483e-02 9.949786e-01
    outer loop
      vertex   2.974454e+01 4.245359e+01 7.833504e+01
      vertex   3.254500e+01 4.130413e+01 7.826367e+01
      vertex   3.015237e+01 4.315997e+01 7.825342e+01
    endloop
  endfacet
  facet normal -3.378789e-02 -3.804660e-02 9.987046e-01
    outer loop
      vertex   3.015237e+01 4.315997e+01 7.825342e+01
      vertex   3.254500e+01 4.130413e+01 7.826367e+01
      vertex   3.295436e+01 4.201316e+01 7.830453e+01
    endloop
  endfacet
  facet normal -9.020162e-02 -1.767095e-01 9.801211e-01
    outer loop
      vertex   3.015237e+01 4.315997e+01 7.825342e+01
      vertex   3.295436e+01 4.201316e+01 7.830453e+01
      vertex   3.055411e+01 4.385580e+01 7.841585e+01
    endloop
  endfacet
  facet normal -1.798674e-01 -2.910637e-01 9.396434e-01
    outer loop
      vertex   3.055411e+01 4.385580e+01 7.841585e+01
      vertex   3.295436e+01 4.201316e+01 7.830453e+01
      vertex   3.333951e+01 4.268025e+01 7.858489e+01
    endloop
  endfacet
  facet normal -2.302482e-01 -4.192773e-01 8.781755e-01
    outer loop
      vertex   3.055411e+01 4.385580e+01 7.841585e+01
      vertex   3.333951e+01 4.268025e+01 7.858489e+01
      vertex   3.091406e+01 4.447926e+01 7.880789e+01
    endloop
  endfacet
  facet normal -3.107526e-01 -5.177636e-01 7.970907e-01
    outer loop
      vertex   3.091406e+01 4.447926e+01 7.880789e+01
      vertex   3.333951e+01 4.268025e+01 7.858489e+01
      vertex   3.366622e+01 4.324615e+01 7.907985e+01
    endloop
  endfacet
  facet normal -3.490484e-01 -6.250453e-01 6.982002e-01
    outer loop
      vertex   3.091406e+01 4.447926e+01 7.880789e+01
      vertex   3.366622e+01 4.324615e+01 7.907985e+01
      vertex   3.120025e+01 4.497495e+01 7.939471e+01
    endloop
  endfacet
  facet normal -4.148140e-01 -6.980032e-01 5.837131e-01
    outer loop
      vertex   3.120025e+01 4.497495e+01 7.939471e+01
      vertex   3.366622e+01 4.324615e+01 7.907985e+01
      vertex   3.390548e+01 4.366055e+01 7.974542e+01
    endloop
  endfacet
  facet normal -4.360463e-01 -7.757301e-01 4.561867e-01
    outer loop
      vertex   3.120025e+01 4.497495e+01 7.939471e+01
      vertex   3.390548e+01 4.366055e+01 7.974542e+01
      vertex   3.138723e+01 4.529881e+01 8.012416e+01
    endloop
  endfacet
  facet normal -4.828051e-01 -8.157672e-01 3.184700e-01
    outer loop
      vertex   3.138723e+01 4.529881e+01 8.012416e+01
      vertex   3.390548e+01 4.366055e+01 7.974542e+01
      vertex   3.403602e+01 4.388665e+01 8.052247e+01
    endloop
  endfacet
  facet normal -4.835118e-01 -8.579428e-01 1.736391e-01
    outer loop
      vertex   3.138723e+01 4.529881e+01 8.012416e+01
      vertex   3.403602e+01 4.388665e+01 8.052247e+01
      vertex   3.145840e+01 4.542209e+01 8.093144e+01
    endloop
  endfacet
  facet normal -5.086847e-01 -8.605919e-01 2.492939e-02
    outer loop
      vertex   3.145840e+01 4.542209e+01 8.093144e+01
      vertex   3.403602e+01 4.388665e+01 8.052247e+01
      vertex   3.404624e+01 4.390435e+01 8.134195e+01
    endloop
  endfacet
  facet normal -4.872273e-01 -8.643783e-01 -1.243372e-01
    outer loop
      vertex   3.145840e+01 4.542209e+01 8.093144e+01
      vertex   3.404624e+01 4.390435e+01 8.134195e+01
      vertex   3.140744e+01 4.533382e+01 8.174481e+01
    endloop
  endfacet
  facet normal -4.901532e-01 -8.284944e-01 -2.708263e-01
    outer loop
      vertex   3.140744e+01 4.533382e+01 8.174481e+01
      vertex   3.404624e+01 4.390435e+01 8.134195e+01
      vertex   3.393523e+01 4.371207e+01 8.213104e+01
    endloop
  endfacet
  facet normal -4.468628e-01 -7.944648e-01 -4.112655e-01
    outer loop
      vertex   3.140744e+01 4.533382e+01 8.174481e+01
      vertex   3.393523e+01 4.371207e+01 8.213104e+01
      vertex   3.123887e+01 4.504184e+01 8.249200e+01
    endloop
  endfacet
  facet normal -4.288572e-01 -7.223267e-01 -5.425178e-01
    outer loop
      vertex   3.123887e+01 4.504184e+01 8.249200e+01
      vertex   3.393523e+01 4.371207e+01 8.213104e+01
      vertex   3.371286e+01 4.332692e+01 8.281964e+01
    endloop
  endfacet
  facet normal -3.660047e-01 -6.544145e-01 -6.616512e-01
    outer loop
      vertex   3.123887e+01 4.504184e+01 8.249200e+01
      vertex   3.371286e+01 4.332692e+01 8.281964e+01
      vertex   3.096766e+01 4.457210e+01 8.310662e+01
    endloop
  endfacet
  facet normal -3.302432e-01 -5.515223e-01 -7.660043e-01
    outer loop
      vertex   3.096766e+01 4.457210e+01 8.310662e+01
      vertex   3.371286e+01 4.332692e+01 8.281964e+01
      vertex   3.339888e+01 4.278309e+01 8.334655e+01
    endloop
  endfacet
  facet normal -2.518377e-01 -4.566714e-01 -8.532462e-01
    outer loop
      vertex   3.096766e+01 4.457210e+01 8.310662e+01
      vertex   3.339888e+01 4.278309e+01 8.334655e+01
      vertex   3.061793e+01 4.396634e+01 8.353406e+01
    endloop
  endfacet
  facet normal -2.030735e-01 -3.312578e-01 -9.214279e-01
    outer loop
      vertex   3.061793e+01 4.396634e+01 8.353406e+01
      vertex   3.339888e+01 4.278309e+01 8.334655e+01
      vertex   3.302120e+01 4.212893e+01 8.366496e+01
    endloop
  endfacet
  facet normal -1.145060e-01 -2.188059e-01 -9.690265e-01
    outer loop
      vertex   3.061793e+01 4.396634e+01 8.353406e+01
      vertex   3.302120e+01 4.212893e+01 8.366496e+01
      vertex   3.022074e+01 4.327839e+01 8.373633e+01
    endloop
  endfacet
  facet normal -5.864757e-02 -8.110483e-02 -9.949786e-01
    outer loop
      vertex   3.022074e+01 4.327839e+01 8.373633e+01
      vertex   3.302120e+01 4.212893e+01 8.366496e+01
      vertex   3.261337e+01 4.142255e+01 8.374658e+01
    endloop
  endfacet
  facet normal 3.378789e-02 3.804660e-02 -9.987046e-01
    outer loop
      vertex   3.022074e+01 4.327839e+01 8.373633e+01
      vertex   3.261337e+01 4.142255e+01 8.374658e+01
      vertex   2.981138e+01 4.256936e+01 8.369547e+01
    endloop
  endfacet
  facet normal 9.020162e-02 1.767095e-01 -9.801211e-01
    outer loop
      vertex   2.981138e+01 4.256936e+01 8.369547e+01
      vertex   3.261337e+01 4.142255e+01 8.374658e+01
      vertex   3.221163e+01 4.072671e+01 8.358415e+01
    endloop
  endfacet
  facet normal 1.798674e-01 2.910637e-01 -9.396434e-01
    outer loop
      vertex   2.981138e+01 4.256936e+01 8.369547e+01
      vertex   3.221163e+01 4.072671e+01 8.358415e+01
      vertex   2.942623e+01 4.190226e+01 8.341511e+01
    endloop
  endfacet
  facet normal 2.302482e-01 4.192773e-01 -8.781755e-01
    outer loop
      vertex   2.942623e+01 4.190226e+01 8.341511e+01
      vertex   3.221163e+01 4.072671e+01 8.358415e+01
      vertex   3.185168e+01 4.010326e+01 8.319211e+01
    endloop
  endfacet
  facet normal 3.107526e-01 5.177636e-01 -7.970907e-01
    outer loop
      vertex   2.942623e+01 4.190226e+01 8.341511e+01
      vertex   3.185168e+01 4.010326e+01 8.319211e+01
      vertex   2.909951e+01 4.133637e+01 8.292015e+01
    endloop
  endfacet
  facet normal 3.490484e-01 6.250453e-01 -6.982002e-01
    outer loop
      vertex   2.909951e+01 4.133637e+01 8.292015e+01
      vertex   3.185168e+01 4.010326e+01 8.319211e+01
      vertex   3.156549e+01 3.960757e+01 8.260530e+01
    endloop
  endfacet
  facet normal 4.148140e-01 6.980032e-01 -5.837131e-01
    outer loop
      vertex   2.909951e+01 4.133637e+01 8.292015e+01
      vertex   3.156549e+01 3.960757e+01 8.260530e+01
      vertex   2.886026e+01 4.092197e+01 8.225458e+01
    endloop
  endfacet
  facet normal 4.360463e-01 7.757301e-01 -4.561867e-01
    outer loop
      vertex   2.886026e+01 4.092197e+01 8.225458e+01
      vertex   3.156549e+01 3.960757e+01 8.260530e+01
      vertex   3.137851e+01 3.928370e+01 8.187584e+01
    endloop
  endfacet
  facet normal -4.660039e-01 -8.071425e-01 3.624380e-01
    outer loop
      vertex   3.015078e+01 4.315721e+01 7.324667e+01
      vertex   3.274885e+01 4.165721e+01 7.324667e+01
      vertex   3.026391e+01 4.335316e+01 7.382851e+01
    endloop
  endfacet
  facet normal -4.660039e-01 -8.071425e-01 3.624380e-01
    outer loop
      vertex   3.026391e+01 4.335316e+01 7.382851e+01
      vertex   3.274885e+01 4.165721e+01 7.324667e+01
      vertex   3.286198e+01 4.185316e+01 7.382851e+01
    endloop
  endfacet
  facet normal -4.998810e-01 -8.658193e-01 -2.181489e-02
    outer loop
      vertex   3.026391e+01 4.335316e+01 7.382851e+01
      vertex   3.286198e+01 4.185316e+01 7.382851e+01
      vertex   3.025710e+01 4.334137e+01 7.445265e+01
    endloop
  endfacet
  facet normal -4.998810e-01 -8.658193e-01 -2.181489e-02
    outer loop
      vertex   3.025710e+01 4.334137e+01 7.445265e+01
      vertex   3.286198e+01 4.185316e+01 7.382851e+01
      vertex   3.285518e+01 4.184137e+01 7.445265e+01
    endloop
  endfacet
  facet normal -4.576557e-01 -7.926830e-01 -4.027467e-01
    outer loop
      vertex   3.025710e+01 4.334137e+01 7.445265e+01
      vertex   3.285518e+01 4.184137e+01 7.445265e+01
      vertex   3.013138e+01 4.312362e+01 7.502407e+01
    endloop
  endfacet
  facet normal -4.576557e-01 -7.926830e-01 -4.027467e-01
    outer loop
      vertex   3.013138e+01 4.312362e+01 7.502407e+01
      vertex   3.285518e+01 4.184137e+01 7.445265e+01
      vertex   3.272946e+01 4.162362e+01 7.502407e+01
    endloop
  endfacet
  facet normal -3.457565e-01 -5.988679e-01 -7.223640e-01
    outer loop
      vertex   3.013138e+01 4.312362e+01 7.502407e+01
      vertex   3.272946e+01 4.162362e+01 7.502407e+01
      vertex   2.990590e+01 4.273308e+01 7.545577e+01
    endloop
  endfacet
  facet normal -3.457565e-01 -5.988679e-01 -7.223640e-01
    outer loop
      vertex   2.990590e+01 4.273308e+01 7.545577e+01
      vertex   3.272946e+01 4.162362e+01 7.502407e+01
      vertex   3.250398e+01 4.123308e+01 7.545577e+01
    endloop
  endfacet
  facet normal -1.812190e-01 -3.138805e-01 -9.320079e-01
    outer loop
      vertex   2.990590e+01 4.273308e+01 7.545577e+01
      vertex   3.250398e+01 4.123308e+01 7.545577e+01
      vertex   2.961498e+01 4.222919e+01 7.568204e+01
    endloop
  endfacet
  facet normal -1.812190e-01 -3.138805e-01 -9.320079e-01
    outer loop
      vertex   2.961498e+01 4.222919e+01 7.568204e+01
      vertex   3.250398e+01 4.123308e+01 7.545577e+01
      vertex   3.221306e+01 4.072919e+01 7.568204e+01
    endloop
  endfacet
  facet normal 1.090744e-02 1.889224e-02 -9.997620e-01
    outer loop
      vertex   2.961498e+01 4.222919e+01 7.568204e+01
      vertex   3.221306e+01 4.072919e+01 7.568204e+01
      vertex   2.930291e+01 4.168867e+01 7.566842e+01
    endloop
  endfacet
  facet normal 1.090744e-02 1.889224e-02 -9.997620e-01
    outer loop
      vertex   2.930291e+01 4.168867e+01 7.566842e+01
      vertex   3.221306e+01 4.072919e+01 7.568204e+01
      vertex   3.190099e+01 4.018867e+01 7.566842e+01
    endloop
  endfacet
  facet normal 2.013733e-01 3.487889e-01 -9.153115e-01
    outer loop
      vertex   2.930291e+01 4.168867e+01 7.566842e+01
      vertex   3.190099e+01 4.018867e+01 7.566842e+01
      vertex   2.901720e+01 4.119380e+01 7.541699e+01
    endloop
  endfacet
  facet normal 2.013733e-01 3.487889e-01 -9.153115e-01
    outer loop
      vertex   2.901720e+01 4.119380e+01 7.541699e+01
      vertex   3.190099e+01 4.018867e+01 7.566842e+01
      vertex   3.161528e+01 3.969380e+01 7.541699e+01
    endloop
  endfacet
  facet normal 3.611820e-01 6.255855e-01 -6.915131e-01
    outer loop
      vertex   2.901720e+01 4.119380e+01 7.541699e+01
      vertex   3.161528e+01 3.969380e+01 7.541699e+01
      vertex   2.880135e+01 4.081994e+01 7.496603e+01
    endloop
  endfacet
  facet normal 3.611820e-01 6.255855e-01 -6.915131e-01
    outer loop
      vertex   2.880135e+01 4.081994e+01 7.496603e+01
      vertex   3.161528e+01 3.969380e+01 7.541699e+01
      vertex   3.139943e+01 3.931994e+01 7.496603e+01
    endloop
  endfacet
  facet normal 4.660039e-01 8.071425e-01 -3.624380e-01
    outer loop
      vertex   2.880135e+01 4.081994e+01 7.496603e+01
      vertex   3.139943e+01 3.931994e+01 7.496603e+01
      vertex   2.868822e+01 4.062398e+01 7.438418e+01
    endloop
  endfacet
  facet normal 4.660039e-01 8.071425e-01 -3.624380e-01
    outer loop
      vertex   2.868822e+01 4.062398e+01 7.438418e+01
      vertex   3.139943e+01 3.931994e+01 7.496603e+01
      vertex   3.128629e+01 3.912398e+01 7.438418e+01
    endloop
  endfacet
  facet normal 4.998810e-01 8.658193e-01 2.181489e-02
    outer loop
      vertex   2.868822e+01 4.062398e+01 7.438418e+01
      vertex   3.128629e+01 3.912398e+01 7.438418e+01
      vertex   2.869503e+01 4.063578e+01 7.376004e+01
    endloop
  endfacet
  facet normal 4.998810e-01 8.658193e-01 2.181489e-02
    outer loop
      vertex   2.869503e+01 4.063578e+01 7.376004e+01
      vertex   3.128629e+01 3.912398e+01 7.438418e+01
      vertex   3.129310e+01 3.913578e+01 7.376004e+01
    endloop
  endfacet
  facet normal 4.576557e-01 7.926830e-01 4.027467e-01
    outer loop
      vertex   2.869503e+01 4.063578e+01 7.376004e+01
      vertex   3.129310e+01 3.913578e+01 7.376004e+01
      vertex   2.882074e+01 4.085352e+01 7.318862e+01
    endloop
  endfacet
  facet normal 4.576557e-01 7.926830e-01 4.027467e-01
    outer loop
      vertex   2.882074e+01 4.085352e+01 7.318862e+01
      vertex   3.129310e+01 3.913578e+01 7.376004e+01
      vertex   3.141882e+01 3.935352e+01 7.318862e+01
    endloop
  endfacet
  facet normal 3.457565e-01 5.988679e-01 7.223640e-01
    outer loop
      vertex   2.882074e+01 4.085352e+01 7.318862e+01
      vertex   3.141882e+01 3.935352e+01 7.318862e+01
      vertex   2.904622e+01 4.124407e+01 7.275692e+01
    endloop
  endfacet
  facet normal 3.457565e-01 5.988679e-01 7.223640e-01
    outer loop
      vertex   2.904622e+01 4.124407e+01 7.275692e+01
      vertex   3.141882e+01 3.935352e+01 7.318862e+01
      vertex   3.164430e+01 3.974407e+01 7.275692e+01
    endloop
  endfacet
  facet normal 1.812190e-01 3.138805e-01 9.320079e-01
    outer loop
      vertex   2.904622e+01 4.124407e+01 7.275692e+01
      vertex   3.164430e+01 3.974407e+01 7.275692e+01
      vertex   2.933714e+01 4.174796e+01 7.253065e+01
    endloop
  endfacet
  facet normal 1.812190e-01 3.138805e-01 9.320079e-01
    outer loop
      vertex   2.933714e+01 4.174796e+01 7.253065e+01
      vertex   3.164430e+01 3.974407e+01 7.275692e+01
      vertex   3.193522e+01 4.024796e+01 7.253065e+01
    endloop
  endfacet
  facet normal -1.090744e-02 -1.889224e-02 9.997620e-01
    outer loop
      vertex   2.933714e+01 4.174796e+01 7.253065e+01
      vertex   3.193522e+01 4.024796e+01 7.253065e+01
      vertex   2.964921e+01 4.228848e+01 7.254427e+01
    endloop
  endfacet
  facet normal -1.090744e-02 -1.889224e-02 9.997620e-01
    outer loop
      vertex   2.964921e+01 4.228848e+01 7.254427e+01
      vertex   3.193522e+01 4.024796e+01 7.253065e+01
      vertex   3.224729e+01 4.078848e+01 7.254427e+01
    endloop
  endfacet
  facet normal -2.013733e-01 -3.487889e-01 9.153115e-01
    outer loop
      vertex   2.964921e+01 4.228848e+01 7.254427e+01
      vertex   3.224729e+01 4.078848e+01 7.254427e+01
      vertex   2.993492e+01 4.278334e+01 7.279570e+01
    endloop
  endfacet
  facet normal -2.013733e-01 -3.487889e-01 9.153115e-01
    outer loop
      vertex   2.993492e+01 4.278334e+01 7.279570e+01
      vertex   3.224729e+01 4.078848e+01 7.254427e+01
      vertex   3.253300e+01 4.128334e+01 7.279570e+01
    endloop
  endfacet
  facet normal -3.611820e-01 -6.255855e-01 6.915131e-01
    outer loop
      vertex   2.993492e+01 4.278334e+01 7.279570e+01
      vertex   3.253300e+01 4.128334e+01 7.279570e+01
      vertex   3.015078e+01 4.315721e+01 7.324667e+01
    endloop
  endfacet
  facet normal -3.611820e-01 -6.255855e-01 6.915131e-01
    outer loop
      vertex   3.015078e+01 4.315721e+01 7.324667e+01
      vertex   3.253300e+01 4.128334e+01 7.279570e+01
      vertex   3.274885e+01 4.165721e+01 7.324667e+01
    endloop
  endfacet
  facet normal -4.660039e-01 -8.071425e-01 3.624380e-01
    outer loop
      vertex   3.420537e+01 5.017998e+01 7.892478e+01
      vertex   3.680345e+01 4.867998e+01 7.892478e+01
      vertex   3.431850e+01 5.037593e+01 7.950663e+01
    endloop
  endfacet
  facet normal -4.660039e-01 -8.071425e-01 3.624380e-01
    outer loop
      vertex   3.431850e+01 5.037593e+01 7.950663e+01
      vertex   3.680345e+01 4.867998e+01 7.892478e+01
      vertex   3.691658e+01 4.887593e+01 7.950663e+01
    endloop
  endfacet
  facet normal -4.998810e-01 -8.658193e-01 -2.181489e-02
    outer loop
      vertex   3.431850e+01 5.037593e+01 7.950663e+01
      vertex   3.691658e+01 4.887593e+01 7.950663e+01
      vertex   3.431169e+01 5.036413e+01 8.013077e+01
    endloop
  endfacet
  facet normal -4.998810e-01 -8.658193e-01 -2.181489e-02
    outer loop
      vertex   3.431169e+01 5.036413e+01 8.013077e+01
      vertex   3.691658e+01 4.887593e+01 7.950663e+01
      vertex   3.690977e+01 4.886413e+01 8.013077e+01
    endloop
  endfacet
  facet normal -4.576557e-01 -7.926830e-01 -4.027467e-01
    outer loop
      vertex   3.431169e+01 5.036413e+01 8.013077e+01
      vertex   3.690977e+01 4.886413e+01 8.013077e+01
      vertex   3.418598e+01 5.014639e+01 8.070219e+01
    endloop
  endfacet
  facet normal -4.576557e-01 -7.926830e-01 -4.027467e-01
    outer loop
      vertex   3.418598e+01 5.014639e+01 8.070219e+01
      vertex   3.690977e+01 4.886413e+01 8.013077e+01
      vertex   3.678406e+01 4.864639e+01 8.070219e+01
    endloop
  endfacet
  facet normal -3.457565e-01 -5.988679e-01 -7.223640e-01
    outer loop
      vertex   3.418598e+01 5.014639e+01 8.070219e+01
      vertex   3.678406e+01 4.864639e+01 8.070219e+01
      vertex   3.396050e+01 4.975584e+01 8.113389e+01
    endloop
  endfacet
  facet normal -3.457565e-01 -5.988679e-01 -7.223640e-01
    outer loop
      vertex   3.396050e+01 4.975584e+01 8.113389e+01
      vertex   3.678406e+01 4.864639e+01 8.070219e+01
      vertex   3.655857e+01 4.825584e+01 8.113389e+01
    endloop
  endfacet
  facet normal -1.812190e-01 -3.138805e-01 -9.320079e-01
    outer loop
      vertex   3.396050e+01 4.975584e+01 8.113389e+01
      vertex   3.655857e+01 4.825584e+01 8.113389e+01
      vertex   3.366958e+01 4.925195e+01 8.136016e+01
    endloop
  endfacet
  facet normal -1.812190e-01 -3.138805e-01 -9.320079e-01
    outer loop
      vertex   3.366958e+01 4.925195e+01 8.136016e+01
      vertex   3.655857e+01 4.825584e+01 8.113389e+01
      vertex   3.626765e+01 4.775195e+01 8.136016e+01
    endloop
  endfacet
  facet normal 1.090744e-02 1.889224e-02 -9.997620e-01
    outer loop
      vertex   3.366958e+01 4.925195e+01 8.136016e+01
      vertex   3.626765e+01 4.775195e+01 8.136016e+01
      vertex   3.335751e+01 4.871143e+01 8.134654e+01
    endloop
  endfacet
  facet normal 1.090744e-02 1.889224e-02 -9.997620e-01
    outer loop
      vertex   3.335751e+01 4.871143e+01 8.134654e+01
      vertex   3.626765e+01 4.775195e+01 8.136016e+01
      vertex   3.595558e+01 4.721143e+01 8.134654e+01
    endloop
  endfacet
  facet normal 2.013733e-01 3.487889e-01 -9.153115e-01
    outer loop
      vertex   3.335751e+01 4.871143e+01 8.134654e+01
      vertex   3.595558e+01 4.721143e+01 8.134654e+01
      vertex   3.307180e+01 4.821657e+01 8.109511e+01
    endloop
  endfacet
  facet normal 2.013733e-01 3.487889e-01 -9.153115e-01
    outer loop
      vertex   3.307180e+01 4.821657e+01 8.109511e+01
      vertex   3.595558e+01 4.721143e+01 8.134654e+01
      vertex   3.566987e+01 4.671657e+01 8.109511e+01
    endloop
  endfacet
  facet normal 3.611820e-01 6.255855e-01 -6.915131e-01
    outer loop
      vertex   3.307180e+01 4.821657e+01 8.109511e+01
      vertex   3.566987e+01 4.671657e+01 8.109511e+01
      vertex   3.285595e+01 4.784270e+01 8.064414e+01
    endloop
  endfacet
  facet normal 3.611820e-01 6.255855e-01 -6.915131e-01
    outer loop
      vertex   3.285595e+01 4.784270e+01 8.064414e+01
      vertex   3.566987e+01 4.671657e+01 8.109511e+01
      vertex   3.545402e+01 4.634270e+01 8.064414e+01
    endloop
  endfacet
  facet normal 4.660039e-01 8.071425e-01 -3.624380e-01
    outer loop
      vertex   3.285595e+01 4.784270e+01 8.064414e+01
      vertex   3.545402e+01 4.634270e+01 8.064414e+01
      vertex   3.274281e+01 4.764675e+01 8.006230e+01
    endloop
  endfacet
  facet normal 4.660039e-01 8.071425e-01 -3.624380e-01
    outer loop
      vertex   3.274281e+01 4.764675e+01 8.006230e+01
      vertex   3.545402e+01 4.634270e+01 8.064414e+01
      vertex   3.534089e+01 4.614675e+01 8.006230e+01
    endloop
  endfacet
  facet normal 4.998810e-01 8.658193e-01 2.181489e-02
    outer loop
      vertex   3.274281e+01 4.764675e+01 8.006230e+01
      vertex   3.534089e+01 4.614675e+01 8.006230e+01
      vertex   3.274962e+01 4.765854e+01 7.943816e+01
    endloop
  endfacet
  facet normal 4.998810e-01 8.658193e-01 2.181489e-02
    outer loop
      vertex   3.274962e+01 4.765854e+01 7.943816e+01
      vertex   3.534089e+01 4.614675e+01 8.006230e+01
      vertex   3.534770e+01 4.615854e+01 7.943816e+01
    endloop
  endfacet
  facet normal 4.576557e-01 7.926830e-01 4.027467e-01
    outer loop
      vertex   3.274962e+01 4.765854e+01 7.943816e+01
      vertex   3.534770e+01 4.615854e+01 7.943816e+01
      vertex   3.287534e+01 4.787629e+01 7.886674e+01
    endloop
  endfacet
  facet normal 4.576557e-01 7.926830e-01 4.027467e-01
    outer loop
      vertex   3.287534e+01 4.787629e+01 7.886674e+01
      vertex   3.534770e+01 4.615854e+01 7.943816e+01
      vertex   3.547341e+01 4.637629e+01 7.886674e+01
    endloop
  endfacet
  facet normal 3.457565e-01 5.988679e-01 7.223640e-01
    outer loop
      vertex   3.287534e+01 4.787629e+01 7.886674e+01
      vertex   3.547341e+01 4.637629e+01 7.886674e+01
      vertex   3.310082e+01 4.826683e+01 7.843504e+01
    endloop
  endfacet
  facet normal 3.457565e-01 5.988679e-01 7.223640e-01
    outer loop
      vertex   3.310082e+01 4.826683e+01 7.843504e+01
      vertex   3.547341e+01 4.637629e+01 7.886674e+01
      vertex   3.569889e+01 4.676683e+01 7.843504e+01
    endloop
  endfacet
  facet normal 1.812190e-01 3.138805e-01 9.320079e-01
    outer loop
      vertex   3.310082e+01 4.826683e+01 7.843504e+01
      vertex   3.569889e+01 4.676683e+01 7.843504e+01
      vertex   3.339174e+01 4.877073e+01 7.820877e+01
    endloop
  endfacet
  facet normal 1.812190e-01 3.138805e-01 9.320079e-01
    outer loop
      vertex   3.339174e+01 4.877073e+01 7.820877e+01
      vertex   3.569889e+01 4.676683e+01 7.843504e+01
      vertex   3.598982e+01 4.727073e+01 7.820877e+01
    endloop
  endfacet
  facet normal -1.090744e-02 -1.889224e-02 9.997620e-01
    outer loop
      vertex   3.339174e+01 4.877073e+01 7.820877e+01
      vertex   3.598982e+01 4.727073e+01 7.820877e+01
      vertex   3.370381e+01 4.931125e+01 7.822239e+01
    endloop
  endfacet
  facet normal -1.090744e-02 -1.889224e-02 9.997620e-01
    outer loop
      vertex   3.370381e+01 4.931125e+01 7.822239e+01
      vertex   3.598982e+01 4.727073e+01 7.820877e+01
      vertex   3.630189e+01 4.781125e+01 7.822239e+01
    endloop
  endfacet
  facet normal -2.013733e-01 -3.487889e-01 9.153115e-01
    outer loop
      vertex   3.370381e+01 4.931125e+01 7.822239e+01
      vertex   3.630189e+01 4.781125e+01 7.822239e+01
      vertex   3.398952e+01 4.980611e+01 7.847382e+01
    endloop
  endfacet
  facet normal -2.013733e-01 -3.487889e-01 9.153115e-01
    outer loop
      vertex   3.398952e+01 4.980611e+01 7.847382e+01
      vertex   3.630189e+01 4.781125e+01 7.822239e+01
      vertex   3.658760e+01 4.830611e+01 7.847382e+01
    endloop
  endfacet
  facet normal -3.611820e-01 -6.255855e-01 6.915131e-01
    outer loop
      vertex   3.398952e+01 4.980611e+01 7.847382e+01
      vertex   3.658760e+01 4.830611e+01 7.847382e+01
      vertex   3.420537e+01 5.017998e+01 7.892478e+01
    endloop
  endfacet
  facet normal -3.611820e-01 -6.255855e-01 6.915131e-01
    outer loop
      vertex   3.420537e+01 5.017998e+01 7.892478e+01
      vertex   3.658760e+01 4.830611e+01 7.847382e+01
      vertex   3.680345e+01 4.867998e+01 7.892478e+01
    endloop
  endfacet
  facet normal -4.660039e-01 -8.071425e-01 3.624380e-01
    outer loop
      vertex   2.731172e+01 3.823982e+01 8.135586e+01
      vertex   2.990979e+01 3.673982e+01 8.135586e+01
      vertex   2.742485e+01 3.843577e+01 8.193770e+01
    endloop
  endfacet
  facet normal -4.660039e-01 -8.071425e-01 3.624380e-01
    outer loop
      vertex   2.742485e+01 3.843577e+01 8.193770e+01
      vertex   2.990979e+01 3.673982e+01 8.135586e+01
      vertex   3.002293e+01 3.693577e+01 8.193770e+01
    endloop
  endfacet
  facet normal -4.998810e-01 -8.658193e-01 -2.181489e-02
    outer loop
      vertex   2.742485e+01 3.843577e+01 8.193770e+01
      vertex   3.002293e+01 3.693577e+01 8.193770e+01
      vertex   2.741804e+01 3.842397e+01 8.256184e+01
    endloop
  endfacet
  facet normal -4.998810e-01 -8.658193e-01 -2.181489e-02
    outer loop
      vertex   2.741804e+01 3.842397e+01 8.256184e+01
      vertex   3.002293e+01 3.693577e+01 8.193770e+01
      vertex   3.001612e+01 3.692397e+01 8.256184e+01
    endloop
  endfacet
  facet normal -4.576557e-01 -7.926830e-01 -4.027467e-01
    outer loop
      vertex   2.741804e+01 3.842397e+01 8.256184e+01
      vertex   3.001612e+01 3.692397e+01 8.256184e+01
      vertex   2.729233e+01 3.820623e+01 8.313326e+01
    endloop
  endfacet
  facet normal -4.576557e-01 -7.926830e-01 -4.027467e-01
    outer loop
      vertex   2.729233e+01 3.820623e+01 8.313326e+01
      vertex   3.001612e+01 3.692397e+01 8.256184e+01
      vertex   2.989040e+01 3.670623e+01 8.313326e+01
    endloop
  endfacet
  facet normal -3.457565e-01 -5.988679e-01 -7.223640e-01
    outer loop
      vertex   2.729233e+01 3.820623e+01 8.313326e+01
      vertex   2.989040e+01 3.670623e+01 8.313326e+01
      vertex   2.706684e+01 3.781568e+01 8.356496e+01
    endloop
  endfacet
  facet normal -3.457565e-01 -5.988679e-01 -7.223640e-01
    outer loop
      vertex   2.706684e+01 3.781568e+01 8.356496e+01
      vertex   2.989040e+01 3.670623e+01 8.313326e+01
      vertex   2.966492e+01 3.631568e+01 8.356496e+01
    endloop
  endfacet
  facet normal -1.812190e-01 -3.138805e-01 -9.320079e-01
    outer loop
      vertex   2.706684e+01 3.781568e+01 8.356496e+01
      vertex   2.966492e+01 3.631568e+01 8.356496e+01
      vertex   2.677592e+01 3.731179e+01 8.379123e+01
    endloop
  endfacet
  facet normal -1.812190e-01 -3.138805e-01 -9.320079e-01
    outer loop
      vertex   2.677592e+01 3.731179e+01 8.379123e+01
      vertex   2.966492e+01 3.631568e+01 8.356496e+01
      vertex   2.937400e+01 3.581179e+01 8.379123e+01
    endloop
  endfacet
  facet normal 1.090744e-02 1.889224e-02 -9.997620e-01
    outer loop
      vertex   2.677592e+01 3.731179e+01 8.379123e+01
      vertex   2.937400e+01 3.581179e+01 8.379123e+01
      vertex   2.646385e+01 3.677127e+01 8.377761e+01
    endloop
  endfacet
  facet normal 1.090744e-02 1.889224e-02 -9.997620e-01
    outer loop
      vertex   2.646385e+01 3.677127e+01 8.377761e+01
      vertex   2.937400e+01 3.581179e+01 8.379123e+01
      vertex   2.906193e+01 3.527127e+01 8.377761e+01
    endloop
  endfacet
  facet normal 2.013733e-01 3.487889e-01 -9.153115e-01
    outer loop
      vertex   2.646385e+01 3.677127e+01 8.377761e+01
      vertex   2.906193e+01 3.527127e+01 8.377761e+01
      vertex   2.617814e+01 3.627641e+01 8.352618e+01
    endloop
  endfacet
  facet normal 2.013733e-01 3.487889e-01 -9.153115e-01
    outer loop
      vertex   2.617814e+01 3.627641e+01 8.352618e+01
      vertex   2.906193e+01 3.527127e+01 8.377761e+01
      vertex   2.877622e+01 3.477641e+01 8.352618e+01
    endloop
  endfacet
  facet normal 3.611820e-01 6.255855e-01 -6.915131e-01
    outer loop
      vertex   2.617814e+01 3.627641e+01 8.352618e+01
      vertex   2.877622e+01 3.477641e+01 8.352618e+01
      vertex   2.596229e+01 3.590254e+01 8.307522e+01
    endloop
  endfacet
  facet normal 3.611820e-01 6.255855e-01 -6.915131e-01
    outer loop
      vertex   2.596229e+01 3.590254e+01 8.307522e+01
      vertex   2.877622e+01 3.477641e+01 8.352618e+01
      vertex   2.856037e+01 3.440254e+01 8.307522e+01
    endloop
  endfacet
  facet normal 4.660039e-01 8.071425e-01 -3.624380e-01
    outer loop
      vertex   2.596229e+01 3.590254e+01 8.307522e+01
      vertex   2.856037e+01 3.440254e+01 8.307522e+01
      vertex   2.584916e+01 3.570659e+01 8.249337e+01
    endloop
  endfacet
  facet normal 4.660039e-01 8.071425e-01 -3.624380e-01
    outer loop
      vertex   2.584916e+01 3.570659e+01 8.249337e+01
      vertex   2.856037e+01 3.440254e+01 8.307522e+01
      vertex   2.844723e+01 3.420659e+01 8.249337e+01
    endloop
  endfacet
  facet normal 4.998810e-01 8.658193e-01 2.181489e-02
    outer loop
      vertex   2.584916e+01 3.570659e+01 8.249337e+01
      vertex   2.844723e+01 3.420659e+01 8.249337e+01
      vertex   2.585597e+01 3.571838e+01 8.186923e+01
    endloop
  endfacet
  facet normal 4.998810e-01 8.658193e-01 2.181489e-02
    outer loop
      vertex   2.585597e+01 3.571838e+01 8.186923e+01
      vertex   2.844723e+01 3.420659e+01 8.249337e+01
      vertex   2.845404e+01 3.421838e+01 8.186923e+01
    endloop
  endfacet
  facet normal 4.576557e-01 7.926830e-01 4.027467e-01
    outer loop
      vertex   2.585597e+01 3.571838e+01 8.186923e+01
      vertex   2.845404e+01 3.421838e+01 8.186923e+01
      vertex   2.598168e+01 3.593613e+01 8.129782e+01
    endloop
  endfacet
  facet normal 4.576557e-01 7.926830e-01 4.027467e-01
    outer loop
      vertex   2.598168e+01 3.593613e+01 8.129782e+01
      vertex   2.845404e+01 3.421838e+01 8.186923e+01
      vertex   2.857976e+01 3.443613e+01 8.129782e+01
    endloop
  endfacet
  facet normal 3.457565e-01 5.988679e-01 7.223640e-01
    outer loop
      vertex   2.598168e+01 3.593613e+01 8.129782e+01
      vertex   2.857976e+01 3.443613e+01 8.129782e+01
      vertex   2.620716e+01 3.632668e+01 8.086611e+01
    endloop
  endfacet
  facet normal 3.457565e-01 5.988679e-01 7.223640e-01
    outer loop
      vertex   2.620716e+01 3.632668e+01 8.086611e+01
      vertex   2.857976e+01 3.443613e+01 8.129782e+01
      vertex   2.880524e+01 3.482668e+01 8.086611e+01
    endloop
  endfacet
  facet normal 1.812190e-01 3.138805e-01 9.320079e-01
    outer loop
      vertex   2.620716e+01 3.632668e+01 8.086611e+01
      vertex   2.880524e+01 3.482668e+01 8.086611e+01
      vertex   2.649809e+01 3.683057e+01 8.063984e+01
    endloop
  endfacet
  facet normal 1.812190e-01 3.138805e-01 9.320079e-01
    outer loop
      vertex   2.649809e+01 3.683057e+01 8.063984e+01
      vertex   2.880524e+01 3.482668e+01 8.086611e+01
      vertex   2.909616e+01 3.533057e+01 8.063984e+01
    endloop
  endfacet
  facet normal -1.090744e-02 -1.889224e-02 9.997620e-01
    outer loop
      vertex   2.649809e+01 3.683057e+01 8.063984e+01
      vertex   2.909616e+01 3.533057e+01 8.063984e+01
      vertex   2.681016e+01 3.737109e+01 8.065346e+01
    endloop
  endfacet
  facet normal -1.090744e-02 -1.889224e-02 9.997620e-01
    outer loop
      vertex   2.681016e+01 3.737109e+01 8.065346e+01
      vertex   2.909616e+01 3.533057e+01 8.063984e+01
      vertex   2.940823e+01 3.587109e+01 8.065346e+01
    endloop
  endfacet
  facet normal -2.013733e-01 -3.487889e-01 9.153115e-01
    outer loop
      vertex   2.681016e+01 3.737109e+01 8.065346e+01
      vertex   2.940823e+01 3.587109e+01 8.065346e+01
      vertex   2.709586e+01 3.786595e+01 8.090489e+01
    endloop
  endfacet
  facet normal -2.013733e-01 -3.487889e-01 9.153115e-01
    outer loop
      vertex   2.709586e+01 3.786595e+01 8.090489e+01
      vertex   2.940823e+01 3.587109e+01 8.065346e+01
      vertex   2.969394e+01 3.636595e+01 8.090489e+01
    endloop
  endfacet
  facet normal -3.611820e-01 -6.255855e-01 6.915131e-01
    outer loop
      vertex   2.709586e+01 3.786595e+01 8.090489e+01
      vertex   2.969394e+01 3.636595e+01 8.090489e+01
      vertex   2.731172e+01 3.823982e+01 8.135586e+01
    endloop
  endfacet
  facet normal -3.611820e-01 -6.255855e-01 6.915131e-01
    outer loop
      vertex   2.731172e+01 3.823982e+01 8.135586e+01
      vertex   2.969394e+01 3.636595e+01 8.090489e+01
      vertex   2.990979e+01 3.673982e+01 8.135586e+01
    endloop
  endfacet
  facet normal -4.660039e-01 -8.071425e-01 3.624380e-01
    outer loop
      vertex   3.136631e+01 4.526258e+01 8.703398e+01
      vertex   3.396439e+01 4.376258e+01 8.703398e+01
      vertex   3.147945e+01 4.545854e+01 8.761582e+01
    endloop
  endfacet
  facet normal -4.660039e-01 -8.071425e-01 3.624380e-01
    outer loop
      vertex   3.147945e+01 4.545854e+01 8.761582e+01
      vertex   3.396439e+01 4.376258e+01 8.703398e+01
      vertex   3.407752e+01 4.395854e+01 8.761582e+01
    endloop
  endfacet
  facet normal -4.998810e-01 -8.658193e-01 -2.181489e-02
    outer loop
      vertex   3.147945e+01 4.545854e+01 8.761582e+01
      vertex   3.407752e+01 4.395854e+01 8.761582e+01
      vertex   3.147264e+01 4.544674e+01 8.823996e+01
    endloop
  endfacet
  facet normal -4.998810e-01 -8.658193e-01 -2.181489e-02
    outer loop
      vertex   3.147264e+01 4.544674e+01 8.823996e+01
      vertex   3.407752e+01 4.395854e+01 8.761582e+01
      vertex   3.407071e+01 4.394674e+01 8.823996e+01
    endloop
  endfacet
  facet normal -4.576557e-01 -7.926830e-01 -4.027467e-01
    outer loop
      vertex   3.147264e+01 4.544674e+01 8.823996e+01
      vertex   3.407071e+01 4.394674e+01 8.823996e+01
      vertex   3.134692e+01 4.522900e+01 8.881138e+01
    endloop
  endfacet
  facet normal -4.576557e-01 -7.926830e-01 -4.027467e-01
    outer loop
      vertex   3.134692e+01 4.522900e+01 8.881138e+01
      vertex   3.407071e+01 4.394674e+01 8.823996e+01
      vertex   3.394500e+01 4.372900e+01 8.881138e+01
    endloop
  endfacet
  facet normal -3.457565e-01 -5.988679e-01 -7.223640e-01
    outer loop
      vertex   3.134692e+01 4.522900e+01 8.881138e+01
      vertex   3.394500e+01 4.372900e+01 8.881138e+01
      vertex   3.112144e+01 4.483845e+01 8.924308e+01
    endloop
  endfacet
  facet normal -3.457565e-01 -5.988679e-01 -7.223640e-01
    outer loop
      vertex   3.112144e+01 4.483845e+01 8.924308e+01
      vertex   3.394500e+01 4.372900e+01 8.881138e+01
      vertex   3.371952e+01 4.333845e+01 8.924308e+01
    endloop
  endfacet
  facet normal -1.812190e-01 -3.138805e-01 -9.320079e-01
    outer loop
      vertex   3.112144e+01 4.483845e+01 8.924308e+01
      vertex   3.371952e+01 4.333845e+01 8.924308e+01
      vertex   3.083052e+01 4.433456e+01 8.946935e+01
    endloop
  endfacet
  facet normal -1.812190e-01 -3.138805e-01 -9.320079e-01
    outer loop
      vertex   3.083052e+01 4.433456e+01 8.946935e+01
      vertex   3.371952e+01 4.333845e+01 8.924308e+01
      vertex   3.342859e+01 4.283456e+01 8.946935e+01
    endloop
  endfacet
  facet normal 1.090744e-02 1.889224e-02 -9.997620e-01
    outer loop
      vertex   3.083052e+01 4.433456e+01 8.946935e+01
      vertex   3.342859e+01 4.283456e+01 8.946935e+01
      vertex   3.051845e+01 4.379404e+01 8.945573e+01
    endloop
  endfacet
  facet normal 1.090744e-02 1.889224e-02 -9.997620e-01
    outer loop
      vertex   3.051845e+01 4.379404e+01 8.945573e+01
      vertex   3.342859e+01 4.283456e+01 8.946935e+01
      vertex   3.311652e+01 4.229404e+01 8.945573e+01
    endloop
  endfacet
  facet normal 2.013733e-01 3.487889e-01 -9.153115e-01
    outer loop
      vertex   3.051845e+01 4.379404e+01 8.945573e+01
      vertex   3.311652e+01 4.229404e+01 8.945573e+01
      vertex   3.023274e+01 4.329917e+01 8.920430e+01
    endloop
  endfacet
  facet normal 2.013733e-01 3.487889e-01 -9.153115e-01
    outer loop
      vertex   3.023274e+01 4.329917e+01 8.920430e+01
      vertex   3.311652e+01 4.229404e+01 8.945573e+01
      vertex   3.283081e+01 4.179917e+01 8.920430e+01
    endloop
  endfacet
  facet normal 3.611820e-01 6.255855e-01 -6.915131e-01
    outer loop
      vertex   3.023274e+01 4.329917e+01 8.920430e+01
      vertex   3.283081e+01 4.179917e+01 8.920430e+01
      vertex   3.001689e+01 4.292531e+01 8.875333e+01
    endloop
  endfacet
  facet normal 3.611820e-01 6.255855e-01 -6.915131e-01
    outer loop
      vertex   3.001689e+01 4.292531e+01 8.875333e+01
      vertex   3.283081e+01 4.179917e+01 8.920430e+01
      vertex   3.261496e+01 4.142531e+01 8.875333e+01
    endloop
  endfacet
  facet normal 4.660039e-01 8.071425e-01 -3.624380e-01
    outer loop
      vertex   3.001689e+01 4.292531e+01 8.875333e+01
      vertex   3.261496e+01 4.142531e+01 8.875333e+01
      vertex   2.990375e+01 4.272936e+01 8.817149e+01
    endloop
  endfacet
  facet normal 4.660039e-01 8.071425e-01 -3.624380e-01
    outer loop
      vertex   2.990375e+01 4.272936e+01 8.817149e+01
      vertex   3.261496e+01 4.142531e+01 8.875333e+01
      vertex   3.250183e+01 4.122936e+01 8.817149e+01
    endloop
  endfacet
  facet normal 4.998810e-01 8.658193e-01 2.181489e-02
    outer loop
      vertex   2.990375e+01 4.272936e+01 8.817149e+01
      vertex   3.250183e+01 4.122936e+01 8.817149e+01
      vertex   2.991056e+01 4.274115e+01 8.754735e+01
    endloop
  endfacet
  facet normal 4.998810e-01 8.658193e-01 2.181489e-02
    outer loop
      vertex   2.991056e+01 4.274115e+01 8.754735e+01
      vertex   3.250183e+01 4.122936e+01 8.817149e+01
      vertex   3.250864e+01 4.124115e+01 8.754735e+01
    endloop
  endfacet
  facet normal 4.576557e-01 7.926830e-01 4.027467e-01
    outer loop
      vertex   2.991056e+01 4.274115e+01 8.754735e+01
      vertex   3.250864e+01 4.124115e+01 8.754735e+01
      vertex   3.003628e+01 4.295890e+01 8.697593e+01
    endloop
  endfacet
  facet normal 4.576557e-01 7.926830e-01 4.027467e-01
    outer loop
      vertex   3.003628e+01 4.295890e+01 8.697593e+01
      vertex   3.250864e+01 4.124115e+01 8.754735e+01
      vertex   3.263435e+01 4.145890e+01 8.697593e+01
    endloop
  endfacet
  facet normal 3.457565e-01 5.988679e-01 7.223640e-01
    outer loop
      vertex   3.003628e+01 4.295890e+01 8.697593e+01
      vertex   3.263435e+01 4.145890e+01 8.697593e+01
      vertex   3.026176e+01 4.334944e+01 8.654423e+01
    endloop
  endfacet
  facet normal 3.457565e-01 5.988679e-01 7.223640e-01
    outer loop
      vertex   3.026176e+01 4.334944e+01 8.654423e+01
      vertex   3.263435e+01 4.145890e+01 8.697593e+01
      vertex   3.285984e+01 4.184944e+01 8.654423e+01
    endloop
  endfacet
  facet normal 1.812190e-01 3.138805e-01 9.320079e-01
    outer loop
      vertex   3.026176e+01 4.334944e+01 8.654423e+01
      vertex   3.285984e+01 4.184944e+01 8.654423e+01
      vertex   3.055268e+01 4.385333e+01 8.631796e+01
    endloop
  endfacet
  facet normal 1.812190e-01 3.138805e-01 9.320079e-01
    outer loop
      vertex   3.055268e+01 4.385333e+01 8.631796e+01
      vertex   3.285984e+01 4.184944e+01 8.654423e+01
      vertex   3.315076e+01 4.235333e+01 8.631796e+01
    endloop
  endfacet
  facet normal -1.090744e-02 -1.889224e-02 9.997620e-01
    outer loop
      vertex   3.055268e+01 4.385333e+01 8.631796e+01
      vertex   3.315076e+01 4.235333e+01 8.631796e+01
      vertex   3.086475e+01 4.439385e+01 8.633158e+01
    endloop
  endfacet
  facet normal -1.090744e-02 -1.889224e-02 9.997620e-01
    outer loop
      vertex   3.086475e+01 4.439385e+01 8.633158e+01
      vertex   3.315076e+01 4.235333e+01 8.631796e+01
      vertex   3.346283e+01 4.289385e+01 8.633158e+01
    endloop
  endfacet
  facet normal -2.013733e-01 -3.487889e-01 9.153115e-01
    outer loop
      vertex   3.086475e+01 4.439385e+01 8.633158e+01
      vertex   3.346283e+01 4.289385e+01 8.633158e+01
      vertex   3.115046e+01 4.488872e+01 8.658301e+01
    endloop
  endfacet
  facet normal -2.013733e-01 -3.487889e-01 9.153115e-01
    outer loop
      vertex   3.115046e+01 4.488872e+01 8.658301e+01
      vertex   3.346283e+01 4.289385e+01 8.633158e+01
      vertex   3.374854e+01 4.338872e+01 8.658301e+01
    endloop
  endfacet
  facet normal -3.611820e-01 -6.255855e-01 6.915131e-01
    outer loop
      vertex   3.115046e+01 4.488872e+01 8.658301e+01
      vertex   3.374854e+01 4.338872e+01 8.658301e+01
      vertex   3.136631e+01 4.526258e+01 8.703398e+01
    endloop
  endfacet
  facet normal -3.611820e-01 -6.255855e-01 6.915131e-01
    outer loop
      vertex   3.136631e+01 4.526258e+01 8.703398e+01
      vertex   3.374854e+01 4.338872e+01 8.658301e+01
      vertex   3.396439e+01 4.376258e+01 8.703398e+01
    endloop
  endfacet
  facet normal -8.660254e-01 5.000000e-01 1.624266e-14
    outer loop
      vertex   1.891321e+01 6.169317e+01 6.838139e+01
      vertex   1.432498e+01 5.374613e+01 7.323051e+01
      vertex   2.049147e+01 6.442681e+01 6.888244e+01
    endloop
  endfacet
  facet normal -8.660254e-01 5.000000e-01 1.746947e-14
    outer loop
      vertex   2.049147e+01 6.442681e+01 6.888244e+01
      vertex   1.432498e+01 5.374613e+01 7.323051e+01
      vertex   1.439615e+01 5.386940e+01 7.403779e+01
    endloop
  endfacet
  facet normal -8.660254e-01 5.000000e-01 2.178188e-14
    outer loop
      vertex   2.049147e+01 6.442681e+01 6.888244e+01
      vertex   1.439615e+01 5.386940e+01 7.403779e+01
      vertex   2.209163e+01 6.719836e+01 6.938879e+01
    endloop
  endfacet
  facet normal -8.660254e-01 5.000000e-01 1.961336e-14
    outer loop
      vertex   2.209163e+01 6.719836e+01 6.938879e+01
      vertex   1.439615e+01 5.386940e+01 7.403779e+01
      vertex   1.714471e+01 5.863005e+01 7.703788e+01
    endloop
  endfacet
  facet normal -8.660254e-01 5.000000e-01 1.558025e-14
    outer loop
      vertex   2.209163e+01 6.719836e+01 6.938879e+01
      vertex   1.714471e+01 5.863005e+01 7.703788e+01
      vertex   1.754645e+01 5.932588e+01 7.720031e+01
    endloop
  endfacet
  facet normal -8.660254e-01 5.000000e-01 1.612593e-14
    outer loop
      vertex   1.732092e+01 5.893525e+01 6.811080e+01
      vertex   1.385181e+01 5.292658e+01 7.191423e+01
      vertex   1.891321e+01 6.169317e+01 6.838139e+01
    endloop
  endfacet
  facet normal -8.660254e-01 5.000000e-01 1.606284e-14
    outer loop
      vertex   1.891321e+01 6.169317e+01 6.838139e+01
      vertex   1.385181e+01 5.292658e+01 7.191423e+01
      vertex   1.413799e+01 5.342226e+01 7.250105e+01
    endloop
  endfacet
  facet normal -8.660254e-01 5.000000e-01 1.670439e-14
    outer loop
      vertex   1.891321e+01 6.169317e+01 6.838139e+01
      vertex   1.413799e+01 5.342226e+01 7.250105e+01
      vertex   1.432498e+01 5.374613e+01 7.323051e+01
    endloop
  endfacet
  facet normal -8.660254e-01 5.000000e-01 2.147962e-14
    outer loop
      vertex   1.385181e+01 5.292658e+01 7.191423e+01
      vertex   1.732092e+01 5.893525e+01 6.811080e+01
      vertex   1.349186e+01 5.230312e+01 7.152219e+01
    endloop
  endfacet
  facet normal -8.660254e-01 5.000000e-01 1.824162e-14
    outer loop
      vertex   1.349186e+01 5.230312e+01 7.152219e+01
      vertex   1.732092e+01 5.893525e+01 6.811080e+01
      vertex   1.572301e+01 5.616760e+01 6.807209e+01
    endloop
  endfacet
  facet normal -8.660254e-01 5.000000e-01 1.447751e-14
    outer loop
      vertex   1.349186e+01 5.230312e+01 7.152219e+01
      vertex   1.572301e+01 5.616760e+01 6.807209e+01
      vertex   1.309012e+01 5.160728e+01 7.135976e+01
    endloop
  endfacet
  facet normal -8.660254e-01 5.000000e-01 1.857006e-14
    outer loop
      vertex   1.309012e+01 5.160728e+01 7.135976e+01
      vertex   1.572301e+01 5.616760e+01 6.807209e+01
      vertex   1.412792e+01 5.340481e+01 6.826546e+01
    endloop
  endfacet
  facet normal -8.660254e-01 5.000000e-01 3.128695e-14
    outer loop
      vertex   1.309012e+01 5.160728e+01 7.135976e+01
      vertex   1.412792e+01 5.340481e+01 6.826546e+01
      vertex   1.254405e+01 5.066146e+01 6.868990e+01
    endloop
  endfacet
  facet normal -8.660254e-01 5.000000e-01 3.984261e-14
    outer loop
      vertex   1.309012e+01 5.160728e+01 7.135976e+01
      vertex   1.254405e+01 5.066146e+01 6.868990e+01
      vertex   1.268229e+01 5.090090e+01 7.144138e+01
    endloop
  endfacet
  facet normal -8.660254e-01 5.000000e-01 4.217142e-14
    outer loop
      vertex   1.268229e+01 5.090090e+01 7.144138e+01
      vertex   1.254405e+01 5.066146e+01 6.868990e+01
      vertex   1.167914e+01 4.916340e+01 6.912411e+01
    endloop
  endfacet
  facet normal -8.660254e-01 5.000000e-01 2.185879e-14
    outer loop
      vertex   1.268229e+01 5.090090e+01 7.144138e+01
      vertex   1.167914e+01 4.916340e+01 6.912411e+01
      vertex   1.085393e+01 4.773410e+01 6.980008e+01
    endloop
  endfacet
  facet normal -8.660254e-01 5.000000e-01 1.653266e-14
    outer loop
      vertex   1.085393e+01 4.773410e+01 6.980008e+01
      vertex   1.008522e+01 4.640266e+01 7.070404e+01
      vertex   1.268229e+01 5.090090e+01 7.144138e+01
    endloop
  endfacet
  facet normal -8.660254e-01 5.000000e-01 1.024434e-14
    outer loop
      vertex   1.268229e+01 5.090090e+01 7.144138e+01
      vertex   1.008522e+01 4.640266e+01 7.070404e+01
      vertex   1.230461e+01 5.024674e+01 7.175980e+01
    endloop
  endfacet
  facet normal -8.660254e-01 5.000000e-01 1.440224e-14
    outer loop
      vertex   1.230461e+01 5.024674e+01 7.175980e+01
      vertex   1.008522e+01 4.640266e+01 7.070404e+01
      vertex   9.388664e+00 4.519618e+01 7.181760e+01
    endloop
  endfacet
  facet normal -8.660254e-01 5.000000e-01 1.155340e-14
    outer loop
      vertex   1.230461e+01 5.024674e+01 7.175980e+01
      vertex   9.388664e+00 4.519618e+01 7.181760e+01
      vertex   1.199063e+01 4.970292e+01 7.228671e+01
    endloop
  endfacet
  facet normal -8.660254e-01 5.000000e-01 2.299044e-14
    outer loop
      vertex   1.199063e+01 4.970292e+01 7.228671e+01
      vertex   9.388664e+00 4.519618e+01 7.181760e+01
      vertex   8.778433e+00 4.413923e+01 7.311809e+01
    endloop
  endfacet
  facet normal -8.660254e-01 5.000000e-01 2.629001e-14
    outer loop
      vertex   1.199063e+01 4.970292e+01 7.228671e+01
      vertex   8.778433e+00 4.413923e+01 7.311809e+01
      vertex   1.176826e+01 4.931776e+01 7.297531e+01
    endloop
  endfacet
  facet normal -8.660254e-01 5.000000e-01 1.336017e-14
    outer loop
      vertex   1.176826e+01 4.931776e+01 7.297531e+01
      vertex   8.778433e+00 4.413923e+01 7.311809e+01
      vertex   1.165725e+01 4.912549e+01 7.376440e+01
    endloop
  endfacet
  facet normal -8.660254e-01 5.000000e-01 1.644645e-14
    outer loop
      vertex   1.165725e+01 4.912549e+01 7.376440e+01
      vertex   8.778433e+00 4.413923e+01 7.311809e+01
      vertex   8.266952e+00 4.325332e+01 7.457903e+01
    endloop
  endfacet
  facet normal -8.660254e-01 5.000000e-01 2.150695e-14
    outer loop
      vertex   1.165725e+01 4.912549e+01 7.376440e+01
      vertex   8.266952e+00 4.325332e+01 7.457903e+01
      vertex   1.166747e+01 4.914318e+01 7.458388e+01
    endloop
  endfacet
  facet normal -8.660254e-01 5.000000e-01 1.738827e-14
    outer loop
      vertex   1.166747e+01 4.914318e+01 7.458388e+01
      vertex   8.266952e+00 4.325332e+01 7.457903e+01
      vertex   7.864634e+00 4.255648e+01 7.617069e+01
    endloop
  endfacet
  facet normal -8.660254e-01 5.000000e-01 1.486913e-14
    outer loop
      vertex   1.166747e+01 4.914318e+01 7.458388e+01
      vertex   7.864634e+00 4.255648e+01 7.617069e+01
      vertex   1.179801e+01 4.936928e+01 7.536093e+01
    endloop
  endfacet
  facet normal -8.660254e-01 5.000000e-01 1.771788e-14
    outer loop
      vertex   1.179801e+01 4.936928e+01 7.536093e+01
      vertex   7.864634e+00 4.255648e+01 7.617069e+01
      vertex   7.579669e+00 4.206291e+01 7.786065e+01
    endloop
  endfacet
  facet normal -8.660254e-01 5.000000e-01 1.418062e-14
    outer loop
      vertex   1.179801e+01 4.936928e+01 7.536093e+01
      vertex   7.579669e+00 4.206291e+01 7.786065e+01
      vertex   1.203726e+01 4.978369e+01 7.602650e+01
    endloop
  endfacet
  facet normal -8.660254e-01 5.000000e-01 2.006717e-14
    outer loop
      vertex   1.203726e+01 4.978369e+01 7.602650e+01
      vertex   7.579669e+00 4.206291e+01 7.786065e+01
      vertex   9.843230e+00 4.598351e+01 7.955057e+01
    endloop
  endfacet
  facet normal -8.660254e-01 5.000000e-01 2.615112e-14
    outer loop
      vertex   1.203726e+01 4.978369e+01 7.602650e+01
      vertex   9.843230e+00 4.598351e+01 7.955057e+01
      vertex   1.236398e+01 5.034958e+01 7.652146e+01
    endloop
  endfacet
  facet normal -8.660254e-01 5.000000e-01 1.380199e-14
    outer loop
      vertex   1.236398e+01 5.034958e+01 7.652146e+01
      vertex   9.843230e+00 4.598351e+01 7.955057e+01
      vertex   1.025106e+01 4.668989e+01 7.946896e+01
    endloop
  endfacet
  facet normal -8.660254e-01 5.000000e-01 1.458779e-14
    outer loop
      vertex   1.236398e+01 5.034958e+01 7.652146e+01
      vertex   1.025106e+01 4.668989e+01 7.946896e+01
      vertex   1.274913e+01 5.101667e+01 7.680182e+01
    endloop
  endfacet
  facet normal -8.660254e-01 5.000000e-01 1.142354e-14
    outer loop
      vertex   1.274913e+01 5.101667e+01 7.680182e+01
      vertex   1.025106e+01 4.668989e+01 7.946896e+01
      vertex   1.065280e+01 4.738572e+01 7.963138e+01
    endloop
  endfacet
  facet normal -8.660254e-01 5.000000e-01 1.124541e-14
    outer loop
      vertex   1.274913e+01 5.101667e+01 7.680182e+01
      vertex   1.065280e+01 4.738572e+01 7.963138e+01
      vertex   1.315849e+01 5.172570e+01 7.684268e+01
    endloop
  endfacet
  facet normal -8.660254e-01 5.000000e-01 2.191230e-14
    outer loop
      vertex   1.315849e+01 5.172570e+01 7.684268e+01
      vertex   1.065280e+01 4.738572e+01 7.963138e+01
      vertex   1.101275e+01 4.800918e+01 8.002342e+01
    endloop
  endfacet
  facet normal -8.660254e-01 5.000000e-01 1.954560e-14
    outer loop
      vertex   1.315849e+01 5.172570e+01 7.684268e+01
      vertex   1.101275e+01 4.800918e+01 8.002342e+01
      vertex   1.582285e+01 5.634052e+01 7.865342e+01
    endloop
  endfacet
  facet normal -8.660254e-01 5.000000e-01 1.768216e-14
    outer loop
      vertex   1.582285e+01 5.634052e+01 7.865342e+01
      vertex   1.101275e+01 4.800918e+01 8.002342e+01
      vertex   1.129894e+01 4.850487e+01 8.061024e+01
    endloop
  endfacet
  facet normal -8.660254e-01 5.000000e-01 1.524970e-14
    outer loop
      vertex   1.582285e+01 5.634052e+01 7.865342e+01
      vertex   1.129894e+01 4.850487e+01 8.061024e+01
      vertex   1.571185e+01 5.614825e+01 7.944252e+01
    endloop
  endfacet
  facet normal -8.660254e-01 5.000000e-01 1.550331e-14
    outer loop
      vertex   1.571185e+01 5.614825e+01 7.944252e+01
      vertex   1.129894e+01 4.850487e+01 8.061024e+01
      vertex   1.148592e+01 4.882873e+01 8.133970e+01
    endloop
  endfacet
  facet normal -8.660254e-01 5.000000e-01 1.343769e-14
    outer loop
      vertex   1.571185e+01 5.614825e+01 7.944252e+01
      vertex   1.148592e+01 4.882873e+01 8.133970e+01
      vertex   1.572206e+01 5.616595e+01 8.026200e+01
    endloop
  endfacet
  facet normal -8.660254e-01 5.000000e-01 1.625746e-14
    outer loop
      vertex   1.572206e+01 5.616595e+01 8.026200e+01
      vertex   1.148592e+01 4.882873e+01 8.133970e+01
      vertex   1.155709e+01 4.895201e+01 8.214698e+01
    endloop
  endfacet
  facet normal -8.660254e-01 5.000000e-01 2.105716e-14
    outer loop
      vertex   1.572206e+01 5.616595e+01 8.026200e+01
      vertex   1.155709e+01 4.895201e+01 8.214698e+01
      vertex   1.585260e+01 5.639205e+01 8.103904e+01
    endloop
  endfacet
  facet normal -8.660254e-01 5.000000e-01 2.377175e-14
    outer loop
      vertex   1.585260e+01 5.639205e+01 8.103904e+01
      vertex   1.155709e+01 4.895201e+01 8.214698e+01
      vertex   1.150613e+01 4.886374e+01 8.296035e+01
    endloop
  endfacet
  facet normal -8.660254e-01 5.000000e-01 1.874339e-14
    outer loop
      vertex   1.585260e+01 5.639205e+01 8.103904e+01
      vertex   1.150613e+01 4.886374e+01 8.296035e+01
      vertex   1.609186e+01 5.680645e+01 8.170461e+01
    endloop
  endfacet
  facet normal -8.660254e-01 5.000000e-01 1.436676e-14
    outer loop
      vertex   1.609186e+01 5.680645e+01 8.170461e+01
      vertex   1.150613e+01 4.886374e+01 8.296035e+01
      vertex   1.133756e+01 4.857176e+01 8.370754e+01
    endloop
  endfacet
  facet normal -8.660254e-01 5.000000e-01 1.882701e-14
    outer loop
      vertex   1.609186e+01 5.680645e+01 8.170461e+01
      vertex   1.133756e+01 4.857176e+01 8.370754e+01
      vertex   1.389783e+01 5.300628e+01 8.522869e+01
    endloop
  endfacet
  facet normal -8.660254e-01 5.000000e-01 2.101792e-14
    outer loop
      vertex   1.389783e+01 5.300628e+01 8.522869e+01
      vertex   1.133756e+01 4.857176e+01 8.370754e+01
      vertex   1.106635e+01 4.810202e+01 8.432216e+01
    endloop
  endfacet
  facet normal -8.660254e-01 5.000000e-01 1.329815e-14
    outer loop
      vertex   1.389783e+01 5.300628e+01 8.522869e+01
      vertex   1.106635e+01 4.810202e+01 8.432216e+01
      vertex   1.352014e+01 5.235211e+01 8.554710e+01
    endloop
  endfacet
  facet normal -8.660254e-01 5.000000e-01 1.442973e-14
    outer loop
      vertex   1.352014e+01 5.235211e+01 8.554710e+01
      vertex   1.106635e+01 4.810202e+01 8.432216e+01
      vertex   1.071662e+01 4.749626e+01 8.474960e+01
    endloop
  endfacet
  facet normal -8.660254e-01 5.000000e-01 1.433073e-14
    outer loop
      vertex   1.352014e+01 5.235211e+01 8.554710e+01
      vertex   1.071662e+01 4.749626e+01 8.474960e+01
      vertex   1.320617e+01 5.180829e+01 8.607402e+01
    endloop
  endfacet
  facet normal -8.660254e-01 5.000000e-01 1.725249e-14
    outer loop
      vertex   1.320617e+01 5.180829e+01 8.607402e+01
      vertex   1.071662e+01 4.749626e+01 8.474960e+01
      vertex   1.031943e+01 4.680831e+01 8.495187e+01
    endloop
  endfacet
  facet normal -8.660254e-01 5.000000e-01 1.915433e-14
    outer loop
      vertex   1.320617e+01 5.180829e+01 8.607402e+01
      vertex   1.031943e+01 4.680831e+01 8.495187e+01
      vertex   1.298380e+01 5.142313e+01 8.676261e+01
    endloop
  endfacet
  facet normal -8.660254e-01 5.000000e-01 1.748276e-14
    outer loop
      vertex   1.298380e+01 5.142313e+01 8.676261e+01
      vertex   1.031943e+01 4.680831e+01 8.495187e+01
      vertex   8.481370e+00 4.362470e+01 8.808825e+01
    endloop
  endfacet
  facet normal -8.660254e-01 5.000000e-01 1.528899e-14
    outer loop
      vertex   1.298380e+01 5.142313e+01 8.676261e+01
      vertex   8.481370e+00 4.362470e+01 8.808825e+01
      vertex   1.287279e+01 5.123086e+01 8.755171e+01
    endloop
  endfacet
  facet normal -8.660254e-01 5.000000e-01 1.744104e-14
    outer loop
      vertex   1.287279e+01 5.123086e+01 8.755171e+01
      vertex   8.481370e+00 4.362470e+01 8.808825e+01
      vertex   9.038150e+00 4.458907e+01 8.948137e+01
    endloop
  endfacet
  facet normal -8.660254e-01 5.000000e-01 2.148958e-14
    outer loop
      vertex   1.287279e+01 5.123086e+01 8.755171e+01
      vertex   9.038150e+00 4.458907e+01 8.948137e+01
      vertex   1.288301e+01 5.124856e+01 8.837119e+01
    endloop
  endfacet
  facet normal -8.660254e-01 5.000000e-01 1.804443e-14
    outer loop
      vertex   1.288301e+01 5.124856e+01 8.837119e+01
      vertex   9.038150e+00 4.458907e+01 8.948137e+01
      vertex   9.688394e+00 4.571533e+01 9.070183e+01
    endloop
  endfacet
  facet normal -8.660254e-01 5.000000e-01 1.498041e-14
    outer loop
      vertex   1.288301e+01 5.124856e+01 8.837119e+01
      vertex   9.688394e+00 4.571533e+01 9.070183e+01
      vertex   1.301354e+01 5.147465e+01 8.914823e+01
    endloop
  endfacet
  facet normal -8.660254e-01 5.000000e-01 1.860015e-14
    outer loop
      vertex   1.301354e+01 5.147465e+01 8.914823e+01
      vertex   9.688394e+00 4.571533e+01 9.070183e+01
      vertex   1.041886e+01 4.698054e+01 9.172479e+01
    endloop
  endfacet
  facet normal -8.660254e-01 5.000000e-01 1.298116e-14
    outer loop
      vertex   1.301354e+01 5.147465e+01 8.914823e+01
      vertex   1.041886e+01 4.698054e+01 9.172479e+01
      vertex   1.325280e+01 5.188906e+01 8.981381e+01
    endloop
  endfacet
  facet normal -8.660254e-01 5.000000e-01 2.623524e-14
    outer loop
      vertex   1.325280e+01 5.188906e+01 8.981381e+01
      vertex   1.041886e+01 4.698054e+01 9.172479e+01
      vertex   1.357952e+01 5.245495e+01 9.030876e+01
    endloop
  endfacet
  facet normal -8.660254e-01 5.000000e-01 1.863435e-14
    outer loop
      vertex   1.357952e+01 5.245495e+01 9.030876e+01
      vertex   1.041886e+01 4.698054e+01 9.172479e+01
      vertex   1.121469e+01 4.835895e+01 9.252943e+01
    endloop
  endfacet
  facet normal -8.660254e-01 5.000000e-01 1.988940e-14
    outer loop
      vertex   1.357952e+01 5.245495e+01 9.030876e+01
      vertex   1.121469e+01 4.835895e+01 9.252943e+01
      vertex   1.396467e+01 5.312205e+01 9.058913e+01
    endloop
  endfacet
  facet normal -8.660254e-01 5.000000e-01 1.412527e-14
    outer loop
      vertex   1.396467e+01 5.312205e+01 9.058913e+01
      vertex   1.121469e+01 4.835895e+01 9.252943e+01
      vertex   1.205967e+01 4.982250e+01 9.309936e+01
    endloop
  endfacet
  facet normal -8.660254e-01 5.000000e-01 1.044521e-14
    outer loop
      vertex   1.396467e+01 5.312205e+01 9.058913e+01
      vertex   1.205967e+01 4.982250e+01 9.309936e+01
      vertex   1.437402e+01 5.383107e+01 9.062999e+01
    endloop
  endfacet
  facet normal -8.660254e-01 5.000000e-01 2.224671e-14
    outer loop
      vertex   1.437402e+01 5.383107e+01 9.062999e+01
      vertex   1.205967e+01 4.982250e+01 9.309936e+01
      vertex   1.293661e+01 5.134140e+01 9.342298e+01
    endloop
  endfacet
  facet normal -8.660254e-01 5.000000e-01 1.620122e-14
    outer loop
      vertex   1.437402e+01 5.383107e+01 9.062999e+01
      vertex   1.293661e+01 5.134140e+01 9.342298e+01
      vertex   1.382765e+01 5.288472e+01 9.349371e+01
    endloop
  endfacet
  facet normal -8.660254e-01 5.000000e-01 1.860207e-14
    outer loop
      vertex   7.579669e+00 4.206291e+01 7.786065e+01
      vertex   7.417858e+00 4.178264e+01 7.961452e+01
      vertex   9.843230e+00 4.598351e+01 7.955057e+01
    endloop
  endfacet
  facet normal -8.660254e-01 5.000000e-01 7.420116e-15
    outer loop
      vertex   9.843230e+00 4.598351e+01 7.955057e+01
      vertex   7.417858e+00 4.178264e+01 7.961452e+01
      vertex   9.465548e+00 4.532935e+01 7.986899e+01
    endloop
  endfacet
  facet normal -8.660254e-01 5.000000e-01 1.638243e-14
    outer loop
      vertex   9.465548e+00 4.532935e+01 7.986899e+01
      vertex   7.417858e+00 4.178264e+01 7.961452e+01
      vertex   9.151572e+00 4.478552e+01 8.039590e+01
    endloop
  endfacet
  facet normal -8.660254e-01 5.000000e-01 1.624069e-14
    outer loop
      vertex   9.151572e+00 4.478552e+01 8.039590e+01
      vertex   7.417858e+00 4.178264e+01 7.961452e+01
      vertex   7.382495e+00 4.172139e+01 8.139660e+01
    endloop
  endfacet
  facet normal -8.660254e-01 5.000000e-01 2.642715e-14
    outer loop
      vertex   9.151572e+00 4.478552e+01 8.039590e+01
      vertex   7.382495e+00 4.172139e+01 8.139660e+01
      vertex   8.929201e+00 4.440036e+01 8.108450e+01
    endloop
  endfacet
  facet normal -8.660254e-01 5.000000e-01 1.322418e-14
    outer loop
      vertex   8.929201e+00 4.440036e+01 8.108450e+01
      vertex   7.382495e+00 4.172139e+01 8.139660e+01
      vertex   8.818192e+00 4.420809e+01 8.187359e+01
    endloop
  endfacet
  facet normal -8.660254e-01 5.000000e-01 1.667680e-14
    outer loop
      vertex   8.818192e+00 4.420809e+01 8.187359e+01
      vertex   7.382495e+00 4.172139e+01 8.139660e+01
      vertex   7.474300e+00 4.188040e+01 8.317060e+01
    endloop
  endfacet
  facet normal -8.660254e-01 5.000000e-01 2.142912e-14
    outer loop
      vertex   8.818192e+00 4.420809e+01 8.187359e+01
      vertex   7.474300e+00 4.188040e+01 8.317060e+01
      vertex   8.828410e+00 4.422579e+01 8.269307e+01
    endloop
  endfacet
  facet normal -8.660254e-01 5.000000e-01 1.222742e-14
    outer loop
      vertex   8.828410e+00 4.422579e+01 8.269307e+01
      vertex   7.474300e+00 4.188040e+01 8.317060e+01
      vertex   8.958947e+00 4.445189e+01 8.347012e+01
    endloop
  endfacet
  facet normal -8.660254e-01 5.000000e-01 1.951541e-14
    outer loop
      vertex   8.958947e+00 4.445189e+01 8.347012e+01
      vertex   7.474300e+00 4.188040e+01 8.317060e+01
      vertex   7.691404e+00 4.225644e+01 8.490042e+01
    endloop
  endfacet
  facet normal -8.660254e-01 5.000000e-01 1.469873e-14
    outer loop
      vertex   8.958947e+00 4.445189e+01 8.347012e+01
      vertex   7.691404e+00 4.225644e+01 8.490042e+01
      vertex   9.198204e+00 4.486629e+01 8.413569e+01
    endloop
  endfacet
  facet normal -8.660254e-01 5.000000e-01 2.687317e-14
    outer loop
      vertex   9.198204e+00 4.486629e+01 8.413569e+01
      vertex   7.691404e+00 4.225644e+01 8.490042e+01
      vertex   9.524922e+00 4.543218e+01 8.463065e+01
    endloop
  endfacet
  facet normal -8.660254e-01 5.000000e-01 1.951732e-14
    outer loop
      vertex   9.524922e+00 4.543218e+01 8.463065e+01
      vertex   7.691404e+00 4.225644e+01 8.490042e+01
      vertex   8.029387e+00 4.284184e+01 8.655083e+01
    endloop
  endfacet
  facet normal -8.660254e-01 5.000000e-01 1.963976e-14
    outer loop
      vertex   9.524922e+00 4.543218e+01 8.463065e+01
      vertex   8.029387e+00 4.284184e+01 8.655083e+01
      vertex   9.910070e+00 4.609928e+01 8.491101e+01
    endloop
  endfacet
  facet normal -8.660254e-01 5.000000e-01 9.349346e-15
    outer loop
      vertex   9.910070e+00 4.609928e+01 8.491101e+01
      vertex   8.029387e+00 4.284184e+01 8.655083e+01
      vertex   1.031943e+01 4.680831e+01 8.495187e+01
    endloop
  endfacet
  facet normal -8.660254e-01 5.000000e-01 1.580260e-14
    outer loop
      vertex   1.031943e+01 4.680831e+01 8.495187e+01
      vertex   8.029387e+00 4.284184e+01 8.655083e+01
      vertex   8.481370e+00 4.362470e+01 8.808825e+01
    endloop
  endfacet
  facet normal -8.660254e-01 5.000000e-01 4.755234e-15
    outer loop
      vertex   1.382765e+01 5.288472e+01 9.349371e+01
      vertex   1.471465e+01 5.442106e+01 9.331010e+01
      vertex   1.437402e+01 5.383107e+01 9.062999e+01
    endloop
  endfacet
  facet normal -8.660254e-01 5.000000e-01 -2.979583e-11
    outer loop
      vertex   1.437402e+01 5.383107e+01 9.062999e+01
      vertex   1.471465e+01 5.442106e+01 9.331010e+01
      vertex   1.471489e+01 5.442148e+01 9.331001e+01
    endloop
  endfacet
  facet normal -8.660254e-01 5.000000e-01 1.843951e-14
    outer loop
      vertex   1.437402e+01 5.383107e+01 9.062999e+01
      vertex   1.471489e+01 5.442148e+01 9.331001e+01
      vertex   1.477121e+01 5.451903e+01 9.042771e+01
    endloop
  endfacet
  facet normal -8.660254e-01 5.000000e-01 1.844362e-14
    outer loop
      vertex   1.477121e+01 5.451903e+01 9.042771e+01
      vertex   1.471489e+01 5.442148e+01 9.331001e+01
      vertex   1.624063e+01 5.706414e+01 9.264911e+01
    endloop
  endfacet
  facet normal -8.660254e-01 5.000000e-01 1.905555e-14
    outer loop
      vertex   1.477121e+01 5.451903e+01 9.042771e+01
      vertex   1.624063e+01 5.706414e+01 9.264911e+01
      vertex   1.773620e+01 5.965454e+01 9.175390e+01
    endloop
  endfacet
  facet normal -8.660254e-01 5.000000e-01 1.256982e-14
    outer loop
      vertex   1.477121e+01 5.451903e+01 9.042771e+01
      vertex   1.773620e+01 5.965454e+01 9.175390e+01
      vertex   1.512095e+01 5.512479e+01 9.000028e+01
    endloop
  endfacet
  facet normal -8.660254e-01 5.000000e-01 1.681321e-14
    outer loop
      vertex   1.512095e+01 5.512479e+01 9.000028e+01
      vertex   1.773620e+01 5.965454e+01 9.175390e+01
      vertex   1.919262e+01 6.217713e+01 9.062976e+01
    endloop
  endfacet
  facet normal -8.660254e-01 5.000000e-01 2.346495e-14
    outer loop
      vertex   1.512095e+01 5.512479e+01 9.000028e+01
      vertex   1.919262e+01 6.217713e+01 9.062976e+01
      vertex   1.539215e+01 5.559453e+01 8.938566e+01
    endloop
  endfacet
  facet normal -8.660254e-01 5.000000e-01 2.068837e-14
    outer loop
      vertex   1.539215e+01 5.559453e+01 8.938566e+01
      vertex   1.919262e+01 6.217713e+01 9.062976e+01
      vertex   2.060114e+01 6.461676e+01 8.928343e+01
    endloop
  endfacet
  facet normal -8.660254e-01 5.000000e-01 1.217703e-14
    outer loop
      vertex   1.539215e+01 5.559453e+01 8.938566e+01
      vertex   2.060114e+01 6.461676e+01 8.928343e+01
      vertex   1.556073e+01 5.588650e+01 8.863847e+01
    endloop
  endfacet
  facet normal -8.660254e-01 5.000000e-01 1.219847e-14
    outer loop
      vertex   1.556073e+01 5.588650e+01 8.863847e+01
      vertex   2.060114e+01 6.461676e+01 8.928343e+01
      vertex   2.195331e+01 6.695878e+01 8.772301e+01
    endloop
  endfacet
  facet normal -8.660254e-01 5.000000e-01 2.368946e-14
    outer loop
      vertex   1.556073e+01 5.588650e+01 8.863847e+01
      vertex   2.195331e+01 6.695878e+01 8.772301e+01
      vertex   1.561169e+01 5.597478e+01 8.782510e+01
    endloop
  endfacet
  facet normal -8.660254e-01 5.000000e-01 1.625255e-14
    outer loop
      vertex   1.561169e+01 5.597478e+01 8.782510e+01
      vertex   2.195331e+01 6.695878e+01 8.772301e+01
      vertex   1.554052e+01 5.585150e+01 8.701782e+01
    endloop
  endfacet
  facet normal -8.660254e-01 5.000000e-01 3.103482e-14
    outer loop
      vertex   1.554052e+01 5.585150e+01 8.701782e+01
      vertex   2.195331e+01 6.695878e+01 8.772301e+01
      vertex   2.323508e+01 6.917887e+01 8.622166e+01
    endloop
  endfacet
  facet normal -8.660254e-01 5.000000e-01 1.708868e-14
    outer loop
      vertex   1.554052e+01 5.585150e+01 8.701782e+01
      vertex   2.323508e+01 6.917887e+01 8.622166e+01
      vertex   1.761027e+01 5.943642e+01 8.231852e+01
    endloop
  endfacet
  facet normal -8.660254e-01 5.000000e-01 1.232994e-14
    outer loop
      vertex   1.761027e+01 5.943642e+01 8.231852e+01
      vertex   2.323508e+01 6.917887e+01 8.622166e+01
      vertex   2.456264e+01 7.147827e+01 8.488893e+01
    endloop
  endfacet
  facet normal -8.660254e-01 5.000000e-01 5.507144e-15
    outer loop
      vertex   1.761027e+01 5.943642e+01 8.231852e+01
      vertex   2.456264e+01 7.147827e+01 8.488893e+01
      vertex   1.796001e+01 6.004218e+01 8.189109e+01
    endloop
  endfacet
  facet normal -8.660254e-01 5.000000e-01 2.056026e-14
    outer loop
      vertex   1.796001e+01 6.004218e+01 8.189109e+01
      vertex   2.456264e+01 7.147827e+01 8.488893e+01
      vertex   2.593044e+01 7.384737e+01 8.373035e+01
    endloop
  endfacet
  facet normal -8.660254e-01 5.000000e-01 2.258458e-14
    outer loop
      vertex   1.796001e+01 6.004218e+01 8.189109e+01
      vertex   2.593044e+01 7.384737e+01 8.373035e+01
      vertex   1.823121e+01 6.051192e+01 8.127647e+01
    endloop
  endfacet
  facet normal -8.660254e-01 5.000000e-01 1.231491e-14
    outer loop
      vertex   1.823121e+01 6.051192e+01 8.127647e+01
      vertex   2.593044e+01 7.384737e+01 8.373035e+01
      vertex   1.839978e+01 6.080390e+01 8.052927e+01
    endloop
  endfacet
  facet normal -8.660254e-01 5.000000e-01 1.616797e-14
    outer loop
      vertex   1.839978e+01 6.080390e+01 8.052927e+01
      vertex   2.593044e+01 7.384737e+01 8.373035e+01
      vertex   2.733278e+01 7.627630e+01 8.275078e+01
    endloop
  endfacet
  facet normal -8.660254e-01 5.000000e-01 2.584082e-14
    outer loop
      vertex   1.839978e+01 6.080390e+01 8.052927e+01
      vertex   2.733278e+01 7.627630e+01 8.275078e+01
      vertex   1.845075e+01 6.089217e+01 7.971590e+01
    endloop
  endfacet
  facet normal -8.660254e-01 5.000000e-01 1.991456e-14
    outer loop
      vertex   1.845075e+01 6.089217e+01 7.971590e+01
      vertex   2.733278e+01 7.627630e+01 8.275078e+01
      vertex   2.876381e+01 7.875492e+01 8.195429e+01
    endloop
  endfacet
  facet normal -8.660254e-01 5.000000e-01 1.586575e-14
    outer loop
      vertex   1.845075e+01 6.089217e+01 7.971590e+01
      vertex   2.876381e+01 7.875492e+01 8.195429e+01
      vertex   1.837958e+01 6.076889e+01 7.890862e+01
    endloop
  endfacet
  facet normal -8.660254e-01 5.000000e-01 1.690169e-14
    outer loop
      vertex   1.837958e+01 6.076889e+01 7.890862e+01
      vertex   2.876381e+01 7.875492e+01 8.195429e+01
      vertex   3.497063e+01 8.950544e+01 7.357271e+01
    endloop
  endfacet
  facet normal -8.660254e-01 5.000000e-01 1.745790e-14
    outer loop
      vertex   1.837958e+01 6.076889e+01 7.890862e+01
      vertex   3.497063e+01 8.950544e+01 7.357271e+01
      vertex   2.694281e+01 7.560085e+01 6.948200e+01
    endloop
  endfacet
  facet normal -8.660254e-01 5.000000e-01 1.490274e-14
    outer loop
      vertex   2.694281e+01 7.560085e+01 6.948200e+01
      vertex   3.497063e+01 8.950544e+01 7.357271e+01
      vertex   3.491032e+01 8.940098e+01 7.288867e+01
    endloop
  endfacet
  facet normal -8.660254e-01 5.000000e-01 1.892572e-14
    outer loop
      vertex   2.694281e+01 7.560085e+01 6.948200e+01
      vertex   3.491032e+01 8.940098e+01 7.288867e+01
      vertex   2.854753e+01 7.838031e+01 6.903723e+01
    endloop
  endfacet
  facet normal -8.660254e-01 5.000000e-01 1.084875e-14
    outer loop
      vertex   2.854753e+01 7.838031e+01 6.903723e+01
      vertex   3.491032e+01 8.940098e+01 7.288867e+01
      vertex   3.497063e+01 8.950544e+01 7.220463e+01
    endloop
  endfacet
  facet normal -8.660254e-01 5.000000e-01 1.126893e-14
    outer loop
      vertex   2.854753e+01 7.838031e+01 6.903723e+01
      vertex   3.497063e+01 8.950544e+01 7.220463e+01
      vertex   3.514428e+01 8.980621e+01 7.160310e+01
    endloop
  endfacet
  facet normal -8.660254e-01 5.000000e-01 1.787341e-14
    outer loop
      vertex   2.876381e+01 7.875492e+01 8.195429e+01
      vertex   3.021757e+01 8.127289e+01 8.134420e+01
      vertex   3.497063e+01 8.950544e+01 7.357271e+01
    endloop
  endfacet
  facet normal -8.660254e-01 5.000000e-01 1.226653e-14
    outer loop
      vertex   3.497063e+01 8.950544e+01 7.357271e+01
      vertex   3.021757e+01 8.127289e+01 8.134420e+01
      vertex   3.514428e+01 8.980621e+01 7.417425e+01
    endloop
  endfacet
  facet normal -8.660254e-01 5.000000e-01 2.449031e-14
    outer loop
      vertex   3.514428e+01 8.980621e+01 7.417425e+01
      vertex   3.021757e+01 8.127289e+01 8.134420e+01
      vertex   3.541032e+01 9.026701e+01 7.462072e+01
    endloop
  endfacet
  facet normal -8.660254e-01 5.000000e-01 1.081774e-14
    outer loop
      vertex   3.541032e+01 9.026701e+01 7.462072e+01
      vertex   3.021757e+01 8.127289e+01 8.134420e+01
      vertex   3.573667e+01 9.083227e+01 7.485829e+01
    endloop
  endfacet
  facet normal -8.660254e-01 5.000000e-01 1.735902e-14
    outer loop
      vertex   3.573667e+01 9.083227e+01 7.485829e+01
      vertex   3.021757e+01 8.127289e+01 8.134420e+01
      vertex   3.646165e+01 9.208797e+01 7.914220e+01
    endloop
  endfacet
  facet normal -8.660254e-01 5.000000e-01 1.447675e-14
    outer loop
      vertex   3.573667e+01 9.083227e+01 7.485829e+01
      vertex   3.646165e+01 9.208797e+01 7.914220e+01
      vertex   3.608397e+01 9.143380e+01 7.485829e+01
    endloop
  endfacet
  facet normal -8.660254e-01 5.000000e-01 1.550222e-14
    outer loop
      vertex   3.608397e+01 9.143380e+01 7.485829e+01
      vertex   3.646165e+01 9.208797e+01 7.914220e+01
      vertex   3.761625e+01 9.408779e+01 7.824421e+01
    endloop
  endfacet
  facet normal -8.660254e-01 5.000000e-01 1.989090e-14
    outer loop
      vertex   3.608397e+01 9.143380e+01 7.485829e+01
      vertex   3.761625e+01 9.408779e+01 7.824421e+01
      vertex   3.810587e+01 9.493585e+01 7.747568e+01
    endloop
  endfacet
  facet normal -8.660254e-01 5.000000e-01 4.113211e-14
    outer loop
      vertex   3.646165e+01 9.208797e+01 7.914220e+01
      vertex   3.706106e+01 9.312618e+01 7.880692e+01
      vertex   3.761625e+01 9.408779e+01 7.824421e+01
    endloop
  endfacet
  facet normal -8.660254e-01 5.000000e-01 1.266794e-14
    outer loop
      vertex   3.810587e+01 9.493585e+01 7.747568e+01
      vertex   3.851113e+01 9.563777e+01 7.653088e+01
      vertex   3.608397e+01 9.143380e+01 7.485829e+01
    endloop
  endfacet
  facet normal -8.660254e-01 5.000000e-01 2.034281e-14
    outer loop
      vertex   3.608397e+01 9.143380e+01 7.485829e+01
      vertex   3.851113e+01 9.563777e+01 7.653088e+01
      vertex   3.881643e+01 9.616657e+01 7.544611e+01
    endloop
  endfacet
  facet normal -8.660254e-01 5.000000e-01 2.719532e-14
    outer loop
      vertex   3.608397e+01 9.143380e+01 7.485829e+01
      vertex   3.881643e+01 9.616657e+01 7.544611e+01
      vertex   3.641032e+01 9.199906e+01 7.462072e+01
    endloop
  endfacet
  facet normal -8.660254e-01 5.000000e-01 1.861223e-14
    outer loop
      vertex   3.641032e+01 9.199906e+01 7.462072e+01
      vertex   3.881643e+01 9.616657e+01 7.544611e+01
      vertex   3.901006e+01 9.650194e+01 7.426306e+01
    endloop
  endfacet
  facet normal -8.660254e-01 5.000000e-01 4.323919e-14
    outer loop
      vertex   3.641032e+01 9.199906e+01 7.462072e+01
      vertex   3.901006e+01 9.650194e+01 7.426306e+01
      vertex   3.667636e+01 9.245986e+01 7.417425e+01
    endloop
  endfacet
  facet normal -8.660254e-01 5.000000e-01 1.935662e-14
    outer loop
      vertex   3.667636e+01 9.245986e+01 7.417425e+01
      vertex   3.901006e+01 9.650194e+01 7.426306e+01
      vertex   3.908456e+01 9.663099e+01 7.302719e+01
    endloop
  endfacet
  facet normal -8.660254e-01 5.000000e-01 1.084069e-14
    outer loop
      vertex   3.667636e+01 9.245986e+01 7.417425e+01
      vertex   3.908456e+01 9.663099e+01 7.302719e+01
      vertex   3.685001e+01 9.276063e+01 7.357271e+01
    endloop
  endfacet
  facet normal -8.660254e-01 5.000000e-01 1.090273e-14
    outer loop
      vertex   3.685001e+01 9.276063e+01 7.357271e+01
      vertex   3.908456e+01 9.663099e+01 7.302719e+01
      vertex   3.691032e+01 9.286509e+01 7.288867e+01
    endloop
  endfacet
  facet normal -8.660254e-01 5.000000e-01 1.649617e-14
    outer loop
      vertex   3.691032e+01 9.286509e+01 7.288867e+01
      vertex   3.908456e+01 9.663099e+01 7.302719e+01
      vertex   3.903709e+01 9.654875e+01 7.178600e+01
    endloop
  endfacet
  facet normal -8.660254e-01 5.000000e-01 1.611923e-14
    outer loop
      vertex   3.691032e+01 9.286509e+01 7.288867e+01
      vertex   3.903709e+01 9.654875e+01 7.178600e+01
      vertex   3.685001e+01 9.276063e+01 7.220463e+01
    endloop
  endfacet
  facet normal -8.660254e-01 5.000000e-01 1.583633e-14
    outer loop
      vertex   3.685001e+01 9.276063e+01 7.220463e+01
      vertex   3.903709e+01 9.654875e+01 7.178600e+01
      vertex   3.886945e+01 9.625839e+01 7.058719e+01
    endloop
  endfacet
  facet normal -8.660254e-01 5.000000e-01 1.091201e-14
    outer loop
      vertex   3.685001e+01 9.276063e+01 7.220463e+01
      vertex   3.886945e+01 9.625839e+01 7.058719e+01
      vertex   3.667636e+01 9.245986e+01 7.160310e+01
    endloop
  endfacet
  facet normal -8.660254e-01 5.000000e-01 2.763488e-14
    outer loop
      vertex   3.667636e+01 9.245986e+01 7.160310e+01
      vertex   3.886945e+01 9.625839e+01 7.058719e+01
      vertex   3.641032e+01 9.199906e+01 7.115662e+01
    endloop
  endfacet
  facet normal -8.660254e-01 5.000000e-01 1.935662e-14
    outer loop
      vertex   3.641032e+01 9.199906e+01 7.115662e+01
      vertex   3.886945e+01 9.625839e+01 7.058719e+01
      vertex   3.858809e+01 9.577107e+01 6.947682e+01
    endloop
  endfacet
  facet normal -8.660254e-01 5.000000e-01 8.335265e-15
    outer loop
      vertex   3.641032e+01 9.199906e+01 7.115662e+01
      vertex   3.858809e+01 9.577107e+01 6.947682e+01
      vertex   3.608397e+01 9.143380e+01 7.091905e+01
    endloop
  endfacet
  facet normal -8.660254e-01 5.000000e-01 1.861223e-14
    outer loop
      vertex   3.608397e+01 9.143380e+01 7.091905e+01
      vertex   3.858809e+01 9.577107e+01 6.947682e+01
      vertex   3.820383e+01 9.510550e+01 6.849756e+01
    endloop
  endfacet
  facet normal -8.660254e-01 5.000000e-01 -3.340007e-14
    outer loop
      vertex   3.608397e+01 9.143380e+01 7.091905e+01
      vertex   3.820383e+01 9.510550e+01 6.849756e+01
      vertex   3.573667e+01 9.083227e+01 7.091905e+01
    endloop
  endfacet
  facet normal -8.660254e-01 5.000000e-01 1.836503e-14
    outer loop
      vertex   3.573667e+01 9.083227e+01 7.091905e+01
      vertex   3.820383e+01 9.510550e+01 6.849756e+01
      vertex   3.773143e+01 9.428728e+01 6.768705e+01
    endloop
  endfacet
  facet normal -8.660254e-01 5.000000e-01 2.152430e-14
    outer loop
      vertex   3.573667e+01 9.083227e+01 7.091905e+01
      vertex   3.773143e+01 9.428728e+01 6.768705e+01
      vertex   3.718904e+01 9.334784e+01 6.707644e+01
    endloop
  endfacet
  facet normal -8.660254e-01 5.000000e-01 2.423714e-14
    outer loop
      vertex   3.718904e+01 9.334784e+01 6.707644e+01
      vertex   3.659752e+01 9.232329e+01 6.668919e+01
      vertex   3.573667e+01 9.083227e+01 7.091905e+01
    endloop
  endfacet
  facet normal -8.660254e-01 5.000000e-01 2.254964e-14
    outer loop
      vertex   3.573667e+01 9.083227e+01 7.091905e+01
      vertex   3.659752e+01 9.232329e+01 6.668919e+01
      vertex   3.535899e+01 9.017810e+01 6.663514e+01
    endloop
  endfacet
  facet normal -8.660254e-01 5.000000e-01 1.588525e-14
    outer loop
      vertex   3.573667e+01 9.083227e+01 7.091905e+01
      vertex   3.535899e+01 9.017810e+01 6.663514e+01
      vertex   3.541032e+01 9.026701e+01 7.115662e+01
    endloop
  endfacet
  facet normal -8.660254e-01 5.000000e-01 1.668684e-14
    outer loop
      vertex   3.541032e+01 9.026701e+01 7.115662e+01
      vertex   3.535899e+01 9.017810e+01 6.663514e+01
      vertex   2.854753e+01 7.838031e+01 6.903723e+01
    endloop
  endfacet
  facet normal -8.660254e-01 5.000000e-01 3.727347e-14
    outer loop
      vertex   3.541032e+01 9.026701e+01 7.115662e+01
      vertex   2.854753e+01 7.838031e+01 6.903723e+01
      vertex   3.514428e+01 8.980621e+01 7.160310e+01
    endloop
  endfacet
  facet normal -8.660254e-01 5.000000e-01 6.610518e-14
    outer loop
      vertex   3.659752e+01 9.232329e+01 6.668919e+01
      vertex   3.597958e+01 9.125300e+01 6.654018e+01
      vertex   3.535899e+01 9.017810e+01 6.663514e+01
    endloop
  endfacet
  facet normal -8.660254e-01 5.000000e-01 1.757694e-14
    outer loop
      vertex   1.837958e+01 6.076889e+01 7.890862e+01
      vertex   2.694281e+01 7.560085e+01 6.948200e+01
      vertex   1.819259e+01 6.044503e+01 7.817917e+01
    endloop
  endfacet
  facet normal -8.660254e-01 5.000000e-01 1.972700e-14
    outer loop
      vertex   1.819259e+01 6.044503e+01 7.817917e+01
      vertex   2.694281e+01 7.560085e+01 6.948200e+01
      vertex   2.532607e+01 7.280057e+01 6.968939e+01
    endloop
  endfacet
  facet normal -8.660254e-01 5.000000e-01 1.564049e-14
    outer loop
      vertex   1.819259e+01 6.044503e+01 7.817917e+01
      vertex   2.532607e+01 7.280057e+01 6.968939e+01
      vertex   1.790641e+01 5.994934e+01 7.759235e+01
    endloop
  endfacet
  facet normal -8.660254e-01 5.000000e-01 1.635481e-14
    outer loop
      vertex   1.790641e+01 5.994934e+01 7.759235e+01
      vertex   2.532607e+01 7.280057e+01 6.968939e+01
      vertex   2.370608e+01 6.999467e+01 6.965826e+01
    endloop
  endfacet
  facet normal -8.660254e-01 5.000000e-01 1.770432e-14
    outer loop
      vertex   1.790641e+01 5.994934e+01 7.759235e+01
      vertex   2.370608e+01 6.999467e+01 6.965826e+01
      vertex   1.754645e+01 5.932588e+01 7.720031e+01
    endloop
  endfacet
  facet normal -8.660254e-01 5.000000e-01 1.874433e-14
    outer loop
      vertex   1.754645e+01 5.932588e+01 7.720031e+01
      vertex   2.370608e+01 6.999467e+01 6.965826e+01
      vertex   2.209163e+01 6.719836e+01 6.938879e+01
    endloop
  endfacet
  facet normal -8.660254e-01 5.000000e-01 1.910470e-14
    outer loop
      vertex   1.582285e+01 5.634052e+01 7.865342e+01
      vertex   1.604523e+01 5.672568e+01 7.796483e+01
      vertex   1.315849e+01 5.172570e+01 7.684268e+01
    endloop
  endfacet
  facet normal -8.660254e-01 5.000000e-01 1.897774e-14
    outer loop
      vertex   1.315849e+01 5.172570e+01 7.684268e+01
      vertex   1.604523e+01 5.672568e+01 7.796483e+01
      vertex   1.355568e+01 5.241366e+01 7.664041e+01
    endloop
  endfacet
  facet normal -8.660254e-01 5.000000e-01 1.850785e-14
    outer loop
      vertex   1.355568e+01 5.241366e+01 7.664041e+01
      vertex   1.604523e+01 5.672568e+01 7.796483e+01
      vertex   1.635920e+01 5.726950e+01 7.743791e+01
    endloop
  endfacet
  facet normal -8.660254e-01 5.000000e-01 1.255086e-14
    outer loop
      vertex   1.355568e+01 5.241366e+01 7.664041e+01
      vertex   1.635920e+01 5.726950e+01 7.743791e+01
      vertex   1.390541e+01 5.301942e+01 7.621297e+01
    endloop
  endfacet
  facet normal -8.660254e-01 5.000000e-01 1.070992e-14
    outer loop
      vertex   1.390541e+01 5.301942e+01 7.621297e+01
      vertex   1.635920e+01 5.726950e+01 7.743791e+01
      vertex   1.673688e+01 5.792367e+01 7.711950e+01
    endloop
  endfacet
  facet normal -8.660254e-01 5.000000e-01 2.358926e-14
    outer loop
      vertex   1.390541e+01 5.301942e+01 7.621297e+01
      vertex   1.673688e+01 5.792367e+01 7.711950e+01
      vertex   1.417662e+01 5.348915e+01 7.559835e+01
    endloop
  endfacet
  facet normal -8.660254e-01 5.000000e-01 1.343362e-14
    outer loop
      vertex   1.417662e+01 5.348915e+01 7.559835e+01
      vertex   1.673688e+01 5.792367e+01 7.711950e+01
      vertex   1.434519e+01 5.378113e+01 7.485116e+01
    endloop
  endfacet
  facet normal -8.660254e-01 5.000000e-01 1.902721e-14
    outer loop
      vertex   1.434519e+01 5.378113e+01 7.485116e+01
      vertex   1.673688e+01 5.792367e+01 7.711950e+01
      vertex   1.714471e+01 5.863005e+01 7.703788e+01
    endloop
  endfacet
  facet normal -8.660254e-01 5.000000e-01 2.339211e-14
    outer loop
      vertex   1.434519e+01 5.378113e+01 7.485116e+01
      vertex   1.714471e+01 5.863005e+01 7.703788e+01
      vertex   1.439615e+01 5.386940e+01 7.403779e+01
    endloop
  endfacet
  facet normal -8.660254e-01 5.000000e-01 1.708216e-14
    outer loop
      vertex   1.554052e+01 5.585150e+01 8.701782e+01
      vertex   1.761027e+01 5.943642e+01 8.231852e+01
      vertex   1.535353e+01 5.552763e+01 8.628836e+01
    endloop
  endfacet
  facet normal -8.660254e-01 5.000000e-01 1.070281e-14
    outer loop
      vertex   1.535353e+01 5.552763e+01 8.628836e+01
      vertex   1.761027e+01 5.943642e+01 8.231852e+01
      vertex   1.721308e+01 5.874847e+01 8.252080e+01
    endloop
  endfacet
  facet normal -8.660254e-01 5.000000e-01 1.583888e-14
    outer loop
      vertex   1.535353e+01 5.552763e+01 8.628836e+01
      vertex   1.721308e+01 5.874847e+01 8.252080e+01
      vertex   1.506735e+01 5.503195e+01 8.570154e+01
    endloop
  endfacet
  facet normal -8.660254e-01 5.000000e-01 1.883787e-14
    outer loop
      vertex   1.506735e+01 5.503195e+01 8.570154e+01
      vertex   1.721308e+01 5.874847e+01 8.252080e+01
      vertex   1.470739e+01 5.440849e+01 8.530950e+01
    endloop
  endfacet
  facet normal -8.660254e-01 5.000000e-01 1.427989e-14
    outer loop
      vertex   1.470739e+01 5.440849e+01 8.530950e+01
      vertex   1.721308e+01 5.874847e+01 8.252080e+01
      vertex   1.680372e+01 5.803944e+01 8.247994e+01
    endloop
  endfacet
  facet normal -8.660254e-01 5.000000e-01 1.525643e-14
    outer loop
      vertex   1.470739e+01 5.440849e+01 8.530950e+01
      vertex   1.680372e+01 5.803944e+01 8.247994e+01
      vertex   1.430566e+01 5.371266e+01 8.514707e+01
    endloop
  endfacet
  facet normal -8.660254e-01 5.000000e-01 1.593732e-14
    outer loop
      vertex   1.430566e+01 5.371266e+01 8.514707e+01
      vertex   1.680372e+01 5.803944e+01 8.247994e+01
      vertex   1.641858e+01 5.737234e+01 8.219957e+01
    endloop
  endfacet
  facet normal -8.660254e-01 5.000000e-01 9.165387e-15
    outer loop
      vertex   1.430566e+01 5.371266e+01 8.514707e+01
      vertex   1.641858e+01 5.737234e+01 8.219957e+01
      vertex   1.389783e+01 5.300628e+01 8.522869e+01
    endloop
  endfacet
  facet normal -8.660254e-01 5.000000e-01 2.183395e-14
    outer loop
      vertex   1.389783e+01 5.300628e+01 8.522869e+01
      vertex   1.641858e+01 5.737234e+01 8.219957e+01
      vertex   1.609186e+01 5.680645e+01 8.170461e+01
    endloop
  endfacet
  facet normal 1.346700e-01 2.332553e-01 9.630451e-01
    outer loop
      vertex   3.646165e+01 9.208797e+01 7.914220e+01
      vertex   4.035877e+01 8.983797e+01 7.914220e+01
      vertex   3.706106e+01 9.312618e+01 7.880692e+01
    endloop
  endfacet
  facet normal 1.346700e-01 2.332553e-01 9.630451e-01
    outer loop
      vertex   3.706106e+01 9.312618e+01 7.880692e+01
      vertex   4.035877e+01 8.983797e+01 7.914220e+01
      vertex   4.095818e+01 9.087618e+01 7.880692e+01
    endloop
  endfacet
  facet normal 2.260228e-01 3.914829e-01 8.919949e-01
    outer loop
      vertex   3.706106e+01 9.312618e+01 7.880692e+01
      vertex   4.095818e+01 9.087618e+01 7.880692e+01
      vertex   3.761625e+01 9.408779e+01 7.824421e+01
    endloop
  endfacet
  facet normal 2.260228e-01 3.914829e-01 8.919949e-01
    outer loop
      vertex   3.761625e+01 9.408779e+01 7.824421e+01
      vertex   4.095818e+01 9.087618e+01 7.880692e+01
      vertex   4.151336e+01 9.183779e+01 7.824421e+01
    endloop
  endfacet
  facet normal 3.086896e-01 5.346661e-01 7.866657e-01
    outer loop
      vertex   3.761625e+01 9.408779e+01 7.824421e+01
      vertex   4.151336e+01 9.183779e+01 7.824421e+01
      vertex   3.810587e+01 9.493585e+01 7.747568e+01
    endloop
  endfacet
  facet normal 3.086896e-01 5.346661e-01 7.866657e-01
    outer loop
      vertex   3.810587e+01 9.493585e+01 7.747568e+01
      vertex   4.151336e+01 9.183779e+01 7.824421e+01
      vertex   4.200299e+01 9.268585e+01 7.747568e+01
    endloop
  endfacet
  facet normal 3.794936e-01 6.573023e-01 6.511054e-01
    outer loop
      vertex   3.810587e+01 9.493585e+01 7.747568e+01
      vertex   4.200299e+01 9.268585e+01 7.747568e+01
      vertex   3.851113e+01 9.563777e+01 7.653088e+01
    endloop
  endfacet
  facet normal 3.794936e-01 6.573023e-01 6.511054e-01
    outer loop
      vertex   3.851113e+01 9.563777e+01 7.653088e+01
      vertex   4.200299e+01 9.268585e+01 7.747568e+01
      vertex   4.240824e+01 9.338777e+01 7.653088e+01
    endloop
  endfacet
  facet normal 4.357140e-01 7.546787e-01 4.905236e-01
    outer loop
      vertex   3.851113e+01 9.563777e+01 7.653088e+01
      vertex   4.240824e+01 9.338777e+01 7.653088e+01
      vertex   3.881643e+01 9.616657e+01 7.544611e+01
    endloop
  endfacet
  facet normal 4.357140e-01 7.546787e-01 4.905236e-01
    outer loop
      vertex   3.881643e+01 9.616657e+01 7.544611e+01
      vertex   4.240824e+01 9.338777e+01 7.653088e+01
      vertex   4.271355e+01 9.391657e+01 7.544611e+01
    endloop
  endfacet
  facet normal 4.751900e-01 8.230533e-01 3.110911e-01
    outer loop
      vertex   3.881643e+01 9.616657e+01 7.544611e+01
      vertex   4.271355e+01 9.391657e+01 7.544611e+01
      vertex   3.901006e+01 9.650194e+01 7.426306e+01
    endloop
  endfacet
  facet normal 4.751900e-01 8.230533e-01 3.110911e-01
    outer loop
      vertex   3.901006e+01 9.650194e+01 7.426306e+01
      vertex   4.271355e+01 9.391657e+01 7.544611e+01
      vertex   4.290717e+01 9.425194e+01 7.426306e+01
    endloop
  endfacet
  facet normal 4.964048e-01 8.597984e-01 1.197037e-01
    outer loop
      vertex   3.901006e+01 9.650194e+01 7.426306e+01
      vertex   4.290717e+01 9.425194e+01 7.426306e+01
      vertex   3.908456e+01 9.663099e+01 7.302719e+01
    endloop
  endfacet
  facet normal 4.964048e-01 8.597984e-01 1.197037e-01
    outer loop
      vertex   3.908456e+01 9.663099e+01 7.302719e+01
      vertex   4.290717e+01 9.425194e+01 7.426306e+01
      vertex   4.298168e+01 9.438099e+01 7.302719e+01
    endloop
  endfacet
  facet normal 4.985431e-01 8.635019e-01 -7.628397e-02
    outer loop
      vertex   3.908456e+01 9.663099e+01 7.302719e+01
      vertex   4.298168e+01 9.438099e+01 7.302719e+01
      vertex   3.903709e+01 9.654875e+01 7.178600e+01
    endloop
  endfacet
  facet normal 4.985431e-01 8.635019e-01 -7.628397e-02
    outer loop
      vertex   3.903709e+01 9.654875e+01 7.178600e+01
      vertex   4.298168e+01 9.438099e+01 7.302719e+01
      vertex   4.293420e+01 9.429875e+01 7.178600e+01
    endloop
  endfacet
  facet normal 4.815226e-01 8.340216e-01 -2.693401e-01
    outer loop
      vertex   3.903709e+01 9.654875e+01 7.178600e+01
      vertex   4.293420e+01 9.429875e+01 7.178600e+01
      vertex   3.886945e+01 9.625839e+01 7.058719e+01
    endloop
  endfacet
  facet normal 4.815226e-01 8.340216e-01 -2.693401e-01
    outer loop
      vertex   3.886945e+01 9.625839e+01 7.058719e+01
      vertex   4.293420e+01 9.429875e+01 7.178600e+01
      vertex   4.276656e+01 9.400839e+01 7.058719e+01
    endloop
  endfacet
  facet normal 4.459974e-01 7.724902e-01 -4.520455e-01
    outer loop
      vertex   3.886945e+01 9.625839e+01 7.058719e+01
      vertex   4.276656e+01 9.400839e+01 7.058719e+01
      vertex   3.858809e+01 9.577107e+01 6.947682e+01
    endloop
  endfacet
  facet normal 4.459974e-01 7.724902e-01 -4.520455e-01
    outer loop
      vertex   3.858809e+01 9.577107e+01 6.947682e+01
      vertex   4.276656e+01 9.400839e+01 7.058719e+01
      vertex   4.248520e+01 9.352107e+01 6.947682e+01
    endloop
  endfacet
  facet normal 3.933329e-01 6.812725e-01 -6.173792e-01
    outer loop
      vertex   3.858809e+01 9.577107e+01 6.947682e+01
      vertex   4.248520e+01 9.352107e+01 6.947682e+01
      vertex   3.820383e+01 9.510550e+01 6.849756e+01
    endloop
  endfacet
  facet normal 3.933329e-01 6.812725e-01 -6.173792e-01
    outer loop
      vertex   3.820383e+01 9.510550e+01 6.849756e+01
      vertex   4.248520e+01 9.352107e+01 6.947682e+01
      vertex   4.210094e+01 9.285550e+01 6.849756e+01
    endloop
  endfacet
  facet normal 3.255527e-01 5.638739e-01 -7.589873e-01
    outer loop
      vertex   3.820383e+01 9.510550e+01 6.849756e+01
      vertex   4.210094e+01 9.285550e+01 6.849756e+01
      vertex   3.773143e+01 9.428728e+01 6.768705e+01
    endloop
  endfacet
  facet normal 3.255527e-01 5.638739e-01 -7.589873e-01
    outer loop
      vertex   3.773143e+01 9.428728e+01 6.768705e+01
      vertex   4.210094e+01 9.285550e+01 6.849756e+01
      vertex   4.162854e+01 9.203728e+01 6.768705e+01
    endloop
  endfacet
  facet normal 2.452618e-01 4.248059e-01 -8.714279e-01
    outer loop
      vertex   3.773143e+01 9.428728e+01 6.768705e+01
      vertex   4.162854e+01 9.203728e+01 6.768705e+01
      vertex   3.718904e+01 9.334784e+01 6.707644e+01
    endloop
  endfacet
  facet normal 2.452618e-01 4.248059e-01 -8.714279e-01
    outer loop
      vertex   3.718904e+01 9.334784e+01 6.707644e+01
      vertex   4.162854e+01 9.203728e+01 6.768705e+01
      vertex   4.108616e+01 9.109784e+01 6.707644e+01
    endloop
  endfacet
  facet normal 1.555456e-01 2.694128e-01 -9.503801e-01
    outer loop
      vertex   3.718904e+01 9.334784e+01 6.707644e+01
      vertex   4.108616e+01 9.109784e+01 6.707644e+01
      vertex   3.659752e+01 9.232329e+01 6.668919e+01
    endloop
  endfacet
  facet normal 1.555456e-01 2.694128e-01 -9.503801e-01
    outer loop
      vertex   3.659752e+01 9.232329e+01 6.668919e+01
      vertex   4.108616e+01 9.109784e+01 6.707644e+01
      vertex   4.049463e+01 9.007329e+01 6.668919e+01
    endloop
  endfacet
  facet normal 5.985183e-02 1.036664e-01 -9.928097e-01
    outer loop
      vertex   3.659752e+01 9.232329e+01 6.668919e+01
      vertex   4.049463e+01 9.007329e+01 6.668919e+01
      vertex   3.597958e+01 9.125300e+01 6.654018e+01
    endloop
  endfacet
  facet normal 5.985183e-02 1.036664e-01 -9.928097e-01
    outer loop
      vertex   3.597958e+01 9.125300e+01 6.654018e+01
      vertex   4.049463e+01 9.007329e+01 6.668919e+01
      vertex   3.987670e+01 8.900300e+01 6.654018e+01
    endloop
  endfacet
  facet normal -3.814199e-02 -6.606386e-02 -9.970861e-01
    outer loop
      vertex   3.597958e+01 9.125300e+01 6.654018e+01
      vertex   3.987670e+01 8.900300e+01 6.654018e+01
      vertex   3.535899e+01 9.017810e+01 6.663514e+01
    endloop
  endfacet
  facet normal -3.814199e-02 -6.606386e-02 -9.970861e-01
    outer loop
      vertex   3.535899e+01 9.017810e+01 6.663514e+01
      vertex   3.987670e+01 8.900300e+01 6.654018e+01
      vertex   3.925610e+01 8.792810e+01 6.663514e+01
    endloop
  endfacet
  facet normal 8.660254e-01 -5.000000e-01 -5.644601e-14
    outer loop
      vertex   4.030743e+01 8.974906e+01 7.462072e+01
      vertex   4.200299e+01 9.268585e+01 7.747568e+01
      vertex   3.998108e+01 8.918380e+01 7.485829e+01
    endloop
  endfacet
  facet normal 8.660254e-01 -5.000000e-01 -1.644523e-14
    outer loop
      vertex   3.998108e+01 8.918380e+01 7.485829e+01
      vertex   4.200299e+01 9.268585e+01 7.747568e+01
      vertex   4.151336e+01 9.183779e+01 7.824421e+01
    endloop
  endfacet
  facet normal 8.660254e-01 -5.000000e-01 -1.328033e-14
    outer loop
      vertex   3.998108e+01 8.918380e+01 7.485829e+01
      vertex   4.151336e+01 9.183779e+01 7.824421e+01
      vertex   4.095818e+01 9.087618e+01 7.880692e+01
    endloop
  endfacet
  facet normal 8.660254e-01 -5.000000e-01 -1.407234e-14
    outer loop
      vertex   4.057348e+01 9.020986e+01 7.417425e+01
      vertex   4.271355e+01 9.391657e+01 7.544611e+01
      vertex   4.030743e+01 8.974906e+01 7.462072e+01
    endloop
  endfacet
  facet normal 8.660254e-01 -5.000000e-01 -2.730876e-14
    outer loop
      vertex   4.030743e+01 8.974906e+01 7.462072e+01
      vertex   4.271355e+01 9.391657e+01 7.544611e+01
      vertex   4.240824e+01 9.338777e+01 7.653088e+01
    endloop
  endfacet
  facet normal 8.660254e-01 -5.000000e-01 -9.979735e-15
    outer loop
      vertex   4.030743e+01 8.974906e+01 7.462072e+01
      vertex   4.240824e+01 9.338777e+01 7.653088e+01
      vertex   4.200299e+01 9.268585e+01 7.747568e+01
    endloop
  endfacet
  facet normal 8.660254e-01 -5.000000e-01 -8.672133e-15
    outer loop
      vertex   4.271355e+01 9.391657e+01 7.544611e+01
      vertex   4.057348e+01 9.020986e+01 7.417425e+01
      vertex   4.290717e+01 9.425194e+01 7.426306e+01
    endloop
  endfacet
  facet normal 8.660254e-01 -5.000000e-01 -2.440700e-14
    outer loop
      vertex   4.290717e+01 9.425194e+01 7.426306e+01
      vertex   4.057348e+01 9.020986e+01 7.417425e+01
      vertex   4.074713e+01 9.051063e+01 7.357271e+01
    endloop
  endfacet
  facet normal 8.660254e-01 -5.000000e-01 -3.014288e-14
    outer loop
      vertex   4.290717e+01 9.425194e+01 7.426306e+01
      vertex   4.074713e+01 9.051063e+01 7.357271e+01
      vertex   4.298168e+01 9.438099e+01 7.302719e+01
    endloop
  endfacet
  facet normal 8.660254e-01 -5.000000e-01 -1.068932e-14
    outer loop
      vertex   4.298168e+01 9.438099e+01 7.302719e+01
      vertex   4.074713e+01 9.051063e+01 7.357271e+01
      vertex   4.080743e+01 9.061509e+01 7.288867e+01
    endloop
  endfacet
  facet normal 8.660254e-01 -5.000000e-01 -1.062457e-14
    outer loop
      vertex   4.298168e+01 9.438099e+01 7.302719e+01
      vertex   4.080743e+01 9.061509e+01 7.288867e+01
      vertex   4.293420e+01 9.429875e+01 7.178600e+01
    endloop
  endfacet
  facet normal 8.660254e-01 -5.000000e-01 -1.576346e-14
    outer loop
      vertex   4.293420e+01 9.429875e+01 7.178600e+01
      vertex   4.080743e+01 9.061509e+01 7.288867e+01
      vertex   4.074713e+01 9.051063e+01 7.220463e+01
    endloop
  endfacet
  facet normal 8.660254e-01 -5.000000e-01 -2.612581e-14
    outer loop
      vertex   4.293420e+01 9.429875e+01 7.178600e+01
      vertex   4.074713e+01 9.051063e+01 7.220463e+01
      vertex   4.276656e+01 9.400839e+01 7.058719e+01
    endloop
  endfacet
  facet normal 8.660254e-01 -5.000000e-01 -1.039239e-14
    outer loop
      vertex   4.276656e+01 9.400839e+01 7.058719e+01
      vertex   4.074713e+01 9.051063e+01 7.220463e+01
      vertex   4.057348e+01 9.020986e+01 7.160310e+01
    endloop
  endfacet
  facet normal 8.660254e-01 -5.000000e-01 -1.570898e-14
    outer loop
      vertex   4.276656e+01 9.400839e+01 7.058719e+01
      vertex   4.057348e+01 9.020986e+01 7.160310e+01
      vertex   4.248520e+01 9.352107e+01 6.947682e+01
    endloop
  endfacet
  facet normal 8.660254e-01 -5.000000e-01 -1.908753e-14
    outer loop
      vertex   4.248520e+01 9.352107e+01 6.947682e+01
      vertex   4.057348e+01 9.020986e+01 7.160310e+01
      vertex   4.030743e+01 8.974906e+01 7.115662e+01
    endloop
  endfacet
  facet normal 8.660254e-01 -5.000000e-01 -8.352423e-15
    outer loop
      vertex   4.248520e+01 9.352107e+01 6.947682e+01
      vertex   4.030743e+01 8.974906e+01 7.115662e+01
      vertex   4.210094e+01 9.285550e+01 6.849756e+01
    endloop
  endfacet
  facet normal 8.660254e-01 -5.000000e-01 -8.237465e-15
    outer loop
      vertex   4.210094e+01 9.285550e+01 6.849756e+01
      vertex   4.030743e+01 8.974906e+01 7.115662e+01
      vertex   3.998108e+01 8.918380e+01 7.091905e+01
    endloop
  endfacet
  facet normal 8.660254e-01 -5.000000e-01 -2.428307e-14
    outer loop
      vertex   4.210094e+01 9.285550e+01 6.849756e+01
      vertex   3.998108e+01 8.918380e+01 7.091905e+01
      vertex   4.162854e+01 9.203728e+01 6.768705e+01
    endloop
  endfacet
  facet normal 8.660254e-01 -5.000000e-01 -2.277633e-14
    outer loop
      vertex   4.162854e+01 9.203728e+01 6.768705e+01
      vertex   3.998108e+01 8.918380e+01 7.091905e+01
      vertex   4.108616e+01 9.109784e+01 6.707644e+01
    endloop
  endfacet
  facet normal 8.660254e-01 -5.000000e-01 -2.578963e-14
    outer loop
      vertex   4.108616e+01 9.109784e+01 6.707644e+01
      vertex   3.998108e+01 8.918380e+01 7.091905e+01
      vertex   3.963379e+01 8.858227e+01 7.091905e+01
    endloop
  endfacet
  facet normal 8.660254e-01 -5.000000e-01 -2.145711e-14
    outer loop
      vertex   4.108616e+01 9.109784e+01 6.707644e+01
      vertex   3.963379e+01 8.858227e+01 7.091905e+01
      vertex   4.049463e+01 9.007329e+01 6.668919e+01
    endloop
  endfacet
  facet normal 8.660254e-01 -5.000000e-01 -1.902974e-14
    outer loop
      vertex   4.049463e+01 9.007329e+01 6.668919e+01
      vertex   3.963379e+01 8.858227e+01 7.091905e+01
      vertex   3.987670e+01 8.900300e+01 6.654018e+01
    endloop
  endfacet
  facet normal 8.660254e-01 -5.000000e-01 -1.805774e-14
    outer loop
      vertex   3.987670e+01 8.900300e+01 6.654018e+01
      vertex   3.963379e+01 8.858227e+01 7.091905e+01
      vertex   3.925610e+01 8.792810e+01 6.663514e+01
    endloop
  endfacet
  facet normal 8.660254e-01 -5.000000e-01 -1.499911e-14
    outer loop
      vertex   3.925610e+01 8.792810e+01 6.663514e+01
      vertex   3.963379e+01 8.858227e+01 7.091905e+01
      vertex   3.930743e+01 8.801701e+01 7.115662e+01
    endloop
  endfacet
  facet normal 8.660254e-01 -5.000000e-01 -1.511271e-14
    outer loop
      vertex   3.925610e+01 8.792810e+01 6.663514e+01
      vertex   3.930743e+01 8.801701e+01 7.115662e+01
      vertex   3.721263e+01 8.438869e+01 6.735578e+01
    endloop
  endfacet
  facet normal 8.660254e-01 -5.000000e-01 -2.783439e-14
    outer loop
      vertex   3.721263e+01 8.438869e+01 6.735578e+01
      vertex   3.930743e+01 8.801701e+01 7.115662e+01
      vertex   3.904139e+01 8.755621e+01 7.160310e+01
    endloop
  endfacet
  facet normal 8.660254e-01 -5.000000e-01 -2.078341e-14
    outer loop
      vertex   3.721263e+01 8.438869e+01 6.735578e+01
      vertex   3.904139e+01 8.755621e+01 7.160310e+01
      vertex   3.886774e+01 8.725544e+01 7.220463e+01
    endloop
  endfacet
  facet normal 8.660254e-01 -5.000000e-01 -1.244005e-14
    outer loop
      vertex   3.886774e+01 8.725544e+01 7.220463e+01
      vertex   3.880743e+01 8.715098e+01 7.288867e+01
      vertex   3.721263e+01 8.438869e+01 6.735578e+01
    endloop
  endfacet
  facet normal 8.660254e-01 -5.000000e-01 -1.798611e-14
    outer loop
      vertex   3.721263e+01 8.438869e+01 6.735578e+01
      vertex   3.880743e+01 8.715098e+01 7.288867e+01
      vertex   3.412986e+01 7.904919e+01 8.133885e+01
    endloop
  endfacet
  facet normal 8.660254e-01 -5.000000e-01 -1.724033e-14
    outer loop
      vertex   3.412986e+01 7.904919e+01 8.133885e+01
      vertex   3.880743e+01 8.715098e+01 7.288867e+01
      vertex   3.886774e+01 8.725544e+01 7.357271e+01
    endloop
  endfacet
  facet normal 8.660254e-01 -5.000000e-01 -4.230853e-15
    outer loop
      vertex   3.412986e+01 7.904919e+01 8.133885e+01
      vertex   3.886774e+01 8.725544e+01 7.357271e+01
      vertex   3.904139e+01 8.755621e+01 7.417425e+01
    endloop
  endfacet
  facet normal 8.660254e-01 -5.000000e-01 -2.681448e-14
    outer loop
      vertex   3.904139e+01 8.755621e+01 7.417425e+01
      vertex   3.930743e+01 8.801701e+01 7.462072e+01
      vertex   3.412986e+01 7.904919e+01 8.133885e+01
    endloop
  endfacet
  facet normal 8.660254e-01 -5.000000e-01 -1.946962e-14
    outer loop
      vertex   3.412986e+01 7.904919e+01 8.133885e+01
      vertex   3.930743e+01 8.801701e+01 7.462072e+01
      vertex   4.035877e+01 8.983797e+01 7.914220e+01
    endloop
  endfacet
  facet normal 8.660254e-01 -5.000000e-01 -2.409132e-14
    outer loop
      vertex   4.035877e+01 8.983797e+01 7.914220e+01
      vertex   3.930743e+01 8.801701e+01 7.462072e+01
      vertex   3.963379e+01 8.858227e+01 7.485829e+01
    endloop
  endfacet
  facet normal 8.660254e-01 -5.000000e-01 -7.872665e-15
    outer loop
      vertex   4.035877e+01 8.983797e+01 7.914220e+01
      vertex   3.963379e+01 8.858227e+01 7.485829e+01
      vertex   3.998108e+01 8.918380e+01 7.485829e+01
    endloop
  endfacet
  facet normal 8.660254e-01 -5.000000e-01 -1.565760e-14
    outer loop
      vertex   4.095818e+01 9.087618e+01 7.880692e+01
      vertex   4.035877e+01 8.983797e+01 7.914220e+01
      vertex   3.998108e+01 8.918380e+01 7.485829e+01
    endloop
  endfacet
  facet normal 4.575008e-01 7.924146e-01 4.034503e-01
    outer loop
      vertex   3.721263e+01 8.438869e+01 6.735578e+01
      vertex   3.412986e+01 7.904919e+01 8.133885e+01
      vertex   4.271189e+01 8.121369e+01 6.735578e+01
    endloop
  endfacet
  facet normal 4.575008e-01 7.924146e-01 4.034503e-01
    outer loop
      vertex   4.271189e+01 8.121369e+01 6.735578e+01
      vertex   3.412986e+01 7.904919e+01 8.133885e+01
      vertex   3.962912e+01 7.587419e+01 8.133885e+01
    endloop
  endfacet
  facet normal -2.390403e-14 -9.823322e-15 -1.000000e+00
    outer loop
      vertex   3.963379e+01 8.858227e+01 7.485829e+01
      vertex   3.573667e+01 9.083227e+01 7.485829e+01
      vertex   3.998108e+01 8.918380e+01 7.485829e+01
    endloop
  endfacet
  facet normal -1.640928e-14 9.473903e-15 -1.000000e+00
    outer loop
      vertex   3.998108e+01 8.918380e+01 7.485829e+01
      vertex   3.573667e+01 9.083227e+01 7.485829e+01
      vertex   3.608397e+01 9.143380e+01 7.485829e+01
    endloop
  endfacet
  facet normal -1.710101e-01 -2.961981e-01 -9.396926e-01
    outer loop
      vertex   3.998108e+01 8.918380e+01 7.485829e+01
      vertex   3.608397e+01 9.143380e+01 7.485829e+01
      vertex   4.030743e+01 8.974906e+01 7.462072e+01
    endloop
  endfacet
  facet normal -1.710101e-01 -2.961981e-01 -9.396926e-01
    outer loop
      vertex   4.030743e+01 8.974906e+01 7.462072e+01
      vertex   3.608397e+01 9.143380e+01 7.485829e+01
      vertex   3.641032e+01 9.199906e+01 7.462072e+01
    endloop
  endfacet
  facet normal -3.213938e-01 -5.566704e-01 -7.660444e-01
    outer loop
      vertex   4.030743e+01 8.974906e+01 7.462072e+01
      vertex   3.641032e+01 9.199906e+01 7.462072e+01
      vertex   4.057348e+01 9.020986e+01 7.417425e+01
    endloop
  endfacet
  facet normal -3.213938e-01 -5.566704e-01 -7.660444e-01
    outer loop
      vertex   4.057348e+01 9.020986e+01 7.417425e+01
      vertex   3.641032e+01 9.199906e+01 7.462072e+01
      vertex   3.667636e+01 9.245986e+01 7.417425e+01
    endloop
  endfacet
  facet normal -4.330127e-01 -7.500000e-01 -5.000000e-01
    outer loop
      vertex   4.057348e+01 9.020986e+01 7.417425e+01
      vertex   3.667636e+01 9.245986e+01 7.417425e+01
      vertex   4.074713e+01 9.051063e+01 7.357271e+01
    endloop
  endfacet
  facet normal -4.330127e-01 -7.500000e-01 -5.000000e-01
    outer loop
      vertex   4.074713e+01 9.051063e+01 7.357271e+01
      vertex   3.667636e+01 9.245986e+01 7.417425e+01
      vertex   3.685001e+01 9.276063e+01 7.357271e+01
    endloop
  endfacet
  facet normal -4.924039e-01 -8.528685e-01 -1.736482e-01
    outer loop
      vertex   4.074713e+01 9.051063e+01 7.357271e+01
      vertex   3.685001e+01 9.276063e+01 7.357271e+01
      vertex   4.080743e+01 9.061509e+01 7.288867e+01
    endloop
  endfacet
  facet normal -4.924039e-01 -8.528685e-01 -1.736482e-01
    outer loop
      vertex   4.080743e+01 9.061509e+01 7.288867e+01
      vertex   3.685001e+01 9.276063e+01 7.357271e+01
      vertex   3.691032e+01 9.286509e+01 7.288867e+01
    endloop
  endfacet
  facet normal -4.924039e-01 -8.528685e-01 1.736482e-01
    outer loop
      vertex   4.080743e+01 9.061509e+01 7.288867e+01
      vertex   3.691032e+01 9.286509e+01 7.288867e+01
      vertex   4.074713e+01 9.051063e+01 7.220463e+01
    endloop
  endfacet
  facet normal -4.924039e-01 -8.528685e-01 1.736482e-01
    outer loop
      vertex   4.074713e+01 9.051063e+01 7.220463e+01
      vertex   3.691032e+01 9.286509e+01 7.288867e+01
      vertex   3.685001e+01 9.276063e+01 7.220463e+01
    endloop
  endfacet
  facet normal -4.330127e-01 -7.500000e-01 5.000000e-01
    outer loop
      vertex   4.074713e+01 9.051063e+01 7.220463e+01
      vertex   3.685001e+01 9.276063e+01 7.220463e+01
      vertex   4.057348e+01 9.020986e+01 7.160310e+01
    endloop
  endfacet
  facet normal -4.330127e-01 -7.500000e-01 5.000000e-01
    outer loop
      vertex   4.057348e+01 9.020986e+01 7.160310e+01
      vertex   3.685001e+01 9.276063e+01 7.220463e+01
      vertex   3.667636e+01 9.245986e+01 7.160310e+01
    endloop
  endfacet
  facet normal -3.213938e-01 -5.566704e-01 7.660444e-01
    outer loop
      vertex   4.057348e+01 9.020986e+01 7.160310e+01
      vertex   3.667636e+01 9.245986e+01 7.160310e+01
      vertex   4.030743e+01 8.974906e+01 7.115662e+01
    endloop
  endfacet
  facet normal -3.213938e-01 -5.566704e-01 7.660444e-01
    outer loop
      vertex   4.030743e+01 8.974906e+01 7.115662e+01
      vertex   3.667636e+01 9.245986e+01 7.160310e+01
      vertex   3.641032e+01 9.199906e+01 7.115662e+01
    endloop
  endfacet
  facet normal -1.710101e-01 -2.961981e-01 9.396926e-01
    outer loop
      vertex   4.030743e+01 8.974906e+01 7.115662e+01
      vertex   3.641032e+01 9.199906e+01 7.115662e+01
      vertex   3.998108e+01 8.918380e+01 7.091905e+01
    endloop
  endfacet
  facet normal -1.710101e-01 -2.961981e-01 9.396926e-01
    outer loop
      vertex   3.998108e+01 8.918380e+01 7.091905e+01
      vertex   3.641032e+01 9.199906e+01 7.115662e+01
      vertex   3.608397e+01 9.143380e+01 7.091905e+01
    endloop
  endfacet
  facet normal 1.640928e-14 -9.473903e-15 1.000000e+00
    outer loop
      vertex   3.998108e+01 8.918380e+01 7.091905e+01
      vertex   3.608397e+01 9.143380e+01 7.091905e+01
      vertex   3.963379e+01 8.858227e+01 7.091905e+01
    endloop
  endfacet
  facet normal 1.640928e-14 -9.473903e-15 1.000000e+00
    outer loop
      vertex   3.963379e+01 8.858227e+01 7.091905e+01
      vertex   3.608397e+01 9.143380e+01 7.091905e+01
      vertex   3.573667e+01 9.083227e+01 7.091905e+01
    endloop
  endfacet
  facet normal 1.710101e-01 2.961981e-01 9.396926e-01
    outer loop
      vertex   3.963379e+01 8.858227e+01 7.091905e+01
      vertex   3.573667e+01 9.083227e+01 7.091905e+01
      vertex   3.930743e+01 8.801701e+01 7.115662e+01
    endloop
  endfacet
  facet normal 1.710101e-01 2.961981e-01 9.396926e-01
    outer loop
      vertex   3.930743e+01 8.801701e+01 7.115662e+01
      vertex   3.573667e+01 9.083227e+01 7.091905e+01
      vertex   3.541032e+01 9.026701e+01 7.115662e+01
    endloop
  endfacet
  facet normal 3.213938e-01 5.566704e-01 7.660444e-01
    outer loop
      vertex   3.930743e+01 8.801701e+01 7.115662e+01
      vertex   3.541032e+01 9.026701e+01 7.115662e+01
      vertex   3.904139e+01 8.755621e+01 7.160310e+01
    endloop
  endfacet
  facet normal 3.213938e-01 5.566704e-01 7.660444e-01
    outer loop
      vertex   3.904139e+01 8.755621e+01 7.160310e+01
      vertex   3.541032e+01 9.026701e+01 7.115662e+01
      vertex   3.514428e+01 8.980621e+01 7.160310e+01
    endloop
  endfacet
  facet normal 4.330127e-01 7.500000e-01 5.000000e-01
    outer loop
      vertex   3.904139e+01 8.755621e+01 7.160310e+01
      vertex   3.514428e+01 8.980621e+01 7.160310e+01
      vertex   3.886774e+01 8.725544e+01 7.220463e+01
    endloop
  endfacet
  facet normal 4.330127e-01 7.500000e-01 5.000000e-01
    outer loop
      vertex   3.886774e+01 8.725544e+01 7.220463e+01
      vertex   3.514428e+01 8.980621e+01 7.160310e+01
      vertex   3.497063e+01 8.950544e+01 7.220463e+01
    endloop
  endfacet
  facet normal 4.924039e-01 8.528685e-01 1.736482e-01
    outer loop
      vertex   3.886774e+01 8.725544e+01 7.220463e+01
      vertex   3.497063e+01 8.950544e+01 7.220463e+01
      vertex   3.880743e+01 8.715098e+01 7.288867e+01
    endloop
  endfacet
  facet normal 4.924039e-01 8.528685e-01 1.736482e-01
    outer loop
      vertex   3.880743e+01 8.715098e+01 7.288867e+01
      vertex   3.497063e+01 8.950544e+01 7.220463e+01
      vertex   3.491032e+01 8.940098e+01 7.288867e+01
    endloop
  endfacet
  facet normal 4.924039e-01 8.528685e-01 -1.736482e-01
    outer loop
      vertex   3.880743e+01 8.715098e+01 7.288867e+01
      vertex   3.491032e+01 8.940098e+01 7.288867e+01
      vertex   3.886774e+01 8.725544e+01 7.357271e+01
    endloop
  endfacet
  facet normal 4.924039e-01 8.528685e-01 -1.736482e-01
    outer loop
      vertex   3.886774e+01 8.725544e+01 7.357271e+01
      vertex   3.491032e+01 8.940098e+01 7.288867e+01
      vertex   3.497063e+01 8.950544e+01 7.357271e+01
    endloop
  endfacet
  facet normal 4.330127e-01 7.500000e-01 -5.000000e-01
    outer loop
      vertex   3.886774e+01 8.725544e+01 7.357271e+01
      vertex   3.497063e+01 8.950544e+01 7.357271e+01
      vertex   3.904139e+01 8.755621e+01 7.417425e+01
    endloop
  endfacet
  facet normal 4.330127e-01 7.500000e-01 -5.000000e-01
    outer loop
      vertex   3.904139e+01 8.755621e+01 7.417425e+01
      vertex   3.497063e+01 8.950544e+01 7.357271e+01
      vertex   3.514428e+01 8.980621e+01 7.417425e+01
    endloop
  endfacet
  facet normal 3.213938e-01 5.566704e-01 -7.660444e-01
    outer loop
      vertex   3.904139e+01 8.755621e+01 7.417425e+01
      vertex   3.514428e+01 8.980621e+01 7.417425e+01
      vertex   3.930743e+01 8.801701e+01 7.462072e+01
    endloop
  endfacet
  facet normal 3.213938e-01 5.566704e-01 -7.660444e-01
    outer loop
      vertex   3.930743e+01 8.801701e+01 7.462072e+01
      vertex   3.514428e+01 8.980621e+01 7.417425e+01
      vertex   3.541032e+01 9.026701e+01 7.462072e+01
    endloop
  endfacet
  facet normal 1.710101e-01 2.961981e-01 -9.396926e-01
    outer loop
      vertex   3.930743e+01 8.801701e+01 7.462072e+01
      vertex   3.541032e+01 9.026701e+01 7.462072e+01
      vertex   3.963379e+01 8.858227e+01 7.485829e+01
    endloop
  endfacet
  facet normal 1.710101e-01 2.961981e-01 -9.396926e-01
    outer loop
      vertex   3.963379e+01 8.858227e+01 7.485829e+01
      vertex   3.541032e+01 9.026701e+01 7.462072e+01
      vertex   3.573667e+01 9.083227e+01 7.485829e+01
    endloop
  endfacet
  facet normal 2.663891e-14 8.244338e-15 1.000000e+00
    outer loop
      vertex   4.937746e+01 8.375880e+01 7.091905e+01
      vertex   4.548034e+01 8.600880e+01 7.091905e+01
      vertex   4.903016e+01 8.315727e+01 7.091905e+01
    endloop
  endfacet
  facet normal 1.367440e-14 -7.894919e-15 1.000000e+00
    outer loop
      vertex   4.903016e+01 8.315727e+01 7.091905e+01
      vertex   4.548034e+01 8.600880e+01 7.091905e+01
      vertex   4.513305e+01 8.540727e+01 7.091905e+01
    endloop
  endfacet
  facet normal 1.710101e-01 2.961981e-01 9.396926e-01
    outer loop
      vertex   4.903016e+01 8.315727e+01 7.091905e+01
      vertex   4.513305e+01 8.540727e+01 7.091905e+01
      vertex   4.870381e+01 8.259201e+01 7.115662e+01
    endloop
  endfacet
  facet normal 1.710101e-01 2.961981e-01 9.396926e-01
    outer loop
      vertex   4.870381e+01 8.259201e+01 7.115662e+01
      vertex   4.513305e+01 8.540727e+01 7.091905e+01
      vertex   4.480670e+01 8.484201e+01 7.115662e+01
    endloop
  endfacet
  facet normal 3.213938e-01 5.566704e-01 7.660444e-01
    outer loop
      vertex   4.870381e+01 8.259201e+01 7.115662e+01
      vertex   4.480670e+01 8.484201e+01 7.115662e+01
      vertex   4.843777e+01 8.213121e+01 7.160310e+01
    endloop
  endfacet
  facet normal 3.213938e-01 5.566704e-01 7.660444e-01
    outer loop
      vertex   4.843777e+01 8.213121e+01 7.160310e+01
      vertex   4.480670e+01 8.484201e+01 7.115662e+01
      vertex   4.454065e+01 8.438121e+01 7.160310e+01
    endloop
  endfacet
  facet normal 4.330127e-01 7.500000e-01 5.000000e-01
    outer loop
      vertex   4.843777e+01 8.213121e+01 7.160310e+01
      vertex   4.454065e+01 8.438121e+01 7.160310e+01
      vertex   4.826412e+01 8.183044e+01 7.220463e+01
    endloop
  endfacet
  facet normal 4.330127e-01 7.500000e-01 5.000000e-01
    outer loop
      vertex   4.826412e+01 8.183044e+01 7.220463e+01
      vertex   4.454065e+01 8.438121e+01 7.160310e+01
      vertex   4.436700e+01 8.408044e+01 7.220463e+01
    endloop
  endfacet
  facet normal 4.924039e-01 8.528685e-01 1.736482e-01
    outer loop
      vertex   4.826412e+01 8.183044e+01 7.220463e+01
      vertex   4.436700e+01 8.408044e+01 7.220463e+01
      vertex   4.820381e+01 8.172598e+01 7.288867e+01
    endloop
  endfacet
  facet normal 4.924039e-01 8.528685e-01 1.736482e-01
    outer loop
      vertex   4.820381e+01 8.172598e+01 7.288867e+01
      vertex   4.436700e+01 8.408044e+01 7.220463e+01
      vertex   4.430670e+01 8.397598e+01 7.288867e+01
    endloop
  endfacet
  facet normal 4.924039e-01 8.528685e-01 -1.736482e-01
    outer loop
      vertex   4.820381e+01 8.172598e+01 7.288867e+01
      vertex   4.430670e+01 8.397598e+01 7.288867e+01
      vertex   4.826412e+01 8.183044e+01 7.357271e+01
    endloop
  endfacet
  facet normal 4.924039e-01 8.528685e-01 -1.736482e-01
    outer loop
      vertex   4.826412e+01 8.183044e+01 7.357271e+01
      vertex   4.430670e+01 8.397598e+01 7.288867e+01
      vertex   4.436700e+01 8.408044e+01 7.357271e+01
    endloop
  endfacet
  facet normal 4.330127e-01 7.500000e-01 -5.000000e-01
    outer loop
      vertex   4.826412e+01 8.183044e+01 7.357271e+01
      vertex   4.436700e+01 8.408044e+01 7.357271e+01
      vertex   4.843777e+01 8.213121e+01 7.417425e+01
    endloop
  endfacet
  facet normal 4.330127e-01 7.500000e-01 -5.000000e-01
    outer loop
      vertex   4.843777e+01 8.213121e+01 7.417425e+01
      vertex   4.436700e+01 8.408044e+01 7.357271e+01
      vertex   4.454065e+01 8.438121e+01 7.417425e+01
    endloop
  endfacet
  facet normal 3.213938e-01 5.566704e-01 -7.660444e-01
    outer loop
      vertex   4.843777e+01 8.213121e+01 7.417425e+01
      vertex   4.454065e+01 8.438121e+01 7.417425e+01
      vertex   4.870381e+01 8.259201e+01 7.462072e+01
    endloop
  endfacet
  facet normal 3.213938e-01 5.566704e-01 -7.660444e-01
    outer loop
      vertex   4.870381e+01 8.259201e+01 7.462072e+01
      vertex   4.454065e+01 8.438121e+01 7.417425e+01
      vertex   4.480670e+01 8.484201e+01 7.462072e+01
    endloop
  endfacet
  facet normal 1.710101e-01 2.961981e-01 -9.396926e-01
    outer loop
      vertex   4.870381e+01 8.259201e+01 7.462072e+01
      vertex   4.480670e+01 8.484201e+01 7.462072e+01
      vertex   4.903016e+01 8.315727e+01 7.485829e+01
    endloop
  endfacet
  facet normal 1.710101e-01 2.961981e-01 -9.396926e-01
    outer loop
      vertex   4.903016e+01 8.315727e+01 7.485829e+01
      vertex   4.480670e+01 8.484201e+01 7.462072e+01
      vertex   4.513305e+01 8.540727e+01 7.485829e+01
    endloop
  endfacet
  facet normal -1.640928e-14 9.473903e-15 -1.000000e+00
    outer loop
      vertex   4.903016e+01 8.315727e+01 7.485829e+01
      vertex   4.513305e+01 8.540727e+01 7.485829e+01
      vertex   4.937746e+01 8.375880e+01 7.485829e+01
    endloop
  endfacet
  facet normal -2.390403e-14 -9.823322e-15 -1.000000e+00
    outer loop
      vertex   4.937746e+01 8.375880e+01 7.485829e+01
      vertex   4.513305e+01 8.540727e+01 7.485829e+01
      vertex   4.548034e+01 8.600880e+01 7.485829e+01
    endloop
  endfacet
  facet normal -1.710101e-01 -2.961981e-01 -9.396926e-01
    outer loop
      vertex   4.937746e+01 8.375880e+01 7.485829e+01
      vertex   4.548034e+01 8.600880e+01 7.485829e+01
      vertex   4.970381e+01 8.432406e+01 7.462072e+01
    endloop
  endfacet
  facet normal -1.710101e-01 -2.961981e-01 -9.396926e-01
    outer loop
      vertex   4.970381e+01 8.432406e+01 7.462072e+01
      vertex   4.548034e+01 8.600880e+01 7.485829e+01
      vertex   4.580670e+01 8.657406e+01 7.462072e+01
    endloop
  endfacet
  facet normal -3.213938e-01 -5.566704e-01 -7.660444e-01
    outer loop
      vertex   4.970381e+01 8.432406e+01 7.462072e+01
      vertex   4.580670e+01 8.657406e+01 7.462072e+01
      vertex   4.996985e+01 8.478486e+01 7.417425e+01
    endloop
  endfacet
  facet normal -3.213938e-01 -5.566704e-01 -7.660444e-01
    outer loop
      vertex   4.996985e+01 8.478486e+01 7.417425e+01
      vertex   4.580670e+01 8.657406e+01 7.462072e+01
      vertex   4.607274e+01 8.703486e+01 7.417425e+01
    endloop
  endfacet
  facet normal -4.330127e-01 -7.500000e-01 -5.000000e-01
    outer loop
      vertex   4.996985e+01 8.478486e+01 7.417425e+01
      vertex   4.607274e+01 8.703486e+01 7.417425e+01
      vertex   5.014350e+01 8.508563e+01 7.357271e+01
    endloop
  endfacet
  facet normal -4.330127e-01 -7.500000e-01 -5.000000e-01
    outer loop
      vertex   5.014350e+01 8.508563e+01 7.357271e+01
      vertex   4.607274e+01 8.703486e+01 7.417425e+01
      vertex   4.624639e+01 8.733563e+01 7.357271e+01
    endloop
  endfacet
  facet normal -4.924039e-01 -8.528685e-01 -1.736482e-01
    outer loop
      vertex   5.014350e+01 8.508563e+01 7.357271e+01
      vertex   4.624639e+01 8.733563e+01 7.357271e+01
      vertex   5.020381e+01 8.519009e+01 7.288867e+01
    endloop
  endfacet
  facet normal -4.924039e-01 -8.528685e-01 -1.736482e-01
    outer loop
      vertex   5.020381e+01 8.519009e+01 7.288867e+01
      vertex   4.624639e+01 8.733563e+01 7.357271e+01
      vertex   4.630670e+01 8.744009e+01 7.288867e+01
    endloop
  endfacet
  facet normal -4.924039e-01 -8.528685e-01 1.736482e-01
    outer loop
      vertex   5.020381e+01 8.519009e+01 7.288867e+01
      vertex   4.630670e+01 8.744009e+01 7.288867e+01
      vertex   5.014350e+01 8.508563e+01 7.220463e+01
    endloop
  endfacet
  facet normal -4.924039e-01 -8.528685e-01 1.736482e-01
    outer loop
      vertex   5.014350e+01 8.508563e+01 7.220463e+01
      vertex   4.630670e+01 8.744009e+01 7.288867e+01
      vertex   4.624639e+01 8.733563e+01 7.220463e+01
    endloop
  endfacet
  facet normal -4.330127e-01 -7.500000e-01 5.000000e-01
    outer loop
      vertex   5.014350e+01 8.508563e+01 7.220463e+01
      vertex   4.624639e+01 8.733563e+01 7.220463e+01
      vertex   4.996985e+01 8.478486e+01 7.160310e+01
    endloop
  endfacet
  facet normal -4.330127e-01 -7.500000e-01 5.000000e-01
    outer loop
      vertex   4.996985e+01 8.478486e+01 7.160310e+01
      vertex   4.624639e+01 8.733563e+01 7.220463e+01
      vertex   4.607274e+01 8.703486e+01 7.160310e+01
    endloop
  endfacet
  facet normal -3.213938e-01 -5.566704e-01 7.660444e-01
    outer loop
      vertex   4.996985e+01 8.478486e+01 7.160310e+01
      vertex   4.607274e+01 8.703486e+01 7.160310e+01
      vertex   4.970381e+01 8.432406e+01 7.115662e+01
    endloop
  endfacet
  facet normal -3.213938e-01 -5.566704e-01 7.660444e-01
    outer loop
      vertex   4.970381e+01 8.432406e+01 7.115662e+01
      vertex   4.607274e+01 8.703486e+01 7.160310e+01
      vertex   4.580670e+01 8.657406e+01 7.115662e+01
    endloop
  endfacet
  facet normal -1.710101e-01 -2.961981e-01 9.396926e-01
    outer loop
      vertex   4.970381e+01 8.432406e+01 7.115662e+01
      vertex   4.580670e+01 8.657406e+01 7.115662e+01
      vertex   4.937746e+01 8.375880e+01 7.091905e+01
    endloop
  endfacet
  facet normal -1.710101e-01 -2.961981e-01 9.396926e-01
    outer loop
      vertex   4.937746e+01 8.375880e+01 7.091905e+01
      vertex   4.580670e+01 8.657406e+01 7.115662e+01
      vertex   4.548034e+01 8.600880e+01 7.091905e+01
    endloop
  endfacet
  facet normal -3.814199e-02 -6.606386e-02 -9.970861e-01
    outer loop
      vertex   4.865248e+01 8.250310e+01 6.663514e+01
      vertex   4.475536e+01 8.475310e+01 6.663514e+01
      vertex   4.927307e+01 8.357800e+01 6.654018e+01
    endloop
  endfacet
  facet normal -3.814199e-02 -6.606386e-02 -9.970861e-01
    outer loop
      vertex   4.927307e+01 8.357800e+01 6.654018e+01
      vertex   4.475536e+01 8.475310e+01 6.663514e+01
      vertex   4.537596e+01 8.582800e+01 6.654018e+01
    endloop
  endfacet
  facet normal 5.985183e-02 1.036664e-01 -9.928097e-01
    outer loop
      vertex   4.927307e+01 8.357800e+01 6.654018e+01
      vertex   4.537596e+01 8.582800e+01 6.654018e+01
      vertex   4.989101e+01 8.464829e+01 6.668919e+01
    endloop
  endfacet
  facet normal 5.985183e-02 1.036664e-01 -9.928097e-01
    outer loop
      vertex   4.989101e+01 8.464829e+01 6.668919e+01
      vertex   4.537596e+01 8.582800e+01 6.654018e+01
      vertex   4.599389e+01 8.689829e+01 6.668919e+01
    endloop
  endfacet
  facet normal 1.555456e-01 2.694128e-01 -9.503801e-01
    outer loop
      vertex   4.989101e+01 8.464829e+01 6.668919e+01
      vertex   4.599389e+01 8.689829e+01 6.668919e+01
      vertex   5.048253e+01 8.567284e+01 6.707644e+01
    endloop
  endfacet
  facet normal 1.555456e-01 2.694128e-01 -9.503801e-01
    outer loop
      vertex   5.048253e+01 8.567284e+01 6.707644e+01
      vertex   4.599389e+01 8.689829e+01 6.668919e+01
      vertex   4.658542e+01 8.792284e+01 6.707644e+01
    endloop
  endfacet
  facet normal 2.452618e-01 4.248059e-01 -8.714279e-01
    outer loop
      vertex   5.048253e+01 8.567284e+01 6.707644e+01
      vertex   4.658542e+01 8.792284e+01 6.707644e+01
      vertex   5.102492e+01 8.661228e+01 6.768705e+01
    endloop
  endfacet
  facet normal 2.452618e-01 4.248059e-01 -8.714279e-01
    outer loop
      vertex   5.102492e+01 8.661228e+01 6.768705e+01
      vertex   4.658542e+01 8.792284e+01 6.707644e+01
      vertex   4.712780e+01 8.886228e+01 6.768705e+01
    endloop
  endfacet
  facet normal 3.255527e-01 5.638739e-01 -7.589873e-01
    outer loop
      vertex   5.102492e+01 8.661228e+01 6.768705e+01
      vertex   4.712780e+01 8.886228e+01 6.768705e+01
      vertex   5.149732e+01 8.743050e+01 6.849756e+01
    endloop
  endfacet
  facet normal 3.255527e-01 5.638739e-01 -7.589873e-01
    outer loop
      vertex   5.149732e+01 8.743050e+01 6.849756e+01
      vertex   4.712780e+01 8.886228e+01 6.768705e+01
      vertex   4.760020e+01 8.968050e+01 6.849756e+01
    endloop
  endfacet
  facet normal 3.933329e-01 6.812725e-01 -6.173792e-01
    outer loop
      vertex   5.149732e+01 8.743050e+01 6.849756e+01
      vertex   4.760020e+01 8.968050e+01 6.849756e+01
      vertex   5.188158e+01 8.809607e+01 6.947682e+01
    endloop
  endfacet
  facet normal 3.933329e-01 6.812725e-01 -6.173792e-01
    outer loop
      vertex   5.188158e+01 8.809607e+01 6.947682e+01
      vertex   4.760020e+01 8.968050e+01 6.849756e+01
      vertex   4.798446e+01 9.034607e+01 6.947682e+01
    endloop
  endfacet
  facet normal 4.459974e-01 7.724902e-01 -4.520455e-01
    outer loop
      vertex   5.188158e+01 8.809607e+01 6.947682e+01
      vertex   4.798446e+01 9.034607e+01 6.947682e+01
      vertex   5.216294e+01 8.858339e+01 7.058719e+01
    endloop
  endfacet
  facet normal 4.459974e-01 7.724902e-01 -4.520455e-01
    outer loop
      vertex   5.216294e+01 8.858339e+01 7.058719e+01
      vertex   4.798446e+01 9.034607e+01 6.947682e+01
      vertex   4.826582e+01 9.083339e+01 7.058719e+01
    endloop
  endfacet
  facet normal 4.815226e-01 8.340216e-01 -2.693401e-01
    outer loop
      vertex   5.216294e+01 8.858339e+01 7.058719e+01
      vertex   4.826582e+01 9.083339e+01 7.058719e+01
      vertex   5.233058e+01 8.887375e+01 7.178600e+01
    endloop
  endfacet
  facet normal 4.815226e-01 8.340216e-01 -2.693401e-01
    outer loop
      vertex   5.233058e+01 8.887375e+01 7.178600e+01
      vertex   4.826582e+01 9.083339e+01 7.058719e+01
      vertex   4.843346e+01 9.112375e+01 7.178600e+01
    endloop
  endfacet
  facet normal 4.985431e-01 8.635019e-01 -7.628397e-02
    outer loop
      vertex   5.233058e+01 8.887375e+01 7.178600e+01
      vertex   4.843346e+01 9.112375e+01 7.178600e+01
      vertex   5.237805e+01 8.895599e+01 7.302719e+01
    endloop
  endfacet
  facet normal 4.985431e-01 8.635019e-01 -7.628397e-02
    outer loop
      vertex   5.237805e+01 8.895599e+01 7.302719e+01
      vertex   4.843346e+01 9.112375e+01 7.178600e+01
      vertex   4.848094e+01 9.120599e+01 7.302719e+01
    endloop
  endfacet
  facet normal 4.964048e-01 8.597984e-01 1.197037e-01
    outer loop
      vertex   5.237805e+01 8.895599e+01 7.302719e+01
      vertex   4.848094e+01 9.120599e+01 7.302719e+01
      vertex   5.230355e+01 8.882694e+01 7.426306e+01
    endloop
  endfacet
  facet normal 4.964048e-01 8.597984e-01 1.197037e-01
    outer loop
      vertex   5.230355e+01 8.882694e+01 7.426306e+01
      vertex   4.848094e+01 9.120599e+01 7.302719e+01
      vertex   4.840644e+01 9.107694e+01 7.426306e+01
    endloop
  endfacet
  facet normal 4.751900e-01 8.230533e-01 3.110911e-01
    outer loop
      vertex   5.230355e+01 8.882694e+01 7.426306e+01
      vertex   4.840644e+01 9.107694e+01 7.426306e+01
      vertex   5.210992e+01 8.849157e+01 7.544611e+01
    endloop
  endfacet
  facet normal 4.751900e-01 8.230533e-01 3.110911e-01
    outer loop
      vertex   5.210992e+01 8.849157e+01 7.544611e+01
      vertex   4.840644e+01 9.107694e+01 7.426306e+01
      vertex   4.821281e+01 9.074157e+01 7.544611e+01
    endloop
  endfacet
  facet normal 4.357140e-01 7.546787e-01 4.905236e-01
    outer loop
      vertex   5.210992e+01 8.849157e+01 7.544611e+01
      vertex   4.821281e+01 9.074157e+01 7.544611e+01
      vertex   5.180462e+01 8.796277e+01 7.653088e+01
    endloop
  endfacet
  facet normal 4.357140e-01 7.546787e-01 4.905236e-01
    outer loop
      vertex   5.180462e+01 8.796277e+01 7.653088e+01
      vertex   4.821281e+01 9.074157e+01 7.544611e+01
      vertex   4.790750e+01 9.021277e+01 7.653088e+01
    endloop
  endfacet
  facet normal 3.794936e-01 6.573023e-01 6.511054e-01
    outer loop
      vertex   5.180462e+01 8.796277e+01 7.653088e+01
      vertex   4.790750e+01 9.021277e+01 7.653088e+01
      vertex   5.139936e+01 8.726085e+01 7.747568e+01
    endloop
  endfacet
  facet normal 3.794936e-01 6.573023e-01 6.511054e-01
    outer loop
      vertex   5.139936e+01 8.726085e+01 7.747568e+01
      vertex   4.790750e+01 9.021277e+01 7.653088e+01
      vertex   4.750225e+01 8.951085e+01 7.747568e+01
    endloop
  endfacet
  facet normal 3.086896e-01 5.346661e-01 7.866657e-01
    outer loop
      vertex   5.139936e+01 8.726085e+01 7.747568e+01
      vertex   4.750225e+01 8.951085e+01 7.747568e+01
      vertex   5.090974e+01 8.641279e+01 7.824421e+01
    endloop
  endfacet
  facet normal 3.086896e-01 5.346661e-01 7.866657e-01
    outer loop
      vertex   5.090974e+01 8.641279e+01 7.824421e+01
      vertex   4.750225e+01 8.951085e+01 7.747568e+01
      vertex   4.701262e+01 8.866279e+01 7.824421e+01
    endloop
  endfacet
  facet normal 2.260228e-01 3.914829e-01 8.919949e-01
    outer loop
      vertex   5.090974e+01 8.641279e+01 7.824421e+01
      vertex   4.701262e+01 8.866279e+01 7.824421e+01
      vertex   5.035455e+01 8.545118e+01 7.880692e+01
    endloop
  endfacet
  facet normal 2.260228e-01 3.914829e-01 8.919949e-01
    outer loop
      vertex   5.035455e+01 8.545118e+01 7.880692e+01
      vertex   4.701262e+01 8.866279e+01 7.824421e+01
      vertex   4.645744e+01 8.770118e+01 7.880692e+01
    endloop
  endfacet
  facet normal 1.346700e-01 2.332553e-01 9.630451e-01
    outer loop
      vertex   5.035455e+01 8.545118e+01 7.880692e+01
      vertex   4.645744e+01 8.770118e+01 7.880692e+01
      vertex   4.975514e+01 8.441297e+01 7.914220e+01
    endloop
  endfacet
  facet normal 1.346700e-01 2.332553e-01 9.630451e-01
    outer loop
      vertex   4.975514e+01 8.441297e+01 7.914220e+01
      vertex   4.645744e+01 8.770118e+01 7.880692e+01
      vertex   4.585803e+01 8.666297e+01 7.914220e+01
    endloop
  endfacet
  facet normal -8.660254e-01 5.000000e-01 1.111874e-14
    outer loop
      vertex   4.513305e+01 8.540727e+01 7.485829e+01
      vertex   4.585803e+01 8.666297e+01 7.914220e+01
      vertex   4.548034e+01 8.600880e+01 7.485829e+01
    endloop
  endfacet
  facet normal -8.660254e-01 5.000000e-01 1.588422e-14
    outer loop
      vertex   4.548034e+01 8.600880e+01 7.485829e+01
      vertex   4.585803e+01 8.666297e+01 7.914220e+01
      vertex   4.645744e+01 8.770118e+01 7.880692e+01
    endloop
  endfacet
  facet normal -8.660254e-01 5.000000e-01 1.611455e-14
    outer loop
      vertex   4.548034e+01 8.600880e+01 7.485829e+01
      vertex   4.645744e+01 8.770118e+01 7.880692e+01
      vertex   4.701262e+01 8.866279e+01 7.824421e+01
    endloop
  endfacet
  facet normal -8.660254e-01 5.000000e-01 2.748765e-14
    outer loop
      vertex   4.513305e+01 8.540727e+01 7.485829e+01
      vertex   4.480670e+01 8.484201e+01 7.462072e+01
      vertex   4.585803e+01 8.666297e+01 7.914220e+01
    endloop
  endfacet
  facet normal -8.660254e-01 5.000000e-01 1.792487e-14
    outer loop
      vertex   4.585803e+01 8.666297e+01 7.914220e+01
      vertex   4.480670e+01 8.484201e+01 7.462072e+01
      vertex   3.962912e+01 7.587419e+01 8.133885e+01
    endloop
  endfacet
  facet normal -8.660254e-01 5.000000e-01 2.513519e-14
    outer loop
      vertex   3.962912e+01 7.587419e+01 8.133885e+01
      vertex   4.480670e+01 8.484201e+01 7.462072e+01
      vertex   4.454065e+01 8.438121e+01 7.417425e+01
    endloop
  endfacet
  facet normal -8.660254e-01 5.000000e-01 1.269256e-14
    outer loop
      vertex   3.962912e+01 7.587419e+01 8.133885e+01
      vertex   4.454065e+01 8.438121e+01 7.417425e+01
      vertex   4.436700e+01 8.408044e+01 7.357271e+01
    endloop
  endfacet
  facet normal -8.660254e-01 5.000000e-01 2.434149e-14
    outer loop
      vertex   4.436700e+01 8.408044e+01 7.357271e+01
      vertex   4.430670e+01 8.397598e+01 7.288867e+01
      vertex   3.962912e+01 7.587419e+01 8.133885e+01
    endloop
  endfacet
  facet normal -8.660254e-01 5.000000e-01 1.746707e-14
    outer loop
      vertex   3.962912e+01 7.587419e+01 8.133885e+01
      vertex   4.430670e+01 8.397598e+01 7.288867e+01
      vertex   4.271189e+01 8.121369e+01 6.735578e+01
    endloop
  endfacet
  facet normal -8.660254e-01 5.000000e-01 5.299440e-15
    outer loop
      vertex   4.271189e+01 8.121369e+01 6.735578e+01
      vertex   4.430670e+01 8.397598e+01 7.288867e+01
      vertex   4.436700e+01 8.408044e+01 7.220463e+01
    endloop
  endfacet
  facet normal -8.660254e-01 5.000000e-01 1.981674e-14
    outer loop
      vertex   4.271189e+01 8.121369e+01 6.735578e+01
      vertex   4.436700e+01 8.408044e+01 7.220463e+01
      vertex   4.454065e+01 8.438121e+01 7.160310e+01
    endloop
  endfacet
  facet normal -8.660254e-01 5.000000e-01 2.783439e-14
    outer loop
      vertex   4.454065e+01 8.438121e+01 7.160310e+01
      vertex   4.480670e+01 8.484201e+01 7.115662e+01
      vertex   4.271189e+01 8.121369e+01 6.735578e+01
    endloop
  endfacet
  facet normal -8.660254e-01 5.000000e-01 1.393086e-14
    outer loop
      vertex   4.271189e+01 8.121369e+01 6.735578e+01
      vertex   4.480670e+01 8.484201e+01 7.115662e+01
      vertex   4.475536e+01 8.475310e+01 6.663514e+01
    endloop
  endfacet
  facet normal -8.660254e-01 5.000000e-01 1.388910e-14
    outer loop
      vertex   4.475536e+01 8.475310e+01 6.663514e+01
      vertex   4.480670e+01 8.484201e+01 7.115662e+01
      vertex   4.513305e+01 8.540727e+01 7.091905e+01
    endloop
  endfacet
  facet normal -8.660254e-01 5.000000e-01 1.751179e-14
    outer loop
      vertex   4.475536e+01 8.475310e+01 6.663514e+01
      vertex   4.513305e+01 8.540727e+01 7.091905e+01
      vertex   4.537596e+01 8.582800e+01 6.654018e+01
    endloop
  endfacet
  facet normal -8.660254e-01 5.000000e-01 2.019380e-14
    outer loop
      vertex   4.537596e+01 8.582800e+01 6.654018e+01
      vertex   4.513305e+01 8.540727e+01 7.091905e+01
      vertex   4.599389e+01 8.689829e+01 6.668919e+01
    endloop
  endfacet
  facet normal -8.660254e-01 5.000000e-01 1.683679e-14
    outer loop
      vertex   4.599389e+01 8.689829e+01 6.668919e+01
      vertex   4.513305e+01 8.540727e+01 7.091905e+01
      vertex   4.658542e+01 8.792284e+01 6.707644e+01
    endloop
  endfacet
  facet normal -8.660254e-01 5.000000e-01 3.161310e-14
    outer loop
      vertex   4.658542e+01 8.792284e+01 6.707644e+01
      vertex   4.513305e+01 8.540727e+01 7.091905e+01
      vertex   4.548034e+01 8.600880e+01 7.091905e+01
    endloop
  endfacet
  facet normal -8.660254e-01 5.000000e-01 2.519078e-14
    outer loop
      vertex   4.658542e+01 8.792284e+01 6.707644e+01
      vertex   4.548034e+01 8.600880e+01 7.091905e+01
      vertex   4.712780e+01 8.886228e+01 6.768705e+01
    endloop
  endfacet
  facet normal -8.660254e-01 5.000000e-01 1.563271e-14
    outer loop
      vertex   4.712780e+01 8.886228e+01 6.768705e+01
      vertex   4.548034e+01 8.600880e+01 7.091905e+01
      vertex   4.760020e+01 8.968050e+01 6.849756e+01
    endloop
  endfacet
  facet normal -8.660254e-01 5.000000e-01 0.000000e+00
    outer loop
      vertex   4.760020e+01 8.968050e+01 6.849756e+01
      vertex   4.548034e+01 8.600880e+01 7.091905e+01
      vertex   4.580670e+01 8.657406e+01 7.115662e+01
    endloop
  endfacet
  facet normal -8.660254e-01 5.000000e-01 1.306815e-14
    outer loop
      vertex   4.760020e+01 8.968050e+01 6.849756e+01
      vertex   4.580670e+01 8.657406e+01 7.115662e+01
      vertex   4.798446e+01 9.034607e+01 6.947682e+01
    endloop
  endfacet
  facet normal -8.660254e-01 5.000000e-01 2.565864e-14
    outer loop
      vertex   4.798446e+01 9.034607e+01 6.947682e+01
      vertex   4.580670e+01 8.657406e+01 7.115662e+01
      vertex   4.607274e+01 8.703486e+01 7.160310e+01
    endloop
  endfacet
  facet normal -8.660254e-01 5.000000e-01 1.993204e-14
    outer loop
      vertex   4.798446e+01 9.034607e+01 6.947682e+01
      vertex   4.607274e+01 8.703486e+01 7.160310e+01
      vertex   4.826582e+01 9.083339e+01 7.058719e+01
    endloop
  endfacet
  facet normal -8.660254e-01 5.000000e-01 1.098624e-14
    outer loop
      vertex   4.826582e+01 9.083339e+01 7.058719e+01
      vertex   4.607274e+01 8.703486e+01 7.160310e+01
      vertex   4.624639e+01 8.733563e+01 7.220463e+01
    endloop
  endfacet
  facet normal -8.660254e-01 5.000000e-01 1.579508e-14
    outer loop
      vertex   4.826582e+01 9.083339e+01 7.058719e+01
      vertex   4.624639e+01 8.733563e+01 7.220463e+01
      vertex   4.843346e+01 9.112375e+01 7.178600e+01
    endloop
  endfacet
  facet normal -8.660254e-01 5.000000e-01 2.510477e-14
    outer loop
      vertex   4.843346e+01 9.112375e+01 7.178600e+01
      vertex   4.624639e+01 8.733563e+01 7.220463e+01
      vertex   4.630670e+01 8.744009e+01 7.288867e+01
    endloop
  endfacet
  facet normal -8.660254e-01 5.000000e-01 1.647040e-14
    outer loop
      vertex   4.843346e+01 9.112375e+01 7.178600e+01
      vertex   4.630670e+01 8.744009e+01 7.288867e+01
      vertex   4.848094e+01 9.120599e+01 7.302719e+01
    endloop
  endfacet
  facet normal -8.660254e-01 5.000000e-01 1.781553e-15
    outer loop
      vertex   4.848094e+01 9.120599e+01 7.302719e+01
      vertex   4.630670e+01 8.744009e+01 7.288867e+01
      vertex   4.624639e+01 8.733563e+01 7.357271e+01
    endloop
  endfacet
  facet normal -8.660254e-01 5.000000e-01 2.429791e-14
    outer loop
      vertex   4.848094e+01 9.120599e+01 7.302719e+01
      vertex   4.624639e+01 8.733563e+01 7.357271e+01
      vertex   4.840644e+01 9.107694e+01 7.426306e+01
    endloop
  endfacet
  facet normal -8.660254e-01 5.000000e-01 2.190372e-14
    outer loop
      vertex   4.840644e+01 9.107694e+01 7.426306e+01
      vertex   4.624639e+01 8.733563e+01 7.357271e+01
      vertex   4.607274e+01 8.703486e+01 7.417425e+01
    endloop
  endfacet
  facet normal -8.660254e-01 5.000000e-01 1.420711e-14
    outer loop
      vertex   4.840644e+01 9.107694e+01 7.426306e+01
      vertex   4.607274e+01 8.703486e+01 7.417425e+01
      vertex   4.821281e+01 9.074157e+01 7.544611e+01
    endloop
  endfacet
  facet normal -8.660254e-01 5.000000e-01 3.638214e-14
    outer loop
      vertex   4.821281e+01 9.074157e+01 7.544611e+01
      vertex   4.607274e+01 8.703486e+01 7.417425e+01
      vertex   4.580670e+01 8.657406e+01 7.462072e+01
    endloop
  endfacet
  facet normal -8.660254e-01 5.000000e-01 1.993850e-14
    outer loop
      vertex   4.821281e+01 9.074157e+01 7.544611e+01
      vertex   4.580670e+01 8.657406e+01 7.462072e+01
      vertex   4.790750e+01 9.021277e+01 7.653088e+01
    endloop
  endfacet
  facet normal -8.660254e-01 5.000000e-01 1.259539e-14
    outer loop
      vertex   4.790750e+01 9.021277e+01 7.653088e+01
      vertex   4.580670e+01 8.657406e+01 7.462072e+01
      vertex   4.750225e+01 8.951085e+01 7.747568e+01
    endloop
  endfacet
  facet normal -8.660254e-01 5.000000e-01 1.963340e-14
    outer loop
      vertex   4.750225e+01 8.951085e+01 7.747568e+01
      vertex   4.580670e+01 8.657406e+01 7.462072e+01
      vertex   4.548034e+01 8.600880e+01 7.485829e+01
    endloop
  endfacet
  facet normal -8.660254e-01 5.000000e-01 1.895117e-14
    outer loop
      vertex   4.750225e+01 8.951085e+01 7.747568e+01
      vertex   4.548034e+01 8.600880e+01 7.485829e+01
      vertex   4.701262e+01 8.866279e+01 7.824421e+01
    endloop
  endfacet
  facet normal 8.660254e-01 -5.000000e-01 -1.814668e-14
    outer loop
      vertex   4.354571e+01 7.365792e+01 6.843606e+01
      vertex   4.820381e+01 8.172598e+01 7.288867e+01
      vertex   4.464837e+01 7.556779e+01 8.094312e+01
    endloop
  endfacet
  facet normal 8.660254e-01 -5.000000e-01 -2.374317e-14
    outer loop
      vertex   4.464837e+01 7.556779e+01 8.094312e+01
      vertex   4.820381e+01 8.172598e+01 7.288867e+01
      vertex   4.826412e+01 8.183044e+01 7.357271e+01
    endloop
  endfacet
  facet normal 8.660254e-01 -5.000000e-01 -5.655789e-15
    outer loop
      vertex   4.464837e+01 7.556779e+01 8.094312e+01
      vertex   4.826412e+01 8.183044e+01 7.357271e+01
      vertex   4.843777e+01 8.213121e+01 7.417425e+01
    endloop
  endfacet
  facet normal 8.660254e-01 -5.000000e-01 -1.601554e-14
    outer loop
      vertex   4.865248e+01 8.250310e+01 6.663514e+01
      vertex   4.843777e+01 8.213121e+01 7.160310e+01
      vertex   4.354571e+01 7.365792e+01 6.843606e+01
    endloop
  endfacet
  facet normal 8.660254e-01 -5.000000e-01 -2.949836e-14
    outer loop
      vertex   4.354571e+01 7.365792e+01 6.843606e+01
      vertex   4.843777e+01 8.213121e+01 7.160310e+01
      vertex   4.826412e+01 8.183044e+01 7.220463e+01
    endloop
  endfacet
  facet normal 8.660254e-01 -5.000000e-01 -2.056650e-15
    outer loop
      vertex   4.354571e+01 7.365792e+01 6.843606e+01
      vertex   4.826412e+01 8.183044e+01 7.220463e+01
      vertex   4.820381e+01 8.172598e+01 7.288867e+01
    endloop
  endfacet
  facet normal 8.660254e-01 -5.000000e-01 -1.961320e-14
    outer loop
      vertex   4.927307e+01 8.357800e+01 6.654018e+01
      vertex   4.903016e+01 8.315727e+01 7.091905e+01
      vertex   4.865248e+01 8.250310e+01 6.663514e+01
    endloop
  endfacet
  facet normal 8.660254e-01 -5.000000e-01 -1.478690e-14
    outer loop
      vertex   4.865248e+01 8.250310e+01 6.663514e+01
      vertex   4.903016e+01 8.315727e+01 7.091905e+01
      vertex   4.870381e+01 8.259201e+01 7.115662e+01
    endloop
  endfacet
  facet normal 8.660254e-01 -5.000000e-01 -1.530331e-14
    outer loop
      vertex   4.865248e+01 8.250310e+01 6.663514e+01
      vertex   4.870381e+01 8.259201e+01 7.115662e+01
      vertex   4.843777e+01 8.213121e+01 7.160310e+01
    endloop
  endfacet
  facet normal 8.660254e-01 -5.000000e-01 -2.116553e-14
    outer loop
      vertex   4.927307e+01 8.357800e+01 6.654018e+01
      vertex   4.989101e+01 8.464829e+01 6.668919e+01
      vertex   4.903016e+01 8.315727e+01 7.091905e+01
    endloop
  endfacet
  facet normal 8.660254e-01 -5.000000e-01 -1.983869e-14
    outer loop
      vertex   4.903016e+01 8.315727e+01 7.091905e+01
      vertex   4.989101e+01 8.464829e+01 6.668919e+01
      vertex   4.937746e+01 8.375880e+01 7.091905e+01
    endloop
  endfacet
  facet normal 8.660254e-01 -5.000000e-01 -2.116909e-14
    outer loop
      vertex   4.937746e+01 8.375880e+01 7.091905e+01
      vertex   4.989101e+01 8.464829e+01 6.668919e+01
      vertex   5.048253e+01 8.567284e+01 6.707644e+01
    endloop
  endfacet
  facet normal 8.660254e-01 -5.000000e-01 -2.100573e-14
    outer loop
      vertex   4.937746e+01 8.375880e+01 7.091905e+01
      vertex   5.048253e+01 8.567284e+01 6.707644e+01
      vertex   5.102492e+01 8.661228e+01 6.768705e+01
    endloop
  endfacet
  facet normal 8.660254e-01 -5.000000e-01 -4.759809e-15
    outer loop
      vertex   4.937746e+01 8.375880e+01 7.091905e+01
      vertex   5.102492e+01 8.661228e+01 6.768705e+01
      vertex   4.970381e+01 8.432406e+01 7.115662e+01
    endloop
  endfacet
  facet normal 8.660254e-01 -5.000000e-01 -1.393008e-14
    outer loop
      vertex   4.970381e+01 8.432406e+01 7.115662e+01
      vertex   5.102492e+01 8.661228e+01 6.768705e+01
      vertex   5.149732e+01 8.743050e+01 6.849756e+01
    endloop
  endfacet
  facet normal 8.660254e-01 -5.000000e-01 -1.310811e-14
    outer loop
      vertex   4.970381e+01 8.432406e+01 7.115662e+01
      vertex   5.149732e+01 8.743050e+01 6.849756e+01
      vertex   5.188158e+01 8.809607e+01 6.947682e+01
    endloop
  endfacet
  facet normal 8.660254e-01 -5.000000e-01 -3.676696e-14
    outer loop
      vertex   4.970381e+01 8.432406e+01 7.115662e+01
      vertex   5.188158e+01 8.809607e+01 6.947682e+01
      vertex   4.996985e+01 8.478486e+01 7.160310e+01
    endloop
  endfacet
  facet normal 8.660254e-01 -5.000000e-01 -2.072769e-14
    outer loop
      vertex   4.996985e+01 8.478486e+01 7.160310e+01
      vertex   5.188158e+01 8.809607e+01 6.947682e+01
      vertex   5.216294e+01 8.858339e+01 7.058719e+01
    endloop
  endfacet
  facet normal 8.660254e-01 -5.000000e-01 -1.299049e-15
    outer loop
      vertex   4.996985e+01 8.478486e+01 7.160310e+01
      vertex   5.216294e+01 8.858339e+01 7.058719e+01
      vertex   5.014350e+01 8.508563e+01 7.220463e+01
    endloop
  endfacet
  facet normal 8.660254e-01 -5.000000e-01 -2.111510e-14
    outer loop
      vertex   5.014350e+01 8.508563e+01 7.220463e+01
      vertex   5.216294e+01 8.858339e+01 7.058719e+01
      vertex   5.233058e+01 8.887375e+01 7.178600e+01
    endloop
  endfacet
  facet normal 8.660254e-01 -5.000000e-01 -2.468514e-14
    outer loop
      vertex   5.014350e+01 8.508563e+01 7.220463e+01
      vertex   5.233058e+01 8.887375e+01 7.178600e+01
      vertex   5.020381e+01 8.519009e+01 7.288867e+01
    endloop
  endfacet
  facet normal 8.660254e-01 -5.000000e-01 -1.055755e-14
    outer loop
      vertex   5.020381e+01 8.519009e+01 7.288867e+01
      vertex   5.233058e+01 8.887375e+01 7.178600e+01
      vertex   5.237805e+01 8.895599e+01 7.302719e+01
    endloop
  endfacet
  facet normal 8.660254e-01 -5.000000e-01 -1.707322e-15
    outer loop
      vertex   5.020381e+01 8.519009e+01 7.288867e+01
      vertex   5.237805e+01 8.895599e+01 7.302719e+01
      vertex   5.014350e+01 8.508563e+01 7.357271e+01
    endloop
  endfacet
  facet normal 8.660254e-01 -5.000000e-01 -3.003067e-14
    outer loop
      vertex   5.014350e+01 8.508563e+01 7.357271e+01
      vertex   5.237805e+01 8.895599e+01 7.302719e+01
      vertex   5.230355e+01 8.882694e+01 7.426306e+01
    endloop
  endfacet
  facet normal 8.660254e-01 -5.000000e-01 -3.391165e-14
    outer loop
      vertex   5.014350e+01 8.508563e+01 7.357271e+01
      vertex   5.230355e+01 8.882694e+01 7.426306e+01
      vertex   4.996985e+01 8.478486e+01 7.417425e+01
    endloop
  endfacet
  facet normal 8.660254e-01 -5.000000e-01 -1.406724e-14
    outer loop
      vertex   4.996985e+01 8.478486e+01 7.417425e+01
      vertex   5.230355e+01 8.882694e+01 7.426306e+01
      vertex   5.210992e+01 8.849157e+01 7.544611e+01
    endloop
  endfacet
  facet normal 8.660254e-01 -5.000000e-01 -1.540503e-14
    outer loop
      vertex   4.996985e+01 8.478486e+01 7.417425e+01
      vertex   5.210992e+01 8.849157e+01 7.544611e+01
      vertex   5.180462e+01 8.796277e+01 7.653088e+01
    endloop
  endfacet
  facet normal 8.660254e-01 -5.000000e-01 -3.132262e-14
    outer loop
      vertex   4.996985e+01 8.478486e+01 7.417425e+01
      vertex   5.180462e+01 8.796277e+01 7.653088e+01
      vertex   4.970381e+01 8.432406e+01 7.462072e+01
    endloop
  endfacet
  facet normal 8.660254e-01 -5.000000e-01 -1.690116e-14
    outer loop
      vertex   4.970381e+01 8.432406e+01 7.462072e+01
      vertex   5.180462e+01 8.796277e+01 7.653088e+01
      vertex   5.139936e+01 8.726085e+01 7.747568e+01
    endloop
  endfacet
  facet normal 8.660254e-01 -5.000000e-01 -1.455118e-14
    outer loop
      vertex   4.970381e+01 8.432406e+01 7.462072e+01
      vertex   5.139936e+01 8.726085e+01 7.747568e+01
      vertex   5.090974e+01 8.641279e+01 7.824421e+01
    endloop
  endfacet
  facet normal 8.660254e-01 -5.000000e-01 -7.066351e-15
    outer loop
      vertex   4.970381e+01 8.432406e+01 7.462072e+01
      vertex   5.090974e+01 8.641279e+01 7.824421e+01
      vertex   4.937746e+01 8.375880e+01 7.485829e+01
    endloop
  endfacet
  facet normal 8.660254e-01 -5.000000e-01 -1.741019e-14
    outer loop
      vertex   4.937746e+01 8.375880e+01 7.485829e+01
      vertex   5.090974e+01 8.641279e+01 7.824421e+01
      vertex   5.035455e+01 8.545118e+01 7.880692e+01
    endloop
  endfacet
  facet normal 8.660254e-01 -5.000000e-01 -2.016946e-14
    outer loop
      vertex   4.937746e+01 8.375880e+01 7.485829e+01
      vertex   5.035455e+01 8.545118e+01 7.880692e+01
      vertex   4.975514e+01 8.441297e+01 7.914220e+01
    endloop
  endfacet
  facet normal 8.660254e-01 -5.000000e-01 -1.805970e-14
    outer loop
      vertex   4.464837e+01 7.556779e+01 8.094312e+01
      vertex   4.870381e+01 8.259201e+01 7.462072e+01
      vertex   4.975514e+01 8.441297e+01 7.914220e+01
    endloop
  endfacet
  facet normal 8.660254e-01 -5.000000e-01 -2.771407e-14
    outer loop
      vertex   4.975514e+01 8.441297e+01 7.914220e+01
      vertex   4.870381e+01 8.259201e+01 7.462072e+01
      vertex   4.903016e+01 8.315727e+01 7.485829e+01
    endloop
  endfacet
  facet normal 8.660254e-01 -5.000000e-01 -1.779745e-14
    outer loop
      vertex   4.975514e+01 8.441297e+01 7.914220e+01
      vertex   4.903016e+01 8.315727e+01 7.485829e+01
      vertex   4.937746e+01 8.375880e+01 7.485829e+01
    endloop
  endfacet
  facet normal 8.660254e-01 -5.000000e-01 -3.267706e-14
    outer loop
      vertex   4.843777e+01 8.213121e+01 7.417425e+01
      vertex   4.870381e+01 8.259201e+01 7.462072e+01
      vertex   4.464837e+01 7.556779e+01 8.094312e+01
    endloop
  endfacet
  facet normal 4.376171e-01 -8.938151e-01 9.790698e-02
    outer loop
      vertex   3.841920e+01 6.912853e+01 6.946833e+01
      vertex   3.954852e+01 7.108458e+01 8.227777e+01
      vertex   3.762138e+01 6.874558e+01 6.953828e+01
    endloop
  endfacet
  facet normal 4.376554e-01 -8.937974e-01 9.789791e-02
    outer loop
      vertex   3.762138e+01 6.874558e+01 6.953828e+01
      vertex   3.954852e+01 7.108458e+01 8.227777e+01
      vertex   3.876131e+01 7.072104e+01 8.247790e+01
    endloop
  endfacet
  facet normal 5.081592e-01 -8.569525e-01 8.606175e-02
    outer loop
      vertex   3.762138e+01 6.874558e+01 6.953828e+01
      vertex   3.876131e+01 7.072104e+01 8.247790e+01
      vertex   3.684972e+01 6.829412e+01 6.959929e+01
    endloop
  endfacet
  facet normal 5.082600e-01 -8.568953e-01 8.603600e-02
    outer loop
      vertex   3.684972e+01 6.829412e+01 6.959929e+01
      vertex   3.876131e+01 7.072104e+01 8.247790e+01
      vertex   3.800355e+01 7.029415e+01 8.270269e+01
    endloop
  endfacet
  facet normal 5.756879e-01 -8.143499e-01 7.360472e-02
    outer loop
      vertex   3.684972e+01 6.829412e+01 6.959929e+01
      vertex   3.800355e+01 7.029415e+01 8.270269e+01
      vertex   3.611383e+01 6.777836e+01 6.964852e+01
    endloop
  endfacet
  facet normal 5.758253e-01 -8.142562e-01 7.356677e-02
    outer loop
      vertex   3.611383e+01 6.777836e+01 6.964852e+01
      vertex   3.800355e+01 7.029415e+01 8.270269e+01
      vertex   3.728502e+01 6.980851e+01 8.295162e+01
    endloop
  endfacet
  facet normal 6.410996e-01 -7.650838e-01 6.031602e-02
    outer loop
      vertex   3.611383e+01 6.777836e+01 6.964852e+01
      vertex   3.728502e+01 6.980851e+01 8.295162e+01
      vertex   3.542306e+01 6.720225e+01 6.968300e+01
    endloop
  endfacet
  facet normal 6.412466e-01 -7.649641e-01 6.027187e-02
    outer loop
      vertex   3.542306e+01 6.720225e+01 6.968300e+01
      vertex   3.728502e+01 6.980851e+01 8.295162e+01
      vertex   3.661528e+01 6.926859e+01 8.322447e+01
    endloop
  endfacet
  facet normal 7.010970e-01 -7.115253e-01 4.684808e-02
    outer loop
      vertex   3.542306e+01 6.720225e+01 6.968300e+01
      vertex   3.661528e+01 6.926859e+01 8.322447e+01
      vertex   3.478355e+01 6.657331e+01 6.970129e+01
    endloop
  endfacet
  facet normal 7.012276e-01 -7.113994e-01 4.680530e-02
    outer loop
      vertex   3.478355e+01 6.657331e+01 6.970129e+01
      vertex   3.661528e+01 6.926859e+01 8.322447e+01
      vertex   3.600036e+01 6.868184e+01 8.351906e+01
    endloop
  endfacet
  facet normal 7.544468e-01 -6.555012e-01 3.358889e-02
    outer loop
      vertex   3.478355e+01 6.657331e+01 6.970129e+01
      vertex   3.600036e+01 6.868184e+01 8.351906e+01
      vertex   3.419987e+01 6.590162e+01 6.970317e+01
    endloop
  endfacet
  facet normal 7.545517e-01 -6.553824e-01 3.355132e-02
    outer loop
      vertex   3.419987e+01 6.590162e+01 6.970317e+01
      vertex   3.600036e+01 6.868184e+01 8.351906e+01
      vertex   3.544446e+01 6.805783e+01 8.383162e+01
    endloop
  endfacet
  facet normal 8.023536e-01 -5.965018e-01 2.035433e-02
    outer loop
      vertex   3.419987e+01 6.590162e+01 6.970317e+01
      vertex   3.544446e+01 6.805783e+01 8.383162e+01
      vertex   3.367660e+01 6.519726e+01 6.968845e+01
    endloop
  endfacet
  facet normal 8.024220e-01 -5.964107e-01 2.032738e-02
    outer loop
      vertex   3.367660e+01 6.519726e+01 6.968845e+01
      vertex   3.544446e+01 6.805783e+01 8.383162e+01
      vertex   3.495178e+01 6.740610e+01 8.415835e+01
    endloop
  endfacet
  facet normal 8.457681e-01 -5.335059e-01 6.904967e-03
    outer loop
      vertex   3.367660e+01 6.519726e+01 6.968845e+01
      vertex   3.495178e+01 6.740610e+01 8.415835e+01
      vertex   3.321830e+01 6.447032e+01 6.965694e+01
    endloop
  endfacet
  facet normal 8.457913e-01 -5.334694e-01 6.894813e-03
    outer loop
      vertex   3.321830e+01 6.447032e+01 6.965694e+01
      vertex   3.495178e+01 6.740610e+01 8.415835e+01
      vertex   3.452652e+01 6.673622e+01 8.449548e+01
    endloop
  endfacet
  facet normal 8.481294e-01 -5.297537e-01 6.121268e-03
    outer loop
      vertex   4.464837e+01 7.556779e+01 8.094312e+01
      vertex   4.424307e+01 7.492045e+01 8.107771e+01
      vertex   4.354571e+01 7.365792e+01 6.843606e+01
    endloop
  endfacet
  facet normal 8.384335e-01 -5.449426e-01 8.173058e-03
    outer loop
      vertex   4.354571e+01 7.365792e+01 6.843606e+01
      vertex   4.424307e+01 7.492045e+01 8.107771e+01
      vertex   4.291455e+01 7.268989e+01 6.863953e+01
    endloop
  endfacet
  facet normal 8.092449e-01 -5.871685e-01 1.886313e-02
    outer loop
      vertex   4.291455e+01 7.268989e+01 6.863953e+01
      vertex   4.424307e+01 7.492045e+01 8.107771e+01
      vertex   4.379242e+01 7.430367e+01 8.121162e+01
    endloop
  endfacet
  facet normal 7.763693e-01 -6.297158e-01 2.662021e-02
    outer loop
      vertex   4.291455e+01 7.268989e+01 6.863953e+01
      vertex   4.379242e+01 7.430367e+01 8.121162e+01
      vertex   4.218218e+01 7.179546e+01 6.884068e+01
    endloop
  endfacet
  facet normal 7.662400e-01 -6.418352e-01 3.039587e-02
    outer loop
      vertex   4.218218e+01 7.179546e+01 6.884068e+01
      vertex   4.379242e+01 7.430367e+01 8.121162e+01
      vertex   4.329868e+01 7.372051e+01 8.134420e+01
    endloop
  endfacet
  facet normal 7.061284e-01 -7.066052e-01 4.573556e-02
    outer loop
      vertex   4.218218e+01 7.179546e+01 6.884068e+01
      vertex   4.329868e+01 7.372051e+01 8.134420e+01
      vertex   4.247250e+01 7.290858e+01 8.155571e+01
    endloop
  endfacet
  facet normal 6.281069e-01 -7.754904e-01 6.400300e-02
    outer loop
      vertex   4.156136e+01 7.218965e+01 8.178650e+01
      vertex   4.067996e+01 7.043474e+01 6.917303e+01
      vertex   4.247250e+01 7.290858e+01 8.155571e+01
    endloop
  endfacet
  facet normal 6.368119e-01 -7.685737e-01 6.136101e-02
    outer loop
      vertex   4.247250e+01 7.290858e+01 8.155571e+01
      vertex   4.067996e+01 7.043474e+01 6.917303e+01
      vertex   4.135693e+01 7.098481e+01 6.903723e+01
    endloop
  endfacet
  facet normal 7.055624e-01 -7.071664e-01 4.579761e-02
    outer loop
      vertex   4.247250e+01 7.290858e+01 8.155571e+01
      vertex   4.135693e+01 7.098481e+01 6.903723e+01
      vertex   4.218218e+01 7.179546e+01 6.884068e+01
    endloop
  endfacet
  facet normal 5.720221e-01 -8.169217e-01 7.368639e-02
    outer loop
      vertex   4.067996e+01 7.043474e+01 6.917303e+01
      vertex   4.156136e+01 7.218965e+01 8.178650e+01
      vertex   3.995836e+01 6.993996e+01 6.928940e+01
    endloop
  endfacet
  facet normal 5.394990e-01 -8.380174e-01 8.165572e-02
    outer loop
      vertex   3.995836e+01 6.993996e+01 6.928940e+01
      vertex   4.156136e+01 7.218965e+01 8.178650e+01
      vertex   4.057878e+01 7.158084e+01 8.203029e+01
    endloop
  endfacet
  facet normal 5.049221e-01 -8.588675e-01 8.602471e-02
    outer loop
      vertex   3.995836e+01 6.993996e+01 6.928940e+01
      vertex   4.057878e+01 7.158084e+01 8.203029e+01
      vertex   3.920100e+01 6.950450e+01 6.938718e+01
    endloop
  endfacet
  facet normal 4.506733e-01 -8.874437e-01 9.662944e-02
    outer loop
      vertex   3.920100e+01 6.950450e+01 6.938718e+01
      vertex   4.057878e+01 7.158084e+01 8.203029e+01
      vertex   3.954852e+01 7.108458e+01 8.227777e+01
    endloop
  endfacet
  facet normal 4.395327e-01 -8.929083e-01 9.759961e-02
    outer loop
      vertex   3.920100e+01 6.950450e+01 6.938718e+01
      vertex   3.954852e+01 7.108458e+01 8.227777e+01
      vertex   3.841920e+01 6.912853e+01 6.946833e+01
    endloop
  endfacet
endsolid
