solid ASCII
  facet normal 1.915190e-01 1.714424e-16 9.814889e-01
    outer loop
      vertex   -8.655441e+01 -1.472977e+01 1.485112e+02
      vertex   -8.601459e+01 -6.791250e+00 1.484059e+02
      vertex   -8.655441e+01 1.145232e+00 1.485112e+02
    endloop
  endfacet
  facet normal 1.915190e-01 9.942785e-14 9.814889e-01
    outer loop
      vertex   -8.655441e+01 1.145232e+00 1.485112e+02
      vertex   -8.601459e+01 -6.791250e+00 1.484059e+02
      vertex   -8.584860e+01 -5.671226e+00 1.483735e+02
    endloop
  endfacet
  facet normal 1.915190e-01 1.082915e-13 9.814889e-01
    outer loop
      vertex   -8.655441e+01 1.145232e+00 1.485112e+02
      vertex   -8.584860e+01 -5.671226e+00 1.483735e+02
      vertex   -8.536596e+01 -4.650811e+00 1.482793e+02
    endloop
  endfacet
  facet normal 1.915190e-01 -2.218886e-13 9.814889e-01
    outer loop
      vertex   -7.801546e+01 -1.472977e+01 1.468450e+02
      vertex   -8.256465e+01 -1.058157e+01 1.477327e+02
      vertex   -8.655441e+01 -1.472977e+01 1.485112e+02
    endloop
  endfacet
  facet normal 1.915190e-01 -1.813119e-13 9.814889e-01
    outer loop
      vertex   -8.655441e+01 -1.472977e+01 1.485112e+02
      vertex   -8.256465e+01 -1.058157e+01 1.477327e+02
      vertex   -8.364846e+01 -1.032922e+01 1.479442e+02
    endloop
  endfacet
  facet normal 1.915190e-01 -1.507401e-13 9.814889e-01
    outer loop
      vertex   -8.655441e+01 -1.472977e+01 1.485112e+02
      vertex   -8.364846e+01 -1.032922e+01 1.479442e+02
      vertex   -8.461112e+01 -9.762593e+00 1.481320e+02
    endloop
  endfacet
  facet normal 1.915190e-01 0.000000e+00 9.814889e-01
    outer loop
      vertex   -7.801546e+01 1.145232e+00 1.468450e+02
      vertex   -7.859679e+01 -6.226914e+00 1.469585e+02
      vertex   -7.801546e+01 -1.472977e+01 1.468450e+02
    endloop
  endfacet
  facet normal 1.915190e-01 -5.728488e-15 9.814889e-01
    outer loop
      vertex   -7.801546e+01 -1.472977e+01 1.468450e+02
      vertex   -7.859679e+01 -6.226914e+00 1.469585e+02
      vertex   -7.859708e+01 -7.359635e+00 1.469585e+02
    endloop
  endfacet
  facet normal 1.915190e-01 -9.165686e-14 9.814889e-01
    outer loop
      vertex   -7.801546e+01 -1.472977e+01 1.468450e+02
      vertex   -7.859708e+01 -7.359635e+00 1.469585e+02
      vertex   -7.892506e+01 -8.441943e+00 1.470225e+02
    endloop
  endfacet
  facet normal 1.915190e-01 2.105016e-13 9.814889e-01
    outer loop
      vertex   -8.655441e+01 1.145232e+00 1.485112e+02
      vertex   -8.256266e+01 -3.002817e+00 1.477323e+02
      vertex   -7.801546e+01 1.145232e+00 1.468450e+02
    endloop
  endfacet
  facet normal 1.915190e-01 1.980462e-13 9.814889e-01
    outer loop
      vertex   -7.801546e+01 1.145232e+00 1.468450e+02
      vertex   -8.256266e+01 -3.002817e+00 1.477323e+02
      vertex   -8.145403e+01 -3.087768e+00 1.475160e+02
    endloop
  endfacet
  facet normal 1.915190e-01 1.487255e-13 9.814889e-01
    outer loop
      vertex   -7.801546e+01 1.145232e+00 1.468450e+02
      vertex   -8.145403e+01 -3.087768e+00 1.475160e+02
      vertex   -8.041924e+01 -3.501880e+00 1.473141e+02
    endloop
  endfacet
  facet normal 1.915190e-01 1.206137e-13 9.814889e-01
    outer loop
      vertex   -8.536596e+01 -4.650811e+00 1.482793e+02
      vertex   -8.460956e+01 -3.820674e+00 1.481317e+02
      vertex   -8.655441e+01 1.145232e+00 1.485112e+02
    endloop
  endfacet
  facet normal 1.915190e-01 1.412905e-13 9.814889e-01
    outer loop
      vertex   -8.655441e+01 1.145232e+00 1.485112e+02
      vertex   -8.460956e+01 -3.820674e+00 1.481317e+02
      vertex   -8.364660e+01 -3.254576e+00 1.479438e+02
    endloop
  endfacet
  facet normal 1.915190e-01 1.768443e-13 9.814889e-01
    outer loop
      vertex   -8.655441e+01 1.145232e+00 1.485112e+02
      vertex   -8.364660e+01 -3.254576e+00 1.479438e+02
      vertex   -8.256266e+01 -3.002817e+00 1.477323e+02
    endloop
  endfacet
  facet normal 1.915190e-01 1.417592e-13 9.814889e-01
    outer loop
      vertex   -8.041924e+01 -3.501880e+00 1.473141e+02
      vertex   -7.955022e+01 -4.208358e+00 1.471445e+02
      vertex   -7.801546e+01 1.145232e+00 1.468450e+02
    endloop
  endfacet
  facet normal 1.915190e-01 1.072003e-13 9.814889e-01
    outer loop
      vertex   -7.801546e+01 1.145232e+00 1.468450e+02
      vertex   -7.955022e+01 -4.208358e+00 1.471445e+02
      vertex   -7.892420e+01 -5.144427e+00 1.470223e+02
    endloop
  endfacet
  facet normal 1.915190e-01 1.012728e-13 9.814889e-01
    outer loop
      vertex   -7.801546e+01 1.145232e+00 1.468450e+02
      vertex   -7.892420e+01 -5.144427e+00 1.470223e+02
      vertex   -7.859679e+01 -6.226914e+00 1.469585e+02
    endloop
  endfacet
  facet normal 1.915190e-01 -1.204720e-13 9.814889e-01
    outer loop
      vertex   -7.892506e+01 -8.441943e+00 1.470225e+02
      vertex   -7.955158e+01 -9.377670e+00 1.471448e+02
      vertex   -7.801546e+01 -1.472977e+01 1.468450e+02
    endloop
  endfacet
  facet normal 1.915190e-01 -1.290309e-13 9.814889e-01
    outer loop
      vertex   -7.801546e+01 -1.472977e+01 1.468450e+02
      vertex   -7.955158e+01 -9.377670e+00 1.471448e+02
      vertex   -8.042097e+01 -1.008367e+01 1.473144e+02
    endloop
  endfacet
  facet normal 1.915190e-01 -1.618111e-13 9.814889e-01
    outer loop
      vertex   -7.801546e+01 -1.472977e+01 1.468450e+02
      vertex   -8.042097e+01 -1.008367e+01 1.473144e+02
      vertex   -8.145598e+01 -1.049722e+01 1.475164e+02
    endloop
  endfacet
  facet normal 1.915190e-01 -1.973913e-13 9.814889e-01
    outer loop
      vertex   -8.145598e+01 -1.049722e+01 1.475164e+02
      vertex   -8.256465e+01 -1.058157e+01 1.477327e+02
      vertex   -7.801546e+01 -1.472977e+01 1.468450e+02
    endloop
  endfacet
  facet normal 1.915190e-01 -1.242798e-13 9.814889e-01
    outer loop
      vertex   -8.461112e+01 -9.762593e+00 1.481320e+02
      vertex   -8.536709e+01 -8.932043e+00 1.482795e+02
      vertex   -8.655441e+01 -1.472977e+01 1.485112e+02
    endloop
  endfacet
  facet normal 1.915190e-01 -1.114900e-13 9.814889e-01
    outer loop
      vertex   -8.655441e+01 -1.472977e+01 1.485112e+02
      vertex   -8.536709e+01 -8.932043e+00 1.482795e+02
      vertex   -8.584919e+01 -7.911365e+00 1.483736e+02
    endloop
  endfacet
  facet normal 1.915190e-01 -8.890386e-14 9.814889e-01
    outer loop
      vertex   -8.655441e+01 -1.472977e+01 1.485112e+02
      vertex   -8.584919e+01 -7.911365e+00 1.483736e+02
      vertex   -8.601459e+01 -6.791250e+00 1.484059e+02
    endloop
  endfacet
  facet normal 2.520137e-16 -1.000000e+00 5.611874e-16
    outer loop
      vertex   -8.981254e+01 -2.029768e+00 1.422570e+02
      vertex   -9.634334e+01 -2.029768e+00 1.087882e+02
      vertex   -7.734763e+01 -2.029768e+00 1.398247e+02
    endloop
  endfacet
  facet normal 2.201875e-16 -1.000000e+00 5.806664e-16
    outer loop
      vertex   -7.734763e+01 -2.029768e+00 1.398247e+02
      vertex   -9.634334e+01 -2.029768e+00 1.087882e+02
      vertex   -8.387843e+01 -2.029768e+00 1.063559e+02
    endloop
  endfacet
  facet normal 3.736351e-02 -9.807853e-01 1.914790e-01
    outer loop
      vertex   -8.387843e+01 -2.029768e+00 1.063559e+02
      vertex   -9.634334e+01 -2.029768e+00 1.087882e+02
      vertex   -8.402501e+01 -2.182009e+00 1.056047e+02
    endloop
  endfacet
  facet normal 3.736351e-02 -9.807853e-01 1.914790e-01
    outer loop
      vertex   -8.402501e+01 -2.182009e+00 1.056047e+02
      vertex   -9.634334e+01 -2.029768e+00 1.087882e+02
      vertex   -9.648992e+01 -2.182009e+00 1.080370e+02
    endloop
  endfacet
  facet normal 1.064023e-01 -8.314696e-01 5.452860e-01
    outer loop
      vertex   -8.402501e+01 -2.182009e+00 1.056047e+02
      vertex   -9.648992e+01 -2.182009e+00 1.080370e+02
      vertex   -8.414928e+01 -2.615554e+00 1.049679e+02
    endloop
  endfacet
  facet normal 1.064023e-01 -8.314696e-01 5.452860e-01
    outer loop
      vertex   -8.414928e+01 -2.615554e+00 1.049679e+02
      vertex   -9.648992e+01 -2.182009e+00 1.080370e+02
      vertex   -9.661418e+01 -2.615554e+00 1.074001e+02
    endloop
  endfacet
  facet normal 1.592422e-01 -5.555702e-01 8.160782e-01
    outer loop
      vertex   -8.414928e+01 -2.615554e+00 1.049679e+02
      vertex   -9.661418e+01 -2.615554e+00 1.074001e+02
      vertex   -8.423231e+01 -3.264401e+00 1.045423e+02
    endloop
  endfacet
  facet normal 1.592422e-01 -5.555702e-01 8.160782e-01
    outer loop
      vertex   -8.423231e+01 -3.264401e+00 1.045423e+02
      vertex   -9.661418e+01 -2.615554e+00 1.074001e+02
      vertex   -9.669722e+01 -3.264401e+00 1.069746e+02
    endloop
  endfacet
  facet normal 1.878390e-01 -1.950903e-01 9.626299e-01
    outer loop
      vertex   -8.423231e+01 -3.264401e+00 1.045423e+02
      vertex   -9.669722e+01 -3.264401e+00 1.069746e+02
      vertex   -8.426146e+01 -4.029768e+00 1.043929e+02
    endloop
  endfacet
  facet normal 1.878390e-01 -1.950903e-01 9.626299e-01
    outer loop
      vertex   -8.426146e+01 -4.029768e+00 1.043929e+02
      vertex   -9.669722e+01 -3.264401e+00 1.069746e+02
      vertex   -9.672637e+01 -4.029768e+00 1.068252e+02
    endloop
  endfacet
  facet normal 1.915190e-01 0.000000e+00 9.814889e-01
    outer loop
      vertex   -9.672637e+01 -4.029768e+00 1.068252e+02
      vertex   -9.672637e+01 -9.554768e+00 1.068252e+02
      vertex   -8.426146e+01 -4.029768e+00 1.043929e+02
    endloop
  endfacet
  facet normal 1.915190e-01 0.000000e+00 9.814889e-01
    outer loop
      vertex   -8.426146e+01 -4.029768e+00 1.043929e+02
      vertex   -9.672637e+01 -9.554768e+00 1.068252e+02
      vertex   -8.426146e+01 -9.554768e+00 1.043929e+02
    endloop
  endfacet
  facet normal -1.197206e-16 1.000000e+00 -6.135394e-16
    outer loop
      vertex   -9.634334e+01 -1.155477e+01 1.087882e+02
      vertex   -8.981254e+01 -1.155477e+01 1.422570e+02
      vertex   -8.387843e+01 -1.155477e+01 1.063559e+02
    endloop
  endfacet
  facet normal -2.669788e-16 1.000000e+00 -6.378798e-16
    outer loop
      vertex   -8.387843e+01 -1.155477e+01 1.063559e+02
      vertex   -8.981254e+01 -1.155477e+01 1.422570e+02
      vertex   -7.734763e+01 -1.155477e+01 1.398247e+02
    endloop
  endfacet
  facet normal 1.878390e-01 1.950903e-01 9.626299e-01
    outer loop
      vertex   -8.426146e+01 -9.554768e+00 1.043929e+02
      vertex   -9.672637e+01 -9.554768e+00 1.068252e+02
      vertex   -8.423231e+01 -1.032013e+01 1.045423e+02
    endloop
  endfacet
  facet normal 1.878390e-01 1.950903e-01 9.626299e-01
    outer loop
      vertex   -8.423231e+01 -1.032013e+01 1.045423e+02
      vertex   -9.672637e+01 -9.554768e+00 1.068252e+02
      vertex   -9.669722e+01 -1.032013e+01 1.069746e+02
    endloop
  endfacet
  facet normal 1.592422e-01 5.555702e-01 8.160782e-01
    outer loop
      vertex   -8.423231e+01 -1.032013e+01 1.045423e+02
      vertex   -9.669722e+01 -1.032013e+01 1.069746e+02
      vertex   -8.414928e+01 -1.096898e+01 1.049679e+02
    endloop
  endfacet
  facet normal 1.592422e-01 5.555702e-01 8.160782e-01
    outer loop
      vertex   -8.414928e+01 -1.096898e+01 1.049679e+02
      vertex   -9.669722e+01 -1.032013e+01 1.069746e+02
      vertex   -9.661418e+01 -1.096898e+01 1.074001e+02
    endloop
  endfacet
  facet normal 1.064023e-01 8.314696e-01 5.452860e-01
    outer loop
      vertex   -8.414928e+01 -1.096898e+01 1.049679e+02
      vertex   -9.661418e+01 -1.096898e+01 1.074001e+02
      vertex   -8.402501e+01 -1.140253e+01 1.056047e+02
    endloop
  endfacet
  facet normal 1.064023e-01 8.314696e-01 5.452860e-01
    outer loop
      vertex   -8.402501e+01 -1.140253e+01 1.056047e+02
      vertex   -9.661418e+01 -1.096898e+01 1.074001e+02
      vertex   -9.648992e+01 -1.140253e+01 1.080370e+02
    endloop
  endfacet
  facet normal 3.736351e-02 9.807853e-01 1.914790e-01
    outer loop
      vertex   -8.402501e+01 -1.140253e+01 1.056047e+02
      vertex   -9.648992e+01 -1.140253e+01 1.080370e+02
      vertex   -8.387843e+01 -1.155477e+01 1.063559e+02
    endloop
  endfacet
  facet normal 3.736351e-02 9.807853e-01 1.914790e-01
    outer loop
      vertex   -8.387843e+01 -1.155477e+01 1.063559e+02
      vertex   -9.648992e+01 -1.140253e+01 1.080370e+02
      vertex   -9.634334e+01 -1.155477e+01 1.087882e+02
    endloop
  endfacet
  facet normal -3.736351e-02 9.807853e-01 -1.914790e-01
    outer loop
      vertex   -7.734763e+01 -1.155477e+01 1.398247e+02
      vertex   -8.981254e+01 -1.155477e+01 1.422570e+02
      vertex   -7.720105e+01 -1.140253e+01 1.405759e+02
    endloop
  endfacet
  facet normal -3.736351e-02 9.807853e-01 -1.914790e-01
    outer loop
      vertex   -7.720105e+01 -1.140253e+01 1.405759e+02
      vertex   -8.981254e+01 -1.155477e+01 1.422570e+02
      vertex   -8.966595e+01 -1.140253e+01 1.430082e+02
    endloop
  endfacet
  facet normal -1.064023e-01 8.314696e-01 -5.452860e-01
    outer loop
      vertex   -7.720105e+01 -1.140253e+01 1.405759e+02
      vertex   -8.966595e+01 -1.140253e+01 1.430082e+02
      vertex   -7.707678e+01 -1.096898e+01 1.412127e+02
    endloop
  endfacet
  facet normal -1.064023e-01 8.314696e-01 -5.452860e-01
    outer loop
      vertex   -7.707678e+01 -1.096898e+01 1.412127e+02
      vertex   -8.966595e+01 -1.140253e+01 1.430082e+02
      vertex   -8.954169e+01 -1.096898e+01 1.436450e+02
    endloop
  endfacet
  facet normal -1.592422e-01 5.555702e-01 -8.160782e-01
    outer loop
      vertex   -7.707678e+01 -1.096898e+01 1.412127e+02
      vertex   -8.954169e+01 -1.096898e+01 1.436450e+02
      vertex   -7.699375e+01 -1.032013e+01 1.416382e+02
    endloop
  endfacet
  facet normal -1.592422e-01 5.555702e-01 -8.160782e-01
    outer loop
      vertex   -7.699375e+01 -1.032013e+01 1.416382e+02
      vertex   -8.954169e+01 -1.096898e+01 1.436450e+02
      vertex   -8.945866e+01 -1.032013e+01 1.440705e+02
    endloop
  endfacet
  facet normal -1.878390e-01 1.950903e-01 -9.626299e-01
    outer loop
      vertex   -7.699375e+01 -1.032013e+01 1.416382e+02
      vertex   -8.945866e+01 -1.032013e+01 1.440705e+02
      vertex   -7.696459e+01 -9.554768e+00 1.417876e+02
    endloop
  endfacet
  facet normal -1.878390e-01 1.950903e-01 -9.626299e-01
    outer loop
      vertex   -7.696459e+01 -9.554768e+00 1.417876e+02
      vertex   -8.945866e+01 -1.032013e+01 1.440705e+02
      vertex   -8.942950e+01 -9.554768e+00 1.442199e+02
    endloop
  endfacet
  facet normal -1.915190e-01 0.000000e+00 -9.814889e-01
    outer loop
      vertex   -8.942950e+01 -9.554768e+00 1.442199e+02
      vertex   -8.942950e+01 -4.029768e+00 1.442199e+02
      vertex   -7.696459e+01 -9.554768e+00 1.417876e+02
    endloop
  endfacet
  facet normal -1.915190e-01 -4.926061e-16 -9.814889e-01
    outer loop
      vertex   -7.696459e+01 -9.554768e+00 1.417876e+02
      vertex   -8.942950e+01 -4.029768e+00 1.442199e+02
      vertex   -7.696459e+01 -4.029768e+00 1.417876e+02
    endloop
  endfacet
  facet normal -1.878390e-01 -1.950903e-01 -9.626299e-01
    outer loop
      vertex   -7.696459e+01 -4.029768e+00 1.417876e+02
      vertex   -8.942950e+01 -4.029768e+00 1.442199e+02
      vertex   -7.699375e+01 -3.264401e+00 1.416382e+02
    endloop
  endfacet
  facet normal -1.878390e-01 -1.950903e-01 -9.626299e-01
    outer loop
      vertex   -7.699375e+01 -3.264401e+00 1.416382e+02
      vertex   -8.942950e+01 -4.029768e+00 1.442199e+02
      vertex   -8.945866e+01 -3.264401e+00 1.440705e+02
    endloop
  endfacet
  facet normal -1.592422e-01 -5.555702e-01 -8.160782e-01
    outer loop
      vertex   -7.699375e+01 -3.264401e+00 1.416382e+02
      vertex   -8.945866e+01 -3.264401e+00 1.440705e+02
      vertex   -7.707678e+01 -2.615554e+00 1.412127e+02
    endloop
  endfacet
  facet normal -1.592422e-01 -5.555702e-01 -8.160782e-01
    outer loop
      vertex   -7.707678e+01 -2.615554e+00 1.412127e+02
      vertex   -8.945866e+01 -3.264401e+00 1.440705e+02
      vertex   -8.954169e+01 -2.615554e+00 1.436450e+02
    endloop
  endfacet
  facet normal -1.064023e-01 -8.314696e-01 -5.452860e-01
    outer loop
      vertex   -7.707678e+01 -2.615554e+00 1.412127e+02
      vertex   -8.954169e+01 -2.615554e+00 1.436450e+02
      vertex   -7.720105e+01 -2.182009e+00 1.405759e+02
    endloop
  endfacet
  facet normal -1.064023e-01 -8.314696e-01 -5.452860e-01
    outer loop
      vertex   -7.720105e+01 -2.182009e+00 1.405759e+02
      vertex   -8.954169e+01 -2.615554e+00 1.436450e+02
      vertex   -8.966595e+01 -2.182009e+00 1.430082e+02
    endloop
  endfacet
  facet normal -3.736351e-02 -9.807853e-01 -1.914790e-01
    outer loop
      vertex   -7.720105e+01 -2.182009e+00 1.405759e+02
      vertex   -8.966595e+01 -2.182009e+00 1.430082e+02
      vertex   -7.734763e+01 -2.029768e+00 1.398247e+02
    endloop
  endfacet
  facet normal -3.736351e-02 -9.807853e-01 -1.914790e-01
    outer loop
      vertex   -7.734763e+01 -2.029768e+00 1.398247e+02
      vertex   -8.966595e+01 -2.182009e+00 1.430082e+02
      vertex   -8.981254e+01 -2.029768e+00 1.422570e+02
    endloop
  endfacet
  facet normal -9.999934e-01 2.863629e-15 -3.639958e-03
    outer loop
      vertex   -1.009490e+02 -3.817268e+00 8.518517e+01
      vertex   -1.009490e+02 1.145232e+00 8.518517e+01
      vertex   -1.009462e+02 -3.817268e+00 8.440482e+01
    endloop
  endfacet
  facet normal -9.999934e-01 -1.042356e-17 -3.639958e-03
    outer loop
      vertex   -1.009462e+02 -3.817268e+00 8.440482e+01
      vertex   -1.009490e+02 1.145232e+00 8.518517e+01
      vertex   -1.009462e+02 1.145232e+00 8.440482e+01
    endloop
  endfacet
  facet normal -9.224805e-01 -1.105494e-15 -3.860438e-01
    outer loop
      vertex   -1.009462e+02 -3.817268e+00 8.440482e+01
      vertex   -1.009462e+02 1.145232e+00 8.440482e+01
      vertex   -1.006449e+02 -3.817268e+00 8.368495e+01
    endloop
  endfacet
  facet normal -9.224805e-01 0.000000e+00 -3.860438e-01
    outer loop
      vertex   -1.006449e+02 -3.817268e+00 8.368495e+01
      vertex   -1.009462e+02 1.145232e+00 8.440482e+01
      vertex   -1.006449e+02 1.145232e+00 8.368495e+01
    endloop
  endfacet
  facet normal -7.045283e-01 0.000000e+00 -7.096759e-01
    outer loop
      vertex   -1.006449e+02 -3.817268e+00 8.368495e+01
      vertex   -1.006449e+02 1.145232e+00 8.368495e+01
      vertex   -1.000911e+02 -3.817268e+00 8.313516e+01
    endloop
  endfacet
  facet normal -7.045283e-01 0.000000e+00 -7.096759e-01
    outer loop
      vertex   -1.000911e+02 -3.817268e+00 8.313516e+01
      vertex   -1.006449e+02 1.145232e+00 8.368495e+01
      vertex   -1.000911e+02 1.145232e+00 8.313516e+01
    endloop
  endfacet
  facet normal -3.793180e-01 0.000000e+00 -9.252664e-01
    outer loop
      vertex   -1.000911e+02 -3.817268e+00 8.313516e+01
      vertex   -1.000911e+02 1.145232e+00 8.313516e+01
      vertex   -9.936908e+01 -3.817268e+00 8.283916e+01
    endloop
  endfacet
  facet normal -3.793180e-01 0.000000e+00 -9.252664e-01
    outer loop
      vertex   -9.936908e+01 -3.817268e+00 8.283916e+01
      vertex   -1.000911e+02 1.145232e+00 8.313516e+01
      vertex   -9.936908e+01 1.145232e+00 8.283916e+01
    endloop
  endfacet
  facet normal -1.915190e-01 -0.000000e+00 -9.814889e-01
    outer loop
      vertex   -9.936908e+01 1.145232e+00 8.283916e+01
      vertex   -9.581406e+01 1.145232e+00 8.214547e+01
      vertex   -9.936908e+01 -3.817268e+00 8.283916e+01
    endloop
  endfacet
  facet normal -1.915190e-01 0.000000e+00 -9.814889e-01
    outer loop
      vertex   -9.936908e+01 -3.817268e+00 8.283916e+01
      vertex   -9.581406e+01 1.145232e+00 8.214547e+01
      vertex   -9.581406e+01 -3.817268e+00 8.214547e+01
    endloop
  endfacet
  facet normal -3.215963e-16 1.000000e+00 -7.844663e-16
    outer loop
      vertex   -1.000911e+02 1.145232e+00 8.313516e+01
      vertex   -1.009490e+02 1.145232e+00 8.518517e+01
      vertex   -9.936908e+01 1.145232e+00 8.283916e+01
    endloop
  endfacet
  facet normal -5.830421e-17 1.000000e+00 -6.071505e-16
    outer loop
      vertex   -9.936908e+01 1.145232e+00 8.283916e+01
      vertex   -1.009490e+02 1.145232e+00 8.518517e+01
      vertex   -8.890043e+01 1.145232e+00 1.469313e+02
    endloop
  endfacet
  facet normal -3.841320e-16 1.000000e+00 -5.539306e-16
    outer loop
      vertex   -9.936908e+01 1.145232e+00 8.283916e+01
      vertex   -8.890043e+01 1.145232e+00 1.469313e+02
      vertex   -8.655441e+01 1.145232e+00 1.485112e+02
    endloop
  endfacet
  facet normal -2.819742e-16 1.000000e+00 -7.056224e-16
    outer loop
      vertex   -8.655441e+01 1.145232e+00 1.485112e+02
      vertex   -8.890043e+01 1.145232e+00 1.469313e+02
      vertex   -8.733477e+01 1.145232e+00 1.485084e+02
    endloop
  endfacet
  facet normal -3.497825e-16 1.000000e+00 -6.383060e-16
    outer loop
      vertex   -8.733477e+01 1.145232e+00 1.485084e+02
      vertex   -8.890043e+01 1.145232e+00 1.469313e+02
      vertex   -8.805464e+01 1.145232e+00 1.482071e+02
    endloop
  endfacet
  facet normal 2.070725e-16 1.000000e+00 -1.007460e-15
    outer loop
      vertex   -8.805464e+01 1.145232e+00 1.482071e+02
      vertex   -8.890043e+01 1.145232e+00 1.469313e+02
      vertex   -8.860442e+01 1.145232e+00 1.476533e+02
    endloop
  endfacet
  facet normal -1.103701e-15 1.000000e+00 -1.111765e-15
    outer loop
      vertex   -1.000911e+02 1.145232e+00 8.313516e+01
      vertex   -1.006449e+02 1.145232e+00 8.368495e+01
      vertex   -1.009490e+02 1.145232e+00 8.518517e+01
    endloop
  endfacet
  facet normal -2.685974e-15 1.000000e+00 -1.432490e-15
    outer loop
      vertex   -1.009490e+02 1.145232e+00 8.518517e+01
      vertex   -1.006449e+02 1.145232e+00 8.368495e+01
      vertex   -1.009462e+02 1.145232e+00 8.440482e+01
    endloop
  endfacet
  facet normal -1.674408e-16 1.000000e+00 -5.915681e-16
    outer loop
      vertex   -7.801546e+01 1.145232e+00 1.468450e+02
      vertex   -9.513837e+01 1.145232e+00 8.225198e+01
      vertex   -8.655441e+01 1.145232e+00 1.485112e+02
    endloop
  endfacet
  facet normal 9.869176e-17 1.000000e+00 -6.260459e-16
    outer loop
      vertex   -8.655441e+01 1.145232e+00 1.485112e+02
      vertex   -9.513837e+01 1.145232e+00 8.225198e+01
      vertex   -9.581406e+01 1.145232e+00 8.214547e+01
    endloop
  endfacet
  facet normal -2.987201e-16 1.000000e+00 -5.705972e-16
    outer loop
      vertex   -8.655441e+01 1.145232e+00 1.485112e+02
      vertex   -9.581406e+01 1.145232e+00 8.214547e+01
      vertex   -9.936908e+01 1.145232e+00 8.283916e+01
    endloop
  endfacet
  facet normal -5.320056e-16 1.000000e+00 -5.475777e-16
    outer loop
      vertex   -7.729342e+01 1.145232e+00 1.465490e+02
      vertex   -7.643552e+01 1.145232e+00 1.444990e+02
      vertex   -7.801546e+01 1.145232e+00 1.468450e+02
    endloop
  endfacet
  facet normal -5.097280e-16 1.000000e+00 -5.325748e-16
    outer loop
      vertex   -7.801546e+01 1.145232e+00 1.468450e+02
      vertex   -7.643552e+01 1.145232e+00 1.444990e+02
      vertex   -8.760957e+01 1.145232e+00 8.723466e+01
    endloop
  endfacet
  facet normal 2.246035e-16 1.000000e+00 -6.507633e-16
    outer loop
      vertex   -7.801546e+01 1.145232e+00 1.468450e+02
      vertex   -8.760957e+01 1.145232e+00 8.723466e+01
      vertex   -8.860420e+01 1.145232e+00 8.586776e+01
    endloop
  endfacet
  facet normal -1.327251e-15 1.000000e+00 4.784410e-16
    outer loop
      vertex   -8.860420e+01 1.145232e+00 8.586776e+01
      vertex   -8.760957e+01 1.145232e+00 8.723466e+01
      vertex   -8.814299e+01 1.145232e+00 8.621900e+01
    endloop
  endfacet
  facet normal -1.259835e-15 1.000000e+00 4.430348e-16
    outer loop
      vertex   -8.814299e+01 1.145232e+00 8.621900e+01
      vertex   -8.760957e+01 1.145232e+00 8.723466e+01
      vertex   -8.780189e+01 1.145232e+00 8.668776e+01
    endloop
  endfacet
  facet normal 1.340516e-16 1.000000e+00 -2.688431e-16
    outer loop
      vertex   -7.729342e+01 1.145232e+00 1.465490e+02
      vertex   -7.673961e+01 1.145232e+00 1.459992e+02
      vertex   -7.643552e+01 1.145232e+00 1.444990e+02
    endloop
  endfacet
  facet normal 5.763402e-17 1.000000e+00 -2.843329e-16
    outer loop
      vertex   -7.643552e+01 1.145232e+00 1.444990e+02
      vertex   -7.673961e+01 1.145232e+00 1.459992e+02
      vertex   -7.643836e+01 1.145232e+00 1.452794e+02
    endloop
  endfacet
  facet normal -2.645940e-16 1.000000e+00 -5.658138e-16
    outer loop
      vertex   -8.860420e+01 1.145232e+00 8.586776e+01
      vertex   -9.513837e+01 1.145232e+00 8.225198e+01
      vertex   -7.801546e+01 1.145232e+00 1.468450e+02
    endloop
  endfacet
  facet normal 0.000000e+00 1.000000e+00 -0.000000e+00
    outer loop
      vertex   -9.535320e+01 1.145232e+00 8.216391e+01
      vertex   -9.558256e+01 1.145232e+00 8.212775e+01
      vertex   -9.513837e+01 1.145232e+00 8.225198e+01
    endloop
  endfacet
  facet normal 0.000000e+00 1.000000e+00 0.000000e+00
    outer loop
      vertex   -9.513837e+01 1.145232e+00 8.225198e+01
      vertex   -9.558256e+01 1.145232e+00 8.212775e+01
      vertex   -9.581406e+01 1.145232e+00 8.214547e+01
    endloop
  endfacet
  facet normal 6.058758e-01 0.000000e+00 -7.955593e-01
    outer loop
      vertex   -8.860420e+01 -3.817268e+00 8.586776e+01
      vertex   -8.860420e+01 1.145232e+00 8.586776e+01
      vertex   -8.814299e+01 -3.817268e+00 8.621900e+01
    endloop
  endfacet
  facet normal 6.058758e-01 -2.278202e-15 -7.955593e-01
    outer loop
      vertex   -8.814299e+01 -3.817268e+00 8.621900e+01
      vertex   -8.860420e+01 1.145232e+00 8.586776e+01
      vertex   -8.814299e+01 1.145232e+00 8.621900e+01
    endloop
  endfacet
  facet normal 8.085916e-01 -1.684886e-15 -5.883703e-01
    outer loop
      vertex   -8.814299e+01 -3.817268e+00 8.621900e+01
      vertex   -8.814299e+01 1.145232e+00 8.621900e+01
      vertex   -8.780189e+01 1.145232e+00 8.668776e+01
    endloop
  endfacet
  facet normal 9.433688e-01 0.000000e+00 -3.317459e-01
    outer loop
      vertex   -8.760957e+01 1.145232e+00 8.723466e+01
      vertex   -8.760957e+01 -3.817268e+00 8.723466e+01
      vertex   -8.780189e+01 1.145232e+00 8.668776e+01
    endloop
  endfacet
  facet normal 9.433688e-01 -9.500036e-16 -3.317459e-01
    outer loop
      vertex   -8.780189e+01 1.145232e+00 8.668776e+01
      vertex   -8.760957e+01 -3.817268e+00 8.723466e+01
      vertex   -8.780189e+01 -3.817268e+00 8.668776e+01
    endloop
  endfacet
  facet normal 8.085916e-01 -1.684886e-15 -5.883703e-01
    outer loop
      vertex   -8.780189e+01 1.145232e+00 8.668776e+01
      vertex   -8.780189e+01 -3.817268e+00 8.668776e+01
      vertex   -8.814299e+01 -3.817268e+00 8.621900e+01
    endloop
  endfacet
  facet normal 4.841768e-01 0.000000e+00 -8.749702e-01
    outer loop
      vertex   -8.860420e+01 -3.817268e+00 8.586776e+01
      vertex   -9.513837e+01 -3.817268e+00 8.225198e+01
      vertex   -8.860420e+01 1.145232e+00 8.586776e+01
    endloop
  endfacet
  facet normal 4.841768e-01 0.000000e+00 -8.749702e-01
    outer loop
      vertex   -8.860420e+01 1.145232e+00 8.586776e+01
      vertex   -9.513837e+01 -3.817268e+00 8.225198e+01
      vertex   -9.513837e+01 1.145232e+00 8.225198e+01
    endloop
  endfacet
  facet normal -3.333755e-16 1.000000e+00 -1.708469e-15
    outer loop
      vertex   -9.491855e+01 -3.817268e+00 7.328599e+01
      vertex   -9.064623e+01 -3.817268e+00 7.167252e+01
      vertex   -9.491571e+01 -3.817268e+00 7.250563e+01
    endloop
  endfacet
  facet normal 1.203837e-16 1.000000e+00 6.169373e-16
    outer loop
      vertex   -9.491571e+01 -3.817268e+00 7.250563e+01
      vertex   -9.064623e+01 -3.817268e+00 7.167252e+01
      vertex   -9.107311e+01 -3.817268e+00 7.031616e+01
    endloop
  endfacet
  facet normal -6.372279e-16 1.000000e+00 -7.126993e-16
    outer loop
      vertex   -9.491571e+01 -3.817268e+00 7.250563e+01
      vertex   -9.107311e+01 -3.817268e+00 7.031616e+01
      vertex   -9.179110e+01 -3.817268e+00 6.908880e+01
    endloop
  endfacet
  facet normal 7.165031e-17 1.000000e+00 -6.359949e-16
    outer loop
      vertex   -9.064623e+01 -3.817268e+00 7.167252e+01
      vertex   -9.491855e+01 -3.817268e+00 7.328599e+01
      vertex   -8.860420e+01 -3.817268e+00 8.586776e+01
    endloop
  endfacet
  facet normal 1.832729e-17 1.000000e+00 -6.092339e-16
    outer loop
      vertex   -8.860420e+01 -3.817268e+00 8.586776e+01
      vertex   -9.491855e+01 -3.817268e+00 7.328599e+01
      vertex   -9.521980e+01 -3.817268e+00 7.400586e+01
    endloop
  endfacet
  facet normal -2.086800e-16 1.000000e+00 -4.826277e-16
    outer loop
      vertex   -8.860420e+01 -3.817268e+00 8.586776e+01
      vertex   -9.521980e+01 -3.817268e+00 7.400586e+01
      vertex   -9.513837e+01 -3.817268e+00 8.225198e+01
    endloop
  endfacet
  facet normal -1.270606e-15 1.000000e+00 -4.721411e-16
    outer loop
      vertex   -9.513837e+01 -3.817268e+00 8.225198e+01
      vertex   -9.521980e+01 -3.817268e+00 7.400586e+01
      vertex   -9.577360e+01 -3.817268e+00 7.455564e+01
    endloop
  endfacet
  facet normal -2.288077e-16 1.000000e+00 -5.581283e-16
    outer loop
      vertex   -9.513837e+01 -3.817268e+00 8.225198e+01
      vertex   -9.577360e+01 -3.817268e+00 7.455564e+01
      vertex   -9.649565e+01 -3.817268e+00 7.485165e+01
    endloop
  endfacet
  facet normal 2.216983e-18 1.000000e+00 -6.090642e-16
    outer loop
      vertex   -9.727600e+01 -3.817268e+00 7.484881e+01
      vertex   -9.581406e+01 -3.817268e+00 8.214547e+01
      vertex   -9.649565e+01 -3.817268e+00 7.485165e+01
    endloop
  endfacet
  facet normal -4.624877e-17 1.000000e+00 -6.045353e-16
    outer loop
      vertex   -9.649565e+01 -3.817268e+00 7.485165e+01
      vertex   -9.581406e+01 -3.817268e+00 8.214547e+01
      vertex   -9.558256e+01 -3.817268e+00 8.212775e+01
    endloop
  endfacet
  facet normal 9.815754e-17 1.000000e+00 -6.226571e-16
    outer loop
      vertex   -9.649565e+01 -3.817268e+00 7.485165e+01
      vertex   -9.558256e+01 -3.817268e+00 8.212775e+01
      vertex   -9.535320e+01 -3.817268e+00 8.216391e+01
    endloop
  endfacet
  facet normal -3.953546e-16 1.000000e+00 -5.294079e-16
    outer loop
      vertex   -9.727600e+01 -3.817268e+00 7.484881e+01
      vertex   -9.799587e+01 -3.817268e+00 7.454755e+01
      vertex   -9.581406e+01 -3.817268e+00 8.214547e+01
    endloop
  endfacet
  facet normal -2.370912e-16 1.000000e+00 -5.748546e-16
    outer loop
      vertex   -9.581406e+01 -3.817268e+00 8.214547e+01
      vertex   -9.799587e+01 -3.817268e+00 7.454755e+01
      vertex   -9.936908e+01 -3.817268e+00 8.283916e+01
    endloop
  endfacet
  facet normal -9.221565e-16 1.000000e+00 -6.883111e-16
    outer loop
      vertex   -9.936908e+01 -3.817268e+00 8.283916e+01
      vertex   -9.799587e+01 -3.817268e+00 7.454755e+01
      vertex   -9.854566e+01 -3.817268e+00 7.399375e+01
    endloop
  endfacet
  facet normal -1.121815e-16 1.000000e+00 -6.129104e-16
    outer loop
      vertex   -9.936908e+01 -3.817268e+00 8.283916e+01
      vertex   -9.854566e+01 -3.817268e+00 7.399375e+01
      vertex   -1.031111e+02 -3.817268e+00 7.410482e+01
    endloop
  endfacet
  facet normal -1.111252e-16 1.000000e+00 -5.694898e-16
    outer loop
      vertex   -1.031111e+02 -3.817268e+00 7.410482e+01
      vertex   -9.854566e+01 -3.817268e+00 7.399375e+01
      vertex   -9.884166e+01 -3.817268e+00 7.327171e+01
    endloop
  endfacet
  facet normal -3.009591e-16 1.000000e+00 -1.542343e-15
    outer loop
      vertex   -1.031111e+02 -3.817268e+00 7.410482e+01
      vertex   -9.884166e+01 -3.817268e+00 7.327171e+01
      vertex   -1.032255e+02 -3.817268e+00 7.268747e+01
    endloop
  endfacet
  facet normal -4.969126e-16 1.000000e+00 -7.199815e-17
    outer loop
      vertex   -1.032255e+02 -3.817268e+00 7.268747e+01
      vertex   -9.884166e+01 -3.817268e+00 7.327171e+01
      vertex   -1.030216e+02 -3.817268e+00 7.128022e+01
    endloop
  endfacet
  facet normal -3.139937e-16 1.000000e+00 -4.559265e-16
    outer loop
      vertex   -1.030216e+02 -3.817268e+00 7.128022e+01
      vertex   -9.884166e+01 -3.817268e+00 7.327171e+01
      vertex   -1.025097e+02 -3.817268e+00 6.995362e+01
    endloop
  endfacet
  facet normal -2.109353e-16 1.000000e+00 -5.698531e-16
    outer loop
      vertex   -1.025097e+02 -3.817268e+00 6.995362e+01
      vertex   -9.884166e+01 -3.817268e+00 7.327171e+01
      vertex   -9.883882e+01 -3.817268e+00 7.249135e+01
    endloop
  endfacet
  facet normal -2.351182e-16 1.000000e+00 -5.348725e-16
    outer loop
      vertex   -1.025097e+02 -3.817268e+00 6.995362e+01
      vertex   -9.883882e+01 -3.817268e+00 7.249135e+01
      vertex   -1.017154e+02 -3.817268e+00 6.877420e+01
    endloop
  endfacet
  facet normal -3.897172e-16 1.000000e+00 -4.152346e-16
    outer loop
      vertex   -1.017154e+02 -3.817268e+00 6.877420e+01
      vertex   -9.883882e+01 -3.817268e+00 7.249135e+01
      vertex   -1.006786e+02 -3.817268e+00 6.780109e+01
    endloop
  endfacet
  facet normal 6.019809e-17 1.000000e+00 -5.917117e-16
    outer loop
      vertex   -1.006786e+02 -3.817268e+00 6.780109e+01
      vertex   -9.883882e+01 -3.817268e+00 7.249135e+01
      vertex   -9.853757e+01 -3.817268e+00 7.177148e+01
    endloop
  endfacet
  facet normal 3.014119e-16 1.000000e+00 -7.217832e-16
    outer loop
      vertex   -1.006786e+02 -3.817268e+00 6.780109e+01
      vertex   -9.853757e+01 -3.817268e+00 7.177148e+01
      vertex   -9.945119e+01 -3.817268e+00 6.708309e+01
    endloop
  endfacet
  facet normal -1.223445e-15 1.000000e+00 -4.246357e-16
    outer loop
      vertex   -9.945119e+01 -3.817268e+00 6.708309e+01
      vertex   -9.853757e+01 -3.817268e+00 7.177148e+01
      vertex   -9.798376e+01 -3.817268e+00 7.122170e+01
    endloop
  endfacet
  facet normal -8.321347e-16 1.000000e+00 -5.633827e-16
    outer loop
      vertex   -9.945119e+01 -3.817268e+00 6.708309e+01
      vertex   -9.798376e+01 -3.817268e+00 7.122170e+01
      vertex   -9.809483e+01 -3.817268e+00 6.665622e+01
    endloop
  endfacet
  facet normal -2.368982e-16 1.000000e+00 -5.778632e-16
    outer loop
      vertex   -9.809483e+01 -3.817268e+00 6.665622e+01
      vertex   -9.798376e+01 -3.817268e+00 7.122170e+01
      vertex   -9.726172e+01 -3.817268e+00 7.092569e+01
    endloop
  endfacet
  facet normal 2.273289e-18 1.000000e+00 -6.245330e-16
    outer loop
      vertex   -9.809483e+01 -3.817268e+00 6.665622e+01
      vertex   -9.726172e+01 -3.817268e+00 7.092569e+01
      vertex   -9.648137e+01 -3.817268e+00 7.092853e+01
    endloop
  endfacet
  facet normal -3.528929e-16 1.000000e+00 -4.904026e-16
    outer loop
      vertex   -9.809483e+01 -3.817268e+00 6.665622e+01
      vertex   -9.648137e+01 -3.817268e+00 7.092853e+01
      vertex   -9.667749e+01 -3.817268e+00 6.654186e+01
    endloop
  endfacet
  facet normal -4.127986e-16 1.000000e+00 -4.877243e-16
    outer loop
      vertex   -9.667749e+01 -3.817268e+00 6.654186e+01
      vertex   -9.648137e+01 -3.817268e+00 7.092853e+01
      vertex   -9.576150e+01 -3.817268e+00 7.122979e+01
    endloop
  endfacet
  facet normal -2.400129e-16 1.000000e+00 -5.214854e-16
    outer loop
      vertex   -9.667749e+01 -3.817268e+00 6.654186e+01
      vertex   -9.576150e+01 -3.817268e+00 7.122979e+01
      vertex   -9.527023e+01 -3.817268e+00 6.674576e+01
    endloop
  endfacet
  facet normal -2.782346e-16 1.000000e+00 -5.256729e-16
    outer loop
      vertex   -9.527023e+01 -3.817268e+00 6.674576e+01
      vertex   -9.576150e+01 -3.817268e+00 7.122979e+01
      vertex   -9.521171e+01 -3.817268e+00 7.178359e+01
    endloop
  endfacet
  facet normal -8.037733e-16 1.000000e+00 -5.195681e-16
    outer loop
      vertex   -9.527023e+01 -3.817268e+00 6.674576e+01
      vertex   -9.521171e+01 -3.817268e+00 7.178359e+01
      vertex   -9.394363e+01 -3.817268e+00 6.725769e+01
    endloop
  endfacet
  facet normal -1.499874e-16 1.000000e+00 -3.363888e-16
    outer loop
      vertex   -9.394363e+01 -3.817268e+00 6.725769e+01
      vertex   -9.521171e+01 -3.817268e+00 7.178359e+01
      vertex   -9.276421e+01 -3.817268e+00 6.805198e+01
    endloop
  endfacet
  facet normal 2.233121e-16 1.000000e+00 -9.154800e-17
    outer loop
      vertex   -9.276421e+01 -3.817268e+00 6.805198e+01
      vertex   -9.521171e+01 -3.817268e+00 7.178359e+01
      vertex   -9.491571e+01 -3.817268e+00 7.250563e+01
    endloop
  endfacet
  facet normal -1.610054e-16 1.000000e+00 -2.772063e-16
    outer loop
      vertex   -9.276421e+01 -3.817268e+00 6.805198e+01
      vertex   -9.491571e+01 -3.817268e+00 7.250563e+01
      vertex   -9.179110e+01 -3.817268e+00 6.908880e+01
    endloop
  endfacet
  facet normal 2.660191e-16 1.000000e+00 -6.488832e-16
    outer loop
      vertex   -9.535320e+01 -3.817268e+00 8.216391e+01
      vertex   -9.513837e+01 -3.817268e+00 8.225198e+01
      vertex   -9.649565e+01 -3.817268e+00 7.485165e+01
    endloop
  endfacet
  facet normal -2.708920e-15 1.000000e+00 -2.360005e-16
    outer loop
      vertex   -8.860420e+01 -3.817268e+00 8.586776e+01
      vertex   -8.814299e+01 -3.817268e+00 8.621900e+01
      vertex   -9.064623e+01 -3.817268e+00 7.167252e+01
    endloop
  endfacet
  facet normal 1.263884e-15 1.000000e+00 -9.196630e-16
    outer loop
      vertex   -9.064623e+01 -3.817268e+00 7.167252e+01
      vertex   -8.814299e+01 -3.817268e+00 8.621900e+01
      vertex   -8.780189e+01 -3.817268e+00 8.668776e+01
    endloop
  endfacet
  facet normal 4.193068e-15 1.000000e+00 -1.474538e-15
    outer loop
      vertex   -9.064623e+01 -3.817268e+00 7.167252e+01
      vertex   -8.780189e+01 -3.817268e+00 8.668776e+01
      vertex   -8.760957e+01 -3.817268e+00 8.723466e+01
    endloop
  endfacet
  facet normal 5.161282e-15 1.000000e+00 -1.688469e-15
    outer loop
      vertex   -1.009490e+02 -3.817268e+00 8.518517e+01
      vertex   -1.009462e+02 -3.817268e+00 8.440482e+01
      vertex   -1.031111e+02 -3.817268e+00 7.410482e+01
    endloop
  endfacet
  facet normal -9.601403e-16 1.000000e+00 -4.018039e-16
    outer loop
      vertex   -1.031111e+02 -3.817268e+00 7.410482e+01
      vertex   -1.009462e+02 -3.817268e+00 8.440482e+01
      vertex   -1.006449e+02 -3.817268e+00 8.368495e+01
    endloop
  endfacet
  facet normal -5.131289e-16 1.000000e+00 -5.168781e-16
    outer loop
      vertex   -1.031111e+02 -3.817268e+00 7.410482e+01
      vertex   -1.006449e+02 -3.817268e+00 8.368495e+01
      vertex   -1.000911e+02 -3.817268e+00 8.313516e+01
    endloop
  endfacet
  facet normal 2.926726e-16 1.000000e+00 -7.863624e-16
    outer loop
      vertex   -1.000911e+02 -3.817268e+00 8.313516e+01
      vertex   -9.936908e+01 -3.817268e+00 8.283916e+01
      vertex   -1.031111e+02 -3.817268e+00 7.410482e+01
    endloop
  endfacet
  facet normal -9.814889e-01 -1.904046e-15 1.915190e-01
    outer loop
      vertex   -1.031111e+02 -3.817268e+00 7.410482e+01
      vertex   -1.009490e+02 -9.767268e+00 8.518517e+01
      vertex   -1.009490e+02 -3.817268e+00 8.518517e+01
    endloop
  endfacet
  facet normal -9.814889e-01 -1.886747e-15 1.915190e-01
    outer loop
      vertex   -1.009490e+02 -3.817268e+00 8.518517e+01
      vertex   -1.009490e+02 -9.767268e+00 8.518517e+01
      vertex   -9.672637e+01 -4.029768e+00 1.068252e+02
    endloop
  endfacet
  facet normal -9.814889e-01 -1.176723e-14 1.915190e-01
    outer loop
      vertex   -1.009490e+02 -3.817268e+00 8.518517e+01
      vertex   -9.672637e+01 -4.029768e+00 1.068252e+02
      vertex   -9.669722e+01 -3.264401e+00 1.069746e+02
    endloop
  endfacet
  facet normal -9.814889e-01 0.000000e+00 1.915190e-01
    outer loop
      vertex   -1.031111e+02 -3.817268e+00 7.410482e+01
      vertex   -1.031111e+02 -9.767268e+00 7.410482e+01
      vertex   -1.009490e+02 -9.767268e+00 8.518517e+01
    endloop
  endfacet
  facet normal -9.814889e-01 0.000000e+00 1.915190e-01
    outer loop
      vertex   -1.009490e+02 -1.472977e+01 8.518517e+01
      vertex   -9.648992e+01 -1.140253e+01 1.080370e+02
      vertex   -1.009490e+02 -9.767268e+00 8.518517e+01
    endloop
  endfacet
  facet normal -9.814889e-01 2.045153e-14 1.915190e-01
    outer loop
      vertex   -1.009490e+02 -9.767268e+00 8.518517e+01
      vertex   -9.648992e+01 -1.140253e+01 1.080370e+02
      vertex   -9.661418e+01 -1.096898e+01 1.074001e+02
    endloop
  endfacet
  facet normal -9.814889e-01 -1.003240e-14 1.915190e-01
    outer loop
      vertex   -1.009490e+02 -9.767268e+00 8.518517e+01
      vertex   -9.661418e+01 -1.096898e+01 1.074001e+02
      vertex   -9.669722e+01 -1.032013e+01 1.069746e+02
    endloop
  endfacet
  facet normal -9.814889e-01 -1.017056e-13 1.915190e-01
    outer loop
      vertex   -9.648992e+01 -1.140253e+01 1.080370e+02
      vertex   -1.009490e+02 -1.472977e+01 8.518517e+01
      vertex   -9.634334e+01 -1.155477e+01 1.087882e+02
    endloop
  endfacet
  facet normal -9.814889e-01 3.699607e-15 1.915190e-01
    outer loop
      vertex   -9.634334e+01 -1.155477e+01 1.087882e+02
      vertex   -1.009490e+02 -1.472977e+01 8.518517e+01
      vertex   -8.890043e+01 -1.472977e+01 1.469313e+02
    endloop
  endfacet
  facet normal -9.814889e-01 6.300330e-15 1.915190e-01
    outer loop
      vertex   -9.634334e+01 -1.155477e+01 1.087882e+02
      vertex   -8.890043e+01 -1.472977e+01 1.469313e+02
      vertex   -8.981254e+01 -1.155477e+01 1.422570e+02
    endloop
  endfacet
  facet normal -9.814889e-01 6.052396e-15 1.915190e-01
    outer loop
      vertex   -8.981254e+01 -1.155477e+01 1.422570e+02
      vertex   -8.890043e+01 -1.472977e+01 1.469313e+02
      vertex   -8.966595e+01 -1.140253e+01 1.430082e+02
    endloop
  endfacet
  facet normal -9.814889e-01 -5.477218e-15 1.915190e-01
    outer loop
      vertex   -8.966595e+01 -1.140253e+01 1.430082e+02
      vertex   -8.890043e+01 -1.472977e+01 1.469313e+02
      vertex   -8.954169e+01 -1.096898e+01 1.436450e+02
    endloop
  endfacet
  facet normal -9.814889e-01 8.743415e-15 1.915190e-01
    outer loop
      vertex   -8.954169e+01 -1.096898e+01 1.436450e+02
      vertex   -8.890043e+01 -1.472977e+01 1.469313e+02
      vertex   -8.945866e+01 -1.032013e+01 1.440705e+02
    endloop
  endfacet
  facet normal -9.814889e-01 -1.107001e-14 1.915190e-01
    outer loop
      vertex   -8.945866e+01 -1.032013e+01 1.440705e+02
      vertex   -8.890043e+01 -1.472977e+01 1.469313e+02
      vertex   -8.942950e+01 -9.554768e+00 1.442199e+02
    endloop
  endfacet
  facet normal -9.814889e-01 0.000000e+00 1.915190e-01
    outer loop
      vertex   -8.942950e+01 -9.554768e+00 1.442199e+02
      vertex   -8.890043e+01 -1.472977e+01 1.469313e+02
      vertex   -8.890043e+01 1.145232e+00 1.469313e+02
    endloop
  endfacet
  facet normal -9.814889e-01 0.000000e+00 1.915190e-01
    outer loop
      vertex   -8.942950e+01 -9.554768e+00 1.442199e+02
      vertex   -8.890043e+01 1.145232e+00 1.469313e+02
      vertex   -8.942950e+01 -4.029768e+00 1.442199e+02
    endloop
  endfacet
  facet normal -9.814889e-01 1.107001e-14 1.915190e-01
    outer loop
      vertex   -8.942950e+01 -4.029768e+00 1.442199e+02
      vertex   -8.890043e+01 1.145232e+00 1.469313e+02
      vertex   -8.945866e+01 -3.264401e+00 1.440705e+02
    endloop
  endfacet
  facet normal -9.814889e-01 -8.750714e-15 1.915190e-01
    outer loop
      vertex   -8.945866e+01 -3.264401e+00 1.440705e+02
      vertex   -8.890043e+01 1.145232e+00 1.469313e+02
      vertex   -8.954169e+01 -2.615554e+00 1.436450e+02
    endloop
  endfacet
  facet normal -9.814889e-01 5.477218e-15 1.915190e-01
    outer loop
      vertex   -8.954169e+01 -2.615554e+00 1.436450e+02
      vertex   -8.890043e+01 1.145232e+00 1.469313e+02
      vertex   -8.966595e+01 -2.182009e+00 1.430082e+02
    endloop
  endfacet
  facet normal -9.814889e-01 -6.017207e-15 1.915190e-01
    outer loop
      vertex   -8.966595e+01 -2.182009e+00 1.430082e+02
      vertex   -8.890043e+01 1.145232e+00 1.469313e+02
      vertex   -8.981254e+01 -2.029768e+00 1.422570e+02
    endloop
  endfacet
  facet normal -9.814889e-01 -6.169074e-15 1.915190e-01
    outer loop
      vertex   -8.981254e+01 -2.029768e+00 1.422570e+02
      vertex   -8.890043e+01 1.145232e+00 1.469313e+02
      vertex   -9.634334e+01 -2.029768e+00 1.087882e+02
    endloop
  endfacet
  facet normal -9.814889e-01 -3.272729e-15 1.915190e-01
    outer loop
      vertex   -9.634334e+01 -2.029768e+00 1.087882e+02
      vertex   -8.890043e+01 1.145232e+00 1.469313e+02
      vertex   -1.009490e+02 1.145232e+00 8.518517e+01
    endloop
  endfacet
  facet normal -9.814889e-01 1.019972e-13 1.915190e-01
    outer loop
      vertex   -9.634334e+01 -2.029768e+00 1.087882e+02
      vertex   -1.009490e+02 1.145232e+00 8.518517e+01
      vertex   -9.648992e+01 -2.182009e+00 1.080370e+02
    endloop
  endfacet
  facet normal -9.814889e-01 2.828866e-15 1.915190e-01
    outer loop
      vertex   -9.648992e+01 -2.182009e+00 1.080370e+02
      vertex   -1.009490e+02 1.145232e+00 8.518517e+01
      vertex   -1.009490e+02 -3.817268e+00 8.518517e+01
    endloop
  endfacet
  facet normal -9.814889e-01 -2.880913e-14 1.915190e-01
    outer loop
      vertex   -9.648992e+01 -2.182009e+00 1.080370e+02
      vertex   -1.009490e+02 -3.817268e+00 8.518517e+01
      vertex   -9.661418e+01 -2.615554e+00 1.074001e+02
    endloop
  endfacet
  facet normal -9.814889e-01 1.329292e-14 1.915190e-01
    outer loop
      vertex   -9.661418e+01 -2.615554e+00 1.074001e+02
      vertex   -1.009490e+02 -3.817268e+00 8.518517e+01
      vertex   -9.669722e+01 -3.264401e+00 1.069746e+02
    endloop
  endfacet
  facet normal -9.814889e-01 1.214809e-14 1.915190e-01
    outer loop
      vertex   -9.669722e+01 -1.032013e+01 1.069746e+02
      vertex   -9.672637e+01 -9.554768e+00 1.068252e+02
      vertex   -1.009490e+02 -9.767268e+00 8.518517e+01
    endloop
  endfacet
  facet normal -9.814889e-01 0.000000e+00 1.915190e-01
    outer loop
      vertex   -1.009490e+02 -9.767268e+00 8.518517e+01
      vertex   -9.672637e+01 -9.554768e+00 1.068252e+02
      vertex   -9.672637e+01 -4.029768e+00 1.068252e+02
    endloop
  endfacet
  facet normal 9.814889e-01 0.000000e+00 -1.915190e-01
    outer loop
      vertex   -8.760957e+01 1.145232e+00 8.723466e+01
      vertex   -8.402501e+01 -2.182009e+00 1.056047e+02
      vertex   -8.760957e+01 -3.817268e+00 8.723466e+01
    endloop
  endfacet
  facet normal 9.814889e-01 3.122858e-14 -1.915190e-01
    outer loop
      vertex   -8.760957e+01 -3.817268e+00 8.723466e+01
      vertex   -8.402501e+01 -2.182009e+00 1.056047e+02
      vertex   -8.414928e+01 -2.615554e+00 1.049679e+02
    endloop
  endfacet
  facet normal 9.814889e-01 -1.268585e-14 -1.915190e-01
    outer loop
      vertex   -8.760957e+01 -3.817268e+00 8.723466e+01
      vertex   -8.414928e+01 -2.615554e+00 1.049679e+02
      vertex   -8.423231e+01 -3.264401e+00 1.045423e+02
    endloop
  endfacet
  facet normal 9.814889e-01 -4.057393e-14 -1.915190e-01
    outer loop
      vertex   -8.402501e+01 -2.182009e+00 1.056047e+02
      vertex   -8.760957e+01 1.145232e+00 8.723466e+01
      vertex   -8.387843e+01 -2.029768e+00 1.063559e+02
    endloop
  endfacet
  facet normal 9.814889e-01 4.296013e-15 -1.915190e-01
    outer loop
      vertex   -8.387843e+01 -2.029768e+00 1.063559e+02
      vertex   -8.760957e+01 1.145232e+00 8.723466e+01
      vertex   -7.643552e+01 1.145232e+00 1.444990e+02
    endloop
  endfacet
  facet normal 9.814889e-01 1.837596e-15 -1.915190e-01
    outer loop
      vertex   -8.387843e+01 -2.029768e+00 1.063559e+02
      vertex   -7.643552e+01 1.145232e+00 1.444990e+02
      vertex   -7.734763e+01 -2.029768e+00 1.398247e+02
    endloop
  endfacet
  facet normal 9.814889e-01 1.087320e-14 -1.915190e-01
    outer loop
      vertex   -7.734763e+01 -2.029768e+00 1.398247e+02
      vertex   -7.643552e+01 1.145232e+00 1.444990e+02
      vertex   -7.720105e+01 -2.182009e+00 1.405759e+02
    endloop
  endfacet
  facet normal 9.814889e-01 1.840003e-15 -1.915190e-01
    outer loop
      vertex   -7.720105e+01 -2.182009e+00 1.405759e+02
      vertex   -7.643552e+01 1.145232e+00 1.444990e+02
      vertex   -7.707678e+01 -2.615554e+00 1.412127e+02
    endloop
  endfacet
  facet normal 9.814889e-01 -3.532398e-15 -1.915190e-01
    outer loop
      vertex   -7.707678e+01 -2.615554e+00 1.412127e+02
      vertex   -7.643552e+01 1.145232e+00 1.444990e+02
      vertex   -7.699375e+01 -3.264401e+00 1.416382e+02
    endloop
  endfacet
  facet normal 9.814889e-01 -2.580771e-14 -1.915190e-01
    outer loop
      vertex   -7.699375e+01 -3.264401e+00 1.416382e+02
      vertex   -7.643552e+01 1.145232e+00 1.444990e+02
      vertex   -7.696459e+01 -4.029768e+00 1.417876e+02
    endloop
  endfacet
  facet normal 9.814889e-01 2.524488e-15 -1.915190e-01
    outer loop
      vertex   -7.696459e+01 -4.029768e+00 1.417876e+02
      vertex   -7.643552e+01 1.145232e+00 1.444990e+02
      vertex   -7.696459e+01 -9.554768e+00 1.417876e+02
    endloop
  endfacet
  facet normal 9.814889e-01 8.759318e-16 -1.915190e-01
    outer loop
      vertex   -7.696459e+01 -9.554768e+00 1.417876e+02
      vertex   -7.643552e+01 1.145232e+00 1.444990e+02
      vertex   -7.643552e+01 -1.472977e+01 1.444990e+02
    endloop
  endfacet
  facet normal 9.814889e-01 1.253326e-14 -1.915190e-01
    outer loop
      vertex   -7.696459e+01 -9.554768e+00 1.417876e+02
      vertex   -7.643552e+01 -1.472977e+01 1.444990e+02
      vertex   -7.699375e+01 -1.032013e+01 1.416382e+02
    endloop
  endfacet
  facet normal 9.814889e-01 5.123437e-15 -1.915190e-01
    outer loop
      vertex   -7.699375e+01 -1.032013e+01 1.416382e+02
      vertex   -7.643552e+01 -1.472977e+01 1.444990e+02
      vertex   -7.707678e+01 -1.096898e+01 1.412127e+02
    endloop
  endfacet
  facet normal 9.814889e-01 -4.193495e-15 -1.915190e-01
    outer loop
      vertex   -7.707678e+01 -1.096898e+01 1.412127e+02
      vertex   -7.643552e+01 -1.472977e+01 1.444990e+02
      vertex   -7.720105e+01 -1.140253e+01 1.405759e+02
    endloop
  endfacet
  facet normal 9.814889e-01 7.389553e-16 -1.915190e-01
    outer loop
      vertex   -7.720105e+01 -1.140253e+01 1.405759e+02
      vertex   -7.643552e+01 -1.472977e+01 1.444990e+02
      vertex   -7.734763e+01 -1.155477e+01 1.398247e+02
    endloop
  endfacet
  facet normal 9.814889e-01 2.362624e-15 -1.915190e-01
    outer loop
      vertex   -7.734763e+01 -1.155477e+01 1.398247e+02
      vertex   -7.643552e+01 -1.472977e+01 1.444990e+02
      vertex   -8.387843e+01 -1.155477e+01 1.063559e+02
    endloop
  endfacet
  facet normal 9.814889e-01 -2.915152e-15 -1.915190e-01
    outer loop
      vertex   -8.387843e+01 -1.155477e+01 1.063559e+02
      vertex   -7.643552e+01 -1.472977e+01 1.444990e+02
      vertex   -8.760957e+01 -1.472977e+01 8.723466e+01
    endloop
  endfacet
  facet normal 9.814889e-01 4.057393e-14 -1.915190e-01
    outer loop
      vertex   -8.387843e+01 -1.155477e+01 1.063559e+02
      vertex   -8.760957e+01 -1.472977e+01 8.723466e+01
      vertex   -8.402501e+01 -1.140253e+01 1.056047e+02
    endloop
  endfacet
  facet normal 9.814889e-01 0.000000e+00 -1.915190e-01
    outer loop
      vertex   -8.402501e+01 -1.140253e+01 1.056047e+02
      vertex   -8.760957e+01 -1.472977e+01 8.723466e+01
      vertex   -8.760957e+01 -9.767268e+00 8.723466e+01
    endloop
  endfacet
  facet normal 9.814889e-01 -2.379920e-14 -1.915190e-01
    outer loop
      vertex   -8.402501e+01 -1.140253e+01 1.056047e+02
      vertex   -8.760957e+01 -9.767268e+00 8.723466e+01
      vertex   -8.414928e+01 -1.096898e+01 1.049679e+02
    endloop
  endfacet
  facet normal 9.814889e-01 8.503481e-15 -1.915190e-01
    outer loop
      vertex   -8.414928e+01 -1.096898e+01 1.049679e+02
      vertex   -8.760957e+01 -9.767268e+00 8.723466e+01
      vertex   -8.423231e+01 -1.032013e+01 1.045423e+02
    endloop
  endfacet
  facet normal 9.814889e-01 -1.958479e-14 -1.915190e-01
    outer loop
      vertex   -8.423231e+01 -1.032013e+01 1.045423e+02
      vertex   -8.760957e+01 -9.767268e+00 8.723466e+01
      vertex   -8.426146e+01 -9.554768e+00 1.043929e+02
    endloop
  endfacet
  facet normal 9.814889e-01 0.000000e+00 -1.915190e-01
    outer loop
      vertex   -8.426146e+01 -9.554768e+00 1.043929e+02
      vertex   -8.760957e+01 -9.767268e+00 8.723466e+01
      vertex   -8.426146e+01 -4.029768e+00 1.043929e+02
    endloop
  endfacet
  facet normal 9.814889e-01 0.000000e+00 -1.915190e-01
    outer loop
      vertex   -8.426146e+01 -4.029768e+00 1.043929e+02
      vertex   -8.760957e+01 -9.767268e+00 8.723466e+01
      vertex   -8.760957e+01 -3.817268e+00 8.723466e+01
    endloop
  endfacet
  facet normal 9.814889e-01 1.959307e-14 -1.915190e-01
    outer loop
      vertex   -8.426146e+01 -4.029768e+00 1.043929e+02
      vertex   -8.760957e+01 -3.817268e+00 8.723466e+01
      vertex   -8.423231e+01 -3.264401e+00 1.045423e+02
    endloop
  endfacet
  facet normal 9.814889e-01 0.000000e+00 -1.915190e-01
    outer loop
      vertex   -9.064623e+01 -9.767268e+00 7.167252e+01
      vertex   -9.064623e+01 -3.817268e+00 7.167252e+01
      vertex   -8.760957e+01 -9.767268e+00 8.723466e+01
    endloop
  endfacet
  facet normal 9.814889e-01 0.000000e+00 -1.915190e-01
    outer loop
      vertex   -8.760957e+01 -9.767268e+00 8.723466e+01
      vertex   -9.064623e+01 -3.817268e+00 7.167252e+01
      vertex   -8.760957e+01 -3.817268e+00 8.723466e+01
    endloop
  endfacet
  facet normal -3.793180e-01 -0.000000e+00 -9.252664e-01
    outer loop
      vertex   -9.936908e+01 -9.767268e+00 8.283916e+01
      vertex   -9.936908e+01 -1.472977e+01 8.283916e+01
      vertex   -1.000911e+02 -9.767268e+00 8.313516e+01
    endloop
  endfacet
  facet normal -3.793180e-01 -5.299275e-15 -9.252664e-01
    outer loop
      vertex   -1.000911e+02 -9.767268e+00 8.313516e+01
      vertex   -9.936908e+01 -1.472977e+01 8.283916e+01
      vertex   -1.000911e+02 -1.472977e+01 8.313516e+01
    endloop
  endfacet
  facet normal -7.045283e-01 -4.064525e-15 -7.096759e-01
    outer loop
      vertex   -1.000911e+02 -9.767268e+00 8.313516e+01
      vertex   -1.000911e+02 -1.472977e+01 8.313516e+01
      vertex   -1.006449e+02 -9.767268e+00 8.368495e+01
    endloop
  endfacet
  facet normal -7.045283e-01 -2.032262e-15 -7.096759e-01
    outer loop
      vertex   -1.006449e+02 -9.767268e+00 8.368495e+01
      vertex   -1.000911e+02 -1.472977e+01 8.313516e+01
      vertex   -1.006449e+02 -1.472977e+01 8.368495e+01
    endloop
  endfacet
  facet normal -9.224805e-01 -1.105494e-15 -3.860438e-01
    outer loop
      vertex   -1.006449e+02 -9.767268e+00 8.368495e+01
      vertex   -1.006449e+02 -1.472977e+01 8.368495e+01
      vertex   -1.009462e+02 -9.767268e+00 8.440482e+01
    endloop
  endfacet
  facet normal -9.224805e-01 -1.105494e-15 -3.860438e-01
    outer loop
      vertex   -1.009462e+02 -9.767268e+00 8.440482e+01
      vertex   -1.006449e+02 -1.472977e+01 8.368495e+01
      vertex   -1.009462e+02 -1.472977e+01 8.440482e+01
    endloop
  endfacet
  facet normal -9.999934e-01 -1.042356e-17 -3.639958e-03
    outer loop
      vertex   -1.009462e+02 -9.767268e+00 8.440482e+01
      vertex   -1.009462e+02 -1.472977e+01 8.440482e+01
      vertex   -1.009490e+02 -9.767268e+00 8.518517e+01
    endloop
  endfacet
  facet normal -9.999934e-01 -0.000000e+00 -3.639958e-03
    outer loop
      vertex   -1.009490e+02 -9.767268e+00 8.518517e+01
      vertex   -1.009462e+02 -1.472977e+01 8.440482e+01
      vertex   -1.009490e+02 -1.472977e+01 8.518517e+01
    endloop
  endfacet
  facet normal -1.143550e-14 -1.000000e+00 -2.317966e-15
    outer loop
      vertex   -1.009462e+02 -1.472977e+01 8.440482e+01
      vertex   -1.006449e+02 -1.472977e+01 8.368495e+01
      vertex   -1.009490e+02 -1.472977e+01 8.518517e+01
    endloop
  endfacet
  facet normal 4.015615e-15 -1.000000e+00 8.139615e-16
    outer loop
      vertex   -1.009490e+02 -1.472977e+01 8.518517e+01
      vertex   -1.006449e+02 -1.472977e+01 8.368495e+01
      vertex   -1.000911e+02 -1.472977e+01 8.313516e+01
    endloop
  endfacet
  facet normal -4.287950e-16 -1.000000e+00 -1.045955e-15
    outer loop
      vertex   -1.009490e+02 -1.472977e+01 8.518517e+01
      vertex   -1.000911e+02 -1.472977e+01 8.313516e+01
      vertex   -9.936908e+01 -1.472977e+01 8.283916e+01
    endloop
  endfacet
  facet normal 1.525703e-15 -1.000000e+00 2.703146e-16
    outer loop
      vertex   -1.009490e+02 -1.472977e+01 8.518517e+01
      vertex   -9.936908e+01 -1.472977e+01 8.283916e+01
      vertex   -8.655441e+01 -1.472977e+01 1.485112e+02
    endloop
  endfacet
  facet normal 1.067741e-16 -1.000000e+00 5.471918e-16
    outer loop
      vertex   -8.655441e+01 -1.472977e+01 1.485112e+02
      vertex   -9.936908e+01 -1.472977e+01 8.283916e+01
      vertex   -9.581406e+01 -1.472977e+01 8.214547e+01
    endloop
  endfacet
  facet normal 2.597451e-15 -1.000000e+00 1.996812e-16
    outer loop
      vertex   -8.655441e+01 -1.472977e+01 1.485112e+02
      vertex   -9.581406e+01 -1.472977e+01 8.214547e+01
      vertex   -9.513837e+01 -1.472977e+01 8.225198e+01
    endloop
  endfacet
  facet normal 6.024899e-15 -1.000000e+00 -2.154215e-14
    outer loop
      vertex   -9.513837e+01 -1.472977e+01 8.225198e+01
      vertex   -9.581406e+01 -1.472977e+01 8.214547e+01
      vertex   -9.558256e+01 -1.472977e+01 8.212775e+01
    endloop
  endfacet
  facet normal 0.000000e+00 -1.000000e+00 0.000000e+00
    outer loop
      vertex   -9.513837e+01 -1.472977e+01 8.225198e+01
      vertex   -9.558256e+01 -1.472977e+01 8.212775e+01
      vertex   -9.535320e+01 -1.472977e+01 8.216391e+01
    endloop
  endfacet
  facet normal 5.078476e-16 -1.000000e+00 4.703916e-16
    outer loop
      vertex   -8.655441e+01 -1.472977e+01 1.485112e+02
      vertex   -9.513837e+01 -1.472977e+01 8.225198e+01
      vertex   -7.801546e+01 -1.472977e+01 1.468450e+02
    endloop
  endfacet
  facet normal 5.634242e-16 -1.000000e+00 4.556589e-16
    outer loop
      vertex   -7.801546e+01 -1.472977e+01 1.468450e+02
      vertex   -9.513837e+01 -1.472977e+01 8.225198e+01
      vertex   -8.860420e+01 -1.472977e+01 8.586776e+01
    endloop
  endfacet
  facet normal -9.990977e-16 -1.000000e+00 7.269918e-16
    outer loop
      vertex   -7.801546e+01 -1.472977e+01 1.468450e+02
      vertex   -8.860420e+01 -1.472977e+01 8.586776e+01
      vertex   -8.760957e+01 -1.472977e+01 8.723466e+01
    endloop
  endfacet
  facet normal 0.000000e+00 -1.000000e+00 0.000000e+00
    outer loop
      vertex   -8.760957e+01 -1.472977e+01 8.723466e+01
      vertex   -8.860420e+01 -1.472977e+01 8.586776e+01
      vertex   -8.814299e+01 -1.472977e+01 8.621900e+01
    endloop
  endfacet
  facet normal 0.000000e+00 -1.000000e+00 0.000000e+00
    outer loop
      vertex   -8.760957e+01 -1.472977e+01 8.723466e+01
      vertex   -8.814299e+01 -1.472977e+01 8.621900e+01
      vertex   -8.780189e+01 -1.472977e+01 8.668776e+01
    endloop
  endfacet
  facet normal -1.136345e-15 -1.000000e+00 7.490813e-16
    outer loop
      vertex   -8.760957e+01 -1.472977e+01 8.723466e+01
      vertex   -7.643552e+01 -1.472977e+01 1.444990e+02
      vertex   -7.801546e+01 -1.472977e+01 1.468450e+02
    endloop
  endfacet
  facet normal 8.575900e-16 -1.000000e+00 2.091910e-15
    outer loop
      vertex   -7.801546e+01 -1.472977e+01 1.468450e+02
      vertex   -7.643552e+01 -1.472977e+01 1.444990e+02
      vertex   -7.729342e+01 -1.472977e+01 1.465490e+02
    endloop
  endfacet
  facet normal 8.430417e-15 -1.000000e+00 5.261021e-15
    outer loop
      vertex   -7.729342e+01 -1.472977e+01 1.465490e+02
      vertex   -7.643552e+01 -1.472977e+01 1.444990e+02
      vertex   -7.673961e+01 -1.472977e+01 1.459992e+02
    endloop
  endfacet
  facet normal 5.026143e-15 -1.000000e+00 4.570978e-15
    outer loop
      vertex   -7.673961e+01 -1.472977e+01 1.459992e+02
      vertex   -7.643552e+01 -1.472977e+01 1.444990e+02
      vertex   -7.643836e+01 -1.472977e+01 1.452794e+02
    endloop
  endfacet
  facet normal -4.907261e-16 -1.000000e+00 7.286678e-16
    outer loop
      vertex   -1.009490e+02 -1.472977e+01 8.518517e+01
      vertex   -8.655441e+01 -1.472977e+01 1.485112e+02
      vertex   -8.890043e+01 -1.472977e+01 1.469313e+02
    endloop
  endfacet
  facet normal 0.000000e+00 -1.000000e+00 0.000000e+00
    outer loop
      vertex   -8.890043e+01 -1.472977e+01 1.469313e+02
      vertex   -8.655441e+01 -1.472977e+01 1.485112e+02
      vertex   -8.733477e+01 -1.472977e+01 1.485084e+02
    endloop
  endfacet
  facet normal 0.000000e+00 -1.000000e+00 0.000000e+00
    outer loop
      vertex   -8.890043e+01 -1.472977e+01 1.469313e+02
      vertex   -8.733477e+01 -1.472977e+01 1.485084e+02
      vertex   -8.805464e+01 -1.472977e+01 1.482071e+02
    endloop
  endfacet
  facet normal 0.000000e+00 -1.000000e+00 0.000000e+00
    outer loop
      vertex   -8.805464e+01 -1.472977e+01 1.482071e+02
      vertex   -8.860442e+01 -1.472977e+01 1.476533e+02
      vertex   -8.890043e+01 -1.472977e+01 1.469313e+02
    endloop
  endfacet
  facet normal 9.433688e-01 0.000000e+00 -3.317459e-01
    outer loop
      vertex   -8.760957e+01 -9.767268e+00 8.723466e+01
      vertex   -8.760957e+01 -1.472977e+01 8.723466e+01
      vertex   -8.780189e+01 -9.767268e+00 8.668776e+01
    endloop
  endfacet
  facet normal 9.433688e-01 0.000000e+00 -3.317459e-01
    outer loop
      vertex   -8.780189e+01 -9.767268e+00 8.668776e+01
      vertex   -8.760957e+01 -1.472977e+01 8.723466e+01
      vertex   -8.780189e+01 -1.472977e+01 8.668776e+01
    endloop
  endfacet
  facet normal 8.085916e-01 0.000000e+00 -5.883703e-01
    outer loop
      vertex   -8.780189e+01 -9.767268e+00 8.668776e+01
      vertex   -8.780189e+01 -1.472977e+01 8.668776e+01
      vertex   -8.814299e+01 -1.472977e+01 8.621900e+01
    endloop
  endfacet
  facet normal 6.058758e-01 0.000000e+00 -7.955593e-01
    outer loop
      vertex   -8.860420e+01 -1.472977e+01 8.586776e+01
      vertex   -8.860420e+01 -9.767268e+00 8.586776e+01
      vertex   -8.814299e+01 -1.472977e+01 8.621900e+01
    endloop
  endfacet
  facet normal 6.058758e-01 0.000000e+00 -7.955593e-01
    outer loop
      vertex   -8.814299e+01 -1.472977e+01 8.621900e+01
      vertex   -8.860420e+01 -9.767268e+00 8.586776e+01
      vertex   -8.814299e+01 -9.767268e+00 8.621900e+01
    endloop
  endfacet
  facet normal 8.085916e-01 0.000000e+00 -5.883703e-01
    outer loop
      vertex   -8.814299e+01 -1.472977e+01 8.621900e+01
      vertex   -8.814299e+01 -9.767268e+00 8.621900e+01
      vertex   -8.780189e+01 -9.767268e+00 8.668776e+01
    endloop
  endfacet
  facet normal -1.915190e-01 -0.000000e+00 -9.814889e-01
    outer loop
      vertex   -9.936908e+01 -9.767268e+00 8.283916e+01
      vertex   -9.581406e+01 -9.767268e+00 8.214547e+01
      vertex   -9.936908e+01 -1.472977e+01 8.283916e+01
    endloop
  endfacet
  facet normal -1.915190e-01 0.000000e+00 -9.814889e-01
    outer loop
      vertex   -9.936908e+01 -1.472977e+01 8.283916e+01
      vertex   -9.581406e+01 -9.767268e+00 8.214547e+01
      vertex   -9.581406e+01 -1.472977e+01 8.214547e+01
    endloop
  endfacet
  facet normal -4.466241e-16 -1.000000e+00 1.830960e-16
    outer loop
      vertex   -9.521171e+01 -9.767268e+00 7.178359e+01
      vertex   -9.276421e+01 -9.767268e+00 6.805198e+01
      vertex   -9.491571e+01 -9.767268e+00 7.250563e+01
    endloop
  endfacet
  facet normal -2.805603e-16 -1.000000e+00 2.633191e-16
    outer loop
      vertex   -9.491571e+01 -9.767268e+00 7.250563e+01
      vertex   -9.276421e+01 -9.767268e+00 6.805198e+01
      vertex   -9.179110e+01 -9.767268e+00 6.908880e+01
    endloop
  endfacet
  facet normal 6.184948e-16 -1.000000e+00 1.085482e-15
    outer loop
      vertex   -9.491571e+01 -9.767268e+00 7.250563e+01
      vertex   -9.179110e+01 -9.767268e+00 6.908880e+01
      vertex   -9.107311e+01 -9.767268e+00 7.031616e+01
    endloop
  endfacet
  facet normal 2.550478e-15 -1.000000e+00 6.755793e-16
    outer loop
      vertex   -9.576150e+01 -9.767268e+00 7.122979e+01
      vertex   -9.527023e+01 -9.767268e+00 6.674576e+01
      vertex   -9.521171e+01 -9.767268e+00 7.178359e+01
    endloop
  endfacet
  facet normal -2.733620e-16 -1.000000e+00 7.083822e-16
    outer loop
      vertex   -9.521171e+01 -9.767268e+00 7.178359e+01
      vertex   -9.527023e+01 -9.767268e+00 6.674576e+01
      vertex   -9.394363e+01 -9.767268e+00 6.725769e+01
    endloop
  endfacet
  facet normal 8.223141e-16 -1.000000e+00 1.015371e-15
    outer loop
      vertex   -9.521171e+01 -9.767268e+00 7.178359e+01
      vertex   -9.394363e+01 -9.767268e+00 6.725769e+01
      vertex   -9.276421e+01 -9.767268e+00 6.805198e+01
    endloop
  endfacet
  facet normal -5.650192e-17 -1.000000e+00 3.899616e-16
    outer loop
      vertex   -9.527023e+01 -9.767268e+00 6.674576e+01
      vertex   -9.576150e+01 -9.767268e+00 7.122979e+01
      vertex   -9.667749e+01 -9.767268e+00 6.654186e+01
    endloop
  endfacet
  facet normal -1.726938e-16 -1.000000e+00 4.126647e-16
    outer loop
      vertex   -9.667749e+01 -9.767268e+00 6.654186e+01
      vertex   -9.576150e+01 -9.767268e+00 7.122979e+01
      vertex   -9.648137e+01 -9.767268e+00 7.092853e+01
    endloop
  endfacet
  facet normal 3.255515e-17 -1.000000e+00 4.034884e-16
    outer loop
      vertex   -9.667749e+01 -9.767268e+00 6.654186e+01
      vertex   -9.648137e+01 -9.767268e+00 7.092853e+01
      vertex   -9.809483e+01 -9.767268e+00 6.665622e+01
    endloop
  endfacet
  facet normal -1.515526e-18 -1.000000e+00 4.163553e-16
    outer loop
      vertex   -9.809483e+01 -9.767268e+00 6.665622e+01
      vertex   -9.648137e+01 -9.767268e+00 7.092853e+01
      vertex   -9.726172e+01 -9.767268e+00 7.092569e+01
    endloop
  endfacet
  facet normal 1.579321e-16 -1.000000e+00 3.852421e-16
    outer loop
      vertex   -9.809483e+01 -9.767268e+00 6.665622e+01
      vertex   -9.726172e+01 -9.767268e+00 7.092569e+01
      vertex   -9.798376e+01 -9.767268e+00 7.122170e+01
    endloop
  endfacet
  facet normal 1.215235e-16 -1.000000e+00 3.861279e-16
    outer loop
      vertex   -9.809483e+01 -9.767268e+00 6.665622e+01
      vertex   -9.798376e+01 -9.767268e+00 7.122170e+01
      vertex   -9.945119e+01 -9.767268e+00 6.708309e+01
    endloop
  endfacet
  facet normal 3.151654e-16 -1.000000e+00 3.174682e-16
    outer loop
      vertex   -9.945119e+01 -9.767268e+00 6.708309e+01
      vertex   -9.798376e+01 -9.767268e+00 7.122170e+01
      vertex   -9.853757e+01 -9.767268e+00 7.177148e+01
    endloop
  endfacet
  facet normal 1.498153e-15 -1.000000e+00 8.694041e-17
    outer loop
      vertex   -9.945119e+01 -9.767268e+00 6.708309e+01
      vertex   -9.853757e+01 -9.767268e+00 7.177148e+01
      vertex   -1.006786e+02 -9.767268e+00 6.780109e+01
    endloop
  endfacet
  facet normal -1.642244e-15 -1.000000e+00 1.780361e-15
    outer loop
      vertex   -1.006786e+02 -9.767268e+00 6.780109e+01
      vertex   -9.853757e+01 -9.767268e+00 7.177148e+01
      vertex   -9.883882e+01 -9.767268e+00 7.249135e+01
    endloop
  endfacet
  facet normal 7.794344e-16 -1.000000e+00 8.304692e-16
    outer loop
      vertex   -1.006786e+02 -9.767268e+00 6.780109e+01
      vertex   -9.883882e+01 -9.767268e+00 7.249135e+01
      vertex   -1.017154e+02 -9.767268e+00 6.877420e+01
    endloop
  endfacet
  facet normal -5.007950e-17 -1.000000e+00 1.472396e-15
    outer loop
      vertex   -1.017154e+02 -9.767268e+00 6.877420e+01
      vertex   -9.883882e+01 -9.767268e+00 7.249135e+01
      vertex   -1.025097e+02 -9.767268e+00 6.995362e+01
    endloop
  endfacet
  facet normal 9.653894e-16 -1.000000e+00 3.514000e-18
    outer loop
      vertex   -1.025097e+02 -9.767268e+00 6.995362e+01
      vertex   -9.883882e+01 -9.767268e+00 7.249135e+01
      vertex   -9.884166e+01 -9.767268e+00 7.327171e+01
    endloop
  endfacet
  facet normal 7.179457e-16 -1.000000e+00 2.770525e-16
    outer loop
      vertex   -1.025097e+02 -9.767268e+00 6.995362e+01
      vertex   -9.884166e+01 -9.767268e+00 7.327171e+01
      vertex   -1.030216e+02 -9.767268e+00 7.128022e+01
    endloop
  endfacet
  facet normal 7.950601e-16 -1.000000e+00 1.151970e-16
    outer loop
      vertex   -1.030216e+02 -9.767268e+00 7.128022e+01
      vertex   -9.884166e+01 -9.767268e+00 7.327171e+01
      vertex   -1.032255e+02 -9.767268e+00 7.268747e+01
    endloop
  endfacet
  facet normal 6.503780e-16 -1.000000e+00 1.200825e-15
    outer loop
      vertex   -1.032255e+02 -9.767268e+00 7.268747e+01
      vertex   -9.884166e+01 -9.767268e+00 7.327171e+01
      vertex   -1.031111e+02 -9.767268e+00 7.410482e+01
    endloop
  endfacet
  facet normal 3.852421e-16 -1.000000e+00 -1.579321e-16
    outer loop
      vertex   -1.031111e+02 -9.767268e+00 7.410482e+01
      vertex   -9.884166e+01 -9.767268e+00 7.327171e+01
      vertex   -9.854566e+01 -9.767268e+00 7.399375e+01
    endloop
  endfacet
  facet normal 4.046570e-16 -1.000000e+00 6.401370e-16
    outer loop
      vertex   -1.031111e+02 -9.767268e+00 7.410482e+01
      vertex   -9.854566e+01 -9.767268e+00 7.399375e+01
      vertex   -9.936908e+01 -9.767268e+00 8.283916e+01
    endloop
  endfacet
  facet normal -5.548418e-16 -1.000000e+00 5.508172e-16
    outer loop
      vertex   -9.936908e+01 -9.767268e+00 8.283916e+01
      vertex   -9.854566e+01 -9.767268e+00 7.399375e+01
      vertex   -9.799587e+01 -9.767268e+00 7.454755e+01
    endloop
  endfacet
  facet normal 1.296003e-16 -1.000000e+00 6.641704e-16
    outer loop
      vertex   -9.936908e+01 -9.767268e+00 8.283916e+01
      vertex   -9.799587e+01 -9.767268e+00 7.454755e+01
      vertex   -9.581406e+01 -9.767268e+00 8.214547e+01
    endloop
  endfacet
  facet normal -3.336096e-16 -1.000000e+00 7.971851e-16
    outer loop
      vertex   -9.581406e+01 -9.767268e+00 8.214547e+01
      vertex   -9.799587e+01 -9.767268e+00 7.454755e+01
      vertex   -9.727600e+01 -9.767268e+00 7.484881e+01
    endloop
  endfacet
  facet normal -2.660379e-18 -1.000000e+00 7.308771e-16
    outer loop
      vertex   -9.581406e+01 -9.767268e+00 8.214547e+01
      vertex   -9.727600e+01 -9.767268e+00 7.484881e+01
      vertex   -9.649565e+01 -9.767268e+00 7.485165e+01
    endloop
  endfacet
  facet normal 2.745693e-16 -1.000000e+00 6.697539e-16
    outer loop
      vertex   -9.577360e+01 -9.767268e+00 7.455564e+01
      vertex   -9.513837e+01 -9.767268e+00 8.225198e+01
      vertex   -9.649565e+01 -9.767268e+00 7.485165e+01
    endloop
  endfacet
  facet normal -3.192229e-16 -1.000000e+00 7.786598e-16
    outer loop
      vertex   -9.649565e+01 -9.767268e+00 7.485165e+01
      vertex   -9.513837e+01 -9.767268e+00 8.225198e+01
      vertex   -9.535320e+01 -9.767268e+00 8.216391e+01
    endloop
  endfacet
  facet normal -1.177890e-16 -1.000000e+00 7.471885e-16
    outer loop
      vertex   -9.649565e+01 -9.767268e+00 7.485165e+01
      vertex   -9.535320e+01 -9.767268e+00 8.216391e+01
      vertex   -9.558256e+01 -9.767268e+00 8.212775e+01
    endloop
  endfacet
  facet normal 6.353352e-16 -1.000000e+00 6.399773e-16
    outer loop
      vertex   -9.577360e+01 -9.767268e+00 7.455564e+01
      vertex   -9.521980e+01 -9.767268e+00 7.400586e+01
      vertex   -9.513837e+01 -9.767268e+00 8.225198e+01
    endloop
  endfacet
  facet normal 1.871233e-16 -1.000000e+00 6.444034e-16
    outer loop
      vertex   -9.513837e+01 -9.767268e+00 8.225198e+01
      vertex   -9.521980e+01 -9.767268e+00 7.400586e+01
      vertex   -8.860420e+01 -9.767268e+00 8.586776e+01
    endloop
  endfacet
  facet normal 7.670182e-16 -1.000000e+00 3.209853e-16
    outer loop
      vertex   -8.860420e+01 -9.767268e+00 8.586776e+01
      vertex   -9.521980e+01 -9.767268e+00 7.400586e+01
      vertex   -9.491855e+01 -9.767268e+00 7.328599e+01
    endloop
  endfacet
  facet normal 2.241187e-16 -1.000000e+00 5.934475e-16
    outer loop
      vertex   -8.860420e+01 -9.767268e+00 8.586776e+01
      vertex   -9.491855e+01 -9.767268e+00 7.328599e+01
      vertex   -9.064623e+01 -9.767268e+00 7.167252e+01
    endloop
  endfacet
  facet normal 0.000000e+00 -1.000000e+00 0.000000e+00
    outer loop
      vertex   -9.064623e+01 -9.767268e+00 7.167252e+01
      vertex   -9.491855e+01 -9.767268e+00 7.328599e+01
      vertex   -9.491571e+01 -9.767268e+00 7.250563e+01
    endloop
  endfacet
  facet normal -0.000000e+00 -1.000000e+00 0.000000e+00
    outer loop
      vertex   -9.064623e+01 -9.767268e+00 7.167252e+01
      vertex   -9.491571e+01 -9.767268e+00 7.250563e+01
      vertex   -9.107311e+01 -9.767268e+00 7.031616e+01
    endloop
  endfacet
  facet normal 2.836764e-16 -1.000000e+00 6.919688e-16
    outer loop
      vertex   -9.936908e+01 -9.767268e+00 8.283916e+01
      vertex   -1.000911e+02 -9.767268e+00 8.313516e+01
      vertex   -1.031111e+02 -9.767268e+00 7.410482e+01
    endloop
  endfacet
  facet normal 5.864331e-16 -1.000000e+00 5.907179e-16
    outer loop
      vertex   -1.031111e+02 -9.767268e+00 7.410482e+01
      vertex   -1.000911e+02 -9.767268e+00 8.313516e+01
      vertex   -1.006449e+02 -9.767268e+00 8.368495e+01
    endloop
  endfacet
  facet normal 1.097303e-15 -1.000000e+00 4.592044e-16
    outer loop
      vertex   -1.031111e+02 -9.767268e+00 7.410482e+01
      vertex   -1.006449e+02 -9.767268e+00 8.368495e+01
      vertex   -1.009462e+02 -9.767268e+00 8.440482e+01
    endloop
  endfacet
  facet normal 3.226140e-15 -1.000000e+00 1.174309e-17
    outer loop
      vertex   -1.009462e+02 -9.767268e+00 8.440482e+01
      vertex   -1.009490e+02 -9.767268e+00 8.518517e+01
      vertex   -1.031111e+02 -9.767268e+00 7.410482e+01
    endloop
  endfacet
  facet normal 1.637509e-14 -1.000000e+00 -2.510413e-15
    outer loop
      vertex   -8.760957e+01 -9.767268e+00 8.723466e+01
      vertex   -8.780189e+01 -9.767268e+00 8.668776e+01
      vertex   -9.064623e+01 -9.767268e+00 7.167252e+01
    endloop
  endfacet
  facet normal -1.099030e-15 -1.000000e+00 7.997070e-16
    outer loop
      vertex   -9.064623e+01 -9.767268e+00 7.167252e+01
      vertex   -8.780189e+01 -9.767268e+00 8.668776e+01
      vertex   -8.814299e+01 -9.767268e+00 8.621900e+01
    endloop
  endfacet
  facet normal -5.351327e-16 -1.000000e+00 7.026684e-16
    outer loop
      vertex   -9.064623e+01 -9.767268e+00 7.167252e+01
      vertex   -8.814299e+01 -9.767268e+00 8.621900e+01
      vertex   -8.860420e+01 -9.767268e+00 8.586776e+01
    endloop
  endfacet
  facet normal 5.549853e-17 -1.000000e+00 7.254423e-16
    outer loop
      vertex   -9.558256e+01 -9.767268e+00 8.212775e+01
      vertex   -9.581406e+01 -9.767268e+00 8.214547e+01
      vertex   -9.649565e+01 -9.767268e+00 7.485165e+01
    endloop
  endfacet
  facet normal 4.841768e-01 0.000000e+00 -8.749702e-01
    outer loop
      vertex   -8.860420e+01 -1.472977e+01 8.586776e+01
      vertex   -9.513837e+01 -1.472977e+01 8.225198e+01
      vertex   -8.860420e+01 -9.767268e+00 8.586776e+01
    endloop
  endfacet
  facet normal 4.841768e-01 0.000000e+00 -8.749702e-01
    outer loop
      vertex   -8.860420e+01 -9.767268e+00 8.586776e+01
      vertex   -9.513837e+01 -1.472977e+01 8.225198e+01
      vertex   -9.513837e+01 -9.767268e+00 8.225198e+01
    endloop
  endfacet
  facet normal -7.628012e-02 0.000000e+00 -9.970864e-01
    outer loop
      vertex   -9.581406e+01 -3.817268e+00 8.214547e+01
      vertex   -9.581406e+01 1.145232e+00 8.214547e+01
      vertex   -9.558256e+01 -3.817268e+00 8.212775e+01
    endloop
  endfacet
  facet normal -7.628012e-02 -5.710610e-15 -9.970864e-01
    outer loop
      vertex   -9.558256e+01 -3.817268e+00 8.212775e+01
      vertex   -9.581406e+01 1.145232e+00 8.214547e+01
      vertex   -9.558256e+01 1.145232e+00 8.212775e+01
    endloop
  endfacet
  facet normal 1.557200e-01 -5.657431e-15 -9.878012e-01
    outer loop
      vertex   -9.558256e+01 -3.817268e+00 8.212775e+01
      vertex   -9.558256e+01 1.145232e+00 8.212775e+01
      vertex   -9.535320e+01 1.145232e+00 8.216391e+01
    endloop
  endfacet
  facet normal 3.793252e-01 0.000000e+00 -9.252634e-01
    outer loop
      vertex   -9.513837e+01 1.145232e+00 8.225198e+01
      vertex   -9.513837e+01 -3.817268e+00 8.225198e+01
      vertex   -9.535320e+01 1.145232e+00 8.216391e+01
    endloop
  endfacet
  facet normal 3.793252e-01 -2.649629e-15 -9.252634e-01
    outer loop
      vertex   -9.535320e+01 1.145232e+00 8.216391e+01
      vertex   -9.513837e+01 -3.817268e+00 8.225198e+01
      vertex   -9.535320e+01 -3.817268e+00 8.216391e+01
    endloop
  endfacet
  facet normal 1.557200e-01 -2.828715e-15 -9.878012e-01
    outer loop
      vertex   -9.535320e+01 1.145232e+00 8.216391e+01
      vertex   -9.535320e+01 -3.817268e+00 8.216391e+01
      vertex   -9.558256e+01 -3.817268e+00 8.212775e+01
    endloop
  endfacet
  facet normal 3.793252e-01 0.000000e+00 -9.252634e-01
    outer loop
      vertex   -9.513837e+01 -9.767268e+00 8.225198e+01
      vertex   -9.513837e+01 -1.472977e+01 8.225198e+01
      vertex   -9.535320e+01 -9.767268e+00 8.216391e+01
    endloop
  endfacet
  facet normal 3.793252e-01 0.000000e+00 -9.252634e-01
    outer loop
      vertex   -9.535320e+01 -9.767268e+00 8.216391e+01
      vertex   -9.513837e+01 -1.472977e+01 8.225198e+01
      vertex   -9.535320e+01 -1.472977e+01 8.216391e+01
    endloop
  endfacet
  facet normal 1.557200e-01 0.000000e+00 -9.878012e-01
    outer loop
      vertex   -9.535320e+01 -9.767268e+00 8.216391e+01
      vertex   -9.535320e+01 -1.472977e+01 8.216391e+01
      vertex   -9.558256e+01 -1.472977e+01 8.212775e+01
    endloop
  endfacet
  facet normal -7.628012e-02 0.000000e+00 -9.970864e-01
    outer loop
      vertex   -9.581406e+01 -1.472977e+01 8.214547e+01
      vertex   -9.581406e+01 -9.767268e+00 8.214547e+01
      vertex   -9.558256e+01 -1.472977e+01 8.212775e+01
    endloop
  endfacet
  facet normal -7.628012e-02 0.000000e+00 -9.970864e-01
    outer loop
      vertex   -9.558256e+01 -1.472977e+01 8.212775e+01
      vertex   -9.581406e+01 -9.767268e+00 8.214547e+01
      vertex   -9.558256e+01 -9.767268e+00 8.212775e+01
    endloop
  endfacet
  facet normal 1.557200e-01 0.000000e+00 -9.878012e-01
    outer loop
      vertex   -9.558256e+01 -1.472977e+01 8.212775e+01
      vertex   -9.558256e+01 -9.767268e+00 8.212775e+01
      vertex   -9.535320e+01 -9.767268e+00 8.216391e+01
    endloop
  endfacet
  facet normal -3.639958e-03 -3.258388e-18 9.999934e-01
    outer loop
      vertex   -8.655441e+01 -1.472977e+01 1.485112e+02
      vertex   -8.655441e+01 1.145232e+00 1.485112e+02
      vertex   -8.733477e+01 -1.472977e+01 1.485084e+02
    endloop
  endfacet
  facet normal -3.639958e-03 1.790332e-15 9.999934e-01
    outer loop
      vertex   -8.733477e+01 -1.472977e+01 1.485084e+02
      vertex   -8.655441e+01 1.145232e+00 1.485112e+02
      vertex   -8.733477e+01 1.145232e+00 1.485084e+02
    endloop
  endfacet
  facet normal -3.860438e-01 1.651557e-15 9.224805e-01
    outer loop
      vertex   -8.733477e+01 -1.472977e+01 1.485084e+02
      vertex   -8.733477e+01 1.145232e+00 1.485084e+02
      vertex   -8.805464e+01 -1.472977e+01 1.482071e+02
    endloop
  endfacet
  facet normal -3.860438e-01 1.651557e-15 9.224805e-01
    outer loop
      vertex   -8.805464e+01 -1.472977e+01 1.482071e+02
      vertex   -8.733477e+01 1.145232e+00 1.485084e+02
      vertex   -8.805464e+01 1.145232e+00 1.482071e+02
    endloop
  endfacet
  facet normal -7.096759e-01 1.261348e-15 7.045283e-01
    outer loop
      vertex   -8.805464e+01 -1.472977e+01 1.482071e+02
      vertex   -8.805464e+01 1.145232e+00 1.482071e+02
      vertex   -8.860442e+01 -1.472977e+01 1.476533e+02
    endloop
  endfacet
  facet normal -7.096759e-01 0.000000e+00 7.045283e-01
    outer loop
      vertex   -8.860442e+01 -1.472977e+01 1.476533e+02
      vertex   -8.805464e+01 1.145232e+00 1.482071e+02
      vertex   -8.860442e+01 1.145232e+00 1.476533e+02
    endloop
  endfacet
  facet normal -9.252664e-01 0.000000e+00 3.793180e-01
    outer loop
      vertex   -8.860442e+01 -1.472977e+01 1.476533e+02
      vertex   -8.860442e+01 1.145232e+00 1.476533e+02
      vertex   -8.890043e+01 -1.472977e+01 1.469313e+02
    endloop
  endfacet
  facet normal -9.252664e-01 0.000000e+00 3.793180e-01
    outer loop
      vertex   -8.890043e+01 -1.472977e+01 1.469313e+02
      vertex   -8.860442e+01 1.145232e+00 1.476533e+02
      vertex   -8.890043e+01 1.145232e+00 1.469313e+02
    endloop
  endfacet
  facet normal 3.793180e-01 0.000000e+00 9.252664e-01
    outer loop
      vertex   -7.801546e+01 1.145232e+00 1.468450e+02
      vertex   -7.801546e+01 -1.472977e+01 1.468450e+02
      vertex   -7.729342e+01 1.145232e+00 1.465490e+02
    endloop
  endfacet
  facet normal 3.793180e-01 3.395548e-16 9.252664e-01
    outer loop
      vertex   -7.729342e+01 1.145232e+00 1.465490e+02
      vertex   -7.801546e+01 -1.472977e+01 1.468450e+02
      vertex   -7.729342e+01 -1.472977e+01 1.465490e+02
    endloop
  endfacet
  facet normal 7.045283e-01 6.306739e-16 7.096759e-01
    outer loop
      vertex   -7.729342e+01 1.145232e+00 1.465490e+02
      vertex   -7.729342e+01 -1.472977e+01 1.465490e+02
      vertex   -7.673961e+01 1.145232e+00 1.459992e+02
    endloop
  endfacet
  facet normal 7.045283e-01 6.306739e-16 7.096759e-01
    outer loop
      vertex   -7.673961e+01 1.145232e+00 1.459992e+02
      vertex   -7.729342e+01 -1.472977e+01 1.465490e+02
      vertex   -7.673961e+01 -1.472977e+01 1.459992e+02
    endloop
  endfacet
  facet normal 9.224805e-01 8.257786e-16 3.860438e-01
    outer loop
      vertex   -7.673961e+01 1.145232e+00 1.459992e+02
      vertex   -7.673961e+01 -1.472977e+01 1.459992e+02
      vertex   -7.643836e+01 1.145232e+00 1.452794e+02
    endloop
  endfacet
  facet normal 9.224805e-01 1.516930e-15 3.860438e-01
    outer loop
      vertex   -7.643836e+01 1.145232e+00 1.452794e+02
      vertex   -7.673961e+01 -1.472977e+01 1.459992e+02
      vertex   -7.643836e+01 -1.472977e+01 1.452794e+02
    endloop
  endfacet
  facet normal 9.999934e-01 9.016828e-16 3.639958e-03
    outer loop
      vertex   -7.643836e+01 1.145232e+00 1.452794e+02
      vertex   -7.643836e+01 -1.472977e+01 1.452794e+02
      vertex   -7.643552e+01 1.145232e+00 1.444990e+02
    endloop
  endfacet
  facet normal 9.999934e-01 8.951660e-16 3.639958e-03
    outer loop
      vertex   -7.643552e+01 1.145232e+00 1.444990e+02
      vertex   -7.643836e+01 -1.472977e+01 1.452794e+02
      vertex   -7.643552e+01 -1.472977e+01 1.444990e+02
    endloop
  endfacet
  facet normal -9.252664e-01 9.059552e-16 3.793180e-01
    outer loop
      vertex   -9.521171e+01 -3.817268e+00 7.178359e+01
      vertex   -9.521171e+01 -9.767268e+00 7.178359e+01
      vertex   -9.491571e+01 -3.817268e+00 7.250563e+01
    endloop
  endfacet
  facet normal -9.252664e-01 0.000000e+00 3.793180e-01
    outer loop
      vertex   -9.491571e+01 -3.817268e+00 7.250563e+01
      vertex   -9.521171e+01 -9.767268e+00 7.178359e+01
      vertex   -9.491571e+01 -9.767268e+00 7.250563e+01
    endloop
  endfacet
  facet normal -9.999934e-01 -0.000000e+00 -3.639958e-03
    outer loop
      vertex   -9.491571e+01 -3.817268e+00 7.250563e+01
      vertex   -9.491571e+01 -9.767268e+00 7.250563e+01
      vertex   -9.491855e+01 -3.817268e+00 7.328599e+01
    endloop
  endfacet
  facet normal -9.999934e-01 -8.693598e-18 -3.639958e-03
    outer loop
      vertex   -9.491855e+01 -3.817268e+00 7.328599e+01
      vertex   -9.491571e+01 -9.767268e+00 7.250563e+01
      vertex   -9.491855e+01 -9.767268e+00 7.328599e+01
    endloop
  endfacet
  facet normal -9.224805e-01 -9.220188e-16 -3.860438e-01
    outer loop
      vertex   -9.491855e+01 -3.817268e+00 7.328599e+01
      vertex   -9.491855e+01 -9.767268e+00 7.328599e+01
      vertex   -9.521980e+01 -3.817268e+00 7.400586e+01
    endloop
  endfacet
  facet normal -9.224805e-01 -9.220188e-16 -3.860438e-01
    outer loop
      vertex   -9.521980e+01 -3.817268e+00 7.400586e+01
      vertex   -9.491855e+01 -9.767268e+00 7.328599e+01
      vertex   -9.521980e+01 -9.767268e+00 7.400586e+01
    endloop
  endfacet
  facet normal -7.045283e-01 -1.694975e-15 -7.096759e-01
    outer loop
      vertex   -9.521980e+01 -3.817268e+00 7.400586e+01
      vertex   -9.521980e+01 -9.767268e+00 7.400586e+01
      vertex   -9.577360e+01 -3.817268e+00 7.455564e+01
    endloop
  endfacet
  facet normal -7.045283e-01 -0.000000e+00 -7.096759e-01
    outer loop
      vertex   -9.577360e+01 -3.817268e+00 7.455564e+01
      vertex   -9.521980e+01 -9.767268e+00 7.400586e+01
      vertex   -9.577360e+01 -9.767268e+00 7.455564e+01
    endloop
  endfacet
  facet normal -3.793180e-01 -0.000000e+00 -9.252664e-01
    outer loop
      vertex   -9.577360e+01 -3.817268e+00 7.455564e+01
      vertex   -9.577360e+01 -9.767268e+00 7.455564e+01
      vertex   -9.649565e+01 -3.817268e+00 7.485165e+01
    endloop
  endfacet
  facet normal -3.793180e-01 -2.209887e-15 -9.252664e-01
    outer loop
      vertex   -9.649565e+01 -3.817268e+00 7.485165e+01
      vertex   -9.577360e+01 -9.767268e+00 7.455564e+01
      vertex   -9.649565e+01 -9.767268e+00 7.485165e+01
    endloop
  endfacet
  facet normal 3.639958e-03 -2.388363e-15 -9.999934e-01
    outer loop
      vertex   -9.649565e+01 -3.817268e+00 7.485165e+01
      vertex   -9.649565e+01 -9.767268e+00 7.485165e+01
      vertex   -9.727600e+01 -3.817268e+00 7.484881e+01
    endloop
  endfacet
  facet normal 3.639958e-03 0.000000e+00 -9.999934e-01
    outer loop
      vertex   -9.727600e+01 -3.817268e+00 7.484881e+01
      vertex   -9.649565e+01 -9.767268e+00 7.485165e+01
      vertex   -9.727600e+01 -9.767268e+00 7.484881e+01
    endloop
  endfacet
  facet normal 3.860438e-01 0.000000e+00 -9.224805e-01
    outer loop
      vertex   -9.727600e+01 -3.817268e+00 7.484881e+01
      vertex   -9.727600e+01 -9.767268e+00 7.484881e+01
      vertex   -9.799587e+01 -3.817268e+00 7.454755e+01
    endloop
  endfacet
  facet normal 3.860438e-01 -2.203233e-15 -9.224805e-01
    outer loop
      vertex   -9.799587e+01 -3.817268e+00 7.454755e+01
      vertex   -9.727600e+01 -9.767268e+00 7.484881e+01
      vertex   -9.799587e+01 -9.767268e+00 7.454755e+01
    endloop
  endfacet
  facet normal 7.096759e-01 -1.682680e-15 -7.045283e-01
    outer loop
      vertex   -9.799587e+01 -3.817268e+00 7.454755e+01
      vertex   -9.799587e+01 -9.767268e+00 7.454755e+01
      vertex   -9.854566e+01 -3.817268e+00 7.399375e+01
    endloop
  endfacet
  facet normal 7.096759e-01 0.000000e+00 -7.045283e-01
    outer loop
      vertex   -9.854566e+01 -3.817268e+00 7.399375e+01
      vertex   -9.799587e+01 -9.767268e+00 7.454755e+01
      vertex   -9.854566e+01 -9.767268e+00 7.399375e+01
    endloop
  endfacet
  facet normal 9.252664e-01 0.000000e+00 -3.793180e-01
    outer loop
      vertex   -9.854566e+01 -3.817268e+00 7.399375e+01
      vertex   -9.854566e+01 -9.767268e+00 7.399375e+01
      vertex   -9.884166e+01 -3.817268e+00 7.327171e+01
    endloop
  endfacet
  facet normal 9.252664e-01 0.000000e+00 -3.793180e-01
    outer loop
      vertex   -9.884166e+01 -3.817268e+00 7.327171e+01
      vertex   -9.854566e+01 -9.767268e+00 7.399375e+01
      vertex   -9.884166e+01 -9.767268e+00 7.327171e+01
    endloop
  endfacet
  facet normal 9.999934e-01 0.000000e+00 3.639958e-03
    outer loop
      vertex   -9.884166e+01 -3.817268e+00 7.327171e+01
      vertex   -9.884166e+01 -9.767268e+00 7.327171e+01
      vertex   -9.883882e+01 -3.817268e+00 7.249135e+01
    endloop
  endfacet
  facet normal 9.999934e-01 8.693598e-18 3.639958e-03
    outer loop
      vertex   -9.883882e+01 -3.817268e+00 7.249135e+01
      vertex   -9.884166e+01 -9.767268e+00 7.327171e+01
      vertex   -9.883882e+01 -9.767268e+00 7.249135e+01
    endloop
  endfacet
  facet normal 9.224805e-01 9.220188e-16 3.860438e-01
    outer loop
      vertex   -9.883882e+01 -3.817268e+00 7.249135e+01
      vertex   -9.883882e+01 -9.767268e+00 7.249135e+01
      vertex   -9.853757e+01 -3.817268e+00 7.177148e+01
    endloop
  endfacet
  facet normal 9.224805e-01 9.220188e-16 3.860438e-01
    outer loop
      vertex   -9.853757e+01 -3.817268e+00 7.177148e+01
      vertex   -9.883882e+01 -9.767268e+00 7.249135e+01
      vertex   -9.853757e+01 -9.767268e+00 7.177148e+01
    endloop
  endfacet
  facet normal 7.045283e-01 1.694975e-15 7.096759e-01
    outer loop
      vertex   -9.853757e+01 -3.817268e+00 7.177148e+01
      vertex   -9.853757e+01 -9.767268e+00 7.177148e+01
      vertex   -9.798376e+01 -3.817268e+00 7.122170e+01
    endloop
  endfacet
  facet normal 7.045283e-01 1.694975e-15 7.096759e-01
    outer loop
      vertex   -9.798376e+01 -3.817268e+00 7.122170e+01
      vertex   -9.853757e+01 -9.767268e+00 7.177148e+01
      vertex   -9.798376e+01 -9.767268e+00 7.122170e+01
    endloop
  endfacet
  facet normal 3.793180e-01 2.209887e-15 9.252664e-01
    outer loop
      vertex   -9.798376e+01 -3.817268e+00 7.122170e+01
      vertex   -9.798376e+01 -9.767268e+00 7.122170e+01
      vertex   -9.726172e+01 -3.817268e+00 7.092569e+01
    endloop
  endfacet
  facet normal 3.793180e-01 0.000000e+00 9.252664e-01
    outer loop
      vertex   -9.726172e+01 -3.817268e+00 7.092569e+01
      vertex   -9.798376e+01 -9.767268e+00 7.122170e+01
      vertex   -9.726172e+01 -9.767268e+00 7.092569e+01
    endloop
  endfacet
  facet normal -3.639958e-03 0.000000e+00 9.999934e-01
    outer loop
      vertex   -9.726172e+01 -3.817268e+00 7.092569e+01
      vertex   -9.726172e+01 -9.767268e+00 7.092569e+01
      vertex   -9.648137e+01 -3.817268e+00 7.092853e+01
    endloop
  endfacet
  facet normal -3.639958e-03 2.388363e-15 9.999934e-01
    outer loop
      vertex   -9.648137e+01 -3.817268e+00 7.092853e+01
      vertex   -9.726172e+01 -9.767268e+00 7.092569e+01
      vertex   -9.648137e+01 -9.767268e+00 7.092853e+01
    endloop
  endfacet
  facet normal -3.860438e-01 2.203233e-15 9.224805e-01
    outer loop
      vertex   -9.648137e+01 -3.817268e+00 7.092853e+01
      vertex   -9.648137e+01 -9.767268e+00 7.092853e+01
      vertex   -9.576150e+01 -3.817268e+00 7.122979e+01
    endloop
  endfacet
  facet normal -3.860438e-01 0.000000e+00 9.224805e-01
    outer loop
      vertex   -9.576150e+01 -3.817268e+00 7.122979e+01
      vertex   -9.648137e+01 -9.767268e+00 7.092853e+01
      vertex   -9.576150e+01 -9.767268e+00 7.122979e+01
    endloop
  endfacet
  facet normal -7.096759e-01 0.000000e+00 7.045283e-01
    outer loop
      vertex   -9.576150e+01 -3.817268e+00 7.122979e+01
      vertex   -9.576150e+01 -9.767268e+00 7.122979e+01
      vertex   -9.521171e+01 -3.817268e+00 7.178359e+01
    endloop
  endfacet
  facet normal -7.096759e-01 1.682680e-15 7.045283e-01
    outer loop
      vertex   -9.521171e+01 -3.817268e+00 7.178359e+01
      vertex   -9.576150e+01 -9.767268e+00 7.122979e+01
      vertex   -9.521171e+01 -9.767268e+00 7.178359e+01
    endloop
  endfacet
  facet normal 9.538742e-01 0.000000e+00 -3.002067e-01
    outer loop
      vertex   -9.064623e+01 -3.817268e+00 7.167252e+01
      vertex   -9.064623e+01 -9.767268e+00 7.167252e+01
      vertex   -9.107311e+01 -3.817268e+00 7.031616e+01
    endloop
  endfacet
  facet normal 9.538742e-01 -7.170073e-16 -3.002067e-01
    outer loop
      vertex   -9.107311e+01 -3.817268e+00 7.031616e+01
      vertex   -9.064623e+01 -9.767268e+00 7.167252e+01
      vertex   -9.107311e+01 -9.767268e+00 7.031616e+01
    endloop
  endfacet
  facet normal 8.631563e-01 -1.205981e-15 -5.049368e-01
    outer loop
      vertex   -9.107311e+01 -3.817268e+00 7.031616e+01
      vertex   -9.107311e+01 -9.767268e+00 7.031616e+01
      vertex   -9.179110e+01 -3.817268e+00 6.908880e+01
    endloop
  endfacet
  facet normal 8.631563e-01 0.000000e+00 -5.049368e-01
    outer loop
      vertex   -9.179110e+01 -3.817268e+00 6.908880e+01
      vertex   -9.107311e+01 -9.767268e+00 7.031616e+01
      vertex   -9.179110e+01 -9.767268e+00 6.908880e+01
    endloop
  endfacet
  facet normal 7.291561e-01 0.000000e+00 -6.843474e-01
    outer loop
      vertex   -9.179110e+01 -3.817268e+00 6.908880e+01
      vertex   -9.179110e+01 -9.767268e+00 6.908880e+01
      vertex   -9.276421e+01 -3.817268e+00 6.805198e+01
    endloop
  endfacet
  facet normal 7.291561e-01 -1.634481e-15 -6.843474e-01
    outer loop
      vertex   -9.276421e+01 -3.817268e+00 6.805198e+01
      vertex   -9.179110e+01 -9.767268e+00 6.908880e+01
      vertex   -9.276421e+01 -9.767268e+00 6.805198e+01
    endloop
  endfacet
  facet normal 5.585931e-01 -1.981021e-15 -8.294419e-01
    outer loop
      vertex   -9.276421e+01 -3.817268e+00 6.805198e+01
      vertex   -9.276421e+01 -9.767268e+00 6.805198e+01
      vertex   -9.394363e+01 -3.817268e+00 6.725769e+01
    endloop
  endfacet
  facet normal 5.585931e-01 0.000000e+00 -8.294419e-01
    outer loop
      vertex   -9.394363e+01 -3.817268e+00 6.725769e+01
      vertex   -9.276421e+01 -9.767268e+00 6.805198e+01
      vertex   -9.394363e+01 -9.767268e+00 6.725769e+01
    endloop
  endfacet
  facet normal 3.600198e-01 0.000000e+00 -9.329447e-01
    outer loop
      vertex   -9.394363e+01 -3.817268e+00 6.725769e+01
      vertex   -9.394363e+01 -9.767268e+00 6.725769e+01
      vertex   -9.527023e+01 -3.817268e+00 6.674576e+01
    endloop
  endfacet
  facet normal 3.600198e-01 -2.228225e-15 -9.329447e-01
    outer loop
      vertex   -9.527023e+01 -3.817268e+00 6.674576e+01
      vertex   -9.394363e+01 -9.767268e+00 6.725769e+01
      vertex   -9.527023e+01 -9.767268e+00 6.674576e+01
    endloop
  endfacet
  facet normal 1.433936e-01 -2.363697e-15 -9.896657e-01
    outer loop
      vertex   -9.527023e+01 -3.817268e+00 6.674576e+01
      vertex   -9.527023e+01 -9.767268e+00 6.674576e+01
      vertex   -9.667749e+01 -3.817268e+00 6.654186e+01
    endloop
  endfacet
  facet normal 1.433936e-01 0.000000e+00 -9.896657e-01
    outer loop
      vertex   -9.667749e+01 -3.817268e+00 6.654186e+01
      vertex   -9.527023e+01 -9.767268e+00 6.674576e+01
      vertex   -9.667749e+01 -9.767268e+00 6.654186e+01
    endloop
  endfacet
  facet normal -8.042289e-02 -0.000000e+00 -9.967608e-01
    outer loop
      vertex   -9.667749e+01 -3.817268e+00 6.654186e+01
      vertex   -9.667749e+01 -9.767268e+00 6.654186e+01
      vertex   -9.809483e+01 -3.817268e+00 6.665622e+01
    endloop
  endfacet
  facet normal -8.042289e-02 -2.380643e-15 -9.967608e-01
    outer loop
      vertex   -9.809483e+01 -3.817268e+00 6.665622e+01
      vertex   -9.667749e+01 -9.767268e+00 6.654186e+01
      vertex   -9.809483e+01 -9.767268e+00 6.665622e+01
    endloop
  endfacet
  facet normal -3.002067e-01 -2.278213e-15 -9.538742e-01
    outer loop
      vertex   -9.809483e+01 -3.817268e+00 6.665622e+01
      vertex   -9.809483e+01 -9.767268e+00 6.665622e+01
      vertex   -9.945119e+01 -3.817268e+00 6.708309e+01
    endloop
  endfacet
  facet normal -3.002067e-01 -0.000000e+00 -9.538742e-01
    outer loop
      vertex   -9.945119e+01 -3.817268e+00 6.708309e+01
      vertex   -9.809483e+01 -9.767268e+00 6.665622e+01
      vertex   -9.945119e+01 -9.767268e+00 6.708309e+01
    endloop
  endfacet
  facet normal -5.049368e-01 -0.000000e+00 -8.631563e-01
    outer loop
      vertex   -9.945119e+01 -3.817268e+00 6.708309e+01
      vertex   -9.945119e+01 -9.767268e+00 6.708309e+01
      vertex   -1.006786e+02 -3.817268e+00 6.780109e+01
    endloop
  endfacet
  facet normal -5.049368e-01 -2.061544e-15 -8.631563e-01
    outer loop
      vertex   -1.006786e+02 -3.817268e+00 6.780109e+01
      vertex   -9.945119e+01 -9.767268e+00 6.708309e+01
      vertex   -1.006786e+02 -9.767268e+00 6.780109e+01
    endloop
  endfacet
  facet normal -6.843474e-01 -1.741501e-15 -7.291561e-01
    outer loop
      vertex   -1.006786e+02 -3.817268e+00 6.780109e+01
      vertex   -1.006786e+02 -9.767268e+00 6.780109e+01
      vertex   -1.017154e+02 -3.817268e+00 6.877420e+01
    endloop
  endfacet
  facet normal -6.843474e-01 -1.741501e-15 -7.291561e-01
    outer loop
      vertex   -1.017154e+02 -3.817268e+00 6.877420e+01
      vertex   -1.006786e+02 -9.767268e+00 6.780109e+01
      vertex   -1.017154e+02 -9.767268e+00 6.877420e+01
    endloop
  endfacet
  facet normal -8.294419e-01 -1.334132e-15 -5.585931e-01
    outer loop
      vertex   -1.017154e+02 -3.817268e+00 6.877420e+01
      vertex   -1.017154e+02 -9.767268e+00 6.877420e+01
      vertex   -1.025097e+02 -3.817268e+00 6.995362e+01
    endloop
  endfacet
  facet normal -8.294419e-01 -0.000000e+00 -5.585931e-01
    outer loop
      vertex   -1.025097e+02 -3.817268e+00 6.995362e+01
      vertex   -1.017154e+02 -9.767268e+00 6.877420e+01
      vertex   -1.025097e+02 -9.767268e+00 6.995362e+01
    endloop
  endfacet
  facet normal -9.329447e-01 -0.000000e+00 -3.600198e-01
    outer loop
      vertex   -1.025097e+02 -3.817268e+00 6.995362e+01
      vertex   -1.025097e+02 -9.767268e+00 6.995362e+01
      vertex   -1.030216e+02 -3.817268e+00 7.128022e+01
    endloop
  endfacet
  facet normal -9.329447e-01 -8.598637e-16 -3.600198e-01
    outer loop
      vertex   -1.030216e+02 -3.817268e+00 7.128022e+01
      vertex   -1.025097e+02 -9.767268e+00 6.995362e+01
      vertex   -1.030216e+02 -9.767268e+00 7.128022e+01
    endloop
  endfacet
  facet normal -9.896657e-01 -3.424783e-16 -1.433936e-01
    outer loop
      vertex   -1.030216e+02 -3.817268e+00 7.128022e+01
      vertex   -1.030216e+02 -9.767268e+00 7.128022e+01
      vertex   -1.032255e+02 -3.817268e+00 7.268747e+01
    endloop
  endfacet
  facet normal -9.896657e-01 -0.000000e+00 -1.433936e-01
    outer loop
      vertex   -1.032255e+02 -3.817268e+00 7.268747e+01
      vertex   -1.030216e+02 -9.767268e+00 7.128022e+01
      vertex   -1.032255e+02 -9.767268e+00 7.268747e+01
    endloop
  endfacet
  facet normal -9.967608e-01 0.000000e+00 8.042289e-02
    outer loop
      vertex   -1.032255e+02 -3.817268e+00 7.268747e+01
      vertex   -1.032255e+02 -9.767268e+00 7.268747e+01
      vertex   -1.031111e+02 -3.817268e+00 7.410482e+01
    endloop
  endfacet
  facet normal -9.967608e-01 0.000000e+00 8.042289e-02
    outer loop
      vertex   -1.031111e+02 -3.817268e+00 7.410482e+01
      vertex   -1.032255e+02 -9.767268e+00 7.268747e+01
      vertex   -1.031111e+02 -9.767268e+00 7.410482e+01
    endloop
  endfacet
  facet normal -2.628724e-04 -1.000000e+00 5.129458e-05
    outer loop
      vertex   -7.642200e+01 -8.693149e+00 1.605438e+02
      vertex   -7.858782e+01 -8.692496e+00 1.621840e+02
      vertex   -7.714027e+01 -8.693149e+00 1.568628e+02
    endloop
  endfacet
  facet normal -2.628724e-04 -1.000000e+00 5.129458e-05
    outer loop
      vertex   -7.714027e+01 -8.693149e+00 1.568628e+02
      vertex   -7.858782e+01 -8.692496e+00 1.621840e+02
      vertex   -7.945553e+01 -8.692268e+00 1.621808e+02
    endloop
  endfacet
  facet normal -2.628724e-04 -1.000000e+00 5.129458e-05
    outer loop
      vertex   -7.714027e+01 -8.693149e+00 1.568628e+02
      vertex   -7.945553e+01 -8.692268e+00 1.621808e+02
      vertex   -8.360022e+01 -8.691386e+00 1.581234e+02
    endloop
  endfacet
  facet normal -2.628724e-04 -1.000000e+00 5.129458e-05
    outer loop
      vertex   -8.360022e+01 -8.691386e+00 1.581234e+02
      vertex   -7.945553e+01 -8.692268e+00 1.621808e+02
      vertex   -8.025839e+01 -8.692040e+00 1.625100e+02
    endloop
  endfacet
  facet normal -2.628724e-04 -1.000000e+00 5.129458e-05
    outer loop
      vertex   -8.360022e+01 -8.691386e+00 1.581234e+02
      vertex   -8.025839e+01 -8.692040e+00 1.625100e+02
      vertex   -8.288195e+01 -8.691386e+00 1.618043e+02
    endloop
  endfacet
  facet normal -2.628724e-04 -1.000000e+00 5.129458e-05
    outer loop
      vertex   -8.288195e+01 -8.691386e+00 1.618043e+02
      vertex   -8.025839e+01 -8.692040e+00 1.625100e+02
      vertex   -8.087419e+01 -8.691847e+00 1.631213e+02
    endloop
  endfacet
  facet normal -2.628724e-04 -1.000000e+00 5.129458e-05
    outer loop
      vertex   -8.288195e+01 -8.691386e+00 1.618043e+02
      vertex   -8.087419e+01 -8.691847e+00 1.631213e+02
      vertex   -8.120916e+01 -8.691717e+00 1.639217e+02
    endloop
  endfacet
  facet normal -2.628724e-04 -1.000000e+00 5.129458e-05
    outer loop
      vertex   -7.552434e+01 -8.693344e+00 1.613464e+02
      vertex   -7.717604e+01 -8.692818e+00 1.631348e+02
      vertex   -7.642200e+01 -8.693149e+00 1.605438e+02
    endloop
  endfacet
  facet normal -2.628724e-04 -1.000000e+00 5.129458e-05
    outer loop
      vertex   -7.642200e+01 -8.693149e+00 1.605438e+02
      vertex   -7.717604e+01 -8.692818e+00 1.631348e+02
      vertex   -7.778737e+01 -8.692689e+00 1.625190e+02
    endloop
  endfacet
  facet normal -2.628724e-04 -1.000000e+00 5.129458e-05
    outer loop
      vertex   -7.642200e+01 -8.693149e+00 1.605438e+02
      vertex   -7.778737e+01 -8.692689e+00 1.625190e+02
      vertex   -7.858782e+01 -8.692496e+00 1.621840e+02
    endloop
  endfacet
  facet normal -2.628724e-04 -1.000000e+00 5.129458e-05
    outer loop
      vertex   -7.552434e+01 -8.693344e+00 1.613464e+02
      vertex   -7.486430e+01 -8.693466e+00 1.623535e+02
      vertex   -7.717604e+01 -8.692818e+00 1.631348e+02
    endloop
  endfacet
  facet normal -2.628724e-04 -1.000000e+00 5.129458e-05
    outer loop
      vertex   -7.717604e+01 -8.692818e+00 1.631348e+02
      vertex   -7.486430e+01 -8.693466e+00 1.623535e+02
      vertex   -7.684690e+01 -8.692863e+00 1.639376e+02
    endloop
  endfacet
  facet normal -2.628724e-04 -1.000000e+00 5.129458e-05
    outer loop
      vertex   -7.684690e+01 -8.692863e+00 1.639376e+02
      vertex   -7.486430e+01 -8.693466e+00 1.623535e+02
      vertex   -7.448660e+01 -8.693506e+00 1.634969e+02
    endloop
  endfacet
  facet normal -2.628724e-04 -1.000000e+00 5.129458e-05
    outer loop
      vertex   -7.684690e+01 -8.692863e+00 1.639376e+02
      vertex   -7.448660e+01 -8.693506e+00 1.634969e+02
      vertex   -7.441686e+01 -8.693463e+00 1.646990e+02
    endloop
  endfacet
  facet normal -2.628724e-04 -1.000000e+00 5.129458e-05
    outer loop
      vertex   -7.684690e+01 -8.692863e+00 1.639376e+02
      vertex   -7.441686e+01 -8.693463e+00 1.646990e+02
      vertex   -7.685006e+01 -8.692818e+00 1.648053e+02
    endloop
  endfacet
  facet normal -2.628724e-04 -1.000000e+00 5.129458e-05
    outer loop
      vertex   -7.685006e+01 -8.692818e+00 1.648053e+02
      vertex   -7.441686e+01 -8.693463e+00 1.646990e+02
      vertex   -7.465980e+01 -8.693339e+00 1.658784e+02
    endloop
  endfacet
  facet normal -2.628724e-04 -1.000000e+00 5.129458e-05
    outer loop
      vertex   -7.685006e+01 -8.692818e+00 1.648053e+02
      vertex   -7.465980e+01 -8.693339e+00 1.658784e+02
      vertex   -7.519894e+01 -8.693142e+00 1.669551e+02
    endloop
  endfacet
  facet normal -2.628724e-04 -1.000000e+00 5.129458e-05
    outer loop
      vertex   -7.685006e+01 -8.692818e+00 1.648053e+02
      vertex   -7.519894e+01 -8.693142e+00 1.669551e+02
      vertex   -7.718504e+01 -8.692689e+00 1.656058e+02
    endloop
  endfacet
  facet normal -2.628724e-04 -1.000000e+00 5.129458e-05
    outer loop
      vertex   -7.718504e+01 -8.692689e+00 1.656058e+02
      vertex   -7.519894e+01 -8.693142e+00 1.669551e+02
      vertex   -7.599775e+01 -8.692886e+00 1.678561e+02
    endloop
  endfacet
  facet normal -2.628724e-04 -1.000000e+00 5.129458e-05
    outer loop
      vertex   -7.718504e+01 -8.692689e+00 1.656058e+02
      vertex   -7.599775e+01 -8.692886e+00 1.678561e+02
      vertex   -7.780083e+01 -8.692496e+00 1.662171e+02
    endloop
  endfacet
  facet normal -2.628724e-04 -1.000000e+00 5.129458e-05
    outer loop
      vertex   -7.780083e+01 -8.692496e+00 1.662171e+02
      vertex   -7.599775e+01 -8.692886e+00 1.678561e+02
      vertex   -7.700208e+01 -8.692587e+00 1.685204e+02
    endloop
  endfacet
  facet normal -2.628724e-04 -1.000000e+00 5.129458e-05
    outer loop
      vertex   -7.780083e+01 -8.692496e+00 1.662171e+02
      vertex   -7.700208e+01 -8.692587e+00 1.685204e+02
      vertex   -7.860370e+01 -8.692268e+00 1.665462e+02
    endloop
  endfacet
  facet normal -2.628724e-04 -1.000000e+00 5.129458e-05
    outer loop
      vertex   -7.860370e+01 -8.692268e+00 1.665462e+02
      vertex   -7.700208e+01 -8.692587e+00 1.685204e+02
      vertex   -7.814385e+01 -8.692268e+00 1.689029e+02
    endloop
  endfacet
  facet normal -2.628724e-04 -1.000000e+00 5.129458e-05
    outer loop
      vertex   -7.860370e+01 -8.692268e+00 1.665462e+02
      vertex   -7.814385e+01 -8.692268e+00 1.689029e+02
      vertex   -7.934566e+01 -8.691948e+00 1.689777e+02
    endloop
  endfacet
  facet normal -2.628724e-04 -1.000000e+00 5.129458e-05
    outer loop
      vertex   -7.860370e+01 -8.692268e+00 1.665462e+02
      vertex   -7.934566e+01 -8.691948e+00 1.689777e+02
      vertex   -7.947140e+01 -8.692040e+00 1.665431e+02
    endloop
  endfacet
  facet normal -2.628724e-04 -1.000000e+00 5.129458e-05
    outer loop
      vertex   -7.947140e+01 -8.692040e+00 1.665431e+02
      vertex   -7.934566e+01 -8.691948e+00 1.689777e+02
      vertex   -8.052604e+01 -8.691650e+00 1.687397e+02
    endloop
  endfacet
  facet normal -2.628724e-04 -1.000000e+00 5.129458e-05
    outer loop
      vertex   -7.947140e+01 -8.692040e+00 1.665431e+02
      vertex   -8.052604e+01 -8.691650e+00 1.687397e+02
      vertex   -8.027185e+01 -8.691847e+00 1.662081e+02
    endloop
  endfacet
  facet normal -2.628724e-04 -1.000000e+00 5.129458e-05
    outer loop
      vertex   -8.027185e+01 -8.691847e+00 1.662081e+02
      vertex   -8.052604e+01 -8.691650e+00 1.687397e+02
      vertex   -8.160499e+01 -8.691394e+00 1.682051e+02
    endloop
  endfacet
  facet normal -2.628724e-04 -1.000000e+00 5.129458e-05
    outer loop
      vertex   -8.027185e+01 -8.691847e+00 1.662081e+02
      vertex   -8.160499e+01 -8.691394e+00 1.682051e+02
      vertex   -8.088318e+01 -8.691717e+00 1.655923e+02
    endloop
  endfacet
  facet normal -2.628724e-04 -1.000000e+00 5.129458e-05
    outer loop
      vertex   -8.088318e+01 -8.691717e+00 1.655923e+02
      vertex   -8.160499e+01 -8.691394e+00 1.682051e+02
      vertex   -8.250936e+01 -8.691197e+00 1.674101e+02
    endloop
  endfacet
  facet normal -2.628724e-04 -1.000000e+00 5.129458e-05
    outer loop
      vertex   -8.088318e+01 -8.691717e+00 1.655923e+02
      vertex   -8.250936e+01 -8.691197e+00 1.674101e+02
      vertex   -8.317786e+01 -8.691072e+00 1.664085e+02
    endloop
  endfacet
  facet normal -2.628724e-04 -1.000000e+00 5.129458e-05
    outer loop
      vertex   -8.088318e+01 -8.691717e+00 1.655923e+02
      vertex   -8.317786e+01 -8.691072e+00 1.664085e+02
      vertex   -8.121232e+01 -8.691672e+00 1.647894e+02
    endloop
  endfacet
  facet normal -2.628724e-04 -1.000000e+00 5.129458e-05
    outer loop
      vertex   -8.121232e+01 -8.691672e+00 1.647894e+02
      vertex   -8.317786e+01 -8.691072e+00 1.664085e+02
      vertex   -8.356516e+01 -8.691029e+00 1.652684e+02
    endloop
  endfacet
  facet normal -2.628724e-04 -1.000000e+00 5.129458e-05
    outer loop
      vertex   -8.121232e+01 -8.691672e+00 1.647894e+02
      vertex   -8.356516e+01 -8.691029e+00 1.652684e+02
      vertex   -8.364502e+01 -8.691070e+00 1.640669e+02
    endloop
  endfacet
  facet normal -2.628724e-04 -1.000000e+00 5.129458e-05
    outer loop
      vertex   -8.121232e+01 -8.691672e+00 1.647894e+02
      vertex   -8.364502e+01 -8.691070e+00 1.640669e+02
      vertex   -8.120916e+01 -8.691717e+00 1.639217e+02
    endloop
  endfacet
  facet normal -2.628724e-04 -1.000000e+00 5.129458e-05
    outer loop
      vertex   -8.120916e+01 -8.691717e+00 1.639217e+02
      vertex   -8.364502e+01 -8.691070e+00 1.640669e+02
      vertex   -8.341202e+01 -8.691192e+00 1.628855e+02
    endloop
  endfacet
  facet normal -2.628724e-04 -1.000000e+00 5.129458e-05
    outer loop
      vertex   -8.120916e+01 -8.691717e+00 1.639217e+02
      vertex   -8.341202e+01 -8.691192e+00 1.628855e+02
      vertex   -8.288195e+01 -8.691386e+00 1.618043e+02
    endloop
  endfacet
  facet normal 1.915190e-01 3.860856e-14 9.814889e-01
    outer loop
      vertex   -7.714027e+01 -8.693149e+00 1.568628e+02
      vertex   -8.360022e+01 -8.691386e+00 1.581234e+02
      vertex   -7.783367e+01 -9.578557e+00 1.569981e+02
    endloop
  endfacet
  facet normal 1.915190e-01 -1.862526e-14 9.814889e-01
    outer loop
      vertex   -7.783367e+01 -9.578557e+00 1.569981e+02
      vertex   -8.360022e+01 -8.691386e+00 1.581234e+02
      vertex   -8.290729e+01 -9.577173e+00 1.579882e+02
    endloop
  endfacet
  facet normal 1.915190e-01 1.393476e-14 9.814889e-01
    outer loop
      vertex   -7.783367e+01 -9.578557e+00 1.569981e+02
      vertex   -8.290729e+01 -9.577173e+00 1.579882e+02
      vertex   -7.875241e+01 -1.021639e+01 1.571774e+02
    endloop
  endfacet
  facet normal 1.915190e-01 -4.136767e-14 9.814889e-01
    outer loop
      vertex   -7.875241e+01 -1.021639e+01 1.571774e+02
      vertex   -8.290729e+01 -9.577173e+00 1.579882e+02
      vertex   -8.198888e+01 -1.021551e+01 1.578090e+02
    endloop
  endfacet
  facet normal 1.915190e-01 -3.126083e-15 9.814889e-01
    outer loop
      vertex   -7.875241e+01 -1.021639e+01 1.571774e+02
      vertex   -8.198888e+01 -1.021551e+01 1.578090e+02
      vertex   -7.981486e+01 -1.054998e+01 1.573847e+02
    endloop
  endfacet
  facet normal 1.915190e-01 4.330068e-14 9.814889e-01
    outer loop
      vertex   -7.981486e+01 -1.054998e+01 1.573847e+02
      vertex   -8.198888e+01 -1.021551e+01 1.578090e+02
      vertex   -8.092661e+01 -1.054967e+01 1.576017e+02
    endloop
  endfacet
  facet normal -9.708231e-01 -1.487773e-01 1.880633e-01
    outer loop
      vertex   -8.584919e+01 -7.911365e+00 1.483736e+02
      vertex   -8.325431e+01 -7.774797e+00 1.618770e+02
      vertex   -8.601459e+01 -6.791250e+00 1.484059e+02
    endloop
  endfacet
  facet normal -9.731264e-01 -1.302606e-01 1.898872e-01
    outer loop
      vertex   -8.601459e+01 -6.791250e+00 1.484059e+02
      vertex   -8.325431e+01 -7.774797e+00 1.618770e+02
      vertex   -8.338113e+01 -6.791250e+00 1.619017e+02
    endloop
  endfacet
  facet normal -9.730578e-01 1.307917e-01 1.898738e-01
    outer loop
      vertex   -8.601459e+01 -6.791250e+00 1.484059e+02
      vertex   -8.338113e+01 -6.791250e+00 1.619017e+02
      vertex   -8.325379e+01 -5.807772e+00 1.618769e+02
    endloop
  endfacet
  facet normal -9.049290e-01 -3.866372e-01 1.778064e-01
    outer loop
      vertex   -8.325431e+01 -7.774797e+00 1.618770e+02
      vertex   -8.584919e+01 -7.911365e+00 1.483736e+02
      vertex   -8.360022e+01 -8.691386e+00 1.581234e+02
    endloop
  endfacet
  facet normal -8.850099e-01 -4.336402e-01 1.694512e-01
    outer loop
      vertex   -8.360022e+01 -8.691386e+00 1.581234e+02
      vertex   -8.584919e+01 -7.911365e+00 1.483736e+02
      vertex   -8.536709e+01 -8.932043e+00 1.482795e+02
    endloop
  endfacet
  facet normal -7.669096e-01 -6.232772e-01 1.528896e-01
    outer loop
      vertex   -8.360022e+01 -8.691386e+00 1.581234e+02
      vertex   -8.536709e+01 -8.932043e+00 1.482795e+02
      vertex   -8.290729e+01 -9.577173e+00 1.579882e+02
    endloop
  endfacet
  facet normal -7.202668e-01 -6.799729e-01 1.373047e-01
    outer loop
      vertex   -8.290729e+01 -9.577173e+00 1.579882e+02
      vertex   -8.536709e+01 -8.932043e+00 1.482795e+02
      vertex   -8.461112e+01 -9.762593e+00 1.481320e+02
    endloop
  endfacet
  facet normal -5.524974e-01 -8.260837e-01 1.110511e-01
    outer loop
      vertex   -8.290729e+01 -9.577173e+00 1.579882e+02
      vertex   -8.461112e+01 -9.762593e+00 1.481320e+02
      vertex   -8.198888e+01 -1.021551e+01 1.578090e+02
    endloop
  endfacet
  facet normal -4.915790e-01 -8.658871e-01 9.268062e-02
    outer loop
      vertex   -8.198888e+01 -1.021551e+01 1.578090e+02
      vertex   -8.461112e+01 -9.762593e+00 1.481320e+02
      vertex   -8.364846e+01 -1.032922e+01 1.479442e+02
    endloop
  endfacet
  facet normal -2.889393e-01 -9.554890e-01 5.962276e-02
    outer loop
      vertex   -8.198888e+01 -1.021551e+01 1.578090e+02
      vertex   -8.364846e+01 -1.032922e+01 1.479442e+02
      vertex   -8.092661e+01 -1.054967e+01 1.576017e+02
    endloop
  endfacet
  facet normal -2.192664e-01 -9.748633e-01 3.954396e-02
    outer loop
      vertex   -8.092661e+01 -1.054967e+01 1.576017e+02
      vertex   -8.364846e+01 -1.032922e+01 1.479442e+02
      vertex   -8.256465e+01 -1.058157e+01 1.477327e+02
    endloop
  endfacet
  facet normal 3.464874e-04 -9.999949e-01 3.174110e-03
    outer loop
      vertex   -8.092661e+01 -1.054967e+01 1.576017e+02
      vertex   -8.256465e+01 -1.058157e+01 1.477327e+02
      vertex   -7.981486e+01 -1.054998e+01 1.573847e+02
    endloop
  endfacet
  facet normal 7.247489e-02 -9.972187e-01 -1.738383e-02
    outer loop
      vertex   -7.981486e+01 -1.054998e+01 1.573847e+02
      vertex   -8.256465e+01 -1.058157e+01 1.477327e+02
      vertex   -8.145598e+01 -1.049722e+01 1.475164e+02
    endloop
  endfacet
  facet normal 2.896556e-01 -9.556469e-01 -5.327910e-02
    outer loop
      vertex   -7.981486e+01 -1.054998e+01 1.573847e+02
      vertex   -8.145598e+01 -1.049722e+01 1.475164e+02
      vertex   -7.875241e+01 -1.021639e+01 1.571774e+02
    endloop
  endfacet
  facet normal 3.577223e-01 -9.309669e-01 -7.304446e-02
    outer loop
      vertex   -7.875241e+01 -1.021639e+01 1.571774e+02
      vertex   -8.145598e+01 -1.049722e+01 1.475164e+02
      vertex   -8.042097e+01 -1.008367e+01 1.473144e+02
    endloop
  endfacet
  facet normal 5.532817e-01 -8.263854e-01 -1.047208e-01
    outer loop
      vertex   -7.875241e+01 -1.021639e+01 1.571774e+02
      vertex   -8.042097e+01 -1.008367e+01 1.473144e+02
      vertex   -7.783367e+01 -9.578557e+00 1.569981e+02
    endloop
  endfacet
  facet normal 6.111303e-01 -7.819945e-01 -1.224923e-01
    outer loop
      vertex   -7.783367e+01 -9.578557e+00 1.569981e+02
      vertex   -8.042097e+01 -1.008367e+01 1.473144e+02
      vertex   -7.955158e+01 -9.377670e+00 1.471448e+02
    endloop
  endfacet
  facet normal 7.678005e-01 -6.236960e-01 -1.465800e-01
    outer loop
      vertex   -7.783367e+01 -9.578557e+00 1.569981e+02
      vertex   -7.955158e+01 -9.377670e+00 1.471448e+02
      vertex   -7.714027e+01 -8.693149e+00 1.568628e+02
    endloop
  endfacet
  facet normal 8.101826e-01 -5.635385e-01 -1.613335e-01
    outer loop
      vertex   -7.714027e+01 -8.693149e+00 1.568628e+02
      vertex   -7.955158e+01 -9.377670e+00 1.471448e+02
      vertex   -7.892506e+01 -8.441943e+00 1.470225e+02
    endloop
  endfacet
  facet normal 8.676266e-01 -4.675054e-01 -1.693009e-01
    outer loop
      vertex   -7.714027e+01 -8.693149e+00 1.568628e+02
      vertex   -7.892506e+01 -8.441943e+00 1.470225e+02
      vertex   -7.642200e+01 -8.693149e+00 1.605438e+02
    endloop
  endfacet
  facet normal 9.070447e-01 -3.829301e-01 -1.750267e-01
    outer loop
      vertex   -7.642200e+01 -8.693149e+00 1.605438e+02
      vertex   -7.892506e+01 -8.441943e+00 1.470225e+02
      vertex   -7.604916e+01 -7.776763e+00 1.604711e+02
    endloop
  endfacet
  facet normal 9.372485e-01 -2.950099e-01 -1.858343e-01
    outer loop
      vertex   -7.604916e+01 -7.776763e+00 1.604711e+02
      vertex   -7.892506e+01 -8.441943e+00 1.470225e+02
      vertex   -7.859708e+01 -7.359635e+00 1.469585e+02
    endloop
  endfacet
  facet normal 9.734987e-01 -1.307914e-01 -1.876003e-01
    outer loop
      vertex   -7.604916e+01 -7.776763e+00 1.604711e+02
      vertex   -7.859708e+01 -7.359635e+00 1.469585e+02
      vertex   -7.592182e+01 -6.793286e+00 1.604462e+02
    endloop
  endfacet
  facet normal 9.808930e-01 -2.678290e-04 -1.945476e-01
    outer loop
      vertex   -7.592182e+01 -6.793286e+00 1.604462e+02
      vertex   -7.859708e+01 -7.359635e+00 1.469585e+02
      vertex   -7.859679e+01 -6.226914e+00 1.469585e+02
    endloop
  endfacet
  facet normal 9.735673e-01 1.302603e-01 -1.876137e-01
    outer loop
      vertex   -7.592182e+01 -6.793286e+00 1.604462e+02
      vertex   -7.859679e+01 -6.226914e+00 1.469585e+02
      vertex   -7.604864e+01 -5.809739e+00 1.604710e+02
    endloop
  endfacet
  facet normal 9.374035e-01 2.944980e-01 -1.858645e-01
    outer loop
      vertex   -7.604864e+01 -5.809739e+00 1.604710e+02
      vertex   -7.859679e+01 -6.226914e+00 1.469585e+02
      vertex   -7.892420e+01 -5.144427e+00 1.470223e+02
    endloop
  endfacet
  facet normal 9.072459e-01 3.824353e-01 -1.750660e-01
    outer loop
      vertex   -7.604864e+01 -5.809739e+00 1.604710e+02
      vertex   -7.892420e+01 -5.144427e+00 1.470223e+02
      vertex   -7.642100e+01 -4.893149e+00 1.605436e+02
    endloop
  endfacet
  facet normal 8.678722e-01 4.670318e-01 -1.693489e-01
    outer loop
      vertex   -7.642100e+01 -4.893149e+00 1.605436e+02
      vertex   -7.892420e+01 -5.144427e+00 1.470223e+02
      vertex   -7.713927e+01 -4.893149e+00 1.568626e+02
    endloop
  endfacet
  facet normal 8.104788e-01 5.630959e-01 -1.613913e-01
    outer loop
      vertex   -7.713927e+01 -4.893149e+00 1.568626e+02
      vertex   -7.892420e+01 -5.144427e+00 1.470223e+02
      vertex   -7.955022e+01 -4.208358e+00 1.471445e+02
    endloop
  endfacet
  facet normal 7.681283e-01 6.232772e-01 -1.466440e-01
    outer loop
      vertex   -7.713927e+01 -4.893149e+00 1.568626e+02
      vertex   -7.955022e+01 -4.208358e+00 1.471445e+02
      vertex   -7.783220e+01 -4.007363e+00 1.569979e+02
    endloop
  endfacet
  facet normal 6.115414e-01 7.816605e-01 -1.225725e-01
    outer loop
      vertex   -7.783220e+01 -4.007363e+00 1.569979e+02
      vertex   -7.955022e+01 -4.208358e+00 1.471445e+02
      vertex   -8.041924e+01 -3.501880e+00 1.473141e+02
    endloop
  endfacet
  facet normal 5.537161e-01 8.260837e-01 -1.048055e-01
    outer loop
      vertex   -7.783220e+01 -4.007363e+00 1.569979e+02
      vertex   -8.041924e+01 -3.501880e+00 1.473141e+02
      vertex   -7.875061e+01 -3.369028e+00 1.571771e+02
    endloop
  endfacet
  facet normal 3.582117e-01 9.307712e-01 -7.313996e-02
    outer loop
      vertex   -7.875061e+01 -3.369028e+00 1.571771e+02
      vertex   -8.041924e+01 -3.501880e+00 1.473141e+02
      vertex   -8.145403e+01 -3.087768e+00 1.475160e+02
    endloop
  endfacet
  facet normal 2.901580e-01 9.554890e-01 -5.337713e-02
    outer loop
      vertex   -7.875061e+01 -3.369028e+00 1.571771e+02
      vertex   -8.145403e+01 -3.087768e+00 1.475160e+02
      vertex   -7.981288e+01 -3.034862e+00 1.573844e+02
    endloop
  endfacet
  facet normal 7.299916e-02 9.971787e-01 -1.748613e-02
    outer loop
      vertex   -7.981288e+01 -3.034862e+00 1.573844e+02
      vertex   -8.145403e+01 -3.087768e+00 1.475160e+02
      vertex   -8.256266e+01 -3.002817e+00 1.477323e+02
    endloop
  endfacet
  facet normal 8.722296e-04 9.999949e-01 3.071522e-03
    outer loop
      vertex   -7.981288e+01 -3.034862e+00 1.573844e+02
      vertex   -8.256266e+01 -3.002817e+00 1.477323e+02
      vertex   -8.092463e+01 -3.034559e+00 1.576013e+02
    endloop
  endfacet
  facet normal -2.187538e-01 9.749825e-01 3.944395e-02
    outer loop
      vertex   -8.092463e+01 -3.034559e+00 1.576013e+02
      vertex   -8.256266e+01 -3.002817e+00 1.477323e+02
      vertex   -8.364660e+01 -3.254576e+00 1.479438e+02
    endloop
  endfacet
  facet normal -2.884369e-01 9.556469e-01 5.952473e-02
    outer loop
      vertex   -8.092463e+01 -3.034559e+00 1.576013e+02
      vertex   -8.364660e+01 -3.254576e+00 1.479438e+02
      vertex   -8.198708e+01 -3.368145e+00 1.578086e+02
    endloop
  endfacet
  facet normal -4.911237e-01 8.661549e-01 9.259178e-02
    outer loop
      vertex   -8.198708e+01 -3.368145e+00 1.578086e+02
      vertex   -8.364660e+01 -3.254576e+00 1.479438e+02
      vertex   -8.460956e+01 -3.820674e+00 1.481317e+02
    endloop
  endfacet
  facet normal -5.520630e-01 8.263854e-01 1.109664e-01
    outer loop
      vertex   -8.198708e+01 -3.368145e+00 1.578086e+02
      vertex   -8.460956e+01 -3.820674e+00 1.481317e+02
      vertex   -8.290582e+01 -4.005979e+00 1.579879e+02
    endloop
  endfacet
  facet normal -7.199092e-01 6.803656e-01 1.372350e-01
    outer loop
      vertex   -8.290582e+01 -4.005979e+00 1.579879e+02
      vertex   -8.460956e+01 -3.820674e+00 1.481317e+02
      vertex   -8.536596e+01 -4.650811e+00 1.482793e+02
    endloop
  endfacet
  facet normal -7.665818e-01 6.236960e-01 1.528257e-01
    outer loop
      vertex   -8.290582e+01 -4.005979e+00 1.579879e+02
      vertex   -8.536596e+01 -4.650811e+00 1.482793e+02
      vertex   -8.359922e+01 -4.891386e+00 1.581232e+02
    endloop
  endfacet
  facet normal -8.847817e-01 4.341228e-01 1.694067e-01
    outer loop
      vertex   -8.359922e+01 -4.891386e+00 1.581232e+02
      vertex   -8.536596e+01 -4.650811e+00 1.482793e+02
      vertex   -8.584860e+01 -5.671226e+00 1.483735e+02
    endloop
  endfacet
  facet normal -8.994905e-01 4.001375e-01 1.755186e-01
    outer loop
      vertex   -8.359922e+01 -4.891386e+00 1.581232e+02
      vertex   -8.584860e+01 -5.671226e+00 1.483735e+02
      vertex   -8.288095e+01 -4.891386e+00 1.618041e+02
    endloop
  endfacet
  facet normal -9.064547e-01 3.829306e-01 1.780565e-01
    outer loop
      vertex   -8.288095e+01 -4.891386e+00 1.618041e+02
      vertex   -8.584860e+01 -5.671226e+00 1.483735e+02
      vertex   -8.325379e+01 -5.807772e+00 1.618769e+02
    endloop
  endfacet
  facet normal -9.707447e-01 1.493070e-01 1.880481e-01
    outer loop
      vertex   -8.325379e+01 -5.807772e+00 1.618769e+02
      vertex   -8.584860e+01 -5.671226e+00 1.483735e+02
      vertex   -8.601459e+01 -6.791250e+00 1.484059e+02
    endloop
  endfacet
  facet normal -9.068781e-01 -3.824360e-01 1.769601e-01
    outer loop
      vertex   -8.360022e+01 -8.691386e+00 1.581234e+02
      vertex   -8.288195e+01 -8.691386e+00 1.618043e+02
      vertex   -8.325431e+01 -7.774797e+00 1.618770e+02
    endloop
  endfacet
  facet normal 2.628724e-04 1.000000e+00 -5.129458e-05
    outer loop
      vertex   -7.713927e+01 -4.893149e+00 1.568626e+02
      vertex   -7.858682e+01 -4.892496e+00 1.621838e+02
      vertex   -7.642100e+01 -4.893149e+00 1.605436e+02
    endloop
  endfacet
  facet normal 2.628724e-04 1.000000e+00 -5.129458e-05
    outer loop
      vertex   -7.642100e+01 -4.893149e+00 1.605436e+02
      vertex   -7.858682e+01 -4.892496e+00 1.621838e+02
      vertex   -7.778637e+01 -4.892689e+00 1.625188e+02
    endloop
  endfacet
  facet normal 2.628724e-04 1.000000e+00 -5.129458e-05
    outer loop
      vertex   -7.642100e+01 -4.893149e+00 1.605436e+02
      vertex   -7.778637e+01 -4.892689e+00 1.625188e+02
      vertex   -7.717504e+01 -4.892818e+00 1.631346e+02
    endloop
  endfacet
  facet normal 2.628724e-04 1.000000e+00 -5.129458e-05
    outer loop
      vertex   -7.858682e+01 -4.892496e+00 1.621838e+02
      vertex   -7.713927e+01 -4.893149e+00 1.568626e+02
      vertex   -7.945453e+01 -4.892268e+00 1.621806e+02
    endloop
  endfacet
  facet normal 2.628724e-04 1.000000e+00 -5.129458e-05
    outer loop
      vertex   -7.945453e+01 -4.892268e+00 1.621806e+02
      vertex   -7.713927e+01 -4.893149e+00 1.568626e+02
      vertex   -8.359922e+01 -4.891386e+00 1.581232e+02
    endloop
  endfacet
  facet normal 2.628724e-04 1.000000e+00 -5.129458e-05
    outer loop
      vertex   -7.945453e+01 -4.892268e+00 1.621806e+02
      vertex   -8.359922e+01 -4.891386e+00 1.581232e+02
      vertex   -8.025739e+01 -4.892040e+00 1.625098e+02
    endloop
  endfacet
  facet normal 2.628724e-04 1.000000e+00 -5.129458e-05
    outer loop
      vertex   -8.025739e+01 -4.892040e+00 1.625098e+02
      vertex   -8.359922e+01 -4.891386e+00 1.581232e+02
      vertex   -8.288095e+01 -4.891386e+00 1.618041e+02
    endloop
  endfacet
  facet normal 2.628724e-04 1.000000e+00 -5.129458e-05
    outer loop
      vertex   -8.025739e+01 -4.892040e+00 1.625098e+02
      vertex   -8.288095e+01 -4.891386e+00 1.618041e+02
      vertex   -8.087319e+01 -4.891847e+00 1.631211e+02
    endloop
  endfacet
  facet normal 2.628724e-04 1.000000e+00 -5.129458e-05
    outer loop
      vertex   -8.087319e+01 -4.891847e+00 1.631211e+02
      vertex   -8.288095e+01 -4.891386e+00 1.618041e+02
      vertex   -8.120816e+01 -4.891718e+00 1.639215e+02
    endloop
  endfacet
  facet normal 2.628724e-04 1.000000e+00 -5.129458e-05
    outer loop
      vertex   -8.120816e+01 -4.891718e+00 1.639215e+02
      vertex   -8.288095e+01 -4.891386e+00 1.618041e+02
      vertex   -8.341102e+01 -4.891192e+00 1.628853e+02
    endloop
  endfacet
  facet normal 2.628724e-04 1.000000e+00 -5.129458e-05
    outer loop
      vertex   -8.120816e+01 -4.891718e+00 1.639215e+02
      vertex   -8.341102e+01 -4.891192e+00 1.628853e+02
      vertex   -8.364402e+01 -4.891070e+00 1.640667e+02
    endloop
  endfacet
  facet normal 2.628724e-04 1.000000e+00 -5.129458e-05
    outer loop
      vertex   -8.120816e+01 -4.891718e+00 1.639215e+02
      vertex   -8.364402e+01 -4.891070e+00 1.640667e+02
      vertex   -8.121132e+01 -4.891672e+00 1.647893e+02
    endloop
  endfacet
  facet normal 2.628724e-04 1.000000e+00 -5.129458e-05
    outer loop
      vertex   -8.121132e+01 -4.891672e+00 1.647893e+02
      vertex   -8.364402e+01 -4.891070e+00 1.640667e+02
      vertex   -8.356416e+01 -4.891029e+00 1.652682e+02
    endloop
  endfacet
  facet normal 2.628724e-04 1.000000e+00 -5.129458e-05
    outer loop
      vertex   -8.121132e+01 -4.891672e+00 1.647893e+02
      vertex   -8.356416e+01 -4.891029e+00 1.652682e+02
      vertex   -8.317686e+01 -4.891072e+00 1.664083e+02
    endloop
  endfacet
  facet normal 2.628724e-04 1.000000e+00 -5.129458e-05
    outer loop
      vertex   -8.121132e+01 -4.891672e+00 1.647893e+02
      vertex   -8.317686e+01 -4.891072e+00 1.664083e+02
      vertex   -8.088218e+01 -4.891718e+00 1.655921e+02
    endloop
  endfacet
  facet normal 2.628724e-04 1.000000e+00 -5.129458e-05
    outer loop
      vertex   -8.088218e+01 -4.891718e+00 1.655921e+02
      vertex   -8.317686e+01 -4.891072e+00 1.664083e+02
      vertex   -8.250837e+01 -4.891197e+00 1.674099e+02
    endloop
  endfacet
  facet normal 2.628724e-04 1.000000e+00 -5.129458e-05
    outer loop
      vertex   -8.088218e+01 -4.891718e+00 1.655921e+02
      vertex   -8.250837e+01 -4.891197e+00 1.674099e+02
      vertex   -8.160399e+01 -4.891394e+00 1.682049e+02
    endloop
  endfacet
  facet normal 2.628724e-04 1.000000e+00 -5.129458e-05
    outer loop
      vertex   -8.088218e+01 -4.891718e+00 1.655921e+02
      vertex   -8.160399e+01 -4.891394e+00 1.682049e+02
      vertex   -8.027085e+01 -4.891847e+00 1.662079e+02
    endloop
  endfacet
  facet normal 2.628724e-04 1.000000e+00 -5.129458e-05
    outer loop
      vertex   -8.027085e+01 -4.891847e+00 1.662079e+02
      vertex   -8.160399e+01 -4.891394e+00 1.682049e+02
      vertex   -8.052504e+01 -4.891650e+00 1.687395e+02
    endloop
  endfacet
  facet normal 2.628724e-04 1.000000e+00 -5.129458e-05
    outer loop
      vertex   -8.027085e+01 -4.891847e+00 1.662079e+02
      vertex   -8.052504e+01 -4.891650e+00 1.687395e+02
      vertex   -7.947041e+01 -4.892040e+00 1.665429e+02
    endloop
  endfacet
  facet normal 2.628724e-04 1.000000e+00 -5.129458e-05
    outer loop
      vertex   -7.947041e+01 -4.892040e+00 1.665429e+02
      vertex   -8.052504e+01 -4.891650e+00 1.687395e+02
      vertex   -7.934466e+01 -4.891948e+00 1.689775e+02
    endloop
  endfacet
  facet normal 2.628724e-04 1.000000e+00 -5.129458e-05
    outer loop
      vertex   -7.947041e+01 -4.892040e+00 1.665429e+02
      vertex   -7.934466e+01 -4.891948e+00 1.689775e+02
      vertex   -7.860270e+01 -4.892268e+00 1.665460e+02
    endloop
  endfacet
  facet normal 2.628724e-04 1.000000e+00 -5.129458e-05
    outer loop
      vertex   -7.860270e+01 -4.892268e+00 1.665460e+02
      vertex   -7.934466e+01 -4.891948e+00 1.689775e+02
      vertex   -7.814285e+01 -4.892268e+00 1.689027e+02
    endloop
  endfacet
  facet normal 2.628724e-04 1.000000e+00 -5.129458e-05
    outer loop
      vertex   -7.860270e+01 -4.892268e+00 1.665460e+02
      vertex   -7.814285e+01 -4.892268e+00 1.689027e+02
      vertex   -7.700108e+01 -4.892588e+00 1.685202e+02
    endloop
  endfacet
  facet normal 2.628724e-04 1.000000e+00 -5.129458e-05
    outer loop
      vertex   -7.860270e+01 -4.892268e+00 1.665460e+02
      vertex   -7.700108e+01 -4.892588e+00 1.685202e+02
      vertex   -7.779983e+01 -4.892496e+00 1.662169e+02
    endloop
  endfacet
  facet normal 2.628724e-04 1.000000e+00 -5.129458e-05
    outer loop
      vertex   -7.779983e+01 -4.892496e+00 1.662169e+02
      vertex   -7.700108e+01 -4.892588e+00 1.685202e+02
      vertex   -7.599676e+01 -4.892886e+00 1.678559e+02
    endloop
  endfacet
  facet normal 2.628724e-04 1.000000e+00 -5.129458e-05
    outer loop
      vertex   -7.779983e+01 -4.892496e+00 1.662169e+02
      vertex   -7.599676e+01 -4.892886e+00 1.678559e+02
      vertex   -7.718404e+01 -4.892689e+00 1.656056e+02
    endloop
  endfacet
  facet normal 2.628724e-04 1.000000e+00 -5.129458e-05
    outer loop
      vertex   -7.718404e+01 -4.892689e+00 1.656056e+02
      vertex   -7.599676e+01 -4.892886e+00 1.678559e+02
      vertex   -7.519794e+01 -4.893142e+00 1.669549e+02
    endloop
  endfacet
  facet normal 2.628724e-04 1.000000e+00 -5.129458e-05
    outer loop
      vertex   -7.718404e+01 -4.892689e+00 1.656056e+02
      vertex   -7.519794e+01 -4.893142e+00 1.669549e+02
      vertex   -7.684906e+01 -4.892818e+00 1.648051e+02
    endloop
  endfacet
  facet normal 2.628724e-04 1.000000e+00 -5.129458e-05
    outer loop
      vertex   -7.684906e+01 -4.892818e+00 1.648051e+02
      vertex   -7.519794e+01 -4.893142e+00 1.669549e+02
      vertex   -7.465880e+01 -4.893339e+00 1.658782e+02
    endloop
  endfacet
  facet normal 2.628724e-04 1.000000e+00 -5.129458e-05
    outer loop
      vertex   -7.684906e+01 -4.892818e+00 1.648051e+02
      vertex   -7.465880e+01 -4.893339e+00 1.658782e+02
      vertex   -7.441586e+01 -4.893463e+00 1.646988e+02
    endloop
  endfacet
  facet normal 2.628724e-04 1.000000e+00 -5.129458e-05
    outer loop
      vertex   -7.684906e+01 -4.892818e+00 1.648051e+02
      vertex   -7.441586e+01 -4.893463e+00 1.646988e+02
      vertex   -7.684590e+01 -4.892863e+00 1.639374e+02
    endloop
  endfacet
  facet normal 2.628724e-04 1.000000e+00 -5.129458e-05
    outer loop
      vertex   -7.684590e+01 -4.892863e+00 1.639374e+02
      vertex   -7.441586e+01 -4.893463e+00 1.646988e+02
      vertex   -7.448561e+01 -4.893507e+00 1.634967e+02
    endloop
  endfacet
  facet normal 2.628724e-04 1.000000e+00 -5.129458e-05
    outer loop
      vertex   -7.684590e+01 -4.892863e+00 1.639374e+02
      vertex   -7.448561e+01 -4.893507e+00 1.634967e+02
      vertex   -7.486330e+01 -4.893466e+00 1.623533e+02
    endloop
  endfacet
  facet normal 2.628724e-04 1.000000e+00 -5.129458e-05
    outer loop
      vertex   -7.684590e+01 -4.892863e+00 1.639374e+02
      vertex   -7.486330e+01 -4.893466e+00 1.623533e+02
      vertex   -7.717504e+01 -4.892818e+00 1.631346e+02
    endloop
  endfacet
  facet normal 2.628724e-04 1.000000e+00 -5.129458e-05
    outer loop
      vertex   -7.717504e+01 -4.892818e+00 1.631346e+02
      vertex   -7.486330e+01 -4.893466e+00 1.623533e+02
      vertex   -7.552335e+01 -4.893344e+00 1.613462e+02
    endloop
  endfacet
  facet normal 2.628724e-04 1.000000e+00 -5.129458e-05
    outer loop
      vertex   -7.717504e+01 -4.892818e+00 1.631346e+02
      vertex   -7.552335e+01 -4.893344e+00 1.613462e+02
      vertex   -7.642100e+01 -4.893149e+00 1.605436e+02
    endloop
  endfacet
  facet normal 1.915190e-01 1.257111e-15 9.814889e-01
    outer loop
      vertex   -8.359922e+01 -4.891386e+00 1.581232e+02
      vertex   -7.713927e+01 -4.893149e+00 1.568626e+02
      vertex   -8.290582e+01 -4.005979e+00 1.579879e+02
    endloop
  endfacet
  facet normal 1.915190e-01 1.493901e-14 9.814889e-01
    outer loop
      vertex   -8.290582e+01 -4.005979e+00 1.579879e+02
      vertex   -7.713927e+01 -4.893149e+00 1.568626e+02
      vertex   -7.783220e+01 -4.007363e+00 1.569979e+02
    endloop
  endfacet
  facet normal 1.915190e-01 1.726699e-14 9.814889e-01
    outer loop
      vertex   -8.290582e+01 -4.005979e+00 1.579879e+02
      vertex   -7.783220e+01 -4.007363e+00 1.569979e+02
      vertex   -8.198708e+01 -3.368145e+00 1.578086e+02
    endloop
  endfacet
  facet normal 1.915190e-01 -3.566906e-14 9.814889e-01
    outer loop
      vertex   -8.198708e+01 -3.368145e+00 1.578086e+02
      vertex   -7.783220e+01 -4.007363e+00 1.569979e+02
      vertex   -7.875061e+01 -3.369028e+00 1.571771e+02
    endloop
  endfacet
  facet normal 1.915190e-01 5.021901e-14 9.814889e-01
    outer loop
      vertex   -8.198708e+01 -3.368145e+00 1.578086e+02
      vertex   -7.875061e+01 -3.369028e+00 1.571771e+02
      vertex   -8.092463e+01 -3.034559e+00 1.576013e+02
    endloop
  endfacet
  facet normal 1.915190e-01 5.137369e-14 9.814889e-01
    outer loop
      vertex   -8.092463e+01 -3.034559e+00 1.576013e+02
      vertex   -7.875061e+01 -3.369028e+00 1.571771e+02
      vertex   -7.981288e+01 -3.034862e+00 1.573844e+02
    endloop
  endfacet
  facet normal -8.225089e-01 5.687442e-01 -3.023629e-03
    outer loop
      vertex   -7.685006e+01 -8.692818e+00 1.648053e+02
      vertex   -7.636777e+01 -7.996901e+00 1.645109e+02
      vertex   -7.684690e+01 -8.692863e+00 1.639376e+02
    endloop
  endfacet
  facet normal -8.546206e-01 5.105983e-01 9.440913e-02
    outer loop
      vertex   -7.684690e+01 -8.692863e+00 1.639376e+02
      vertex   -7.636777e+01 -7.996901e+00 1.645109e+02
      vertex   -7.646413e+01 -7.996921e+00 1.636386e+02
    endloop
  endfacet
  facet normal -7.680124e-01 5.576791e-01 3.148824e-01
    outer loop
      vertex   -7.684690e+01 -8.692863e+00 1.639376e+02
      vertex   -7.646413e+01 -7.996921e+00 1.636386e+02
      vertex   -7.717604e+01 -8.692818e+00 1.631348e+02
    endloop
  endfacet
  facet normal -7.699419e-01 5.246677e-01 3.631987e-01
    outer loop
      vertex   -7.717604e+01 -8.692818e+00 1.631348e+02
      vertex   -7.646413e+01 -7.996921e+00 1.636386e+02
      vertex   -7.683849e+01 -7.996863e+00 1.628450e+02
    endloop
  endfacet
  facet normal -6.043328e-01 5.378582e-01 5.877843e-01
    outer loop
      vertex   -7.717604e+01 -8.692818e+00 1.631348e+02
      vertex   -7.683849e+01 -7.996863e+00 1.628450e+02
      vertex   -7.745027e+01 -7.996735e+00 1.622158e+02
    endloop
  endfacet
  facet normal -6.890942e-01 2.757544e-01 6.701557e-01
    outer loop
      vertex   -7.745027e+01 -7.996735e+00 1.622158e+02
      vertex   -7.683849e+01 -7.996863e+00 1.628450e+02
      vertex   -7.664919e+01 -7.205209e+00 1.627139e+02
    endloop
  endfacet
  facet normal -6.890942e-01 2.757544e-01 6.701557e-01
    outer loop
      vertex   -7.745027e+01 -7.996735e+00 1.622158e+02
      vertex   -7.664919e+01 -7.205209e+00 1.627139e+02
      vertex   -7.731377e+01 -7.205069e+00 1.620305e+02
    endloop
  endfacet
  facet normal -7.169186e-01 2.242185e-04 6.971568e-01
    outer loop
      vertex   -7.731377e+01 -7.205069e+00 1.620305e+02
      vertex   -7.664919e+01 -7.205209e+00 1.627139e+02
      vertex   -7.664897e+01 -6.380747e+00 1.627138e+02
    endloop
  endfacet
  facet normal -7.169186e-01 2.242185e-04 6.971568e-01
    outer loop
      vertex   -7.731377e+01 -7.205069e+00 1.620305e+02
      vertex   -7.664897e+01 -6.380747e+00 1.627138e+02
      vertex   -7.731355e+01 -6.380607e+00 1.620304e+02
    endloop
  endfacet
  facet normal -6.892391e-01 -2.753234e-01 6.701840e-01
    outer loop
      vertex   -7.731355e+01 -6.380607e+00 1.620304e+02
      vertex   -7.664897e+01 -6.380747e+00 1.627138e+02
      vertex   -7.683786e+01 -5.588980e+00 1.628448e+02
    endloop
  endfacet
  facet normal -6.892391e-01 -2.753234e-01 6.701840e-01
    outer loop
      vertex   -7.731355e+01 -6.380607e+00 1.620304e+02
      vertex   -7.683786e+01 -5.588980e+00 1.628448e+02
      vertex   -7.744963e+01 -5.588851e+00 1.622157e+02
    endloop
  endfacet
  facet normal -6.046155e-01 -5.374801e-01 5.878395e-01
    outer loop
      vertex   -7.744963e+01 -5.588851e+00 1.622157e+02
      vertex   -7.683786e+01 -5.588980e+00 1.628448e+02
      vertex   -7.717504e+01 -4.892818e+00 1.631346e+02
    endloop
  endfacet
  facet normal -5.950923e-01 -5.449624e-01 5.906615e-01
    outer loop
      vertex   -7.744963e+01 -5.588851e+00 1.622157e+02
      vertex   -7.717504e+01 -4.892818e+00 1.631346e+02
      vertex   -7.778637e+01 -4.892689e+00 1.625188e+02
    endloop
  endfacet
  facet normal -8.427326e-01 5.040309e-01 -1.890892e-01
    outer loop
      vertex   -7.636777e+01 -7.996901e+00 1.645109e+02
      vertex   -7.685006e+01 -8.692818e+00 1.648053e+02
      vertex   -7.655984e+01 -7.996807e+00 1.653671e+02
    endloop
  endfacet
  facet normal -7.569993e-01 5.714335e-01 -3.168846e-01
    outer loop
      vertex   -7.655984e+01 -7.996807e+00 1.653671e+02
      vertex   -7.685006e+01 -8.692818e+00 1.648053e+02
      vertex   -7.718504e+01 -8.692689e+00 1.656058e+02
    endloop
  endfacet
  facet normal -7.350190e-01 5.053066e-01 -4.521198e-01
    outer loop
      vertex   -7.655984e+01 -7.996807e+00 1.653671e+02
      vertex   -7.718504e+01 -8.692689e+00 1.656058e+02
      vertex   -7.701952e+01 -7.996648e+00 1.661146e+02
    endloop
  endfacet
  facet normal -5.807706e-01 5.659106e-01 -5.851929e-01
    outer loop
      vertex   -7.701952e+01 -7.996648e+00 1.661146e+02
      vertex   -7.718504e+01 -8.692689e+00 1.656058e+02
      vertex   -7.780083e+01 -8.692496e+00 1.662171e+02
    endloop
  endfacet
  facet normal -5.449566e-01 5.143625e-01 -6.621582e-01
    outer loop
      vertex   -7.701952e+01 -7.996648e+00 1.661146e+02
      vertex   -7.780083e+01 -8.692496e+00 1.662171e+02
      vertex   -7.769701e+01 -7.996441e+00 1.666724e+02
    endloop
  endfacet
  facet normal -3.161921e-01 5.518641e-01 -7.716661e-01
    outer loop
      vertex   -7.769701e+01 -7.996441e+00 1.666724e+02
      vertex   -7.780083e+01 -8.692496e+00 1.662171e+02
      vertex   -7.860370e+01 -8.692268e+00 1.665462e+02
    endloop
  endfacet
  facet normal -2.968925e-01 5.307342e-01 -7.938363e-01
    outer loop
      vertex   -7.769701e+01 -7.996441e+00 1.666724e+02
      vertex   -7.860370e+01 -8.692268e+00 1.665462e+02
      vertex   -7.851889e+01 -7.996209e+00 1.669799e+02
    endloop
  endfacet
  facet normal -2.304909e-02 5.306594e-01 -8.472717e-01
    outer loop
      vertex   -7.851889e+01 -7.996209e+00 1.669799e+02
      vertex   -7.860370e+01 -8.692268e+00 1.665462e+02
      vertex   -7.939609e+01 -7.995978e+00 1.670039e+02
    endloop
  endfacet
  facet normal -2.622768e-02 2.754965e-01 -9.609442e-01
    outer loop
      vertex   -7.851889e+01 -7.996209e+00 1.669799e+02
      vertex   -7.939609e+01 -7.995978e+00 1.670039e+02
      vertex   -7.942753e+01 -7.204247e+00 1.672317e+02
    endloop
  endfacet
  facet normal 2.872108e-01 2.754164e-01 -9.174180e-01
    outer loop
      vertex   -7.942753e+01 -7.204247e+00 1.672317e+02
      vertex   -7.939609e+01 -7.995978e+00 1.670039e+02
      vertex   -8.033728e+01 -7.204022e+00 1.669470e+02
    endloop
  endfacet
  facet normal 2.987011e-01 -1.274731e-04 -9.543467e-01
    outer loop
      vertex   -7.942753e+01 -7.204247e+00 1.672317e+02
      vertex   -8.033728e+01 -7.204022e+00 1.669470e+02
      vertex   -8.033706e+01 -6.379560e+00 1.669470e+02
    endloop
  endfacet
  facet normal 5.923925e-01 -1.970491e-04 -8.056495e-01
    outer loop
      vertex   -8.033706e+01 -6.379560e+00 1.669470e+02
      vertex   -8.033728e+01 -7.204022e+00 1.669470e+02
      vertex   -8.110506e+01 -6.379387e+00 1.663822e+02
    endloop
  endfacet
  facet normal 5.693885e-01 -2.757283e-01 -7.744486e-01
    outer loop
      vertex   -8.033706e+01 -6.379560e+00 1.669470e+02
      vertex   -8.110506e+01 -6.379387e+00 1.663822e+02
      vertex   -8.093991e+01 -5.587729e+00 1.662218e+02
    endloop
  endfacet
  facet normal 7.900012e-01 -2.757747e-01 -5.475824e-01
    outer loop
      vertex   -8.093991e+01 -5.587729e+00 1.662218e+02
      vertex   -8.110506e+01 -6.379387e+00 1.663822e+02
      vertex   -8.143980e+01 -5.587634e+00 1.655006e+02
    endloop
  endfacet
  facet normal 7.098229e-01 -5.040309e-01 -4.920410e-01
    outer loop
      vertex   -8.093991e+01 -5.587729e+00 1.662218e+02
      vertex   -8.143980e+01 -5.587634e+00 1.655006e+02
      vertex   -8.088218e+01 -4.891718e+00 1.655921e+02
    endloop
  endfacet
  facet normal 7.610337e-01 -5.687442e-01 -3.120220e-01
    outer loop
      vertex   -8.088218e+01 -4.891718e+00 1.655921e+02
      vertex   -8.143980e+01 -5.587634e+00 1.655006e+02
      vertex   -8.121132e+01 -4.891672e+00 1.647893e+02
    endloop
  endfacet
  facet normal 8.274193e-01 -5.105983e-01 -2.338092e-01
    outer loop
      vertex   -8.121132e+01 -4.891672e+00 1.647893e+02
      vertex   -8.143980e+01 -5.587634e+00 1.655006e+02
      vertex   -8.167841e+01 -5.587615e+00 1.646561e+02
    endloop
  endfacet
  facet normal 8.300510e-01 -5.576791e-01 3.050504e-03
    outer loop
      vertex   -8.121132e+01 -4.891672e+00 1.647893e+02
      vertex   -8.167841e+01 -5.587615e+00 1.646561e+02
      vertex   -8.120816e+01 -4.891718e+00 1.639215e+02
    endloop
  endfacet
  facet normal 8.500033e-01 -5.246677e-01 4.709699e-02
    outer loop
      vertex   -8.120816e+01 -4.891718e+00 1.639215e+02
      vertex   -8.167841e+01 -5.587615e+00 1.646561e+02
      vertex   -8.162990e+01 -5.587672e+00 1.637799e+02
    endloop
  endfacet
  facet normal 7.809756e-01 -5.378582e-01 3.174676e-01
    outer loop
      vertex   -8.120816e+01 -4.891718e+00 1.639215e+02
      vertex   -8.162990e+01 -5.587672e+00 1.637799e+02
      vertex   -8.129952e+01 -5.587801e+00 1.629670e+02
    endloop
  endfacet
  facet normal 8.904863e-01 -2.757544e-01 3.619304e-01
    outer loop
      vertex   -8.129952e+01 -5.587801e+00 1.629670e+02
      vertex   -8.162990e+01 -5.587672e+00 1.637799e+02
      vertex   -8.185460e+01 -6.379327e+00 1.637296e+02
    endloop
  endfacet
  facet normal 8.904863e-01 -2.757544e-01 3.619304e-01
    outer loop
      vertex   -8.129952e+01 -5.587801e+00 1.629670e+02
      vertex   -8.185460e+01 -6.379327e+00 1.637296e+02
      vertex   -8.149570e+01 -6.379466e+00 1.628465e+02
    endloop
  endfacet
  facet normal 9.264206e-01 -2.242185e-04 3.764903e-01
    outer loop
      vertex   -8.149570e+01 -6.379466e+00 1.628465e+02
      vertex   -8.185460e+01 -6.379327e+00 1.637296e+02
      vertex   -8.185481e+01 -7.203789e+00 1.637296e+02
    endloop
  endfacet
  facet normal 9.264206e-01 -2.242185e-04 3.764903e-01
    outer loop
      vertex   -8.149570e+01 -6.379466e+00 1.628465e+02
      vertex   -8.185481e+01 -7.203789e+00 1.637296e+02
      vertex   -8.149592e+01 -7.203928e+00 1.628465e+02
    endloop
  endfacet
  facet normal 8.906312e-01 2.753234e-01 3.619022e-01
    outer loop
      vertex   -8.149592e+01 -7.203928e+00 1.628465e+02
      vertex   -8.185481e+01 -7.203789e+00 1.637296e+02
      vertex   -8.163053e+01 -7.995556e+00 1.637800e+02
    endloop
  endfacet
  facet normal 8.906312e-01 2.753234e-01 3.619022e-01
    outer loop
      vertex   -8.149592e+01 -7.203928e+00 1.628465e+02
      vertex   -8.163053e+01 -7.995556e+00 1.637800e+02
      vertex   -8.130015e+01 -7.995684e+00 1.629671e+02
    endloop
  endfacet
  facet normal 7.812583e-01 5.374801e-01 3.174124e-01
    outer loop
      vertex   -8.130015e+01 -7.995684e+00 1.629671e+02
      vertex   -8.163053e+01 -7.995556e+00 1.637800e+02
      vertex   -8.120916e+01 -8.691717e+00 1.639217e+02
    endloop
  endfacet
  facet normal 7.734947e-01 5.449624e-01 3.236076e-01
    outer loop
      vertex   -8.130015e+01 -7.995684e+00 1.629671e+02
      vertex   -8.120916e+01 -8.691717e+00 1.639217e+02
      vertex   -8.087419e+01 -8.691847e+00 1.631213e+02
    endloop
  endfacet
  facet normal 3.180642e-03 5.517770e-01 -8.339857e-01
    outer loop
      vertex   -7.860370e+01 -8.692268e+00 1.665462e+02
      vertex   -7.947140e+01 -8.692040e+00 1.665431e+02
      vertex   -7.939609e+01 -7.995978e+00 1.670039e+02
    endloop
  endfacet
  facet normal 2.563127e-01 5.141439e-01 -8.185108e-01
    outer loop
      vertex   -7.939609e+01 -7.995978e+00 1.670039e+02
      vertex   -7.947140e+01 -8.692040e+00 1.665431e+02
      vertex   -8.023356e+01 -7.995771e+00 1.667418e+02
    endloop
  endfacet
  facet normal 2.872108e-01 2.754164e-01 -9.174180e-01
    outer loop
      vertex   -7.939609e+01 -7.995978e+00 1.670039e+02
      vertex   -8.023356e+01 -7.995771e+00 1.667418e+02
      vertex   -8.033728e+01 -7.204022e+00 1.669470e+02
    endloop
  endfacet
  facet normal 5.695334e-01 2.753495e-01 -7.744768e-01
    outer loop
      vertex   -8.033728e+01 -7.204022e+00 1.669470e+02
      vertex   -8.023356e+01 -7.995771e+00 1.667418e+02
      vertex   -8.110528e+01 -7.203849e+00 1.663823e+02
    endloop
  endfacet
  facet normal 5.923925e-01 -1.970491e-04 -8.056495e-01
    outer loop
      vertex   -8.033728e+01 -7.204022e+00 1.669470e+02
      vertex   -8.110528e+01 -7.203849e+00 1.663823e+02
      vertex   -8.110506e+01 -6.379387e+00 1.663822e+02
    endloop
  endfacet
  facet normal 8.218890e-01 -2.452718e-04 -5.696476e-01
    outer loop
      vertex   -8.110506e+01 -6.379387e+00 1.663822e+02
      vertex   -8.110528e+01 -7.203849e+00 1.663823e+02
      vertex   -8.164809e+01 -6.379285e+00 1.655988e+02
    endloop
  endfacet
  facet normal 7.900012e-01 -2.757747e-01 -5.475824e-01
    outer loop
      vertex   -8.110506e+01 -6.379387e+00 1.663822e+02
      vertex   -8.164809e+01 -6.379285e+00 1.655988e+02
      vertex   -8.143980e+01 -5.587634e+00 1.655006e+02
    endloop
  endfacet
  facet normal 9.249971e-01 -2.757955e-01 -2.613756e-01
    outer loop
      vertex   -8.143980e+01 -5.587634e+00 1.655006e+02
      vertex   -8.164809e+01 -6.379285e+00 1.655988e+02
      vertex   -8.167841e+01 -5.587615e+00 1.646561e+02
    endloop
  endfacet
  facet normal 3.184614e-01 5.656653e-01 -7.606610e-01
    outer loop
      vertex   -7.947140e+01 -8.692040e+00 1.665431e+02
      vertex   -8.027185e+01 -8.691847e+00 1.662081e+02
      vertex   -8.023356e+01 -7.995771e+00 1.667418e+02
    endloop
  endfacet
  facet normal 5.113909e-01 5.049665e-01 -6.953332e-01
    outer loop
      vertex   -8.023356e+01 -7.995771e+00 1.667418e+02
      vertex   -8.027185e+01 -8.691847e+00 1.662081e+02
      vertex   -8.094054e+01 -7.995612e+00 1.662219e+02
    endloop
  endfacet
  facet normal 5.695334e-01 2.753495e-01 -7.744768e-01
    outer loop
      vertex   -8.023356e+01 -7.995771e+00 1.667418e+02
      vertex   -8.094054e+01 -7.995612e+00 1.662219e+02
      vertex   -8.110528e+01 -7.203849e+00 1.663823e+02
    endloop
  endfacet
  facet normal 7.901461e-01 2.753031e-01 -5.476106e-01
    outer loop
      vertex   -8.110528e+01 -7.203849e+00 1.663823e+02
      vertex   -8.094054e+01 -7.995612e+00 1.662219e+02
      vertex   -8.164830e+01 -7.203747e+00 1.655988e+02
    endloop
  endfacet
  facet normal 8.218890e-01 -2.452718e-04 -5.696476e-01
    outer loop
      vertex   -8.110528e+01 -7.203849e+00 1.663823e+02
      vertex   -8.164830e+01 -7.203747e+00 1.655988e+02
      vertex   -8.164809e+01 -6.379285e+00 1.655988e+02
    endloop
  endfacet
  facet normal 9.623211e-01 -2.669155e-04 -2.719156e-01
    outer loop
      vertex   -8.164809e+01 -6.379285e+00 1.655988e+02
      vertex   -8.164830e+01 -7.203747e+00 1.655988e+02
      vertex   -8.190730e+01 -6.379264e+00 1.646814e+02
    endloop
  endfacet
  facet normal 9.249971e-01 -2.757955e-01 -2.613756e-01
    outer loop
      vertex   -8.164809e+01 -6.379285e+00 1.655988e+02
      vertex   -8.190730e+01 -6.379264e+00 1.646814e+02
      vertex   -8.167841e+01 -5.587615e+00 1.646561e+02
    endloop
  endfacet
  facet normal 9.597474e-01 -2.757885e-01 5.315684e-02
    outer loop
      vertex   -8.167841e+01 -5.587615e+00 1.646561e+02
      vertex   -8.190730e+01 -6.379264e+00 1.646814e+02
      vertex   -8.162990e+01 -5.587672e+00 1.637799e+02
    endloop
  endfacet
  facet normal 5.826348e-01 5.710679e-01 -5.782889e-01
    outer loop
      vertex   -8.027185e+01 -8.691847e+00 1.662081e+02
      vertex   -8.088318e+01 -8.691717e+00 1.655923e+02
      vertex   -8.094054e+01 -7.995612e+00 1.662219e+02
    endloop
  endfacet
  facet normal 7.100878e-01 5.036072e-01 -4.920927e-01
    outer loop
      vertex   -8.094054e+01 -7.995612e+00 1.662219e+02
      vertex   -8.088318e+01 -8.691717e+00 1.655923e+02
      vertex   -8.144043e+01 -7.995517e+00 1.655007e+02
    endloop
  endfacet
  facet normal 7.901461e-01 2.753031e-01 -5.476106e-01
    outer loop
      vertex   -8.094054e+01 -7.995612e+00 1.662219e+02
      vertex   -8.144043e+01 -7.995517e+00 1.655007e+02
      vertex   -8.164830e+01 -7.203747e+00 1.655988e+02
    endloop
  endfacet
  facet normal 9.251420e-01 2.752823e-01 -2.614038e-01
    outer loop
      vertex   -8.164830e+01 -7.203747e+00 1.655988e+02
      vertex   -8.144043e+01 -7.995517e+00 1.655007e+02
      vertex   -8.190751e+01 -7.203726e+00 1.646815e+02
    endloop
  endfacet
  facet normal 9.623211e-01 -2.669155e-04 -2.719156e-01
    outer loop
      vertex   -8.164830e+01 -7.203747e+00 1.655988e+02
      vertex   -8.190751e+01 -7.203726e+00 1.646815e+02
      vertex   -8.190730e+01 -6.379264e+00 1.646814e+02
    endloop
  endfacet
  facet normal 9.984707e-01 -2.596347e-04 5.528271e-02
    outer loop
      vertex   -8.190730e+01 -6.379264e+00 1.646814e+02
      vertex   -8.190751e+01 -7.203726e+00 1.646815e+02
      vertex   -8.185460e+01 -6.379327e+00 1.637296e+02
    endloop
  endfacet
  facet normal 9.597474e-01 -2.757885e-01 5.315684e-02
    outer loop
      vertex   -8.190730e+01 -6.379264e+00 1.646814e+02
      vertex   -8.185460e+01 -6.379327e+00 1.637296e+02
      vertex   -8.162990e+01 -5.587672e+00 1.637799e+02
    endloop
  endfacet
  facet normal 7.613326e-01 5.683120e-01 -3.120804e-01
    outer loop
      vertex   -8.088318e+01 -8.691717e+00 1.655923e+02
      vertex   -8.121232e+01 -8.691672e+00 1.647894e+02
      vertex   -8.144043e+01 -7.995517e+00 1.655007e+02
    endloop
  endfacet
  facet normal 8.276876e-01 5.101392e-01 -2.338615e-01
    outer loop
      vertex   -8.144043e+01 -7.995517e+00 1.655007e+02
      vertex   -8.121232e+01 -8.691672e+00 1.647894e+02
      vertex   -8.167904e+01 -7.995498e+00 1.646562e+02
    endloop
  endfacet
  facet normal 9.251420e-01 2.752823e-01 -2.614038e-01
    outer loop
      vertex   -8.144043e+01 -7.995517e+00 1.655007e+02
      vertex   -8.167904e+01 -7.995498e+00 1.646562e+02
      vertex   -8.190751e+01 -7.203726e+00 1.646815e+02
    endloop
  endfacet
  facet normal 9.598923e-01 2.752893e-01 5.312857e-02
    outer loop
      vertex   -8.190751e+01 -7.203726e+00 1.646815e+02
      vertex   -8.167904e+01 -7.995498e+00 1.646562e+02
      vertex   -8.185481e+01 -7.203789e+00 1.637296e+02
    endloop
  endfacet
  facet normal 9.984707e-01 -2.596347e-04 5.528271e-02
    outer loop
      vertex   -8.190751e+01 -7.203726e+00 1.646815e+02
      vertex   -8.185481e+01 -7.203789e+00 1.637296e+02
      vertex   -8.185460e+01 -6.379327e+00 1.637296e+02
    endloop
  endfacet
  facet normal 8.303441e-01 5.572429e-01 2.993315e-03
    outer loop
      vertex   -8.121232e+01 -8.691672e+00 1.647894e+02
      vertex   -8.120916e+01 -8.691717e+00 1.639217e+02
      vertex   -8.167904e+01 -7.995498e+00 1.646562e+02
    endloop
  endfacet
  facet normal 8.502790e-01 5.242256e-01 4.704319e-02
    outer loop
      vertex   -8.167904e+01 -7.995498e+00 1.646562e+02
      vertex   -8.120916e+01 -8.691717e+00 1.639217e+02
      vertex   -8.163053e+01 -7.995556e+00 1.637800e+02
    endloop
  endfacet
  facet normal 9.598923e-01 2.752893e-01 5.312857e-02
    outer loop
      vertex   -8.167904e+01 -7.995498e+00 1.646562e+02
      vertex   -8.163053e+01 -7.995556e+00 1.637800e+02
      vertex   -8.185481e+01 -7.203789e+00 1.637296e+02
    endloop
  endfacet
  facet normal 6.446383e-01 5.188143e-01 5.614919e-01
    outer loop
      vertex   -8.130015e+01 -7.995684e+00 1.629671e+02
      vertex   -8.087419e+01 -8.691847e+00 1.631213e+02
      vertex   -8.072370e+01 -7.995870e+00 1.623054e+02
    endloop
  endfacet
  facet normal 5.828381e-01 5.619838e-01 5.869190e-01
    outer loop
      vertex   -8.072370e+01 -7.995870e+00 1.623054e+02
      vertex   -8.087419e+01 -8.691847e+00 1.631213e+02
      vertex   -8.025839e+01 -8.692040e+00 1.625100e+02
    endloop
  endfacet
  facet normal 4.308653e-01 5.072491e-01 7.463601e-01
    outer loop
      vertex   -8.072370e+01 -7.995870e+00 1.623054e+02
      vertex   -8.025839e+01 -8.692040e+00 1.625100e+02
      vertex   -7.996365e+01 -7.996092e+00 1.618668e+02
    endloop
  endfacet
  facet normal 3.117237e-01 5.703022e-01 7.599893e-01
    outer loop
      vertex   -7.996365e+01 -7.996092e+00 1.618668e+02
      vertex   -8.025839e+01 -8.692040e+00 1.625100e+02
      vertex   -7.945553e+01 -8.692268e+00 1.621808e+02
    endloop
  endfacet
  facet normal 1.656173e-01 5.033790e-01 8.480451e-01
    outer loop
      vertex   -7.996365e+01 -7.996092e+00 1.618668e+02
      vertex   -7.945553e+01 -8.692268e+00 1.621808e+02
      vertex   -7.910236e+01 -7.996327e+00 1.616988e+02
    endloop
  endfacet
  facet normal -2.839946e-03 5.703881e-01 8.213704e-01
    outer loop
      vertex   -7.910236e+01 -7.996327e+00 1.616988e+02
      vertex   -7.945553e+01 -8.692268e+00 1.621808e+02
      vertex   -7.858782e+01 -8.692496e+00 1.621840e+02
    endloop
  endfacet
  facet normal -1.183984e-01 5.073990e-01 8.535386e-01
    outer loop
      vertex   -7.910236e+01 -7.996327e+00 1.616988e+02
      vertex   -7.858782e+01 -8.692496e+00 1.621840e+02
      vertex   -7.823317e+01 -7.996549e+00 1.618195e+02
    endloop
  endfacet
  facet normal -3.191354e-01 5.622299e-01 7.629221e-01
    outer loop
      vertex   -7.823317e+01 -7.996549e+00 1.618195e+02
      vertex   -7.858782e+01 -8.692496e+00 1.621840e+02
      vertex   -7.778737e+01 -8.692689e+00 1.625190e+02
    endloop
  endfacet
  facet normal -3.859839e-01 5.190955e-01 7.625984e-01
    outer loop
      vertex   -7.823317e+01 -7.996549e+00 1.618195e+02
      vertex   -7.778737e+01 -8.692689e+00 1.625190e+02
      vertex   -7.745027e+01 -7.996735e+00 1.622158e+02
    endloop
  endfacet
  facet normal -5.948057e-01 5.453358e-01 5.906056e-01
    outer loop
      vertex   -7.745027e+01 -7.996735e+00 1.622158e+02
      vertex   -7.778737e+01 -8.692689e+00 1.625190e+02
      vertex   -7.717604e+01 -8.692818e+00 1.631348e+02
    endloop
  endfacet
  facet normal -7.683055e-01 -5.572429e-01 3.149396e-01
    outer loop
      vertex   -7.717504e+01 -4.892818e+00 1.631346e+02
      vertex   -7.646350e+01 -5.589038e+00 1.636385e+02
      vertex   -7.684590e+01 -4.892863e+00 1.639374e+02
    endloop
  endfacet
  facet normal -8.548889e-01 -5.101392e-01 9.446149e-02
    outer loop
      vertex   -7.684590e+01 -4.892863e+00 1.639374e+02
      vertex   -7.646350e+01 -5.589038e+00 1.636385e+02
      vertex   -7.636714e+01 -5.589018e+00 1.645107e+02
    endloop
  endfacet
  facet normal -8.228078e-01 -5.683120e-01 -2.965304e-03
    outer loop
      vertex   -7.684590e+01 -4.892863e+00 1.639374e+02
      vertex   -7.636714e+01 -5.589018e+00 1.645107e+02
      vertex   -7.684906e+01 -4.892818e+00 1.648051e+02
    endloop
  endfacet
  facet normal -8.429974e-01 -5.036072e-01 -1.890375e-01
    outer loop
      vertex   -7.684906e+01 -4.892818e+00 1.648051e+02
      vertex   -7.636714e+01 -5.589018e+00 1.645107e+02
      vertex   -7.655920e+01 -5.588924e+00 1.653670e+02
    endloop
  endfacet
  facet normal -7.572996e-01 -5.710679e-01 -3.168260e-01
    outer loop
      vertex   -7.684906e+01 -4.892818e+00 1.648051e+02
      vertex   -7.655920e+01 -5.588924e+00 1.653670e+02
      vertex   -7.718404e+01 -4.892689e+00 1.656056e+02
    endloop
  endfacet
  facet normal -7.352845e-01 -5.049665e-01 -4.520680e-01
    outer loop
      vertex   -7.718404e+01 -4.892689e+00 1.656056e+02
      vertex   -7.655920e+01 -5.588924e+00 1.653670e+02
      vertex   -7.701889e+01 -5.588765e+00 1.661145e+02
    endloop
  endfacet
  facet normal -5.810680e-01 -5.656653e-01 -5.851348e-01
    outer loop
      vertex   -7.718404e+01 -4.892689e+00 1.656056e+02
      vertex   -7.701889e+01 -5.588765e+00 1.661145e+02
      vertex   -7.779983e+01 -4.892496e+00 1.662169e+02
    endloop
  endfacet
  facet normal -5.452270e-01 -5.141439e-01 -6.621054e-01
    outer loop
      vertex   -7.779983e+01 -4.892496e+00 1.662169e+02
      vertex   -7.701889e+01 -5.588765e+00 1.661145e+02
      vertex   -7.769638e+01 -5.588558e+00 1.666722e+02
    endloop
  endfacet
  facet normal -3.164822e-01 -5.517770e-01 -7.716095e-01
    outer loop
      vertex   -7.779983e+01 -4.892496e+00 1.662169e+02
      vertex   -7.769638e+01 -5.588558e+00 1.666722e+02
      vertex   -7.860270e+01 -4.892268e+00 1.665460e+02
    endloop
  endfacet
  facet normal -2.971715e-01 -5.306594e-01 -7.937819e-01
    outer loop
      vertex   -7.860270e+01 -4.892268e+00 1.665460e+02
      vertex   -7.769638e+01 -5.588558e+00 1.666722e+02
      vertex   -7.851826e+01 -5.588326e+00 1.669798e+02
    endloop
  endfacet
  facet normal -2.332810e-02 -5.307342e-01 -8.472172e-01
    outer loop
      vertex   -7.860270e+01 -4.892268e+00 1.665460e+02
      vertex   -7.851826e+01 -5.588326e+00 1.669798e+02
      vertex   -7.939546e+01 -5.588094e+00 1.670038e+02
    endloop
  endfacet
  facet normal -2.637254e-02 -2.755813e-01 -9.609159e-01
    outer loop
      vertex   -7.939546e+01 -5.588094e+00 1.670038e+02
      vertex   -7.851826e+01 -5.588326e+00 1.669798e+02
      vertex   -7.847440e+01 -6.380037e+00 1.672056e+02
    endloop
  endfacet
  facet normal -2.637254e-02 -2.755813e-01 -9.609159e-01
    outer loop
      vertex   -7.939546e+01 -5.588094e+00 1.670038e+02
      vertex   -7.847440e+01 -6.380037e+00 1.672056e+02
      vertex   -7.942731e+01 -6.379785e+00 1.672317e+02
    endloop
  endfacet
  facet normal -2.735919e-02 -4.408341e-05 -9.996257e-01
    outer loop
      vertex   -7.942731e+01 -6.379785e+00 1.672317e+02
      vertex   -7.847440e+01 -6.380037e+00 1.672056e+02
      vertex   -7.847462e+01 -7.204499e+00 1.672057e+02
    endloop
  endfacet
  facet normal -2.735919e-02 -4.408341e-05 -9.996257e-01
    outer loop
      vertex   -7.942731e+01 -6.379785e+00 1.672317e+02
      vertex   -7.847462e+01 -7.204499e+00 1.672057e+02
      vertex   -7.942753e+01 -7.204247e+00 1.672317e+02
    endloop
  endfacet
  facet normal -2.622768e-02 2.754965e-01 -9.609442e-01
    outer loop
      vertex   -7.942753e+01 -7.204247e+00 1.672317e+02
      vertex   -7.847462e+01 -7.204499e+00 1.672057e+02
      vertex   -7.851889e+01 -7.996209e+00 1.669799e+02
    endloop
  endfacet
  facet normal -3.862567e-01 -5.188143e-01 7.626516e-01
    outer loop
      vertex   -7.744963e+01 -5.588851e+00 1.622157e+02
      vertex   -7.778637e+01 -4.892689e+00 1.625188e+02
      vertex   -7.823254e+01 -5.588666e+00 1.618193e+02
    endloop
  endfacet
  facet normal -3.194309e-01 -5.619838e-01 7.629798e-01
    outer loop
      vertex   -7.823254e+01 -5.588666e+00 1.618193e+02
      vertex   -7.778637e+01 -4.892689e+00 1.625188e+02
      vertex   -7.858682e+01 -4.892496e+00 1.621838e+02
    endloop
  endfacet
  facet normal -1.186652e-01 -5.072491e-01 8.535906e-01
    outer loop
      vertex   -7.823254e+01 -5.588666e+00 1.618193e+02
      vertex   -7.858682e+01 -4.892496e+00 1.621838e+02
      vertex   -7.910173e+01 -5.588444e+00 1.616986e+02
    endloop
  endfacet
  facet normal -3.139802e-03 -5.703022e-01 8.214290e-01
    outer loop
      vertex   -7.910173e+01 -5.588444e+00 1.616986e+02
      vertex   -7.858682e+01 -4.892496e+00 1.621838e+02
      vertex   -7.945453e+01 -4.892268e+00 1.621806e+02
    endloop
  endfacet
  facet normal 1.653527e-01 -5.033790e-01 8.480967e-01
    outer loop
      vertex   -7.910173e+01 -5.588444e+00 1.616986e+02
      vertex   -7.945453e+01 -4.892268e+00 1.621806e+02
      vertex   -7.996302e+01 -5.588209e+00 1.618667e+02
    endloop
  endfacet
  facet normal 3.114238e-01 -5.703881e-01 7.600478e-01
    outer loop
      vertex   -7.996302e+01 -5.588209e+00 1.618667e+02
      vertex   -7.945453e+01 -4.892268e+00 1.621806e+02
      vertex   -8.025739e+01 -4.892040e+00 1.625098e+02
    endloop
  endfacet
  facet normal 4.305986e-01 -5.073990e-01 7.464122e-01
    outer loop
      vertex   -7.996302e+01 -5.588209e+00 1.618667e+02
      vertex   -8.025739e+01 -4.892040e+00 1.625098e+02
      vertex   -8.072307e+01 -5.587986e+00 1.623053e+02
    endloop
  endfacet
  facet normal 5.825426e-01 -5.622299e-01 5.869767e-01
    outer loop
      vertex   -8.072307e+01 -5.587986e+00 1.623053e+02
      vertex   -8.025739e+01 -4.892040e+00 1.625098e+02
      vertex   -8.087319e+01 -4.891847e+00 1.631211e+02
    endloop
  endfacet
  facet normal 6.443655e-01 -5.190955e-01 5.615452e-01
    outer loop
      vertex   -8.072307e+01 -5.587986e+00 1.623053e+02
      vertex   -8.087319e+01 -4.891847e+00 1.631211e+02
      vertex   -8.129952e+01 -5.587801e+00 1.629670e+02
    endloop
  endfacet
  facet normal 7.732081e-01 -5.453358e-01 3.236636e-01
    outer loop
      vertex   -8.129952e+01 -5.587801e+00 1.629670e+02
      vertex   -8.087319e+01 -4.891847e+00 1.631211e+02
      vertex   -8.120816e+01 -4.891718e+00 1.639215e+02
    endloop
  endfacet
  facet normal 5.823345e-01 -5.714335e-01 -5.782303e-01
    outer loop
      vertex   -8.088218e+01 -4.891718e+00 1.655921e+02
      vertex   -8.027085e+01 -4.891847e+00 1.662079e+02
      vertex   -8.093991e+01 -5.587729e+00 1.662218e+02
    endloop
  endfacet
  facet normal 5.111253e-01 -5.053066e-01 -6.952813e-01
    outer loop
      vertex   -8.093991e+01 -5.587729e+00 1.662218e+02
      vertex   -8.027085e+01 -4.891847e+00 1.662079e+02
      vertex   -8.023293e+01 -5.587888e+00 1.667417e+02
    endloop
  endfacet
  facet normal 5.693885e-01 -2.757283e-01 -7.744486e-01
    outer loop
      vertex   -8.093991e+01 -5.587729e+00 1.662218e+02
      vertex   -8.023293e+01 -5.587888e+00 1.667417e+02
      vertex   -8.033706e+01 -6.379560e+00 1.669470e+02
    endloop
  endfacet
  facet normal 2.870659e-01 -2.756614e-01 -9.173897e-01
    outer loop
      vertex   -8.033706e+01 -6.379560e+00 1.669470e+02
      vertex   -8.023293e+01 -5.587888e+00 1.667417e+02
      vertex   -7.942731e+01 -6.379785e+00 1.672317e+02
    endloop
  endfacet
  facet normal 2.987011e-01 -1.274731e-04 -9.543467e-01
    outer loop
      vertex   -8.033706e+01 -6.379560e+00 1.669470e+02
      vertex   -7.942731e+01 -6.379785e+00 1.672317e+02
      vertex   -7.942753e+01 -7.204247e+00 1.672317e+02
    endloop
  endfacet
  facet normal 3.181639e-01 -5.659106e-01 -7.606029e-01
    outer loop
      vertex   -8.027085e+01 -4.891847e+00 1.662079e+02
      vertex   -7.947041e+01 -4.892040e+00 1.665429e+02
      vertex   -8.023293e+01 -5.587888e+00 1.667417e+02
    endloop
  endfacet
  facet normal 2.560424e-01 -5.143625e-01 -8.184580e-01
    outer loop
      vertex   -8.023293e+01 -5.587888e+00 1.667417e+02
      vertex   -7.947041e+01 -4.892040e+00 1.665429e+02
      vertex   -7.939546e+01 -5.588094e+00 1.670038e+02
    endloop
  endfacet
  facet normal 2.870659e-01 -2.756614e-01 -9.173897e-01
    outer loop
      vertex   -8.023293e+01 -5.587888e+00 1.667417e+02
      vertex   -7.939546e+01 -5.588094e+00 1.670038e+02
      vertex   -7.942731e+01 -6.379785e+00 1.672317e+02
    endloop
  endfacet
  facet normal 2.890525e-03 -5.518641e-01 -8.339290e-01
    outer loop
      vertex   -7.947041e+01 -4.892040e+00 1.665429e+02
      vertex   -7.860270e+01 -4.892268e+00 1.665460e+02
      vertex   -7.939546e+01 -5.588094e+00 1.670038e+02
    endloop
  endfacet
  facet normal -3.368161e-01 2.755813e-01 -9.003387e-01
    outer loop
      vertex   -7.851889e+01 -7.996209e+00 1.669799e+02
      vertex   -7.847462e+01 -7.204499e+00 1.672057e+02
      vertex   -7.769701e+01 -7.996441e+00 1.666724e+02
    endloop
  endfacet
  facet normal -3.368161e-01 2.755813e-01 -9.003387e-01
    outer loop
      vertex   -7.769701e+01 -7.996441e+00 1.666724e+02
      vertex   -7.847462e+01 -7.204499e+00 1.672057e+02
      vertex   -7.758181e+01 -7.204751e+00 1.668716e+02
    endloop
  endfacet
  facet normal -6.108975e-01 2.756614e-01 -7.421691e-01
    outer loop
      vertex   -7.769701e+01 -7.996441e+00 1.666724e+02
      vertex   -7.758181e+01 -7.204751e+00 1.668716e+02
      vertex   -7.701952e+01 -7.996648e+00 1.661146e+02
    endloop
  endfacet
  facet normal -6.108975e-01 2.756614e-01 -7.421691e-01
    outer loop
      vertex   -7.701952e+01 -7.996648e+00 1.661146e+02
      vertex   -7.758181e+01 -7.204751e+00 1.668716e+02
      vertex   -7.684585e+01 -7.204975e+00 1.662657e+02
    endloop
  endfacet
  facet normal -8.187708e-01 2.757283e-01 -5.035755e-01
    outer loop
      vertex   -7.701952e+01 -7.996648e+00 1.661146e+02
      vertex   -7.684585e+01 -7.204975e+00 1.662657e+02
      vertex   -7.655984e+01 -7.996807e+00 1.653671e+02
    endloop
  endfacet
  facet normal -8.187708e-01 2.757283e-01 -5.035755e-01
    outer loop
      vertex   -7.655984e+01 -7.996807e+00 1.653671e+02
      vertex   -7.684585e+01 -7.204975e+00 1.662657e+02
      vertex   -7.634649e+01 -7.205148e+00 1.654537e+02
    endloop
  endfacet
  facet normal -9.379097e-01 2.757747e-01 -2.104132e-01
    outer loop
      vertex   -7.655984e+01 -7.996807e+00 1.653671e+02
      vertex   -7.634649e+01 -7.205148e+00 1.654537e+02
      vertex   -7.636777e+01 -7.996901e+00 1.645109e+02
    endloop
  endfacet
  facet normal -9.379097e-01 2.757747e-01 -2.104132e-01
    outer loop
      vertex   -7.636777e+01 -7.996901e+00 1.645109e+02
      vertex   -7.634649e+01 -7.205148e+00 1.654537e+02
      vertex   -7.613784e+01 -7.205251e+00 1.645235e+02
    endloop
  endfacet
  facet normal -9.554037e-01 2.757955e-01 1.055491e-01
    outer loop
      vertex   -7.636777e+01 -7.996901e+00 1.645109e+02
      vertex   -7.613784e+01 -7.205251e+00 1.645235e+02
      vertex   -7.646413e+01 -7.996921e+00 1.636386e+02
    endloop
  endfacet
  facet normal -9.554037e-01 2.757955e-01 1.055491e-01
    outer loop
      vertex   -7.646413e+01 -7.996921e+00 1.636386e+02
      vertex   -7.613784e+01 -7.205251e+00 1.645235e+02
      vertex   -7.624253e+01 -7.205272e+00 1.635760e+02
    endloop
  endfacet
  facet normal -8.693570e-01 2.757885e-01 4.100720e-01
    outer loop
      vertex   -7.646413e+01 -7.996921e+00 1.636386e+02
      vertex   -7.624253e+01 -7.205272e+00 1.635760e+02
      vertex   -7.683849e+01 -7.996863e+00 1.628450e+02
    endloop
  endfacet
  facet normal -8.693570e-01 2.757885e-01 4.100720e-01
    outer loop
      vertex   -7.683849e+01 -7.996863e+00 1.628450e+02
      vertex   -7.624253e+01 -7.205272e+00 1.635760e+02
      vertex   -7.664919e+01 -7.205209e+00 1.627139e+02
    endloop
  endfacet
  facet normal -3.504547e-01 4.408341e-05 -9.365797e-01
    outer loop
      vertex   -7.847462e+01 -7.204499e+00 1.672057e+02
      vertex   -7.847440e+01 -6.380037e+00 1.672056e+02
      vertex   -7.758181e+01 -7.204751e+00 1.668716e+02
    endloop
  endfacet
  facet normal -3.504547e-01 4.408341e-05 -9.365797e-01
    outer loop
      vertex   -7.758181e+01 -7.204751e+00 1.668716e+02
      vertex   -7.847440e+01 -6.380037e+00 1.672056e+02
      vertex   -7.758159e+01 -6.380289e+00 1.668715e+02
    endloop
  endfacet
  facet normal -6.355730e-01 1.274731e-04 -7.720408e-01
    outer loop
      vertex   -7.758181e+01 -7.204751e+00 1.668716e+02
      vertex   -7.758159e+01 -6.380289e+00 1.668715e+02
      vertex   -7.684585e+01 -7.204975e+00 1.662657e+02
    endloop
  endfacet
  facet normal -6.355730e-01 1.274731e-04 -7.720408e-01
    outer loop
      vertex   -7.684585e+01 -7.204975e+00 1.662657e+02
      vertex   -7.758159e+01 -6.380289e+00 1.668715e+02
      vertex   -7.684563e+01 -6.380513e+00 1.662657e+02
    endloop
  endfacet
  facet normal -8.518171e-01 1.970491e-04 -5.238392e-01
    outer loop
      vertex   -7.684585e+01 -7.204975e+00 1.662657e+02
      vertex   -7.684563e+01 -6.380513e+00 1.662657e+02
      vertex   -7.634649e+01 -7.205148e+00 1.654537e+02
    endloop
  endfacet
  facet normal -8.518171e-01 1.970491e-04 -5.238392e-01
    outer loop
      vertex   -7.634649e+01 -7.205148e+00 1.654537e+02
      vertex   -7.684563e+01 -6.380513e+00 1.662657e+02
      vertex   -7.634627e+01 -6.380686e+00 1.654537e+02
    endloop
  endfacet
  facet normal -9.757536e-01 2.452718e-04 -2.188716e-01
    outer loop
      vertex   -7.634649e+01 -7.205148e+00 1.654537e+02
      vertex   -7.634627e+01 -6.380686e+00 1.654537e+02
      vertex   -7.613784e+01 -7.205251e+00 1.645235e+02
    endloop
  endfacet
  facet normal -9.757536e-01 2.452718e-04 -2.188716e-01
    outer loop
      vertex   -7.613784e+01 -7.205251e+00 1.645235e+02
      vertex   -7.634627e+01 -6.380686e+00 1.654537e+02
      vertex   -7.613763e+01 -6.380789e+00 1.645235e+02
    endloop
  endfacet
  facet normal -9.939521e-01 2.669155e-04 1.098142e-01
    outer loop
      vertex   -7.613784e+01 -7.205251e+00 1.645235e+02
      vertex   -7.613763e+01 -6.380789e+00 1.645235e+02
      vertex   -7.624253e+01 -7.205272e+00 1.635760e+02
    endloop
  endfacet
  facet normal -9.939521e-01 2.669155e-04 1.098142e-01
    outer loop
      vertex   -7.624253e+01 -7.205272e+00 1.635760e+02
      vertex   -7.613763e+01 -6.380789e+00 1.645235e+02
      vertex   -7.624231e+01 -6.380810e+00 1.635760e+02
    endloop
  endfacet
  facet normal -9.044404e-01 2.596347e-04 4.265999e-01
    outer loop
      vertex   -7.624253e+01 -7.205272e+00 1.635760e+02
      vertex   -7.624231e+01 -6.380810e+00 1.635760e+02
      vertex   -7.664919e+01 -7.205209e+00 1.627139e+02
    endloop
  endfacet
  facet normal -9.044404e-01 2.596347e-04 4.265999e-01
    outer loop
      vertex   -7.664919e+01 -7.205209e+00 1.627139e+02
      vertex   -7.624231e+01 -6.380810e+00 1.635760e+02
      vertex   -7.664897e+01 -6.380747e+00 1.627138e+02
    endloop
  endfacet
  facet normal -3.369610e-01 -2.754965e-01 -9.003105e-01
    outer loop
      vertex   -7.847440e+01 -6.380037e+00 1.672056e+02
      vertex   -7.851826e+01 -5.588326e+00 1.669798e+02
      vertex   -7.758159e+01 -6.380289e+00 1.668715e+02
    endloop
  endfacet
  facet normal -3.369610e-01 -2.754965e-01 -9.003105e-01
    outer loop
      vertex   -7.758159e+01 -6.380289e+00 1.668715e+02
      vertex   -7.851826e+01 -5.588326e+00 1.669798e+02
      vertex   -7.769638e+01 -5.588558e+00 1.666722e+02
    endloop
  endfacet
  facet normal -6.110424e-01 -2.754164e-01 -7.421409e-01
    outer loop
      vertex   -7.758159e+01 -6.380289e+00 1.668715e+02
      vertex   -7.769638e+01 -5.588558e+00 1.666722e+02
      vertex   -7.684563e+01 -6.380513e+00 1.662657e+02
    endloop
  endfacet
  facet normal -6.110424e-01 -2.754164e-01 -7.421409e-01
    outer loop
      vertex   -7.684563e+01 -6.380513e+00 1.662657e+02
      vertex   -7.769638e+01 -5.588558e+00 1.666722e+02
      vertex   -7.701889e+01 -5.588765e+00 1.661145e+02
    endloop
  endfacet
  facet normal -8.189156e-01 -2.753495e-01 -5.035472e-01
    outer loop
      vertex   -7.684563e+01 -6.380513e+00 1.662657e+02
      vertex   -7.701889e+01 -5.588765e+00 1.661145e+02
      vertex   -7.634627e+01 -6.380686e+00 1.654537e+02
    endloop
  endfacet
  facet normal -8.189156e-01 -2.753495e-01 -5.035472e-01
    outer loop
      vertex   -7.634627e+01 -6.380686e+00 1.654537e+02
      vertex   -7.701889e+01 -5.588765e+00 1.661145e+02
      vertex   -7.655920e+01 -5.588924e+00 1.653670e+02
    endloop
  endfacet
  facet normal -9.380546e-01 -2.753031e-01 -2.103849e-01
    outer loop
      vertex   -7.634627e+01 -6.380686e+00 1.654537e+02
      vertex   -7.655920e+01 -5.588924e+00 1.653670e+02
      vertex   -7.613763e+01 -6.380789e+00 1.645235e+02
    endloop
  endfacet
  facet normal -9.380546e-01 -2.753031e-01 -2.103849e-01
    outer loop
      vertex   -7.613763e+01 -6.380789e+00 1.645235e+02
      vertex   -7.655920e+01 -5.588924e+00 1.653670e+02
      vertex   -7.636714e+01 -5.589018e+00 1.645107e+02
    endloop
  endfacet
  facet normal -9.555486e-01 -2.752823e-01 1.055774e-01
    outer loop
      vertex   -7.613763e+01 -6.380789e+00 1.645235e+02
      vertex   -7.636714e+01 -5.589018e+00 1.645107e+02
      vertex   -7.624231e+01 -6.380810e+00 1.635760e+02
    endloop
  endfacet
  facet normal -9.555486e-01 -2.752823e-01 1.055774e-01
    outer loop
      vertex   -7.624231e+01 -6.380810e+00 1.635760e+02
      vertex   -7.636714e+01 -5.589018e+00 1.645107e+02
      vertex   -7.646350e+01 -5.589038e+00 1.636385e+02
    endloop
  endfacet
  facet normal -8.695019e-01 -2.752893e-01 4.101003e-01
    outer loop
      vertex   -7.624231e+01 -6.380810e+00 1.635760e+02
      vertex   -7.646350e+01 -5.589038e+00 1.636385e+02
      vertex   -7.664897e+01 -6.380747e+00 1.627138e+02
    endloop
  endfacet
  facet normal -8.695019e-01 -2.752893e-01 4.101003e-01
    outer loop
      vertex   -7.664897e+01 -6.380747e+00 1.627138e+02
      vertex   -7.646350e+01 -5.589038e+00 1.636385e+02
      vertex   -7.683786e+01 -5.588980e+00 1.628448e+02
    endloop
  endfacet
  facet normal 7.248642e-01 2.753808e-01 6.314565e-01
    outer loop
      vertex   -8.149592e+01 -7.203928e+00 1.628465e+02
      vertex   -8.130015e+01 -7.995684e+00 1.629671e+02
      vertex   -8.086972e+01 -7.204130e+00 1.621278e+02
    endloop
  endfacet
  facet normal 7.248642e-01 2.753808e-01 6.314565e-01
    outer loop
      vertex   -8.086972e+01 -7.204130e+00 1.621278e+02
      vertex   -8.130015e+01 -7.995684e+00 1.629671e+02
      vertex   -8.072370e+01 -7.995870e+00 1.623054e+02
    endloop
  endfacet
  facet normal 4.805548e-01 2.754553e-01 8.325812e-01
    outer loop
      vertex   -8.086972e+01 -7.204130e+00 1.621278e+02
      vertex   -8.072370e+01 -7.995870e+00 1.623054e+02
      vertex   -8.004407e+01 -7.204371e+00 1.616513e+02
    endloop
  endfacet
  facet normal 4.805548e-01 2.754553e-01 8.325812e-01
    outer loop
      vertex   -8.004407e+01 -7.204371e+00 1.616513e+02
      vertex   -8.072370e+01 -7.995870e+00 1.623054e+02
      vertex   -7.996365e+01 -7.996092e+00 1.618668e+02
    endloop
  endfacet
  facet normal 1.841777e-01 2.755389e-01 9.434813e-01
    outer loop
      vertex   -8.004407e+01 -7.204371e+00 1.616513e+02
      vertex   -7.996365e+01 -7.996092e+00 1.618668e+02
      vertex   -7.910845e+01 -7.204626e+00 1.614687e+02
    endloop
  endfacet
  facet normal 1.841777e-01 2.755389e-01 9.434813e-01
    outer loop
      vertex   -7.910845e+01 -7.204626e+00 1.614687e+02
      vertex   -7.996365e+01 -7.996092e+00 1.618668e+02
      vertex   -7.910236e+01 -7.996327e+00 1.616988e+02
    endloop
  endfacet
  facet normal -1.321500e-01 2.756225e-01 9.521390e-01
    outer loop
      vertex   -7.910845e+01 -7.204626e+00 1.614687e+02
      vertex   -7.910236e+01 -7.996327e+00 1.616988e+02
      vertex   -7.816424e+01 -7.204868e+00 1.615999e+02
    endloop
  endfacet
  facet normal -1.321500e-01 2.756225e-01 9.521390e-01
    outer loop
      vertex   -7.816424e+01 -7.204868e+00 1.615999e+02
      vertex   -7.910236e+01 -7.996327e+00 1.616988e+02
      vertex   -7.823317e+01 -7.996549e+00 1.618195e+02
    endloop
  endfacet
  facet normal -4.341495e-01 2.756970e-01 8.576161e-01
    outer loop
      vertex   -7.816424e+01 -7.204868e+00 1.615999e+02
      vertex   -7.823317e+01 -7.996549e+00 1.618195e+02
      vertex   -7.731377e+01 -7.205069e+00 1.620305e+02
    endloop
  endfacet
  facet normal -4.341495e-01 2.756970e-01 8.576161e-01
    outer loop
      vertex   -7.731377e+01 -7.205069e+00 1.620305e+02
      vertex   -7.823317e+01 -7.996549e+00 1.618195e+02
      vertex   -7.745027e+01 -7.996735e+00 1.622158e+02
    endloop
  endfacet
  facet normal 7.539784e-01 -1.645047e-04 6.568992e-01
    outer loop
      vertex   -8.149570e+01 -6.379466e+00 1.628465e+02
      vertex   -8.149592e+01 -7.203928e+00 1.628465e+02
      vertex   -8.086950e+01 -6.379668e+00 1.621277e+02
    endloop
  endfacet
  facet normal 7.539784e-01 -1.645047e-04 6.568992e-01
    outer loop
      vertex   -8.086950e+01 -6.379668e+00 1.621277e+02
      vertex   -8.149592e+01 -7.203928e+00 1.628465e+02
      vertex   -8.086972e+01 -7.204130e+00 1.621278e+02
    endloop
  endfacet
  facet normal 4.998309e-01 -8.696433e-05 8.661230e-01
    outer loop
      vertex   -8.086950e+01 -6.379668e+00 1.621277e+02
      vertex   -8.086972e+01 -7.204130e+00 1.621278e+02
      vertex   -8.004385e+01 -6.379909e+00 1.616513e+02
    endloop
  endfacet
  facet normal 4.998309e-01 -8.696433e-05 8.661230e-01
    outer loop
      vertex   -8.004385e+01 -6.379909e+00 1.616513e+02
      vertex   -8.086972e+01 -7.204130e+00 1.621278e+02
      vertex   -8.004407e+01 -7.204371e+00 1.616513e+02
    endloop
  endfacet
  facet normal 1.915190e-01 -3.859462e-15 9.814889e-01
    outer loop
      vertex   -8.004385e+01 -6.379909e+00 1.616513e+02
      vertex   -8.004407e+01 -7.204371e+00 1.616513e+02
      vertex   -7.910823e+01 -6.380164e+00 1.614687e+02
    endloop
  endfacet
  facet normal 1.915190e-01 -3.859471e-15 9.814889e-01
    outer loop
      vertex   -7.910823e+01 -6.380164e+00 1.614687e+02
      vertex   -8.004407e+01 -7.204371e+00 1.616513e+02
      vertex   -7.910845e+01 -7.204626e+00 1.614687e+02
    endloop
  endfacet
  facet normal -1.375469e-01 8.696433e-05 9.904952e-01
    outer loop
      vertex   -7.910823e+01 -6.380164e+00 1.614687e+02
      vertex   -7.910845e+01 -7.204626e+00 1.614687e+02
      vertex   -7.816402e+01 -6.380406e+00 1.615998e+02
    endloop
  endfacet
  facet normal -1.375469e-01 8.696433e-05 9.904952e-01
    outer loop
      vertex   -7.816402e+01 -6.380406e+00 1.615998e+02
      vertex   -7.910845e+01 -7.204626e+00 1.614687e+02
      vertex   -7.816424e+01 -7.204868e+00 1.615999e+02
    endloop
  endfacet
  facet normal -4.517075e-01 1.645047e-04 8.921661e-01
    outer loop
      vertex   -7.816402e+01 -6.380406e+00 1.615998e+02
      vertex   -7.816424e+01 -7.204868e+00 1.615999e+02
      vertex   -7.731355e+01 -6.380607e+00 1.620304e+02
    endloop
  endfacet
  facet normal -4.517075e-01 1.645047e-04 8.921661e-01
    outer loop
      vertex   -7.731355e+01 -6.380607e+00 1.620304e+02
      vertex   -7.816424e+01 -7.204868e+00 1.615999e+02
      vertex   -7.731377e+01 -7.205069e+00 1.620305e+02
    endloop
  endfacet
  facet normal 7.247194e-01 -2.756970e-01 6.314848e-01
    outer loop
      vertex   -8.129952e+01 -5.587801e+00 1.629670e+02
      vertex   -8.149570e+01 -6.379466e+00 1.628465e+02
      vertex   -8.072307e+01 -5.587986e+00 1.623053e+02
    endloop
  endfacet
  facet normal 7.247194e-01 -2.756970e-01 6.314848e-01
    outer loop
      vertex   -8.072307e+01 -5.587986e+00 1.623053e+02
      vertex   -8.149570e+01 -6.379466e+00 1.628465e+02
      vertex   -8.086950e+01 -6.379668e+00 1.621277e+02
    endloop
  endfacet
  facet normal 4.804100e-01 -2.756225e-01 8.326094e-01
    outer loop
      vertex   -8.072307e+01 -5.587986e+00 1.623053e+02
      vertex   -8.086950e+01 -6.379668e+00 1.621277e+02
      vertex   -7.996302e+01 -5.588209e+00 1.618667e+02
    endloop
  endfacet
  facet normal 4.804100e-01 -2.756225e-01 8.326094e-01
    outer loop
      vertex   -7.996302e+01 -5.588209e+00 1.618667e+02
      vertex   -8.086950e+01 -6.379668e+00 1.621277e+02
      vertex   -8.004385e+01 -6.379909e+00 1.616513e+02
    endloop
  endfacet
  facet normal 1.840329e-01 -2.755389e-01 9.435095e-01
    outer loop
      vertex   -7.996302e+01 -5.588209e+00 1.618667e+02
      vertex   -8.004385e+01 -6.379909e+00 1.616513e+02
      vertex   -7.910173e+01 -5.588444e+00 1.616986e+02
    endloop
  endfacet
  facet normal 1.840329e-01 -2.755389e-01 9.435095e-01
    outer loop
      vertex   -7.910173e+01 -5.588444e+00 1.616986e+02
      vertex   -8.004385e+01 -6.379909e+00 1.616513e+02
      vertex   -7.910823e+01 -6.380164e+00 1.614687e+02
    endloop
  endfacet
  facet normal -1.322949e-01 -2.754553e-01 9.521672e-01
    outer loop
      vertex   -7.910173e+01 -5.588444e+00 1.616986e+02
      vertex   -7.910823e+01 -6.380164e+00 1.614687e+02
      vertex   -7.823254e+01 -5.588666e+00 1.618193e+02
    endloop
  endfacet
  facet normal -1.322949e-01 -2.754553e-01 9.521672e-01
    outer loop
      vertex   -7.823254e+01 -5.588666e+00 1.618193e+02
      vertex   -7.910823e+01 -6.380164e+00 1.614687e+02
      vertex   -7.816402e+01 -6.380406e+00 1.615998e+02
    endloop
  endfacet
  facet normal -4.342943e-01 -2.753808e-01 8.576444e-01
    outer loop
      vertex   -7.823254e+01 -5.588666e+00 1.618193e+02
      vertex   -7.816402e+01 -6.380406e+00 1.615998e+02
      vertex   -7.744963e+01 -5.588851e+00 1.622157e+02
    endloop
  endfacet
  facet normal -4.342943e-01 -2.753808e-01 8.576444e-01
    outer loop
      vertex   -7.744963e+01 -5.588851e+00 1.622157e+02
      vertex   -7.816402e+01 -6.380406e+00 1.615998e+02
      vertex   -7.731355e+01 -6.380607e+00 1.620304e+02
    endloop
  endfacet
  facet normal -7.702176e-01 -5.242256e-01 3.632525e-01
    outer loop
      vertex   -7.646350e+01 -5.589038e+00 1.636385e+02
      vertex   -7.717504e+01 -4.892818e+00 1.631346e+02
      vertex   -7.683786e+01 -5.588980e+00 1.628448e+02
    endloop
  endfacet
  facet normal -8.527218e-01 -3.132732e-01 -4.180018e-01
    outer loop
      vertex   -8.288195e+01 -8.691386e+00 1.618043e+02
      vertex   -8.341202e+01 -8.691192e+00 1.628855e+02
      vertex   -8.325431e+01 -7.774797e+00 1.618770e+02
    endloop
  endfacet
  facet normal -8.920879e-01 -2.561448e-01 -3.722485e-01
    outer loop
      vertex   -8.325431e+01 -7.774797e+00 1.618770e+02
      vertex   -8.341202e+01 -8.691192e+00 1.628855e+02
      vertex   -8.372715e+01 -7.438948e+00 1.627791e+02
    endloop
  endfacet
  facet normal -8.963290e-01 -1.047391e-01 -4.308411e-01
    outer loop
      vertex   -8.325431e+01 -7.774797e+00 1.618770e+02
      vertex   -8.372715e+01 -7.438948e+00 1.627791e+02
      vertex   -8.338113e+01 -6.791250e+00 1.619017e+02
    endloop
  endfacet
  facet normal -9.303177e-01 2.257423e-04 -3.667546e-01
    outer loop
      vertex   -8.338113e+01 -6.791250e+00 1.619017e+02
      vertex   -8.372715e+01 -7.438948e+00 1.627791e+02
      vertex   -8.372681e+01 -6.143280e+00 1.627790e+02
    endloop
  endfacet
  facet normal -8.962738e-01 1.051662e-01 -4.308519e-01
    outer loop
      vertex   -8.338113e+01 -6.791250e+00 1.619017e+02
      vertex   -8.372681e+01 -6.143280e+00 1.627790e+02
      vertex   -8.325379e+01 -5.807772e+00 1.618769e+02
    endloop
  endfacet
  facet normal -8.919531e-01 2.565756e-01 -3.722748e-01
    outer loop
      vertex   -8.325379e+01 -5.807772e+00 1.618769e+02
      vertex   -8.372681e+01 -6.143280e+00 1.627790e+02
      vertex   -8.341102e+01 -4.891192e+00 1.628853e+02
    endloop
  endfacet
  facet normal -8.525570e-01 3.136786e-01 -4.180339e-01
    outer loop
      vertex   -8.325379e+01 -5.807772e+00 1.618769e+02
      vertex   -8.341102e+01 -4.891192e+00 1.628853e+02
      vertex   -8.288095e+01 -4.891386e+00 1.618041e+02
    endloop
  endfacet
  facet normal -9.487573e-01 -2.546657e-01 -1.870963e-01
    outer loop
      vertex   -8.372715e+01 -7.438948e+00 1.627791e+02
      vertex   -8.341202e+01 -8.691192e+00 1.628855e+02
      vertex   -8.397693e+01 -7.438818e+00 1.640455e+02
    endloop
  endfacet
  facet normal -9.487573e-01 -2.546657e-01 -1.870963e-01
    outer loop
      vertex   -8.397693e+01 -7.438818e+00 1.640455e+02
      vertex   -8.341202e+01 -8.691192e+00 1.628855e+02
      vertex   -8.364502e+01 -8.691070e+00 1.640669e+02
    endloop
  endfacet
  facet normal -9.649041e-01 -2.546485e-01 6.414176e-02
    outer loop
      vertex   -8.397693e+01 -7.438818e+00 1.640455e+02
      vertex   -8.364502e+01 -8.691070e+00 1.640669e+02
      vertex   -8.389132e+01 -7.438774e+00 1.653335e+02
    endloop
  endfacet
  facet normal -9.649041e-01 -2.546485e-01 6.414176e-02
    outer loop
      vertex   -8.389132e+01 -7.438774e+00 1.653335e+02
      vertex   -8.364502e+01 -8.691070e+00 1.640669e+02
      vertex   -8.356516e+01 -8.691029e+00 1.652684e+02
    endloop
  endfacet
  facet normal -9.156487e-01 -2.546488e-01 3.110329e-01
    outer loop
      vertex   -8.389132e+01 -7.438774e+00 1.653335e+02
      vertex   -8.356516e+01 -8.691029e+00 1.652684e+02
      vertex   -8.347614e+01 -7.438820e+00 1.665557e+02
    endloop
  endfacet
  facet normal -9.156487e-01 -2.546488e-01 3.110329e-01
    outer loop
      vertex   -8.347614e+01 -7.438820e+00 1.665557e+02
      vertex   -8.356516e+01 -8.691029e+00 1.652684e+02
      vertex   -8.317786e+01 -8.691072e+00 1.664085e+02
    endloop
  endfacet
  facet normal -8.043298e-01 -2.546665e-01 5.368412e-01
    outer loop
      vertex   -8.347614e+01 -7.438820e+00 1.665557e+02
      vertex   -8.317786e+01 -8.691072e+00 1.664085e+02
      vertex   -8.275952e+01 -7.438954e+00 1.676293e+02
    endloop
  endfacet
  facet normal -8.043298e-01 -2.546665e-01 5.368412e-01
    outer loop
      vertex   -8.275952e+01 -7.438954e+00 1.676293e+02
      vertex   -8.317786e+01 -8.691072e+00 1.664085e+02
      vertex   -8.250936e+01 -8.691197e+00 1.674101e+02
    endloop
  endfacet
  facet normal -6.384934e-01 -2.547004e-01 7.262603e-01
    outer loop
      vertex   -8.275952e+01 -7.438954e+00 1.676293e+02
      vertex   -8.250936e+01 -8.691197e+00 1.674101e+02
      vertex   -8.179005e+01 -7.439165e+00 1.684815e+02
    endloop
  endfacet
  facet normal -6.384934e-01 -2.547004e-01 7.262603e-01
    outer loop
      vertex   -8.179005e+01 -7.439165e+00 1.684815e+02
      vertex   -8.250936e+01 -8.691197e+00 1.674101e+02
      vertex   -8.160499e+01 -8.691394e+00 1.682051e+02
    endloop
  endfacet
  facet normal -4.293806e-01 -2.547482e-01 8.664500e-01
    outer loop
      vertex   -8.179005e+01 -7.439165e+00 1.684815e+02
      vertex   -8.160499e+01 -8.691394e+00 1.682051e+02
      vertex   -8.063343e+01 -7.439440e+00 1.690546e+02
    endloop
  endfacet
  facet normal -4.293806e-01 -2.547482e-01 8.664500e-01
    outer loop
      vertex   -8.063343e+01 -7.439440e+00 1.690546e+02
      vertex   -8.160499e+01 -8.691394e+00 1.682051e+02
      vertex   -8.052604e+01 -8.691650e+00 1.687397e+02
    endloop
  endfacet
  facet normal -1.911665e-01 -2.548066e-01 9.479077e-01
    outer loop
      vertex   -8.063343e+01 -7.439440e+00 1.690546e+02
      vertex   -8.052604e+01 -8.691650e+00 1.687397e+02
      vertex   -7.936808e+01 -7.439759e+00 1.693097e+02
    endloop
  endfacet
  facet normal -1.911665e-01 -2.548066e-01 9.479077e-01
    outer loop
      vertex   -7.936808e+01 -7.439759e+00 1.693097e+02
      vertex   -8.052604e+01 -8.691650e+00 1.687397e+02
      vertex   -7.934566e+01 -8.691948e+00 1.689777e+02
    endloop
  endfacet
  facet normal 6.000141e-02 -2.548717e-01 9.651115e-01
    outer loop
      vertex   -7.936808e+01 -7.439759e+00 1.693097e+02
      vertex   -7.934566e+01 -8.691948e+00 1.689777e+02
      vertex   -7.807976e+01 -7.440102e+00 1.692295e+02
    endloop
  endfacet
  facet normal 6.000141e-02 -2.548717e-01 9.651115e-01
    outer loop
      vertex   -7.807976e+01 -7.440102e+00 1.692295e+02
      vertex   -7.934566e+01 -8.691948e+00 1.689777e+02
      vertex   -7.814385e+01 -8.692268e+00 1.689029e+02
    endloop
  endfacet
  facet normal 3.070976e-01 -2.549392e-01 9.168954e-01
    outer loop
      vertex   -7.807976e+01 -7.440102e+00 1.692295e+02
      vertex   -7.814385e+01 -8.692268e+00 1.689029e+02
      vertex   -7.685580e+01 -7.440445e+00 1.688195e+02
    endloop
  endfacet
  facet normal 3.070976e-01 -2.549392e-01 9.168954e-01
    outer loop
      vertex   -7.685580e+01 -7.440445e+00 1.688195e+02
      vertex   -7.814385e+01 -8.692268e+00 1.689029e+02
      vertex   -7.700208e+01 -8.692587e+00 1.685204e+02
    endloop
  endfacet
  facet normal 5.333723e-01 -2.550043e-01 8.065276e-01
    outer loop
      vertex   -7.685580e+01 -7.440445e+00 1.688195e+02
      vertex   -7.700208e+01 -8.692587e+00 1.685204e+02
      vertex   -7.577918e+01 -7.440764e+00 1.681074e+02
    endloop
  endfacet
  facet normal 5.333723e-01 -2.550043e-01 8.065276e-01
    outer loop
      vertex   -7.577918e+01 -7.440764e+00 1.681074e+02
      vertex   -7.700208e+01 -8.692587e+00 1.685204e+02
      vertex   -7.599775e+01 -8.692886e+00 1.678561e+02
    endloop
  endfacet
  facet normal 7.234874e-01 -2.550627e-01 6.414896e-01
    outer loop
      vertex   -7.577918e+01 -7.440764e+00 1.681074e+02
      vertex   -7.599775e+01 -8.692886e+00 1.678561e+02
      vertex   -7.492287e+01 -7.441039e+00 1.671415e+02
    endloop
  endfacet
  facet normal 7.234874e-01 -2.550627e-01 6.414896e-01
    outer loop
      vertex   -7.492287e+01 -7.441039e+00 1.671415e+02
      vertex   -7.599775e+01 -8.692886e+00 1.678561e+02
      vertex   -7.519894e+01 -8.693142e+00 1.669551e+02
    endloop
  endfacet
  facet normal 8.645558e-01 -2.551105e-01 4.329686e-01
    outer loop
      vertex   -7.492287e+01 -7.441039e+00 1.671415e+02
      vertex   -7.519894e+01 -8.693142e+00 1.669551e+02
      vertex   -7.434491e+01 -7.441250e+00 1.659873e+02
    endloop
  endfacet
  facet normal 8.645558e-01 -2.551105e-01 4.329686e-01
    outer loop
      vertex   -7.434491e+01 -7.441250e+00 1.659873e+02
      vertex   -7.519894e+01 -8.693142e+00 1.669551e+02
      vertex   -7.465980e+01 -8.693339e+00 1.658784e+02
    endloop
  endfacet
  facet normal 9.470151e-01 -2.551444e-01 1.950994e-01
    outer loop
      vertex   -7.434491e+01 -7.441250e+00 1.659873e+02
      vertex   -7.465980e+01 -8.693339e+00 1.658784e+02
      vertex   -7.408449e+01 -7.441383e+00 1.647231e+02
    endloop
  endfacet
  facet normal 9.470151e-01 -2.551444e-01 1.950994e-01
    outer loop
      vertex   -7.408449e+01 -7.441383e+00 1.647231e+02
      vertex   -7.465980e+01 -8.693339e+00 1.658784e+02
      vertex   -7.441686e+01 -8.693463e+00 1.646990e+02
    endloop
  endfacet
  facet normal 9.652756e-01 -2.551621e-01 -5.599398e-02
    outer loop
      vertex   -7.408449e+01 -7.441383e+00 1.647231e+02
      vertex   -7.441686e+01 -8.693463e+00 1.646990e+02
      vertex   -7.415925e+01 -7.441430e+00 1.634344e+02
    endloop
  endfacet
  facet normal 9.652756e-01 -2.551621e-01 -5.599398e-02
    outer loop
      vertex   -7.415925e+01 -7.441430e+00 1.634344e+02
      vertex   -7.441686e+01 -8.693463e+00 1.646990e+02
      vertex   -7.448660e+01 -8.693506e+00 1.634969e+02
    endloop
  endfacet
  facet normal 9.180996e-01 -2.551624e-01 -3.032908e-01
    outer loop
      vertex   -7.415925e+01 -7.441430e+00 1.634344e+02
      vertex   -7.448660e+01 -8.693506e+00 1.634969e+02
      vertex   -7.456414e+01 -7.441386e+00 1.622088e+02
    endloop
  endfacet
  facet normal 9.180996e-01 -2.551624e-01 -3.032908e-01
    outer loop
      vertex   -7.456414e+01 -7.441386e+00 1.622088e+02
      vertex   -7.448660e+01 -8.693506e+00 1.634969e+02
      vertex   -7.486430e+01 -8.693466e+00 1.623535e+02
    endloop
  endfacet
  facet normal 8.086849e-01 -2.551452e-01 -5.300280e-01
    outer loop
      vertex   -7.456414e+01 -7.441386e+00 1.622088e+02
      vertex   -7.486430e+01 -8.693466e+00 1.623535e+02
      vertex   -7.527169e+01 -7.441255e+00 1.611291e+02
    endloop
  endfacet
  facet normal 8.086849e-01 -2.551452e-01 -5.300280e-01
    outer loop
      vertex   -7.527169e+01 -7.441255e+00 1.611291e+02
      vertex   -7.486430e+01 -8.693466e+00 1.623535e+02
      vertex   -7.552434e+01 -8.693344e+00 1.613464e+02
    endloop
  endfacet
  facet normal 6.865645e-01 -2.565756e-01 -6.802927e-01
    outer loop
      vertex   -7.527169e+01 -7.441255e+00 1.611291e+02
      vertex   -7.552434e+01 -8.693344e+00 1.613464e+02
      vertex   -7.604916e+01 -7.776763e+00 1.604711e+02
    endloop
  endfacet
  facet normal 6.328553e-01 -3.136786e-01 -7.078841e-01
    outer loop
      vertex   -7.604916e+01 -7.776763e+00 1.604711e+02
      vertex   -7.552434e+01 -8.693344e+00 1.613464e+02
      vertex   -7.642200e+01 -8.693149e+00 1.605438e+02
    endloop
  endfacet
  facet normal 6.685463e-01 -1.051662e-01 -7.361970e-01
    outer loop
      vertex   -7.604916e+01 -7.776763e+00 1.604711e+02
      vertex   -7.592182e+01 -6.793286e+00 1.604462e+02
      vertex   -7.527169e+01 -7.441255e+00 1.611291e+02
    endloop
  endfacet
  facet normal 7.241900e-01 -2.257423e-04 -6.896005e-01
    outer loop
      vertex   -7.527169e+01 -7.441255e+00 1.611291e+02
      vertex   -7.592182e+01 -6.793286e+00 1.604462e+02
      vertex   -7.527135e+01 -6.145587e+00 1.611291e+02
    endloop
  endfacet
  facet normal 8.363809e-01 -2.479785e-04 -5.481486e-01
    outer loop
      vertex   -7.527169e+01 -7.441255e+00 1.611291e+02
      vertex   -7.527135e+01 -6.145587e+00 1.611291e+02
      vertex   -7.456414e+01 -7.441386e+00 1.622088e+02
    endloop
  endfacet
  facet normal 8.363809e-01 -2.479785e-04 -5.481486e-01
    outer loop
      vertex   -7.456414e+01 -7.441386e+00 1.622088e+02
      vertex   -7.527135e+01 -6.145587e+00 1.611291e+02
      vertex   -7.456379e+01 -6.145718e+00 1.622087e+02
    endloop
  endfacet
  facet normal 9.495335e-01 -2.656955e-04 -3.136655e-01
    outer loop
      vertex   -7.456414e+01 -7.441386e+00 1.622088e+02
      vertex   -7.456379e+01 -6.145718e+00 1.622087e+02
      vertex   -7.415925e+01 -7.441430e+00 1.634344e+02
    endloop
  endfacet
  facet normal 9.495335e-01 -2.656955e-04 -3.136655e-01
    outer loop
      vertex   -7.415925e+01 -7.441430e+00 1.634344e+02
      vertex   -7.456379e+01 -6.145718e+00 1.622087e+02
      vertex   -7.415891e+01 -6.145762e+00 1.634344e+02
    endloop
  endfacet
  facet normal 9.983212e-01 -2.654021e-04 -5.792040e-02
    outer loop
      vertex   -7.415925e+01 -7.441430e+00 1.634344e+02
      vertex   -7.415891e+01 -6.145762e+00 1.634344e+02
      vertex   -7.408449e+01 -7.441383e+00 1.647231e+02
    endloop
  endfacet
  facet normal 9.983212e-01 -2.654021e-04 -5.792040e-02
    outer loop
      vertex   -7.408449e+01 -7.441383e+00 1.647231e+02
      vertex   -7.415891e+01 -6.145762e+00 1.634344e+02
      vertex   -7.408415e+01 -6.145715e+00 1.647230e+02
    endloop
  endfacet
  facet normal 9.794368e-01 -2.471182e-04 2.017509e-01
    outer loop
      vertex   -7.408449e+01 -7.441383e+00 1.647231e+02
      vertex   -7.408415e+01 -6.145715e+00 1.647230e+02
      vertex   -7.434491e+01 -7.441250e+00 1.659873e+02
    endloop
  endfacet
  facet normal 9.794368e-01 -2.471182e-04 2.017509e-01
    outer loop
      vertex   -7.434491e+01 -7.441250e+00 1.659873e+02
      vertex   -7.408415e+01 -6.145715e+00 1.647230e+02
      vertex   -7.434457e+01 -6.145582e+00 1.659873e+02
    endloop
  endfacet
  facet normal 8.941606e-01 -2.120832e-04 4.477464e-01
    outer loop
      vertex   -7.434491e+01 -7.441250e+00 1.659873e+02
      vertex   -7.434457e+01 -6.145582e+00 1.659873e+02
      vertex   -7.492287e+01 -7.441039e+00 1.671415e+02
    endloop
  endfacet
  facet normal 8.941606e-01 -2.120832e-04 4.477464e-01
    outer loop
      vertex   -7.492287e+01 -7.441039e+00 1.671415e+02
      vertex   -7.434457e+01 -6.145582e+00 1.659873e+02
      vertex   -7.492253e+01 -6.145371e+00 1.671415e+02
    endloop
  endfacet
  facet normal 7.482729e-01 -1.626719e-04 6.633910e-01
    outer loop
      vertex   -7.492287e+01 -7.441039e+00 1.671415e+02
      vertex   -7.492253e+01 -6.145371e+00 1.671415e+02
      vertex   -7.577918e+01 -7.440764e+00 1.681074e+02
    endloop
  endfacet
  facet normal 7.482729e-01 -1.626719e-04 6.633910e-01
    outer loop
      vertex   -7.577918e+01 -7.440764e+00 1.681074e+02
      vertex   -7.492253e+01 -6.145371e+00 1.671415e+02
      vertex   -7.577884e+01 -6.145096e+00 1.681074e+02
    endloop
  endfacet
  facet normal 5.516630e-01 -1.022338e-04 8.340671e-01
    outer loop
      vertex   -7.577918e+01 -7.440764e+00 1.681074e+02
      vertex   -7.577884e+01 -6.145096e+00 1.681074e+02
      vertex   -7.685580e+01 -7.440445e+00 1.688195e+02
    endloop
  endfacet
  facet normal 5.516630e-01 -1.022338e-04 8.340671e-01
    outer loop
      vertex   -7.685580e+01 -7.440445e+00 1.688195e+02
      vertex   -7.577884e+01 -6.145096e+00 1.681074e+02
      vertex   -7.685546e+01 -6.144777e+00 1.688194e+02
    endloop
  endfacet
  facet normal 3.176581e-01 -3.486575e-05 9.482053e-01
    outer loop
      vertex   -7.685580e+01 -7.440445e+00 1.688195e+02
      vertex   -7.685546e+01 -6.144777e+00 1.688194e+02
      vertex   -7.807976e+01 -7.440102e+00 1.692295e+02
    endloop
  endfacet
  facet normal 3.176581e-01 -3.486575e-05 9.482053e-01
    outer loop
      vertex   -7.807976e+01 -7.440102e+00 1.692295e+02
      vertex   -7.685546e+01 -6.144777e+00 1.688194e+02
      vertex   -7.807942e+01 -6.144434e+00 1.692295e+02
    endloop
  endfacet
  facet normal 6.212050e-02 3.486575e-05 9.980687e-01
    outer loop
      vertex   -7.807976e+01 -7.440102e+00 1.692295e+02
      vertex   -7.807942e+01 -6.144434e+00 1.692295e+02
      vertex   -7.936808e+01 -7.439759e+00 1.693097e+02
    endloop
  endfacet
  facet normal 6.212050e-02 3.486575e-05 9.980687e-01
    outer loop
      vertex   -7.936808e+01 -7.439759e+00 1.693097e+02
      vertex   -7.807942e+01 -6.144434e+00 1.692295e+02
      vertex   -7.936774e+01 -6.144091e+00 1.693097e+02
    endloop
  endfacet
  facet normal -1.976280e-01 1.022338e-04 9.802771e-01
    outer loop
      vertex   -7.936808e+01 -7.439759e+00 1.693097e+02
      vertex   -7.936774e+01 -6.144091e+00 1.693097e+02
      vertex   -8.063343e+01 -7.439440e+00 1.690546e+02
    endloop
  endfacet
  facet normal -1.976280e-01 1.022338e-04 9.802771e-01
    outer loop
      vertex   -8.063343e+01 -7.439440e+00 1.690546e+02
      vertex   -7.936774e+01 -6.144091e+00 1.693097e+02
      vertex   -8.063309e+01 -6.143771e+00 1.690546e+02
    endloop
  endfacet
  facet normal -4.439801e-01 1.626719e-04 8.960366e-01
    outer loop
      vertex   -8.063343e+01 -7.439440e+00 1.690546e+02
      vertex   -8.063309e+01 -6.143771e+00 1.690546e+02
      vertex   -8.179005e+01 -7.439165e+00 1.684815e+02
    endloop
  endfacet
  facet normal -4.439801e-01 1.626719e-04 8.960366e-01
    outer loop
      vertex   -8.179005e+01 -7.439165e+00 1.684815e+02
      vertex   -8.063309e+01 -6.143771e+00 1.690546e+02
      vertex   -8.178971e+01 -6.143497e+00 1.684815e+02
    endloop
  endfacet
  facet normal -6.602366e-01 2.120832e-04 7.510576e-01
    outer loop
      vertex   -8.179005e+01 -7.439165e+00 1.684815e+02
      vertex   -8.178971e+01 -6.143497e+00 1.684815e+02
      vertex   -8.275952e+01 -7.438954e+00 1.676293e+02
    endloop
  endfacet
  facet normal -6.602366e-01 2.120832e-04 7.510576e-01
    outer loop
      vertex   -8.275952e+01 -7.438954e+00 1.676293e+02
      vertex   -8.178971e+01 -6.143497e+00 1.684815e+02
      vertex   -8.275918e+01 -6.143286e+00 1.676292e+02
    endloop
  endfacet
  facet normal -8.317385e-01 2.471182e-04 5.551676e-01
    outer loop
      vertex   -8.275952e+01 -7.438954e+00 1.676293e+02
      vertex   -8.275918e+01 -6.143286e+00 1.676292e+02
      vertex   -8.347614e+01 -7.438820e+00 1.665557e+02
    endloop
  endfacet
  facet normal -8.317385e-01 2.471182e-04 5.551676e-01
    outer loop
      vertex   -8.347614e+01 -7.438820e+00 1.665557e+02
      vertex   -8.275918e+01 -6.143286e+00 1.676292e+02
      vertex   -8.347580e+01 -6.143152e+00 1.665556e+02
    endloop
  endfacet
  facet normal -9.468603e-01 2.654021e-04 3.216450e-01
    outer loop
      vertex   -8.347614e+01 -7.438820e+00 1.665557e+02
      vertex   -8.347580e+01 -6.143152e+00 1.665556e+02
      vertex   -8.389132e+01 -7.438774e+00 1.653335e+02
    endloop
  endfacet
  facet normal -9.468603e-01 2.654021e-04 3.216450e-01
    outer loop
      vertex   -8.389132e+01 -7.438774e+00 1.653335e+02
      vertex   -8.347580e+01 -6.143152e+00 1.665556e+02
      vertex   -8.389098e+01 -6.143106e+00 1.653334e+02
    endloop
  endfacet
  facet normal -9.977984e-01 2.656955e-04 6.631949e-02
    outer loop
      vertex   -8.389132e+01 -7.438774e+00 1.653335e+02
      vertex   -8.389098e+01 -6.143106e+00 1.653334e+02
      vertex   -8.397693e+01 -7.438818e+00 1.640455e+02
    endloop
  endfacet
  facet normal -9.977984e-01 2.656955e-04 6.631949e-02
    outer loop
      vertex   -8.397693e+01 -7.438818e+00 1.640455e+02
      vertex   -8.389098e+01 -6.143106e+00 1.653334e+02
      vertex   -8.397659e+01 -6.143149e+00 1.640454e+02
    endloop
  endfacet
  facet normal -9.810999e-01 2.479785e-04 -1.935016e-01
    outer loop
      vertex   -8.397693e+01 -7.438818e+00 1.640455e+02
      vertex   -8.397659e+01 -6.143149e+00 1.640454e+02
      vertex   -8.372715e+01 -7.438948e+00 1.627791e+02
    endloop
  endfacet
  facet normal -9.810999e-01 2.479785e-04 -1.935016e-01
    outer loop
      vertex   -8.372715e+01 -7.438948e+00 1.627791e+02
      vertex   -8.397659e+01 -6.143149e+00 1.640454e+02
      vertex   -8.372681e+01 -6.143280e+00 1.627790e+02
    endloop
  endfacet
  facet normal 6.686015e-01 1.047391e-01 -7.362077e-01
    outer loop
      vertex   -7.592182e+01 -6.793286e+00 1.604462e+02
      vertex   -7.604864e+01 -5.809739e+00 1.604710e+02
      vertex   -7.527135e+01 -6.145587e+00 1.611291e+02
    endloop
  endfacet
  facet normal 6.866992e-01 2.561448e-01 -6.803190e-01
    outer loop
      vertex   -7.527135e+01 -6.145587e+00 1.611291e+02
      vertex   -7.604864e+01 -5.809739e+00 1.604710e+02
      vertex   -7.552335e+01 -4.893344e+00 1.613462e+02
    endloop
  endfacet
  facet normal 8.088189e-01 2.546657e-01 -5.300541e-01
    outer loop
      vertex   -7.527135e+01 -6.145587e+00 1.611291e+02
      vertex   -7.552335e+01 -4.893344e+00 1.613462e+02
      vertex   -7.456379e+01 -6.145718e+00 1.622087e+02
    endloop
  endfacet
  facet normal 8.088189e-01 2.546657e-01 -5.300541e-01
    outer loop
      vertex   -7.456379e+01 -6.145718e+00 1.622087e+02
      vertex   -7.552335e+01 -4.893344e+00 1.613462e+02
      vertex   -7.486330e+01 -4.893466e+00 1.623533e+02
    endloop
  endfacet
  facet normal 9.182336e-01 2.546485e-01 -3.033170e-01
    outer loop
      vertex   -7.456379e+01 -6.145718e+00 1.622087e+02
      vertex   -7.486330e+01 -4.893466e+00 1.623533e+02
      vertex   -7.415891e+01 -6.145762e+00 1.634344e+02
    endloop
  endfacet
  facet normal 9.182336e-01 2.546485e-01 -3.033170e-01
    outer loop
      vertex   -7.415891e+01 -6.145762e+00 1.634344e+02
      vertex   -7.486330e+01 -4.893466e+00 1.623533e+02
      vertex   -7.448561e+01 -4.893507e+00 1.634967e+02
    endloop
  endfacet
  facet normal 9.654096e-01 2.546488e-01 -5.602013e-02
    outer loop
      vertex   -7.415891e+01 -6.145762e+00 1.634344e+02
      vertex   -7.448561e+01 -4.893507e+00 1.634967e+02
      vertex   -7.408415e+01 -6.145715e+00 1.647230e+02
    endloop
  endfacet
  facet normal 9.654096e-01 2.546488e-01 -5.602013e-02
    outer loop
      vertex   -7.408415e+01 -6.145715e+00 1.647230e+02
      vertex   -7.448561e+01 -4.893507e+00 1.634967e+02
      vertex   -7.441586e+01 -4.893463e+00 1.646988e+02
    endloop
  endfacet
  facet normal 9.471491e-01 2.546665e-01 1.950732e-01
    outer loop
      vertex   -7.408415e+01 -6.145715e+00 1.647230e+02
      vertex   -7.441586e+01 -4.893463e+00 1.646988e+02
      vertex   -7.434457e+01 -6.145582e+00 1.659873e+02
    endloop
  endfacet
  facet normal 9.471491e-01 2.546665e-01 1.950732e-01
    outer loop
      vertex   -7.434457e+01 -6.145582e+00 1.659873e+02
      vertex   -7.441586e+01 -4.893463e+00 1.646988e+02
      vertex   -7.465880e+01 -4.893339e+00 1.658782e+02
    endloop
  endfacet
  facet normal 8.646899e-01 2.547004e-01 4.329425e-01
    outer loop
      vertex   -7.434457e+01 -6.145582e+00 1.659873e+02
      vertex   -7.465880e+01 -4.893339e+00 1.658782e+02
      vertex   -7.492253e+01 -6.145371e+00 1.671415e+02
    endloop
  endfacet
  facet normal 8.646899e-01 2.547004e-01 4.329425e-01
    outer loop
      vertex   -7.492253e+01 -6.145371e+00 1.671415e+02
      vertex   -7.465880e+01 -4.893339e+00 1.658782e+02
      vertex   -7.519794e+01 -4.893142e+00 1.669549e+02
    endloop
  endfacet
  facet normal 7.236215e-01 2.547482e-01 6.414635e-01
    outer loop
      vertex   -7.492253e+01 -6.145371e+00 1.671415e+02
      vertex   -7.519794e+01 -4.893142e+00 1.669549e+02
      vertex   -7.577884e+01 -6.145096e+00 1.681074e+02
    endloop
  endfacet
  facet normal 7.236215e-01 2.547482e-01 6.414635e-01
    outer loop
      vertex   -7.577884e+01 -6.145096e+00 1.681074e+02
      vertex   -7.519794e+01 -4.893142e+00 1.669549e+02
      vertex   -7.599676e+01 -4.892886e+00 1.678559e+02
    endloop
  endfacet
  facet normal 5.335063e-01 2.548066e-01 8.065015e-01
    outer loop
      vertex   -7.577884e+01 -6.145096e+00 1.681074e+02
      vertex   -7.599676e+01 -4.892886e+00 1.678559e+02
      vertex   -7.685546e+01 -6.144777e+00 1.688194e+02
    endloop
  endfacet
  facet normal 5.335063e-01 2.548066e-01 8.065015e-01
    outer loop
      vertex   -7.685546e+01 -6.144777e+00 1.688194e+02
      vertex   -7.599676e+01 -4.892886e+00 1.678559e+02
      vertex   -7.700108e+01 -4.892588e+00 1.685202e+02
    endloop
  endfacet
  facet normal 3.072316e-01 2.548717e-01 9.168692e-01
    outer loop
      vertex   -7.685546e+01 -6.144777e+00 1.688194e+02
      vertex   -7.700108e+01 -4.892588e+00 1.685202e+02
      vertex   -7.807942e+01 -6.144434e+00 1.692295e+02
    endloop
  endfacet
  facet normal 3.072316e-01 2.548717e-01 9.168692e-01
    outer loop
      vertex   -7.807942e+01 -6.144434e+00 1.692295e+02
      vertex   -7.700108e+01 -4.892588e+00 1.685202e+02
      vertex   -7.814285e+01 -4.892268e+00 1.689027e+02
    endloop
  endfacet
  facet normal 6.013542e-02 2.549392e-01 9.650854e-01
    outer loop
      vertex   -7.807942e+01 -6.144434e+00 1.692295e+02
      vertex   -7.814285e+01 -4.892268e+00 1.689027e+02
      vertex   -7.936774e+01 -6.144091e+00 1.693097e+02
    endloop
  endfacet
  facet normal 6.013542e-02 2.549392e-01 9.650854e-01
    outer loop
      vertex   -7.936774e+01 -6.144091e+00 1.693097e+02
      vertex   -7.814285e+01 -4.892268e+00 1.689027e+02
      vertex   -7.934466e+01 -4.891948e+00 1.689775e+02
    endloop
  endfacet
  facet normal -1.910325e-01 2.550043e-01 9.478815e-01
    outer loop
      vertex   -7.936774e+01 -6.144091e+00 1.693097e+02
      vertex   -7.934466e+01 -4.891948e+00 1.689775e+02
      vertex   -8.063309e+01 -6.143771e+00 1.690546e+02
    endloop
  endfacet
  facet normal -1.910325e-01 2.550043e-01 9.478815e-01
    outer loop
      vertex   -8.063309e+01 -6.143771e+00 1.690546e+02
      vertex   -7.934466e+01 -4.891948e+00 1.689775e+02
      vertex   -8.052504e+01 -4.891650e+00 1.687395e+02
    endloop
  endfacet
  facet normal -4.292466e-01 2.550627e-01 8.664239e-01
    outer loop
      vertex   -8.063309e+01 -6.143771e+00 1.690546e+02
      vertex   -8.052504e+01 -4.891650e+00 1.687395e+02
      vertex   -8.178971e+01 -6.143497e+00 1.684815e+02
    endloop
  endfacet
  facet normal -4.292466e-01 2.550627e-01 8.664239e-01
    outer loop
      vertex   -8.178971e+01 -6.143497e+00 1.684815e+02
      vertex   -8.052504e+01 -4.891650e+00 1.687395e+02
      vertex   -8.160399e+01 -4.891394e+00 1.682049e+02
    endloop
  endfacet
  facet normal -6.383593e-01 2.551105e-01 7.262341e-01
    outer loop
      vertex   -8.178971e+01 -6.143497e+00 1.684815e+02
      vertex   -8.160399e+01 -4.891394e+00 1.682049e+02
      vertex   -8.275918e+01 -6.143286e+00 1.676292e+02
    endloop
  endfacet
  facet normal -6.383593e-01 2.551105e-01 7.262341e-01
    outer loop
      vertex   -8.275918e+01 -6.143286e+00 1.676292e+02
      vertex   -8.160399e+01 -4.891394e+00 1.682049e+02
      vertex   -8.250837e+01 -4.891197e+00 1.674099e+02
    endloop
  endfacet
  facet normal -8.041958e-01 2.551444e-01 5.368151e-01
    outer loop
      vertex   -8.275918e+01 -6.143286e+00 1.676292e+02
      vertex   -8.250837e+01 -4.891197e+00 1.674099e+02
      vertex   -8.347580e+01 -6.143152e+00 1.665556e+02
    endloop
  endfacet
  facet normal -8.041958e-01 2.551444e-01 5.368151e-01
    outer loop
      vertex   -8.347580e+01 -6.143152e+00 1.665556e+02
      vertex   -8.250837e+01 -4.891197e+00 1.674099e+02
      vertex   -8.317686e+01 -4.891072e+00 1.664083e+02
    endloop
  endfacet
  facet normal -9.155147e-01 2.551621e-01 3.110067e-01
    outer loop
      vertex   -8.347580e+01 -6.143152e+00 1.665556e+02
      vertex   -8.317686e+01 -4.891072e+00 1.664083e+02
      vertex   -8.389098e+01 -6.143106e+00 1.653334e+02
    endloop
  endfacet
  facet normal -9.155147e-01 2.551621e-01 3.110067e-01
    outer loop
      vertex   -8.389098e+01 -6.143106e+00 1.653334e+02
      vertex   -8.317686e+01 -4.891072e+00 1.664083e+02
      vertex   -8.356416e+01 -4.891029e+00 1.652682e+02
    endloop
  endfacet
  facet normal -9.647701e-01 2.551624e-01 6.411561e-02
    outer loop
      vertex   -8.389098e+01 -6.143106e+00 1.653334e+02
      vertex   -8.356416e+01 -4.891029e+00 1.652682e+02
      vertex   -8.397659e+01 -6.143149e+00 1.640454e+02
    endloop
  endfacet
  facet normal -9.647701e-01 2.551624e-01 6.411561e-02
    outer loop
      vertex   -8.397659e+01 -6.143149e+00 1.640454e+02
      vertex   -8.356416e+01 -4.891029e+00 1.652682e+02
      vertex   -8.364402e+01 -4.891070e+00 1.640667e+02
    endloop
  endfacet
  facet normal -9.486233e-01 2.551452e-01 -1.871225e-01
    outer loop
      vertex   -8.397659e+01 -6.143149e+00 1.640454e+02
      vertex   -8.364402e+01 -4.891070e+00 1.640667e+02
      vertex   -8.372681e+01 -6.143280e+00 1.627790e+02
    endloop
  endfacet
  facet normal -9.486233e-01 2.551452e-01 -1.871225e-01
    outer loop
      vertex   -8.372681e+01 -6.143280e+00 1.627790e+02
      vertex   -8.364402e+01 -4.891070e+00 1.640667e+02
      vertex   -8.341102e+01 -4.891192e+00 1.628853e+02
    endloop
  endfacet
  facet normal 6.330201e-01 3.132732e-01 -7.079162e-01
    outer loop
      vertex   -7.604864e+01 -5.809739e+00 1.604710e+02
      vertex   -7.642100e+01 -4.893149e+00 1.605436e+02
      vertex   -7.552335e+01 -4.893344e+00 1.613462e+02
    endloop
  endfacet
  facet normal -1.915190e-01 -5.997046e-15 -9.814889e-01
    outer loop
      vertex   -8.116688e+01 -6.791920e+00 1.601957e+02
      vertex   -8.102057e+01 -6.187819e+00 1.601672e+02
      vertex   -8.102089e+01 -7.396100e+00 1.601672e+02
    endloop
  endfacet
  facet normal -1.915190e-01 -5.791115e-15 -9.814889e-01
    outer loop
      vertex   -8.102089e+01 -7.396100e+00 1.601672e+02
      vertex   -8.102057e+01 -6.187819e+00 1.601672e+02
      vertex   -8.061604e+01 -7.861949e+00 1.600882e+02
    endloop
  endfacet
  facet normal -1.915190e-01 -1.349970e-14 -9.814889e-01
    outer loop
      vertex   -8.061604e+01 -7.861949e+00 1.600882e+02
      vertex   -8.102057e+01 -6.187819e+00 1.601672e+02
      vertex   -8.061548e+01 -5.722191e+00 1.600881e+02
    endloop
  endfacet
  facet normal -1.915190e-01 -1.351477e-14 -9.814889e-01
    outer loop
      vertex   -8.061604e+01 -7.861949e+00 1.600882e+02
      vertex   -8.061548e+01 -5.722191e+00 1.600881e+02
      vertex   -8.004508e+01 -8.082747e+00 1.599768e+02
    endloop
  endfacet
  facet normal -1.915190e-01 -1.724217e-14 -9.814889e-01
    outer loop
      vertex   -8.004508e+01 -8.082747e+00 1.599768e+02
      vertex   -8.061548e+01 -5.722191e+00 1.600881e+02
      vertex   -8.004441e+01 -5.501704e+00 1.599767e+02
    endloop
  endfacet
  facet normal -1.915190e-01 -1.723922e-14 -9.814889e-01
    outer loop
      vertex   -8.004508e+01 -8.082747e+00 1.599768e+02
      vertex   -8.004441e+01 -5.501704e+00 1.599767e+02
      vertex   -7.943881e+01 -8.007912e+00 1.598585e+02
    endloop
  endfacet
  facet normal -1.915190e-01 -8.001854e-15 -9.814889e-01
    outer loop
      vertex   -7.943881e+01 -8.007912e+00 1.598585e+02
      vertex   -8.004441e+01 -5.501704e+00 1.599767e+02
      vertex   -7.943817e+01 -5.576870e+00 1.598584e+02
    endloop
  endfacet
  facet normal -1.915190e-01 -7.981723e-15 -9.814889e-01
    outer loop
      vertex   -7.943881e+01 -8.007912e+00 1.598585e+02
      vertex   -7.943817e+01 -5.576870e+00 1.598584e+02
      vertex   -7.893612e+01 -7.654588e+00 1.597604e+02
    endloop
  endfacet
  facet normal -1.915190e-01 7.991335e-15 -9.814889e-01
    outer loop
      vertex   -7.893612e+01 -7.654588e+00 1.597604e+02
      vertex   -7.943817e+01 -5.576870e+00 1.598584e+02
      vertex   -7.893567e+01 -5.930469e+00 1.597603e+02
    endloop
  endfacet
  facet normal -1.915190e-01 7.990550e-15 -9.814889e-01
    outer loop
      vertex   -7.893612e+01 -7.654588e+00 1.597604e+02
      vertex   -7.893567e+01 -5.930469e+00 1.597603e+02
      vertex   -7.865217e+01 -7.103716e+00 1.597050e+02
    endloop
  endfacet
  facet normal -1.915190e-01 3.197455e-14 -9.814889e-01
    outer loop
      vertex   -7.865217e+01 -7.103716e+00 1.597050e+02
      vertex   -7.893567e+01 -5.930469e+00 1.597603e+02
      vertex   -7.865201e+01 -6.481495e+00 1.597050e+02
    endloop
  endfacet
  facet normal 9.529057e-01 -2.395757e-01 -1.859415e-01
    outer loop
      vertex   -8.341456e+01 -6.187819e+00 1.478985e+02
      vertex   -8.116688e+01 -6.791920e+00 1.601957e+02
      vertex   -8.356087e+01 -6.791920e+00 1.479271e+02
    endloop
  endfacet
  facet normal 9.530315e-01 2.390556e-01 -1.859661e-01
    outer loop
      vertex   -8.356087e+01 -6.791920e+00 1.479271e+02
      vertex   -8.116688e+01 -6.791920e+00 1.601957e+02
      vertex   -8.102089e+01 -7.396100e+00 1.601672e+02
    endloop
  endfacet
  facet normal 9.530315e-01 2.390556e-01 -1.859661e-01
    outer loop
      vertex   -8.356087e+01 -6.791920e+00 1.479271e+02
      vertex   -8.102089e+01 -7.396100e+00 1.601672e+02
      vertex   -8.341488e+01 -7.396100e+00 1.478986e+02
    endloop
  endfacet
  facet normal 7.348293e-01 6.629222e-01 -1.433880e-01
    outer loop
      vertex   -8.341488e+01 -7.396100e+00 1.478986e+02
      vertex   -8.102089e+01 -7.396100e+00 1.601672e+02
      vertex   -8.061604e+01 -7.861949e+00 1.600882e+02
    endloop
  endfacet
  facet normal 7.348293e-01 6.629222e-01 -1.433880e-01
    outer loop
      vertex   -8.341488e+01 -7.396100e+00 1.478986e+02
      vertex   -8.061604e+01 -7.861949e+00 1.600882e+02
      vertex   -8.301003e+01 -7.861949e+00 1.478196e+02
    endloop
  endfacet
  facet normal 3.482865e-01 9.349212e-01 -6.796154e-02
    outer loop
      vertex   -8.301003e+01 -7.861949e+00 1.478196e+02
      vertex   -8.061604e+01 -7.861949e+00 1.600882e+02
      vertex   -8.004508e+01 -8.082747e+00 1.599768e+02
    endloop
  endfacet
  facet normal 3.482865e-01 9.349212e-01 -6.796154e-02
    outer loop
      vertex   -8.301003e+01 -7.861949e+00 1.478196e+02
      vertex   -8.004508e+01 -8.082747e+00 1.599768e+02
      vertex   -8.243907e+01 -8.082747e+00 1.477082e+02
    endloop
  endfacet
  facet normal -1.180445e-01 9.927411e-01 2.303414e-02
    outer loop
      vertex   -8.243907e+01 -8.082747e+00 1.477082e+02
      vertex   -8.004508e+01 -8.082747e+00 1.599768e+02
      vertex   -7.943881e+01 -8.007912e+00 1.598585e+02
    endloop
  endfacet
  facet normal -1.180445e-01 9.927411e-01 2.303414e-02
    outer loop
      vertex   -8.243907e+01 -8.082747e+00 1.477082e+02
      vertex   -7.943881e+01 -8.007912e+00 1.598585e+02
      vertex   -8.183280e+01 -8.007912e+00 1.475899e+02
    endloop
  endfacet
  facet normal -5.573329e-01 8.231360e-01 1.087530e-01
    outer loop
      vertex   -8.183280e+01 -8.007912e+00 1.475899e+02
      vertex   -7.943881e+01 -8.007912e+00 1.598585e+02
      vertex   -7.893612e+01 -7.654588e+00 1.597604e+02
    endloop
  endfacet
  facet normal -5.573329e-01 8.231360e-01 1.087530e-01
    outer loop
      vertex   -8.183280e+01 -8.007912e+00 1.475899e+02
      vertex   -7.893612e+01 -7.654588e+00 1.597604e+02
      vertex   -8.133011e+01 -7.654588e+00 1.474918e+02
    endloop
  endfacet
  facet normal -8.689431e-01 4.649603e-01 1.695578e-01
    outer loop
      vertex   -8.133011e+01 -7.654588e+00 1.474918e+02
      vertex   -7.893612e+01 -7.654588e+00 1.597604e+02
      vertex   -7.865217e+01 -7.103716e+00 1.597050e+02
    endloop
  endfacet
  facet normal -8.689431e-01 4.649603e-01 1.695578e-01
    outer loop
      vertex   -8.133011e+01 -7.654588e+00 1.474918e+02
      vertex   -7.865217e+01 -7.103716e+00 1.597050e+02
      vertex   -8.104616e+01 -7.103716e+00 1.474364e+02
    endloop
  endfacet
  facet normal -9.814889e-01 2.678302e-04 1.915190e-01
    outer loop
      vertex   -8.104616e+01 -7.103716e+00 1.474364e+02
      vertex   -7.865217e+01 -7.103716e+00 1.597050e+02
      vertex   -7.865201e+01 -6.481495e+00 1.597050e+02
    endloop
  endfacet
  facet normal -9.814889e-01 2.678302e-04 1.915190e-01
    outer loop
      vertex   -8.104616e+01 -7.103716e+00 1.474364e+02
      vertex   -7.865201e+01 -6.481495e+00 1.597050e+02
      vertex   -8.104599e+01 -6.481495e+00 1.474364e+02
    endloop
  endfacet
  facet normal -8.691874e-01 -4.644860e-01 1.696055e-01
    outer loop
      vertex   -8.104599e+01 -6.481495e+00 1.474364e+02
      vertex   -7.865201e+01 -6.481495e+00 1.597050e+02
      vertex   -7.893567e+01 -5.930469e+00 1.597603e+02
    endloop
  endfacet
  facet normal -8.691874e-01 -4.644860e-01 1.696055e-01
    outer loop
      vertex   -8.104599e+01 -6.481495e+00 1.474364e+02
      vertex   -7.893567e+01 -5.930469e+00 1.597603e+02
      vertex   -8.132966e+01 -5.930469e+00 1.474917e+02
    endloop
  endfacet
  facet normal -5.577656e-01 -8.228317e-01 1.088374e-01
    outer loop
      vertex   -8.132966e+01 -5.930469e+00 1.474917e+02
      vertex   -7.893567e+01 -5.930469e+00 1.597603e+02
      vertex   -7.943817e+01 -5.576870e+00 1.598584e+02
    endloop
  endfacet
  facet normal -5.577656e-01 -8.228317e-01 1.088374e-01
    outer loop
      vertex   -8.132966e+01 -5.930469e+00 1.474917e+02
      vertex   -7.943817e+01 -5.576870e+00 1.598584e+02
      vertex   -8.183216e+01 -5.576870e+00 1.475898e+02
    endloop
  endfacet
  facet normal -1.185664e-01 -9.926766e-01 2.313599e-02
    outer loop
      vertex   -8.183216e+01 -5.576870e+00 1.475898e+02
      vertex   -7.943817e+01 -5.576870e+00 1.598584e+02
      vertex   -8.004441e+01 -5.501704e+00 1.599767e+02
    endloop
  endfacet
  facet normal -1.185664e-01 -9.926766e-01 2.313599e-02
    outer loop
      vertex   -8.183216e+01 -5.576870e+00 1.475898e+02
      vertex   -8.004441e+01 -5.501704e+00 1.599767e+02
      vertex   -8.243839e+01 -5.501704e+00 1.477081e+02
    endloop
  endfacet
  facet normal 3.477950e-01 -9.351112e-01 -6.786561e-02
    outer loop
      vertex   -8.243839e+01 -5.501704e+00 1.477081e+02
      vertex   -8.004441e+01 -5.501704e+00 1.599767e+02
      vertex   -8.061548e+01 -5.722191e+00 1.600881e+02
    endloop
  endfacet
  facet normal 3.477950e-01 -9.351112e-01 -6.786561e-02
    outer loop
      vertex   -8.243839e+01 -5.501704e+00 1.477081e+02
      vertex   -8.061548e+01 -5.722191e+00 1.600881e+02
      vertex   -8.300947e+01 -5.722191e+00 1.478195e+02
    endloop
  endfacet
  facet normal 7.344807e-01 -6.633231e-01 -1.433200e-01
    outer loop
      vertex   -8.300947e+01 -5.722191e+00 1.478195e+02
      vertex   -8.061548e+01 -5.722191e+00 1.600881e+02
      vertex   -8.102057e+01 -6.187819e+00 1.601672e+02
    endloop
  endfacet
  facet normal 7.344807e-01 -6.633231e-01 -1.433200e-01
    outer loop
      vertex   -8.300947e+01 -5.722191e+00 1.478195e+02
      vertex   -8.102057e+01 -6.187819e+00 1.601672e+02
      vertex   -8.341456e+01 -6.187819e+00 1.478985e+02
    endloop
  endfacet
  facet normal 9.529057e-01 -2.395757e-01 -1.859415e-01
    outer loop
      vertex   -8.341456e+01 -6.187819e+00 1.478985e+02
      vertex   -8.102057e+01 -6.187819e+00 1.601672e+02
      vertex   -8.116688e+01 -6.791920e+00 1.601957e+02
    endloop
  endfacet
  facet normal -1.915190e-01 -4.267523e-13 -9.814889e-01
    outer loop
      vertex   -8.361137e+01 -7.443093e+00 1.479370e+02
      vertex   -8.375717e+01 -6.792268e+00 1.479654e+02
      vertex   -8.356087e+01 -6.791920e+00 1.479271e+02
    endloop
  endfacet
  facet normal -1.915190e-01 4.270932e-13 -9.814889e-01
    outer loop
      vertex   -8.356087e+01 -6.791920e+00 1.479271e+02
      vertex   -8.375717e+01 -6.792268e+00 1.479654e+02
      vertex   -8.361137e+01 -6.141442e+00 1.479370e+02
    endloop
  endfacet
  facet normal -1.915190e-01 5.158828e-14 -9.814889e-01
    outer loop
      vertex   -8.356087e+01 -6.791920e+00 1.479271e+02
      vertex   -8.361137e+01 -6.141442e+00 1.479370e+02
      vertex   -8.341456e+01 -6.187819e+00 1.478985e+02
    endloop
  endfacet
  facet normal -1.915190e-01 1.883062e-13 -9.814889e-01
    outer loop
      vertex   -8.341456e+01 -6.187819e+00 1.478985e+02
      vertex   -8.361137e+01 -6.141442e+00 1.479370e+02
      vertex   -8.320286e+01 -5.619521e+00 1.478572e+02
    endloop
  endfacet
  facet normal -1.915190e-01 2.368208e-13 -9.814889e-01
    outer loop
      vertex   -8.341456e+01 -6.187819e+00 1.478985e+02
      vertex   -8.320286e+01 -5.619521e+00 1.478572e+02
      vertex   -8.300947e+01 -5.722191e+00 1.478195e+02
    endloop
  endfacet
  facet normal -1.915190e-01 3.558146e-13 -9.814889e-01
    outer loop
      vertex   -8.300947e+01 -5.722191e+00 1.478195e+02
      vertex   -8.320286e+01 -5.619521e+00 1.478572e+02
      vertex   -8.261254e+01 -5.329876e+00 1.477421e+02
    endloop
  endfacet
  facet normal -1.915190e-01 1.557902e-13 -9.814889e-01
    outer loop
      vertex   -8.300947e+01 -5.722191e+00 1.478195e+02
      vertex   -8.261254e+01 -5.329876e+00 1.477421e+02
      vertex   -8.243839e+01 -5.501704e+00 1.477081e+02
    endloop
  endfacet
  facet normal -1.915190e-01 2.399444e-13 -9.814889e-01
    outer loop
      vertex   -8.243839e+01 -5.501704e+00 1.477081e+02
      vertex   -8.261254e+01 -5.329876e+00 1.477421e+02
      vertex   -8.195733e+01 -5.329876e+00 1.476142e+02
    endloop
  endfacet
  facet normal -1.915190e-01 1.729221e-13 -9.814889e-01
    outer loop
      vertex   -8.243839e+01 -5.501704e+00 1.477081e+02
      vertex   -8.195733e+01 -5.329876e+00 1.476142e+02
      vertex   -8.183216e+01 -5.576870e+00 1.475898e+02
    endloop
  endfacet
  facet normal -1.915190e-01 2.061147e-13 -9.814889e-01
    outer loop
      vertex   -8.183216e+01 -5.576870e+00 1.475898e+02
      vertex   -8.195733e+01 -5.329876e+00 1.476142e+02
      vertex   -8.136701e+01 -5.619521e+00 1.474990e+02
    endloop
  endfacet
  facet normal -1.915190e-01 1.406421e-13 -9.814889e-01
    outer loop
      vertex   -8.183216e+01 -5.576870e+00 1.475898e+02
      vertex   -8.136701e+01 -5.619521e+00 1.474990e+02
      vertex   -8.132966e+01 -5.930469e+00 1.474917e+02
    endloop
  endfacet
  facet normal -1.915190e-01 1.600562e-13 -9.814889e-01
    outer loop
      vertex   -8.132966e+01 -5.930469e+00 1.474917e+02
      vertex   -8.136701e+01 -5.619521e+00 1.474990e+02
      vertex   -8.095850e+01 -6.141442e+00 1.474193e+02
    endloop
  endfacet
  facet normal -1.915190e-01 1.505453e-13 -9.814889e-01
    outer loop
      vertex   -8.132966e+01 -5.930469e+00 1.474917e+02
      vertex   -8.095850e+01 -6.141442e+00 1.474193e+02
      vertex   -8.104599e+01 -6.481495e+00 1.474364e+02
    endloop
  endfacet
  facet normal -1.915190e-01 1.013594e-13 -9.814889e-01
    outer loop
      vertex   -8.104599e+01 -6.481495e+00 1.474364e+02
      vertex   -8.095850e+01 -6.141442e+00 1.474193e+02
      vertex   -8.081270e+01 -6.792268e+00 1.473908e+02
    endloop
  endfacet
  facet normal -1.915190e-01 -8.532648e-15 -9.814889e-01
    outer loop
      vertex   -8.104599e+01 -6.481495e+00 1.474364e+02
      vertex   -8.081270e+01 -6.792268e+00 1.473908e+02
      vertex   -8.104616e+01 -7.103716e+00 1.474364e+02
    endloop
  endfacet
  facet normal -1.915190e-01 -9.415189e-14 -9.814889e-01
    outer loop
      vertex   -8.104616e+01 -7.103716e+00 1.474364e+02
      vertex   -8.081270e+01 -6.792268e+00 1.473908e+02
      vertex   -8.095850e+01 -7.443093e+00 1.474193e+02
    endloop
  endfacet
  facet normal -1.915190e-01 -1.305008e-13 -9.814889e-01
    outer loop
      vertex   -8.104616e+01 -7.103716e+00 1.474364e+02
      vertex   -8.095850e+01 -7.443093e+00 1.474193e+02
      vertex   -8.133011e+01 -7.654588e+00 1.474918e+02
    endloop
  endfacet
  facet normal -1.915190e-01 -2.113390e-13 -9.814889e-01
    outer loop
      vertex   -8.133011e+01 -7.654588e+00 1.474918e+02
      vertex   -8.095850e+01 -7.443093e+00 1.474193e+02
      vertex   -8.136701e+01 -7.965015e+00 1.474990e+02
    endloop
  endfacet
  facet normal -1.915190e-01 -1.899462e-13 -9.814889e-01
    outer loop
      vertex   -8.133011e+01 -7.654588e+00 1.474918e+02
      vertex   -8.136701e+01 -7.965015e+00 1.474990e+02
      vertex   -8.183280e+01 -8.007912e+00 1.475899e+02
    endloop
  endfacet
  facet normal -1.915190e-01 -4.257067e-13 -9.814889e-01
    outer loop
      vertex   -8.183280e+01 -8.007912e+00 1.475899e+02
      vertex   -8.136701e+01 -7.965015e+00 1.474990e+02
      vertex   -8.195733e+01 -8.254660e+00 1.476142e+02
    endloop
  endfacet
  facet normal -1.915190e-01 -3.252504e-13 -9.814889e-01
    outer loop
      vertex   -8.183280e+01 -8.007912e+00 1.475899e+02
      vertex   -8.195733e+01 -8.254660e+00 1.476142e+02
      vertex   -8.243907e+01 -8.082747e+00 1.477082e+02
    endloop
  endfacet
  facet normal -1.915190e-01 -2.824538e-13 -9.814889e-01
    outer loop
      vertex   -8.243907e+01 -8.082747e+00 1.477082e+02
      vertex   -8.195733e+01 -8.254660e+00 1.476142e+02
      vertex   -8.261254e+01 -8.254660e+00 1.477421e+02
    endloop
  endfacet
  facet normal -1.915190e-01 -2.377188e-13 -9.814889e-01
    outer loop
      vertex   -8.243907e+01 -8.082747e+00 1.477082e+02
      vertex   -8.261254e+01 -8.254660e+00 1.477421e+02
      vertex   -8.301003e+01 -7.861949e+00 1.478196e+02
    endloop
  endfacet
  facet normal -1.915190e-01 -3.293219e-13 -9.814889e-01
    outer loop
      vertex   -8.301003e+01 -7.861949e+00 1.478196e+02
      vertex   -8.261254e+01 -8.254660e+00 1.477421e+02
      vertex   -8.320286e+01 -7.965015e+00 1.478572e+02
    endloop
  endfacet
  facet normal -1.915190e-01 -1.848412e-13 -9.814889e-01
    outer loop
      vertex   -8.301003e+01 -7.861949e+00 1.478196e+02
      vertex   -8.320286e+01 -7.965015e+00 1.478572e+02
      vertex   -8.341488e+01 -7.396100e+00 1.478986e+02
    endloop
  endfacet
  facet normal -1.915190e-01 -1.507510e-13 -9.814889e-01
    outer loop
      vertex   -8.341488e+01 -7.396100e+00 1.478986e+02
      vertex   -8.320286e+01 -7.965015e+00 1.478572e+02
      vertex   -8.361137e+01 -7.443093e+00 1.479370e+02
    endloop
  endfacet
  facet normal -1.915190e-01 -5.652426e-14 -9.814889e-01
    outer loop
      vertex   -8.341488e+01 -7.396100e+00 1.478986e+02
      vertex   -8.361137e+01 -7.443093e+00 1.479370e+02
      vertex   -8.356087e+01 -6.791920e+00 1.479271e+02
    endloop
  endfacet
  facet normal -9.568809e-01 2.225209e-01 1.867172e-01
    outer loop
      vertex   -8.176719e+01 -7.443093e+00 1.432750e+02
      vertex   -8.095850e+01 -7.443093e+00 1.474193e+02
      vertex   -8.162139e+01 -6.792268e+00 1.432465e+02
    endloop
  endfacet
  facet normal -9.568809e-01 2.225209e-01 1.867172e-01
    outer loop
      vertex   -8.162139e+01 -6.792268e+00 1.432465e+02
      vertex   -8.095850e+01 -7.443093e+00 1.474193e+02
      vertex   -8.081270e+01 -6.792268e+00 1.473908e+02
    endloop
  endfacet
  facet normal -9.568809e-01 -2.225209e-01 1.867172e-01
    outer loop
      vertex   -8.162139e+01 -6.792268e+00 1.432465e+02
      vertex   -8.081270e+01 -6.792268e+00 1.473908e+02
      vertex   -8.176719e+01 -6.141442e+00 1.432750e+02
    endloop
  endfacet
  facet normal -9.568809e-01 -2.225209e-01 1.867172e-01
    outer loop
      vertex   -8.176719e+01 -6.141442e+00 1.432750e+02
      vertex   -8.081270e+01 -6.792268e+00 1.473908e+02
      vertex   -8.095850e+01 -6.141442e+00 1.474193e+02
    endloop
  endfacet
  facet normal -7.673589e-01 -6.234898e-01 1.497356e-01
    outer loop
      vertex   -8.176719e+01 -6.141442e+00 1.432750e+02
      vertex   -8.095850e+01 -6.141442e+00 1.474193e+02
      vertex   -8.136701e+01 -5.619521e+00 1.474990e+02
    endloop
  endfacet
  facet normal -7.673589e-01 6.234898e-01 1.497356e-01
    outer loop
      vertex   -8.176719e+01 -7.443093e+00 1.432750e+02
      vertex   -8.217570e+01 -7.965015e+00 1.433547e+02
      vertex   -8.095850e+01 -7.443093e+00 1.474193e+02
    endloop
  endfacet
  facet normal -7.673589e-01 6.234898e-01 1.497356e-01
    outer loop
      vertex   -8.095850e+01 -7.443093e+00 1.474193e+02
      vertex   -8.217570e+01 -7.965015e+00 1.433547e+02
      vertex   -8.136701e+01 -7.965015e+00 1.474990e+02
    endloop
  endfacet
  facet normal -4.258521e-01 9.009689e-01 8.309699e-02
    outer loop
      vertex   -8.136701e+01 -7.965015e+00 1.474990e+02
      vertex   -8.217570e+01 -7.965015e+00 1.433547e+02
      vertex   -8.276602e+01 -8.254660e+00 1.434699e+02
    endloop
  endfacet
  facet normal -4.258521e-01 9.009689e-01 8.309699e-02
    outer loop
      vertex   -8.136701e+01 -7.965015e+00 1.474990e+02
      vertex   -8.276602e+01 -8.254660e+00 1.434699e+02
      vertex   -8.195733e+01 -8.254660e+00 1.476142e+02
    endloop
  endfacet
  facet normal -1.611397e-16 1.000000e+00 -8.258020e-16
    outer loop
      vertex   -8.195733e+01 -8.254660e+00 1.476142e+02
      vertex   -8.276602e+01 -8.254660e+00 1.434699e+02
      vertex   -8.342123e+01 -8.254660e+00 1.435977e+02
    endloop
  endfacet
  facet normal -1.611397e-16 1.000000e+00 -8.258020e-16
    outer loop
      vertex   -8.195733e+01 -8.254660e+00 1.476142e+02
      vertex   -8.342123e+01 -8.254660e+00 1.435977e+02
      vertex   -8.261254e+01 -8.254660e+00 1.477421e+02
    endloop
  endfacet
  facet normal 4.258521e-01 9.009689e-01 -8.309699e-02
    outer loop
      vertex   -8.261254e+01 -8.254660e+00 1.477421e+02
      vertex   -8.342123e+01 -8.254660e+00 1.435977e+02
      vertex   -8.401155e+01 -7.965015e+00 1.437129e+02
    endloop
  endfacet
  facet normal 4.258521e-01 9.009689e-01 -8.309699e-02
    outer loop
      vertex   -8.261254e+01 -8.254660e+00 1.477421e+02
      vertex   -8.401155e+01 -7.965015e+00 1.437129e+02
      vertex   -8.320286e+01 -7.965015e+00 1.478572e+02
    endloop
  endfacet
  facet normal 7.673589e-01 6.234898e-01 -1.497356e-01
    outer loop
      vertex   -8.320286e+01 -7.965015e+00 1.478572e+02
      vertex   -8.401155e+01 -7.965015e+00 1.437129e+02
      vertex   -8.442006e+01 -7.443093e+00 1.437926e+02
    endloop
  endfacet
  facet normal 7.673589e-01 6.234898e-01 -1.497356e-01
    outer loop
      vertex   -8.320286e+01 -7.965015e+00 1.478572e+02
      vertex   -8.442006e+01 -7.443093e+00 1.437926e+02
      vertex   -8.361137e+01 -7.443093e+00 1.479370e+02
    endloop
  endfacet
  facet normal 9.568809e-01 2.225209e-01 -1.867172e-01
    outer loop
      vertex   -8.361137e+01 -7.443093e+00 1.479370e+02
      vertex   -8.442006e+01 -7.443093e+00 1.437926e+02
      vertex   -8.456586e+01 -6.792268e+00 1.438211e+02
    endloop
  endfacet
  facet normal 9.568809e-01 2.225209e-01 -1.867172e-01
    outer loop
      vertex   -8.361137e+01 -7.443093e+00 1.479370e+02
      vertex   -8.456586e+01 -6.792268e+00 1.438211e+02
      vertex   -8.375717e+01 -6.792268e+00 1.479654e+02
    endloop
  endfacet
  facet normal 9.568809e-01 -2.225209e-01 -1.867172e-01
    outer loop
      vertex   -8.375717e+01 -6.792268e+00 1.479654e+02
      vertex   -8.456586e+01 -6.792268e+00 1.438211e+02
      vertex   -8.442006e+01 -6.141442e+00 1.437926e+02
    endloop
  endfacet
  facet normal 9.568809e-01 -2.225209e-01 -1.867172e-01
    outer loop
      vertex   -8.375717e+01 -6.792268e+00 1.479654e+02
      vertex   -8.442006e+01 -6.141442e+00 1.437926e+02
      vertex   -8.361137e+01 -6.141442e+00 1.479370e+02
    endloop
  endfacet
  facet normal 7.673589e-01 -6.234898e-01 -1.497356e-01
    outer loop
      vertex   -8.361137e+01 -6.141442e+00 1.479370e+02
      vertex   -8.442006e+01 -6.141442e+00 1.437926e+02
      vertex   -8.401155e+01 -5.619521e+00 1.437129e+02
    endloop
  endfacet
  facet normal 7.673589e-01 -6.234898e-01 -1.497356e-01
    outer loop
      vertex   -8.361137e+01 -6.141442e+00 1.479370e+02
      vertex   -8.401155e+01 -5.619521e+00 1.437129e+02
      vertex   -8.320286e+01 -5.619521e+00 1.478572e+02
    endloop
  endfacet
  facet normal 4.258521e-01 -9.009689e-01 -8.309699e-02
    outer loop
      vertex   -8.320286e+01 -5.619521e+00 1.478572e+02
      vertex   -8.401155e+01 -5.619521e+00 1.437129e+02
      vertex   -8.342123e+01 -5.329876e+00 1.435977e+02
    endloop
  endfacet
  facet normal 4.258521e-01 -9.009689e-01 -8.309699e-02
    outer loop
      vertex   -8.320286e+01 -5.619521e+00 1.478572e+02
      vertex   -8.342123e+01 -5.329876e+00 1.435977e+02
      vertex   -8.261254e+01 -5.329876e+00 1.477421e+02
    endloop
  endfacet
  facet normal 1.611397e-16 -1.000000e+00 8.258020e-16
    outer loop
      vertex   -8.261254e+01 -5.329876e+00 1.477421e+02
      vertex   -8.342123e+01 -5.329876e+00 1.435977e+02
      vertex   -8.276602e+01 -5.329876e+00 1.434699e+02
    endloop
  endfacet
  facet normal 1.611397e-16 -1.000000e+00 8.258020e-16
    outer loop
      vertex   -8.261254e+01 -5.329876e+00 1.477421e+02
      vertex   -8.276602e+01 -5.329876e+00 1.434699e+02
      vertex   -8.195733e+01 -5.329876e+00 1.476142e+02
    endloop
  endfacet
  facet normal -4.258521e-01 -9.009689e-01 8.309699e-02
    outer loop
      vertex   -8.195733e+01 -5.329876e+00 1.476142e+02
      vertex   -8.276602e+01 -5.329876e+00 1.434699e+02
      vertex   -8.217570e+01 -5.619521e+00 1.433547e+02
    endloop
  endfacet
  facet normal -4.258521e-01 -9.009689e-01 8.309699e-02
    outer loop
      vertex   -8.195733e+01 -5.329876e+00 1.476142e+02
      vertex   -8.217570e+01 -5.619521e+00 1.433547e+02
      vertex   -8.136701e+01 -5.619521e+00 1.474990e+02
    endloop
  endfacet
  facet normal -7.673589e-01 -6.234898e-01 1.497356e-01
    outer loop
      vertex   -8.136701e+01 -5.619521e+00 1.474990e+02
      vertex   -8.217570e+01 -5.619521e+00 1.433547e+02
      vertex   -8.176719e+01 -6.141442e+00 1.432750e+02
    endloop
  endfacet
  facet normal 1.915190e-01 -4.605626e-14 9.814889e-01
    outer loop
      vertex   -8.176719e+01 -6.141442e+00 1.432750e+02
      vertex   -8.442006e+01 -6.141442e+00 1.437926e+02
      vertex   -8.162139e+01 -6.792268e+00 1.432465e+02
    endloop
  endfacet
  facet normal 1.915190e-01 -3.298013e-15 9.814889e-01
    outer loop
      vertex   -8.162139e+01 -6.792268e+00 1.432465e+02
      vertex   -8.442006e+01 -6.141442e+00 1.437926e+02
      vertex   -8.456586e+01 -6.792268e+00 1.438211e+02
    endloop
  endfacet
  facet normal 1.915190e-01 4.382661e-14 9.814889e-01
    outer loop
      vertex   -8.162139e+01 -6.792268e+00 1.432465e+02
      vertex   -8.456586e+01 -6.792268e+00 1.438211e+02
      vertex   -8.176719e+01 -7.443093e+00 1.432750e+02
    endloop
  endfacet
  facet normal 1.915190e-01 1.009798e-15 9.814889e-01
    outer loop
      vertex   -8.176719e+01 -7.443093e+00 1.432750e+02
      vertex   -8.456586e+01 -6.792268e+00 1.438211e+02
      vertex   -8.442006e+01 -7.443093e+00 1.437926e+02
    endloop
  endfacet
  facet normal 1.915190e-01 1.278873e-15 9.814889e-01
    outer loop
      vertex   -8.176719e+01 -7.443093e+00 1.432750e+02
      vertex   -8.442006e+01 -7.443093e+00 1.437926e+02
      vertex   -8.217570e+01 -7.965015e+00 1.433547e+02
    endloop
  endfacet
  facet normal 1.915190e-01 -8.301894e-15 9.814889e-01
    outer loop
      vertex   -8.217570e+01 -7.965015e+00 1.433547e+02
      vertex   -8.442006e+01 -7.443093e+00 1.437926e+02
      vertex   -8.401155e+01 -7.965015e+00 1.437129e+02
    endloop
  endfacet
  facet normal 1.915190e-01 -6.711281e-15 9.814889e-01
    outer loop
      vertex   -8.217570e+01 -7.965015e+00 1.433547e+02
      vertex   -8.401155e+01 -7.965015e+00 1.437129e+02
      vertex   -8.276602e+01 -8.254660e+00 1.434699e+02
    endloop
  endfacet
  facet normal 1.915190e-01 3.660436e-14 9.814889e-01
    outer loop
      vertex   -8.276602e+01 -8.254660e+00 1.434699e+02
      vertex   -8.401155e+01 -7.965015e+00 1.437129e+02
      vertex   -8.342123e+01 -8.254660e+00 1.435977e+02
    endloop
  endfacet
  facet normal 1.915190e-01 6.492738e-15 9.814889e-01
    outer loop
      vertex   -8.442006e+01 -6.141442e+00 1.437926e+02
      vertex   -8.176719e+01 -6.141442e+00 1.432750e+02
      vertex   -8.401155e+01 -5.619521e+00 1.437129e+02
    endloop
  endfacet
  facet normal 1.915190e-01 -3.070564e-15 9.814889e-01
    outer loop
      vertex   -8.401155e+01 -5.619521e+00 1.437129e+02
      vertex   -8.176719e+01 -6.141442e+00 1.432750e+02
      vertex   -8.217570e+01 -5.619521e+00 1.433547e+02
    endloop
  endfacet
  facet normal 1.915190e-01 -1.608658e-14 9.814889e-01
    outer loop
      vertex   -8.401155e+01 -5.619521e+00 1.437129e+02
      vertex   -8.217570e+01 -5.619521e+00 1.433547e+02
      vertex   -8.342123e+01 -5.329876e+00 1.435977e+02
    endloop
  endfacet
  facet normal 1.915190e-01 2.727383e-14 9.814889e-01
    outer loop
      vertex   -8.342123e+01 -5.329876e+00 1.435977e+02
      vertex   -8.217570e+01 -5.619521e+00 1.433547e+02
      vertex   -8.276602e+01 -5.329876e+00 1.434699e+02
    endloop
  endfacet
endsolid
