solid ASCII
  facet normal 4.845386e-01 -8.392455e-01 -2.467574e-01
    outer loop
      vertex   3.240786e+01 -5.469753e+01 7.721797e+01
      vertex   3.478943e+01 -5.332253e+01 7.721797e+01
      vertex   3.262684e+01 -5.507681e+01 7.893793e+01
    endloop
  endfacet
  facet normal 4.845386e-01 -8.392455e-01 -2.467574e-01
    outer loop
      vertex   3.262684e+01 -5.507681e+01 7.893793e+01
      vertex   3.478943e+01 -5.332253e+01 7.721797e+01
      vertex   3.500841e+01 -5.370181e+01 7.893793e+01
    endloop
  endfacet
  facet normal 4.975154e-01 -8.617219e-01 -9.956785e-02
    outer loop
      vertex   3.262684e+01 -5.507681e+01 7.893793e+01
      vertex   3.500841e+01 -5.370181e+01 7.893793e+01
      vertex   3.271520e+01 -5.522985e+01 8.070395e+01
    endloop
  endfacet
  facet normal 4.975154e-01 -8.617219e-01 -9.956785e-02
    outer loop
      vertex   3.271520e+01 -5.522985e+01 8.070395e+01
      vertex   3.500841e+01 -5.370181e+01 7.893793e+01
      vertex   3.509677e+01 -5.385485e+01 8.070395e+01
    endloop
  endfacet
  facet normal 4.993785e-01 -8.649489e-01 4.984589e-02
    outer loop
      vertex   3.271520e+01 -5.522985e+01 8.070395e+01
      vertex   3.509677e+01 -5.385485e+01 8.070395e+01
      vertex   3.267096e+01 -5.515323e+01 8.247658e+01
    endloop
  endfacet
  facet normal 4.993785e-01 -8.649489e-01 4.984589e-02
    outer loop
      vertex   3.267096e+01 -5.515323e+01 8.247658e+01
      vertex   3.509677e+01 -5.385485e+01 8.070395e+01
      vertex   3.505253e+01 -5.377823e+01 8.247658e+01
    endloop
  endfacet
  facet normal 4.900862e-01 -8.488543e-01 1.981461e-01
    outer loop
      vertex   3.267096e+01 -5.515323e+01 8.247658e+01
      vertex   3.505253e+01 -5.377823e+01 8.247658e+01
      vertex   3.249512e+01 -5.484867e+01 8.421623e+01
    endloop
  endfacet
  facet normal 4.900862e-01 -8.488543e-01 1.981461e-01
    outer loop
      vertex   3.249512e+01 -5.484867e+01 8.421623e+01
      vertex   3.505253e+01 -5.377823e+01 8.247658e+01
      vertex   3.487669e+01 -5.347367e+01 8.421623e+01
    endloop
  endfacet
  facet normal 4.698463e-01 -8.137977e-01 3.420201e-01
    outer loop
      vertex   3.249512e+01 -5.484867e+01 8.421623e+01
      vertex   3.487669e+01 -5.347367e+01 8.421623e+01
      vertex   3.219161e+01 -5.432296e+01 8.588403e+01
    endloop
  endfacet
  facet normal 4.698463e-01 -8.137977e-01 3.420201e-01
    outer loop
      vertex   3.219161e+01 -5.432296e+01 8.588403e+01
      vertex   3.487669e+01 -5.347367e+01 8.421623e+01
      vertex   3.457318e+01 -5.294796e+01 8.588403e+01
    endloop
  endfacet
  facet normal 4.391108e-01 -7.605622e-01 4.782540e-01
    outer loop
      vertex   3.219161e+01 -5.432296e+01 8.588403e+01
      vertex   3.457318e+01 -5.294796e+01 8.588403e+01
      vertex   3.176720e+01 -5.358786e+01 8.744274e+01
    endloop
  endfacet
  facet normal 4.391108e-01 -7.605622e-01 4.782540e-01
    outer loop
      vertex   3.176720e+01 -5.358786e+01 8.744274e+01
      vertex   3.457318e+01 -5.294796e+01 8.588403e+01
      vertex   3.414877e+01 -5.221286e+01 8.744274e+01
    endloop
  endfacet
  facet normal 3.985663e-01 -6.903370e-01 6.038044e-01
    outer loop
      vertex   3.176720e+01 -5.358786e+01 8.744274e+01
      vertex   3.414877e+01 -5.221286e+01 8.744274e+01
      vertex   3.123137e+01 -5.265978e+01 8.885752e+01
    endloop
  endfacet
  facet normal 3.985663e-01 -6.903370e-01 6.038044e-01
    outer loop
      vertex   3.123137e+01 -5.265978e+01 8.885752e+01
      vertex   3.414877e+01 -5.221286e+01 8.744274e+01
      vertex   3.361294e+01 -5.128478e+01 8.885752e+01
    endloop
  endfacet
  facet normal 3.491184e-01 -6.046908e-01 7.158668e-01
    outer loop
      vertex   3.123137e+01 -5.265978e+01 8.885752e+01
      vertex   3.361294e+01 -5.128478e+01 8.885752e+01
      vertex   3.059609e+01 -5.155945e+01 9.009678e+01
    endloop
  endfacet
  facet normal 3.491184e-01 -6.046908e-01 7.158668e-01
    outer loop
      vertex   3.059609e+01 -5.155945e+01 9.009678e+01
      vertex   3.361294e+01 -5.128478e+01 8.885752e+01
      vertex   3.297766e+01 -5.018445e+01 9.009678e+01
    endloop
  endfacet
  facet normal 2.918718e-01 -5.055368e-01 8.119380e-01
    outer loop
      vertex   3.059609e+01 -5.155945e+01 9.009678e+01
      vertex   3.297766e+01 -5.018445e+01 9.009678e+01
      vertex   2.987556e+01 -5.031146e+01 9.113283e+01
    endloop
  endfacet
  facet normal 2.918718e-01 -5.055368e-01 8.119380e-01
    outer loop
      vertex   2.987556e+01 -5.031146e+01 9.113283e+01
      vertex   3.297766e+01 -5.018445e+01 9.009678e+01
      vertex   3.225713e+01 -4.893646e+01 9.113283e+01
    endloop
  endfacet
  facet normal 2.281053e-01 -3.950900e-01 8.898718e-01
    outer loop
      vertex   2.987556e+01 -5.031146e+01 9.113283e+01
      vertex   3.225713e+01 -4.893646e+01 9.113283e+01
      vertex   2.908587e+01 -4.894368e+01 9.194253e+01
    endloop
  endfacet
  facet normal 2.281053e-01 -3.950900e-01 8.898718e-01
    outer loop
      vertex   2.908587e+01 -4.894368e+01 9.194253e+01
      vertex   3.225713e+01 -4.893646e+01 9.113283e+01
      vertex   3.146744e+01 -4.756868e+01 9.194253e+01
    endloop
  endfacet
  facet normal 1.592433e-01 -2.758175e-01 9.479273e-01
    outer loop
      vertex   2.908587e+01 -4.894368e+01 9.194253e+01
      vertex   3.146744e+01 -4.756868e+01 9.194253e+01
      vertex   2.824466e+01 -4.748666e+01 9.250779e+01
    endloop
  endfacet
  facet normal 1.592433e-01 -2.758175e-01 9.479273e-01
    outer loop
      vertex   2.824466e+01 -4.748666e+01 9.250779e+01
      vertex   3.146744e+01 -4.756868e+01 9.194253e+01
      vertex   3.062623e+01 -4.611166e+01 9.250779e+01
    endloop
  endfacet
  facet normal 8.682409e-02 -1.503837e-01 9.848078e-01
    outer loop
      vertex   2.824466e+01 -4.748666e+01 9.250779e+01
      vertex   3.062623e+01 -4.611166e+01 9.250779e+01
      vertex   2.737073e+01 -4.597295e+01 9.281599e+01
    endloop
  endfacet
  facet normal 8.682409e-02 -1.503837e-01 9.848078e-01
    outer loop
      vertex   2.737073e+01 -4.597295e+01 9.281599e+01
      vertex   3.062623e+01 -4.611166e+01 9.250779e+01
      vertex   2.975230e+01 -4.459795e+01 9.281599e+01
    endloop
  endfacet
  facet normal 1.246535e-02 -2.159061e-02 9.996892e-01
    outer loop
      vertex   2.737073e+01 -4.597295e+01 9.281599e+01
      vertex   2.975230e+01 -4.459795e+01 9.281599e+01
      vertex   2.648358e+01 -4.443637e+01 9.286024e+01
    endloop
  endfacet
  facet normal 1.246535e-02 -2.159061e-02 9.996892e-01
    outer loop
      vertex   2.648358e+01 -4.443637e+01 9.286024e+01
      vertex   2.975230e+01 -4.459795e+01 9.281599e+01
      vertex   2.886515e+01 -4.306137e+01 9.286024e+01
    endloop
  endfacet
  facet normal -6.217185e-02 1.076848e-01 9.922392e-01
    outer loop
      vertex   2.648358e+01 -4.443637e+01 9.286024e+01
      vertex   2.886515e+01 -4.306137e+01 9.286024e+01
      vertex   2.560305e+01 -4.291125e+01 9.263955e+01
    endloop
  endfacet
  facet normal -6.217185e-02 1.076848e-01 9.922392e-01
    outer loop
      vertex   2.560305e+01 -4.291125e+01 9.263955e+01
      vertex   2.886515e+01 -4.306137e+01 9.286024e+01
      vertex   2.798462e+01 -4.153625e+01 9.263955e+01
    endloop
  endfacet
  facet normal -1.354202e-01 2.345547e-01 9.626242e-01
    outer loop
      vertex   2.560305e+01 -4.291125e+01 9.263955e+01
      vertex   2.798462e+01 -4.153625e+01 9.263955e+01
      vertex   2.474880e+01 -4.143164e+01 9.215885e+01
    endloop
  endfacet
  facet normal -1.354202e-01 2.345547e-01 9.626242e-01
    outer loop
      vertex   2.474880e+01 -4.143164e+01 9.215885e+01
      vertex   2.798462e+01 -4.153625e+01 9.263955e+01
      vertex   2.713037e+01 -4.005664e+01 9.215885e+01
    endloop
  endfacet
  facet normal -2.056436e-01 3.561851e-01 9.115059e-01
    outer loop
      vertex   2.474880e+01 -4.143164e+01 9.215885e+01
      vertex   2.713037e+01 -4.005664e+01 9.215885e+01
      vertex   2.393991e+01 -4.003060e+01 9.142888e+01
    endloop
  endfacet
  facet normal -2.056436e-01 3.561851e-01 9.115059e-01
    outer loop
      vertex   2.393991e+01 -4.003060e+01 9.142888e+01
      vertex   2.713037e+01 -4.005664e+01 9.215885e+01
      vertex   2.632148e+01 -3.865560e+01 9.142888e+01
    endloop
  endfacet
  facet normal -2.712731e-01 4.698588e-01 8.400259e-01
    outer loop
      vertex   2.393991e+01 -4.003060e+01 9.142888e+01
      vertex   2.632148e+01 -3.865560e+01 9.142888e+01
      vertex   2.319445e+01 -3.873944e+01 9.046595e+01
    endloop
  endfacet
  facet normal -2.712731e-01 4.698588e-01 8.400259e-01
    outer loop
      vertex   2.319445e+01 -3.873944e+01 9.046595e+01
      vertex   2.632148e+01 -3.865560e+01 9.142888e+01
      vertex   2.557602e+01 -3.736444e+01 9.046595e+01
    endloop
  endfacet
  facet normal -3.308429e-01 5.730367e-01 7.497812e-01
    outer loop
      vertex   2.319445e+01 -3.873944e+01 9.046595e+01
      vertex   2.557602e+01 -3.736444e+01 9.046595e+01
      vertex   2.252908e+01 -3.758698e+01 8.929156e+01
    endloop
  endfacet
  facet normal -3.308429e-01 5.730367e-01 7.497812e-01
    outer loop
      vertex   2.252908e+01 -3.758698e+01 8.929156e+01
      vertex   2.557602e+01 -3.736444e+01 9.046595e+01
      vertex   2.491065e+01 -3.621198e+01 8.929156e+01
    endloop
  endfacet
  facet normal -3.830222e-01 6.634139e-01 6.427876e-01
    outer loop
      vertex   2.252908e+01 -3.758698e+01 8.929156e+01
      vertex   2.491065e+01 -3.621198e+01 8.929156e+01
      vertex   2.195866e+01 -3.659898e+01 8.793196e+01
    endloop
  endfacet
  facet normal -3.830222e-01 6.634139e-01 6.427876e-01
    outer loop
      vertex   2.195866e+01 -3.659898e+01 8.793196e+01
      vertex   2.491065e+01 -3.621198e+01 8.929156e+01
      vertex   2.434023e+01 -3.522398e+01 8.793196e+01
    endloop
  endfacet
  facet normal -4.266454e-01 7.389716e-01 5.214352e-01
    outer loop
      vertex   2.195866e+01 -3.659898e+01 8.793196e+01
      vertex   2.434023e+01 -3.522398e+01 8.793196e+01
      vertex   2.149593e+01 -3.579750e+01 8.641750e+01
    endloop
  endfacet
  facet normal -4.266454e-01 7.389716e-01 5.214352e-01
    outer loop
      vertex   2.149593e+01 -3.579750e+01 8.641750e+01
      vertex   2.434023e+01 -3.522398e+01 8.793196e+01
      vertex   2.387750e+01 -3.442250e+01 8.641750e+01
    endloop
  endfacet
  facet normal -4.607381e-01 7.980218e-01 3.884348e-01
    outer loop
      vertex   2.149593e+01 -3.579750e+01 8.641750e+01
      vertex   2.387750e+01 -3.442250e+01 8.641750e+01
      vertex   2.115122e+01 -3.520046e+01 8.478203e+01
    endloop
  endfacet
  facet normal -4.607381e-01 7.980218e-01 3.884348e-01
    outer loop
      vertex   2.115122e+01 -3.520046e+01 8.478203e+01
      vertex   2.387750e+01 -3.442250e+01 8.641750e+01
      vertex   2.353279e+01 -3.382546e+01 8.478203e+01
    endloop
  endfacet
  facet normal -4.845386e-01 8.392455e-01 2.467574e-01
    outer loop
      vertex   2.115122e+01 -3.520046e+01 8.478203e+01
      vertex   2.353279e+01 -3.382546e+01 8.478203e+01
      vertex   2.093225e+01 -3.482118e+01 8.306207e+01
    endloop
  endfacet
  facet normal -4.845386e-01 8.392455e-01 2.467574e-01
    outer loop
      vertex   2.093225e+01 -3.482118e+01 8.306207e+01
      vertex   2.353279e+01 -3.382546e+01 8.478203e+01
      vertex   2.331382e+01 -3.344618e+01 8.306207e+01
    endloop
  endfacet
  facet normal -4.975154e-01 8.617219e-01 9.956785e-02
    outer loop
      vertex   2.093225e+01 -3.482118e+01 8.306207e+01
      vertex   2.331382e+01 -3.344618e+01 8.306207e+01
      vertex   2.084389e+01 -3.466814e+01 8.129605e+01
    endloop
  endfacet
  facet normal -4.975154e-01 8.617219e-01 9.956785e-02
    outer loop
      vertex   2.084389e+01 -3.466814e+01 8.129605e+01
      vertex   2.331382e+01 -3.344618e+01 8.306207e+01
      vertex   2.322546e+01 -3.329314e+01 8.129605e+01
    endloop
  endfacet
  facet normal -4.993785e-01 8.649489e-01 -4.984589e-02
    outer loop
      vertex   2.084389e+01 -3.466814e+01 8.129605e+01
      vertex   2.322546e+01 -3.329314e+01 8.129605e+01
      vertex   2.088812e+01 -3.474475e+01 7.952342e+01
    endloop
  endfacet
  facet normal -4.993785e-01 8.649489e-01 -4.984589e-02
    outer loop
      vertex   2.088812e+01 -3.474475e+01 7.952342e+01
      vertex   2.322546e+01 -3.329314e+01 8.129605e+01
      vertex   2.326969e+01 -3.336975e+01 7.952342e+01
    endloop
  endfacet
  facet normal -4.900862e-01 8.488543e-01 -1.981461e-01
    outer loop
      vertex   2.088812e+01 -3.474475e+01 7.952342e+01
      vertex   2.326969e+01 -3.336975e+01 7.952342e+01
      vertex   2.106396e+01 -3.504931e+01 7.778377e+01
    endloop
  endfacet
  facet normal -4.900862e-01 8.488543e-01 -1.981461e-01
    outer loop
      vertex   2.106396e+01 -3.504931e+01 7.778377e+01
      vertex   2.326969e+01 -3.336975e+01 7.952342e+01
      vertex   2.344553e+01 -3.367431e+01 7.778377e+01
    endloop
  endfacet
  facet normal -4.698463e-01 8.137977e-01 -3.420201e-01
    outer loop
      vertex   2.106396e+01 -3.504931e+01 7.778377e+01
      vertex   2.344553e+01 -3.367431e+01 7.778377e+01
      vertex   2.136748e+01 -3.557502e+01 7.611597e+01
    endloop
  endfacet
  facet normal -4.698463e-01 8.137977e-01 -3.420201e-01
    outer loop
      vertex   2.136748e+01 -3.557502e+01 7.611597e+01
      vertex   2.344553e+01 -3.367431e+01 7.778377e+01
      vertex   2.374905e+01 -3.420002e+01 7.611597e+01
    endloop
  endfacet
  facet normal -4.391108e-01 7.605622e-01 -4.782540e-01
    outer loop
      vertex   2.136748e+01 -3.557502e+01 7.611597e+01
      vertex   2.374905e+01 -3.420002e+01 7.611597e+01
      vertex   2.179189e+01 -3.631012e+01 7.455726e+01
    endloop
  endfacet
  facet normal -4.391108e-01 7.605622e-01 -4.782540e-01
    outer loop
      vertex   2.179189e+01 -3.631012e+01 7.455726e+01
      vertex   2.374905e+01 -3.420002e+01 7.611597e+01
      vertex   2.417346e+01 -3.493512e+01 7.455726e+01
    endloop
  endfacet
  facet normal -3.985663e-01 6.903370e-01 -6.038044e-01
    outer loop
      vertex   2.179189e+01 -3.631012e+01 7.455726e+01
      vertex   2.417346e+01 -3.493512e+01 7.455726e+01
      vertex   2.232772e+01 -3.723820e+01 7.314248e+01
    endloop
  endfacet
  facet normal -3.985663e-01 6.903370e-01 -6.038044e-01
    outer loop
      vertex   2.232772e+01 -3.723820e+01 7.314248e+01
      vertex   2.417346e+01 -3.493512e+01 7.455726e+01
      vertex   2.470929e+01 -3.586320e+01 7.314248e+01
    endloop
  endfacet
  facet normal -3.491184e-01 6.046908e-01 -7.158668e-01
    outer loop
      vertex   2.232772e+01 -3.723820e+01 7.314248e+01
      vertex   2.470929e+01 -3.586320e+01 7.314248e+01
      vertex   2.296299e+01 -3.833853e+01 7.190322e+01
    endloop
  endfacet
  facet normal -3.491184e-01 6.046908e-01 -7.158668e-01
    outer loop
      vertex   2.296299e+01 -3.833853e+01 7.190322e+01
      vertex   2.470929e+01 -3.586320e+01 7.314248e+01
      vertex   2.534456e+01 -3.696353e+01 7.190322e+01
    endloop
  endfacet
  facet normal -2.918718e-01 5.055368e-01 -8.119380e-01
    outer loop
      vertex   2.296299e+01 -3.833853e+01 7.190322e+01
      vertex   2.534456e+01 -3.696353e+01 7.190322e+01
      vertex   2.368352e+01 -3.958652e+01 7.086717e+01
    endloop
  endfacet
  facet normal -2.918718e-01 5.055368e-01 -8.119380e-01
    outer loop
      vertex   2.368352e+01 -3.958652e+01 7.086717e+01
      vertex   2.534456e+01 -3.696353e+01 7.190322e+01
      vertex   2.606509e+01 -3.821152e+01 7.086717e+01
    endloop
  endfacet
  facet normal -2.281053e-01 3.950900e-01 -8.898718e-01
    outer loop
      vertex   2.368352e+01 -3.958652e+01 7.086717e+01
      vertex   2.606509e+01 -3.821152e+01 7.086717e+01
      vertex   2.447321e+01 -4.095431e+01 7.005747e+01
    endloop
  endfacet
  facet normal -2.281053e-01 3.950900e-01 -8.898718e-01
    outer loop
      vertex   2.447321e+01 -4.095431e+01 7.005747e+01
      vertex   2.606509e+01 -3.821152e+01 7.086717e+01
      vertex   2.685478e+01 -3.957931e+01 7.005747e+01
    endloop
  endfacet
  facet normal -1.592433e-01 2.758175e-01 -9.479273e-01
    outer loop
      vertex   2.447321e+01 -4.095431e+01 7.005747e+01
      vertex   2.685478e+01 -3.957931e+01 7.005747e+01
      vertex   2.531442e+01 -4.241133e+01 6.949221e+01
    endloop
  endfacet
  facet normal -1.592433e-01 2.758175e-01 -9.479273e-01
    outer loop
      vertex   2.531442e+01 -4.241133e+01 6.949221e+01
      vertex   2.685478e+01 -3.957931e+01 7.005747e+01
      vertex   2.769599e+01 -4.103633e+01 6.949221e+01
    endloop
  endfacet
  facet normal -8.682409e-02 1.503837e-01 -9.848078e-01
    outer loop
      vertex   2.531442e+01 -4.241133e+01 6.949221e+01
      vertex   2.769599e+01 -4.103633e+01 6.949221e+01
      vertex   2.618836e+01 -4.392503e+01 6.918401e+01
    endloop
  endfacet
  facet normal -8.682409e-02 1.503837e-01 -9.848078e-01
    outer loop
      vertex   2.618836e+01 -4.392503e+01 6.918401e+01
      vertex   2.769599e+01 -4.103633e+01 6.949221e+01
      vertex   2.856993e+01 -4.255003e+01 6.918401e+01
    endloop
  endfacet
  facet normal -1.246535e-02 2.159061e-02 -9.996892e-01
    outer loop
      vertex   2.618836e+01 -4.392503e+01 6.918401e+01
      vertex   2.856993e+01 -4.255003e+01 6.918401e+01
      vertex   2.707550e+01 -4.546161e+01 6.913976e+01
    endloop
  endfacet
  facet normal -1.246535e-02 2.159061e-02 -9.996892e-01
    outer loop
      vertex   2.707550e+01 -4.546161e+01 6.913976e+01
      vertex   2.856993e+01 -4.255003e+01 6.918401e+01
      vertex   2.945707e+01 -4.408661e+01 6.913976e+01
    endloop
  endfacet
  facet normal 6.217185e-02 -1.076848e-01 -9.922392e-01
    outer loop
      vertex   2.707550e+01 -4.546161e+01 6.913976e+01
      vertex   2.945707e+01 -4.408661e+01 6.913976e+01
      vertex   2.795603e+01 -4.698674e+01 6.936045e+01
    endloop
  endfacet
  facet normal 6.217185e-02 -1.076848e-01 -9.922392e-01
    outer loop
      vertex   2.795603e+01 -4.698674e+01 6.936045e+01
      vertex   2.945707e+01 -4.408661e+01 6.913976e+01
      vertex   3.033760e+01 -4.561174e+01 6.936045e+01
    endloop
  endfacet
  facet normal 1.354202e-01 -2.345547e-01 -9.626242e-01
    outer loop
      vertex   2.795603e+01 -4.698674e+01 6.936045e+01
      vertex   3.033760e+01 -4.561174e+01 6.936045e+01
      vertex   2.881029e+01 -4.846634e+01 6.984115e+01
    endloop
  endfacet
  facet normal 1.354202e-01 -2.345547e-01 -9.626242e-01
    outer loop
      vertex   2.881029e+01 -4.846634e+01 6.984115e+01
      vertex   3.033760e+01 -4.561174e+01 6.936045e+01
      vertex   3.119186e+01 -4.709134e+01 6.984115e+01
    endloop
  endfacet
  facet normal 2.056436e-01 -3.561851e-01 -9.115059e-01
    outer loop
      vertex   2.881029e+01 -4.846634e+01 6.984115e+01
      vertex   3.119186e+01 -4.709134e+01 6.984115e+01
      vertex   2.961917e+01 -4.986738e+01 7.057112e+01
    endloop
  endfacet
  facet normal 2.056436e-01 -3.561851e-01 -9.115059e-01
    outer loop
      vertex   2.961917e+01 -4.986738e+01 7.057112e+01
      vertex   3.119186e+01 -4.709134e+01 6.984115e+01
      vertex   3.200074e+01 -4.849238e+01 7.057112e+01
    endloop
  endfacet
  facet normal 2.712731e-01 -4.698588e-01 -8.400259e-01
    outer loop
      vertex   2.961917e+01 -4.986738e+01 7.057112e+01
      vertex   3.200074e+01 -4.849238e+01 7.057112e+01
      vertex   3.036463e+01 -5.115855e+01 7.153405e+01
    endloop
  endfacet
  facet normal 2.712731e-01 -4.698588e-01 -8.400259e-01
    outer loop
      vertex   3.036463e+01 -5.115855e+01 7.153405e+01
      vertex   3.200074e+01 -4.849238e+01 7.057112e+01
      vertex   3.274620e+01 -4.978355e+01 7.153405e+01
    endloop
  endfacet
  facet normal 3.308429e-01 -5.730367e-01 -7.497812e-01
    outer loop
      vertex   3.036463e+01 -5.115855e+01 7.153405e+01
      vertex   3.274620e+01 -4.978355e+01 7.153405e+01
      vertex   3.103000e+01 -5.231100e+01 7.270844e+01
    endloop
  endfacet
  facet normal 3.308429e-01 -5.730367e-01 -7.497812e-01
    outer loop
      vertex   3.103000e+01 -5.231100e+01 7.270844e+01
      vertex   3.274620e+01 -4.978355e+01 7.153405e+01
      vertex   3.341157e+01 -5.093600e+01 7.270844e+01
    endloop
  endfacet
  facet normal 3.830222e-01 -6.634139e-01 -6.427876e-01
    outer loop
      vertex   3.103000e+01 -5.231100e+01 7.270844e+01
      vertex   3.341157e+01 -5.093600e+01 7.270844e+01
      vertex   3.160042e+01 -5.329900e+01 7.406804e+01
    endloop
  endfacet
  facet normal 3.830222e-01 -6.634139e-01 -6.427876e-01
    outer loop
      vertex   3.160042e+01 -5.329900e+01 7.406804e+01
      vertex   3.341157e+01 -5.093600e+01 7.270844e+01
      vertex   3.398199e+01 -5.192400e+01 7.406804e+01
    endloop
  endfacet
  facet normal 4.266454e-01 -7.389716e-01 -5.214352e-01
    outer loop
      vertex   3.160042e+01 -5.329900e+01 7.406804e+01
      vertex   3.398199e+01 -5.192400e+01 7.406804e+01
      vertex   3.206316e+01 -5.410048e+01 7.558250e+01
    endloop
  endfacet
  facet normal 4.266454e-01 -7.389716e-01 -5.214352e-01
    outer loop
      vertex   3.206316e+01 -5.410048e+01 7.558250e+01
      vertex   3.398199e+01 -5.192400e+01 7.406804e+01
      vertex   3.444473e+01 -5.272548e+01 7.558250e+01
    endloop
  endfacet
  facet normal 4.607381e-01 -7.980218e-01 -3.884348e-01
    outer loop
      vertex   3.206316e+01 -5.410048e+01 7.558250e+01
      vertex   3.444473e+01 -5.272548e+01 7.558250e+01
      vertex   3.240786e+01 -5.469753e+01 7.721797e+01
    endloop
  endfacet
  facet normal 4.607381e-01 -7.980218e-01 -3.884348e-01
    outer loop
      vertex   3.240786e+01 -5.469753e+01 7.721797e+01
      vertex   3.444473e+01 -5.272548e+01 7.558250e+01
      vertex   3.478943e+01 -5.332253e+01 7.721797e+01
    endloop
  endfacet
  facet normal -8.660254e-01 -5.000000e-01 -1.509601e-13
    outer loop
      vertex   3.210506e+01 -5.417306e+01 7.737814e+01
      vertex   3.240786e+01 -5.469753e+01 7.721797e+01
      vertex   3.231909e+01 -5.454376e+01 7.904646e+01
    endloop
  endfacet
  facet normal -8.660254e-01 -5.000000e-01 -1.536919e-13
    outer loop
      vertex   3.231909e+01 -5.454376e+01 7.904646e+01
      vertex   3.240786e+01 -5.469753e+01 7.721797e+01
      vertex   3.262684e+01 -5.507681e+01 7.893793e+01
    endloop
  endfacet
  facet normal -8.660254e-01 -5.000000e-01 -1.440505e-13
    outer loop
      vertex   3.231909e+01 -5.454376e+01 7.904646e+01
      vertex   3.262684e+01 -5.507681e+01 7.893793e+01
      vertex   3.271520e+01 -5.522985e+01 8.070395e+01
    endloop
  endfacet
  facet normal -8.660254e-01 -5.000000e-01 -1.516538e-13
    outer loop
      vertex   3.240786e+01 -5.469753e+01 7.721797e+01
      vertex   3.210506e+01 -5.417306e+01 7.737814e+01
      vertex   3.206316e+01 -5.410048e+01 7.558250e+01
    endloop
  endfacet
  facet normal -8.660254e-01 -5.000000e-01 -1.508422e-13
    outer loop
      vertex   3.206316e+01 -5.410048e+01 7.558250e+01
      vertex   3.210506e+01 -5.417306e+01 7.737814e+01
      vertex   3.176621e+01 -5.358616e+01 7.579471e+01
    endloop
  endfacet
  facet normal -8.660254e-01 -5.000000e-01 -1.508325e-13
    outer loop
      vertex   3.206316e+01 -5.410048e+01 7.558250e+01
      vertex   3.176621e+01 -5.358616e+01 7.579471e+01
      vertex   3.160042e+01 -5.329900e+01 7.406804e+01
    endloop
  endfacet
  facet normal -8.660254e-01 -5.000000e-01 -1.533495e-13
    outer loop
      vertex   3.160042e+01 -5.329900e+01 7.406804e+01
      vertex   3.176621e+01 -5.358616e+01 7.579471e+01
      vertex   3.131048e+01 -5.279680e+01 7.433329e+01
    endloop
  endfacet
  facet normal -8.660254e-01 -5.000000e-01 -1.561490e-13
    outer loop
      vertex   3.160042e+01 -5.329900e+01 7.406804e+01
      vertex   3.131048e+01 -5.279680e+01 7.433329e+01
      vertex   3.103000e+01 -5.231100e+01 7.270844e+01
    endloop
  endfacet
  facet normal -8.660254e-01 -5.000000e-01 -1.538998e-13
    outer loop
      vertex   3.103000e+01 -5.231100e+01 7.270844e+01
      vertex   3.131048e+01 -5.279680e+01 7.433329e+01
      vertex   3.074854e+01 -5.182350e+01 7.302814e+01
    endloop
  endfacet
  facet normal -8.660254e-01 -5.000000e-01 -1.516890e-13
    outer loop
      vertex   3.103000e+01 -5.231100e+01 7.270844e+01
      vertex   3.074854e+01 -5.182350e+01 7.302814e+01
      vertex   3.036463e+01 -5.115855e+01 7.153405e+01
    endloop
  endfacet
  facet normal -8.660254e-01 -5.000000e-01 -1.492784e-13
    outer loop
      vertex   3.036463e+01 -5.115855e+01 7.153405e+01
      vertex   3.074854e+01 -5.182350e+01 7.302814e+01
      vertex   3.009358e+01 -5.068907e+01 7.190983e+01
    endloop
  endfacet
  facet normal -8.660254e-01 -5.000000e-01 -1.498228e-13
    outer loop
      vertex   3.036463e+01 -5.115855e+01 7.153405e+01
      vertex   3.009358e+01 -5.068907e+01 7.190983e+01
      vertex   2.961917e+01 -4.986738e+01 7.057112e+01
    endloop
  endfacet
  facet normal -8.660254e-01 -5.000000e-01 -1.571395e-13
    outer loop
      vertex   2.961917e+01 -4.986738e+01 7.057112e+01
      vertex   3.009358e+01 -5.068907e+01 7.190983e+01
      vertex   2.936093e+01 -4.942010e+01 7.100459e+01
    endloop
  endfacet
  facet normal -8.660254e-01 -5.000000e-01 -1.585621e-13
    outer loop
      vertex   2.961917e+01 -4.986738e+01 7.057112e+01
      vertex   2.936093e+01 -4.942010e+01 7.100459e+01
      vertex   2.881029e+01 -4.846634e+01 6.984115e+01
    endloop
  endfacet
  facet normal -8.660254e-01 -5.000000e-01 -1.491803e-13
    outer loop
      vertex   2.881029e+01 -4.846634e+01 6.984115e+01
      vertex   2.936093e+01 -4.942010e+01 7.100459e+01
      vertex   2.856779e+01 -4.804632e+01 7.033364e+01
    endloop
  endfacet
  facet normal -8.660254e-01 -5.000000e-01 -1.465061e-13
    outer loop
      vertex   2.881029e+01 -4.846634e+01 6.984115e+01
      vertex   2.856779e+01 -4.804632e+01 7.033364e+01
      vertex   2.795603e+01 -4.698674e+01 6.936045e+01
    endloop
  endfacet
  facet normal -8.660254e-01 -5.000000e-01 -1.508614e-13
    outer loop
      vertex   2.795603e+01 -4.698674e+01 6.936045e+01
      vertex   2.856779e+01 -4.804632e+01 7.033364e+01
      vertex   2.773272e+01 -4.659995e+01 6.991270e+01
    endloop
  endfacet
  facet normal -8.660254e-01 -5.000000e-01 -1.506582e-13
    outer loop
      vertex   2.795603e+01 -4.698674e+01 6.936045e+01
      vertex   2.773272e+01 -4.659995e+01 6.991270e+01
      vertex   2.707550e+01 -4.546161e+01 6.913976e+01
    endloop
  endfacet
  facet normal -8.660254e-01 -5.000000e-01 -1.499519e-13
    outer loop
      vertex   2.707550e+01 -4.546161e+01 6.913976e+01
      vertex   2.773272e+01 -4.659995e+01 6.991270e+01
      vertex   2.687532e+01 -4.511488e+01 6.975163e+01
    endloop
  endfacet
  facet normal -8.660254e-01 -5.000000e-01 -1.507962e-13
    outer loop
      vertex   2.707550e+01 -4.546161e+01 6.913976e+01
      vertex   2.687532e+01 -4.511488e+01 6.975163e+01
      vertex   2.618836e+01 -4.392503e+01 6.918401e+01
    endloop
  endfacet
  facet normal -8.660254e-01 -5.000000e-01 -1.458038e-13
    outer loop
      vertex   2.618836e+01 -4.392503e+01 6.918401e+01
      vertex   2.687532e+01 -4.511488e+01 6.975163e+01
      vertex   2.601567e+01 -4.362592e+01 6.985422e+01
    endloop
  endfacet
  facet normal -8.660254e-01 -5.000000e-01 -1.454245e-13
    outer loop
      vertex   2.618836e+01 -4.392503e+01 6.918401e+01
      vertex   2.601567e+01 -4.362592e+01 6.985422e+01
      vertex   2.531442e+01 -4.241133e+01 6.949221e+01
    endloop
  endfacet
  facet normal -8.660254e-01 -5.000000e-01 -1.519757e-13
    outer loop
      vertex   2.531442e+01 -4.241133e+01 6.949221e+01
      vertex   2.601567e+01 -4.362592e+01 6.985422e+01
      vertex   2.517392e+01 -4.216798e+01 7.021805e+01
    endloop
  endfacet
  facet normal -8.660254e-01 -5.000000e-01 -1.528425e-13
    outer loop
      vertex   2.531442e+01 -4.241133e+01 6.949221e+01
      vertex   2.517392e+01 -4.216798e+01 7.021805e+01
      vertex   2.447321e+01 -4.095431e+01 7.005747e+01
    endloop
  endfacet
  facet normal -8.660254e-01 -5.000000e-01 -1.503889e-13
    outer loop
      vertex   2.447321e+01 -4.095431e+01 7.005747e+01
      vertex   2.517392e+01 -4.216798e+01 7.021805e+01
      vertex   2.436981e+01 -4.077521e+01 7.083460e+01
    endloop
  endfacet
  facet normal -8.660254e-01 -5.000000e-01 -1.499666e-13
    outer loop
      vertex   2.447321e+01 -4.095431e+01 7.005747e+01
      vertex   2.436981e+01 -4.077521e+01 7.083460e+01
      vertex   2.368352e+01 -3.958652e+01 7.086717e+01
    endloop
  endfacet
  facet normal -8.660254e-01 -5.000000e-01 -1.587792e-13
    outer loop
      vertex   2.368352e+01 -3.958652e+01 7.086717e+01
      vertex   2.436981e+01 -4.077521e+01 7.083460e+01
      vertex   2.362218e+01 -3.948028e+01 7.168943e+01
    endloop
  endfacet
  facet normal -8.660254e-01 -5.000000e-01 -1.593072e-13
    outer loop
      vertex   2.368352e+01 -3.958652e+01 7.086717e+01
      vertex   2.362218e+01 -3.948028e+01 7.168943e+01
      vertex   2.296299e+01 -3.833853e+01 7.190322e+01
    endloop
  endfacet
  facet normal -8.660254e-01 -5.000000e-01 -1.507251e-13
    outer loop
      vertex   2.296299e+01 -3.833853e+01 7.190322e+01
      vertex   2.362218e+01 -3.948028e+01 7.168943e+01
      vertex   2.294856e+01 -3.831353e+01 7.276248e+01
    endloop
  endfacet
  facet normal -8.660254e-01 -5.000000e-01 -1.506084e-13
    outer loop
      vertex   2.296299e+01 -3.833853e+01 7.190322e+01
      vertex   2.294856e+01 -3.831353e+01 7.276248e+01
      vertex   2.232772e+01 -3.723820e+01 7.314248e+01
    endloop
  endfacet
  facet normal -8.660254e-01 -5.000000e-01 -1.478569e-13
    outer loop
      vertex   2.232772e+01 -3.723820e+01 7.314248e+01
      vertex   2.294856e+01 -3.831353e+01 7.276248e+01
      vertex   2.236473e+01 -3.730231e+01 7.402861e+01
    endloop
  endfacet
  facet normal -8.660254e-01 -5.000000e-01 -1.478056e-13
    outer loop
      vertex   2.232772e+01 -3.723820e+01 7.314248e+01
      vertex   2.236473e+01 -3.730231e+01 7.402861e+01
      vertex   2.179189e+01 -3.631012e+01 7.455726e+01
    endloop
  endfacet
  facet normal -8.660254e-01 -5.000000e-01 -1.474582e-13
    outer loop
      vertex   2.179189e+01 -3.631012e+01 7.455726e+01
      vertex   2.236473e+01 -3.730231e+01 7.402861e+01
      vertex   2.188438e+01 -3.647032e+01 7.545815e+01
    endloop
  endfacet
  facet normal -8.660254e-01 -5.000000e-01 -1.485127e-13
    outer loop
      vertex   2.179189e+01 -3.631012e+01 7.455726e+01
      vertex   2.188438e+01 -3.647032e+01 7.545815e+01
      vertex   2.136748e+01 -3.557502e+01 7.611597e+01
    endloop
  endfacet
  facet normal -8.660254e-01 -5.000000e-01 -1.548806e-13
    outer loop
      vertex   2.136748e+01 -3.557502e+01 7.611597e+01
      vertex   2.188438e+01 -3.647032e+01 7.545815e+01
      vertex   2.151877e+01 -3.583707e+01 7.701758e+01
    endloop
  endfacet
  facet normal -8.660254e-01 -5.000000e-01 -1.512749e-13
    outer loop
      vertex   2.136748e+01 -3.557502e+01 7.611597e+01
      vertex   2.151877e+01 -3.583707e+01 7.701758e+01
      vertex   2.106396e+01 -3.504931e+01 7.778377e+01
    endloop
  endfacet
  facet normal -8.660254e-01 -5.000000e-01 -1.527153e-13
    outer loop
      vertex   2.106396e+01 -3.504931e+01 7.778377e+01
      vertex   2.151877e+01 -3.583707e+01 7.701758e+01
      vertex   2.127647e+01 -3.541739e+01 7.867036e+01
    endloop
  endfacet
  facet normal -8.660254e-01 -5.000000e-01 -1.533964e-13
    outer loop
      vertex   2.106396e+01 -3.504931e+01 7.778377e+01
      vertex   2.127647e+01 -3.541739e+01 7.867036e+01
      vertex   2.088812e+01 -3.474475e+01 7.952342e+01
    endloop
  endfacet
  facet normal -8.660254e-01 -5.000000e-01 -1.507369e-13
    outer loop
      vertex   2.088812e+01 -3.474475e+01 7.952342e+01
      vertex   2.127647e+01 -3.541739e+01 7.867036e+01
      vertex   2.116315e+01 -3.522112e+01 8.037775e+01
    endloop
  endfacet
  facet normal -8.660254e-01 -5.000000e-01 -1.538769e-13
    outer loop
      vertex   2.088812e+01 -3.474475e+01 7.952342e+01
      vertex   2.116315e+01 -3.522112e+01 8.037775e+01
      vertex   2.084389e+01 -3.466814e+01 8.129605e+01
    endloop
  endfacet
  facet normal -8.660254e-01 -5.000000e-01 -1.502907e-13
    outer loop
      vertex   2.084389e+01 -3.466814e+01 8.129605e+01
      vertex   2.116315e+01 -3.522112e+01 8.037775e+01
      vertex   2.118148e+01 -3.525287e+01 8.209971e+01
    endloop
  endfacet
  facet normal -8.660254e-01 -5.000000e-01 -1.495029e-13
    outer loop
      vertex   2.084389e+01 -3.466814e+01 8.129605e+01
      vertex   2.118148e+01 -3.525287e+01 8.209971e+01
      vertex   2.093225e+01 -3.482118e+01 8.306207e+01
    endloop
  endfacet
  facet normal -8.660254e-01 -5.000000e-01 -1.504685e-13
    outer loop
      vertex   2.093225e+01 -3.482118e+01 8.306207e+01
      vertex   2.118148e+01 -3.525287e+01 8.209971e+01
      vertex   2.133102e+01 -3.551188e+01 8.379591e+01
    endloop
  endfacet
  facet normal -8.660254e-01 -5.000000e-01 -1.529447e-13
    outer loop
      vertex   2.093225e+01 -3.482118e+01 8.306207e+01
      vertex   2.133102e+01 -3.551188e+01 8.379591e+01
      vertex   2.115122e+01 -3.520046e+01 8.478203e+01
    endloop
  endfacet
  facet normal -8.660254e-01 -5.000000e-01 -1.539157e-13
    outer loop
      vertex   2.115122e+01 -3.520046e+01 8.478203e+01
      vertex   2.133102e+01 -3.551188e+01 8.379591e+01
      vertex   2.160827e+01 -3.599209e+01 8.542656e+01
    endloop
  endfacet
  facet normal -8.660254e-01 -5.000000e-01 -1.496302e-13
    outer loop
      vertex   2.115122e+01 -3.520046e+01 8.478203e+01
      vertex   2.160827e+01 -3.599209e+01 8.542656e+01
      vertex   2.149593e+01 -3.579750e+01 8.641750e+01
    endloop
  endfacet
  facet normal -8.660254e-01 -5.000000e-01 -1.498058e-13
    outer loop
      vertex   2.149593e+01 -3.579750e+01 8.641750e+01
      vertex   2.160827e+01 -3.599209e+01 8.542656e+01
      vertex   2.200674e+01 -3.668225e+01 8.695347e+01
    endloop
  endfacet
  facet normal -8.660254e-01 -5.000000e-01 -1.502411e-13
    outer loop
      vertex   2.149593e+01 -3.579750e+01 8.641750e+01
      vertex   2.200674e+01 -3.668225e+01 8.695347e+01
      vertex   2.195866e+01 -3.659898e+01 8.793196e+01
    endloop
  endfacet
  facet normal -8.660254e-01 -5.000000e-01 -1.500675e-13
    outer loop
      vertex   2.195866e+01 -3.659898e+01 8.793196e+01
      vertex   2.200674e+01 -3.668225e+01 8.695347e+01
      vertex   2.251707e+01 -3.756617e+01 8.834083e+01
    endloop
  endfacet
  facet normal -8.660254e-01 -5.000000e-01 -1.499689e-13
    outer loop
      vertex   2.195866e+01 -3.659898e+01 8.793196e+01
      vertex   2.251707e+01 -3.756617e+01 8.834083e+01
      vertex   2.252908e+01 -3.758698e+01 8.929156e+01
    endloop
  endfacet
  facet normal -8.660254e-01 -5.000000e-01 -1.499915e-13
    outer loop
      vertex   2.252908e+01 -3.758698e+01 8.929156e+01
      vertex   2.251707e+01 -3.756617e+01 8.834083e+01
      vertex   2.312731e+01 -3.862314e+01 8.955612e+01
    endloop
  endfacet
  facet normal -8.660254e-01 -5.000000e-01 -1.431753e-13
    outer loop
      vertex   2.252908e+01 -3.758698e+01 8.929156e+01
      vertex   2.312731e+01 -3.862314e+01 8.955612e+01
      vertex   2.319445e+01 -3.873944e+01 9.046595e+01
    endloop
  endfacet
  facet normal -8.660254e-01 -5.000000e-01 -1.427788e-13
    outer loop
      vertex   2.319445e+01 -3.873944e+01 9.046595e+01
      vertex   2.312731e+01 -3.862314e+01 8.955612e+01
      vertex   2.382315e+01 -3.982838e+01 9.057087e+01
    endloop
  endfacet
  facet normal -8.660254e-01 -5.000000e-01 -1.435213e-13
    outer loop
      vertex   2.319445e+01 -3.873944e+01 9.046595e+01
      vertex   2.382315e+01 -3.982838e+01 9.057087e+01
      vertex   2.393991e+01 -4.003060e+01 9.142888e+01
    endloop
  endfacet
  facet normal -8.660254e-01 -5.000000e-01 -1.456616e-13
    outer loop
      vertex   2.393991e+01 -4.003060e+01 9.142888e+01
      vertex   2.382315e+01 -3.982838e+01 9.057087e+01
      vertex   2.458829e+01 -4.115364e+01 9.136128e+01
    endloop
  endfacet
  facet normal -8.660254e-01 -5.000000e-01 -1.484563e-13
    outer loop
      vertex   2.393991e+01 -4.003060e+01 9.142888e+01
      vertex   2.458829e+01 -4.115364e+01 9.136128e+01
      vertex   2.474880e+01 -4.143164e+01 9.215885e+01
    endloop
  endfacet
  facet normal -8.660254e-01 -5.000000e-01 -1.463092e-13
    outer loop
      vertex   2.474880e+01 -4.143164e+01 9.215885e+01
      vertex   2.458829e+01 -4.115364e+01 9.136128e+01
      vertex   2.540480e+01 -4.256786e+01 9.190884e+01
    endloop
  endfacet
  facet normal -8.660254e-01 -5.000000e-01 -1.455714e-13
    outer loop
      vertex   2.474880e+01 -4.143164e+01 9.215885e+01
      vertex   2.540480e+01 -4.256786e+01 9.190884e+01
      vertex   2.560305e+01 -4.291125e+01 9.263955e+01
    endloop
  endfacet
  facet normal -8.660254e-01 -5.000000e-01 -1.462047e-13
    outer loop
      vertex   2.560305e+01 -4.291125e+01 9.263955e+01
      vertex   2.540480e+01 -4.256786e+01 9.190884e+01
      vertex   2.625352e+01 -4.403790e+01 9.220070e+01
    endloop
  endfacet
  facet normal -8.660254e-01 -5.000000e-01 -1.402516e-13
    outer loop
      vertex   2.560305e+01 -4.291125e+01 9.263955e+01
      vertex   2.625352e+01 -4.403790e+01 9.220070e+01
      vertex   2.648358e+01 -4.443637e+01 9.286024e+01
    endloop
  endfacet
  facet normal -8.660254e-01 -5.000000e-01 -1.430438e-13
    outer loop
      vertex   2.648358e+01 -4.443637e+01 9.286024e+01
      vertex   2.625352e+01 -4.403790e+01 9.220070e+01
      vertex   2.711457e+01 -4.552928e+01 9.223003e+01
    endloop
  endfacet
  facet normal -8.660254e-01 -5.000000e-01 -1.480874e-13
    outer loop
      vertex   2.648358e+01 -4.443637e+01 9.286024e+01
      vertex   2.711457e+01 -4.552928e+01 9.223003e+01
      vertex   2.737073e+01 -4.597295e+01 9.281599e+01
    endloop
  endfacet
  facet normal -8.660254e-01 -5.000000e-01 -1.465967e-13
    outer loop
      vertex   2.737073e+01 -4.597295e+01 9.281599e+01
      vertex   2.711457e+01 -4.552928e+01 9.223003e+01
      vertex   2.796778e+01 -4.700707e+01 9.199613e+01
    endloop
  endfacet
  facet normal -8.660254e-01 -5.000000e-01 -1.430268e-13
    outer loop
      vertex   2.737073e+01 -4.597295e+01 9.281599e+01
      vertex   2.796778e+01 -4.700707e+01 9.199613e+01
      vertex   2.824466e+01 -4.748666e+01 9.250779e+01
    endloop
  endfacet
  facet normal -8.660254e-01 -5.000000e-01 -1.476677e-13
    outer loop
      vertex   2.824466e+01 -4.748666e+01 9.250779e+01
      vertex   2.796778e+01 -4.700707e+01 9.199613e+01
      vertex   2.879313e+01 -4.843662e+01 9.150450e+01
    endloop
  endfacet
  facet normal -8.660254e-01 -5.000000e-01 -1.563582e-13
    outer loop
      vertex   2.824466e+01 -4.748666e+01 9.250779e+01
      vertex   2.879313e+01 -4.843662e+01 9.150450e+01
      vertex   2.908587e+01 -4.894368e+01 9.194253e+01
    endloop
  endfacet
  facet normal -8.660254e-01 -5.000000e-01 -1.524191e-13
    outer loop
      vertex   2.908587e+01 -4.894368e+01 9.194253e+01
      vertex   2.879313e+01 -4.843662e+01 9.150450e+01
      vertex   2.957128e+01 -4.978442e+01 9.076664e+01
    endloop
  endfacet
  facet normal -8.660254e-01 -5.000000e-01 -1.498808e-13
    outer loop
      vertex   2.908587e+01 -4.894368e+01 9.194253e+01
      vertex   2.957128e+01 -4.978442e+01 9.076664e+01
      vertex   2.987556e+01 -5.031146e+01 9.113283e+01
    endloop
  endfacet
  facet normal -8.660254e-01 -5.000000e-01 -1.538861e-13
    outer loop
      vertex   2.987556e+01 -5.031146e+01 9.113283e+01
      vertex   2.957128e+01 -4.978442e+01 9.076664e+01
      vertex   3.028400e+01 -5.101889e+01 8.979987e+01
    endloop
  endfacet
  facet normal -8.660254e-01 -5.000000e-01 -1.512587e-13
    outer loop
      vertex   2.987556e+01 -5.031146e+01 9.113283e+01
      vertex   3.028400e+01 -5.101889e+01 8.979987e+01
      vertex   3.059609e+01 -5.155945e+01 9.009678e+01
    endloop
  endfacet
  facet normal -8.660254e-01 -5.000000e-01 -1.485533e-13
    outer loop
      vertex   3.059609e+01 -5.155945e+01 9.009678e+01
      vertex   3.028400e+01 -5.101889e+01 8.979987e+01
      vertex   3.091457e+01 -5.211108e+01 8.862683e+01
    endloop
  endfacet
  facet normal -8.660254e-01 -5.000000e-01 -1.507884e-13
    outer loop
      vertex   3.059609e+01 -5.155945e+01 9.009678e+01
      vertex   3.091457e+01 -5.211108e+01 8.862683e+01
      vertex   3.123137e+01 -5.265978e+01 8.885752e+01
    endloop
  endfacet
  facet normal -8.660254e-01 -5.000000e-01 -1.515894e-13
    outer loop
      vertex   3.123137e+01 -5.265978e+01 8.885752e+01
      vertex   3.091457e+01 -5.211108e+01 8.862683e+01
      vertex   3.144823e+01 -5.303539e+01 8.727503e+01
    endloop
  endfacet
  facet normal -8.660254e-01 -5.000000e-01 -1.524899e-13
    outer loop
      vertex   3.123137e+01 -5.265978e+01 8.885752e+01
      vertex   3.144823e+01 -5.303539e+01 8.727503e+01
      vertex   3.176720e+01 -5.358786e+01 8.744274e+01
    endloop
  endfacet
  facet normal -8.660254e-01 -5.000000e-01 -1.539466e-13
    outer loop
      vertex   3.176720e+01 -5.358786e+01 8.744274e+01
      vertex   3.144823e+01 -5.303539e+01 8.727503e+01
      vertex   3.187245e+01 -5.377017e+01 8.577615e+01
    endloop
  endfacet
  facet normal -8.660254e-01 -5.000000e-01 -1.536688e-13
    outer loop
      vertex   3.176720e+01 -5.358786e+01 8.744274e+01
      vertex   3.187245e+01 -5.377017e+01 8.577615e+01
      vertex   3.219161e+01 -5.432296e+01 8.588403e+01
    endloop
  endfacet
  facet normal -8.660254e-01 -5.000000e-01 -1.530102e-13
    outer loop
      vertex   3.219161e+01 -5.432296e+01 8.588403e+01
      vertex   3.187245e+01 -5.377017e+01 8.577615e+01
      vertex   3.217730e+01 -5.429819e+01 8.416531e+01
    endloop
  endfacet
  facet normal -8.660254e-01 -5.000000e-01 -1.528291e-13
    outer loop
      vertex   3.219161e+01 -5.432296e+01 8.588403e+01
      vertex   3.217730e+01 -5.429819e+01 8.416531e+01
      vertex   3.249512e+01 -5.484867e+01 8.421623e+01
    endloop
  endfacet
  facet normal -8.660254e-01 -5.000000e-01 -1.551587e-13
    outer loop
      vertex   3.249512e+01 -5.484867e+01 8.421623e+01
      vertex   3.217730e+01 -5.429819e+01 8.416531e+01
      vertex   3.235563e+01 -5.460707e+01 8.248029e+01
    endloop
  endfacet
  facet normal -8.660254e-01 -5.000000e-01 -1.565188e-13
    outer loop
      vertex   3.249512e+01 -5.484867e+01 8.421623e+01
      vertex   3.235563e+01 -5.460707e+01 8.248029e+01
      vertex   3.267096e+01 -5.515323e+01 8.247658e+01
    endloop
  endfacet
  facet normal -8.660254e-01 -5.000000e-01 -1.475846e-13
    outer loop
      vertex   3.267096e+01 -5.515323e+01 8.247658e+01
      vertex   3.235563e+01 -5.460707e+01 8.248029e+01
      vertex   3.240327e+01 -5.468957e+01 8.076057e+01
    endloop
  endfacet
  facet normal -8.660254e-01 -5.000000e-01 -1.517011e-13
    outer loop
      vertex   3.267096e+01 -5.515323e+01 8.247658e+01
      vertex   3.240327e+01 -5.468957e+01 8.076057e+01
      vertex   3.271520e+01 -5.522985e+01 8.070395e+01
    endloop
  endfacet
  facet normal -8.660254e-01 -5.000000e-01 -1.543302e-13
    outer loop
      vertex   3.271520e+01 -5.522985e+01 8.070395e+01
      vertex   3.240327e+01 -5.468957e+01 8.076057e+01
      vertex   3.231909e+01 -5.454376e+01 7.904646e+01
    endloop
  endfacet
  facet normal 4.976054e-01 -8.618778e-01 -9.775236e-02
    outer loop
      vertex   3.240327e+01 -5.468957e+01 8.076057e+01
      vertex   3.002170e+01 -5.606457e+01 8.076057e+01
      vertex   3.231909e+01 -5.454376e+01 7.904646e+01
    endloop
  endfacet
  facet normal 4.976054e-01 -8.618778e-01 -9.775236e-02
    outer loop
      vertex   3.231909e+01 -5.454376e+01 7.904646e+01
      vertex   3.002170e+01 -5.606457e+01 8.076057e+01
      vertex   2.993752e+01 -5.591876e+01 7.904646e+01
    endloop
  endfacet
  facet normal 4.843127e-01 -8.388543e-01 -2.485250e-01
    outer loop
      vertex   3.231909e+01 -5.454376e+01 7.904646e+01
      vertex   2.993752e+01 -5.591876e+01 7.904646e+01
      vertex   3.210506e+01 -5.417306e+01 7.737814e+01
    endloop
  endfacet
  facet normal 4.843127e-01 -8.388543e-01 -2.485250e-01
    outer loop
      vertex   3.210506e+01 -5.417306e+01 7.737814e+01
      vertex   2.993752e+01 -5.591876e+01 7.904646e+01
      vertex   2.972349e+01 -5.554806e+01 7.737814e+01
    endloop
  endfacet
  facet normal 4.596682e-01 -7.961687e-01 -3.934723e-01
    outer loop
      vertex   3.210506e+01 -5.417306e+01 7.737814e+01
      vertex   2.972349e+01 -5.554806e+01 7.737814e+01
      vertex   3.176621e+01 -5.358616e+01 7.579471e+01
    endloop
  endfacet
  facet normal 4.596682e-01 -7.961687e-01 -3.934723e-01
    outer loop
      vertex   3.176621e+01 -5.358616e+01 7.579471e+01
      vertex   2.972349e+01 -5.554806e+01 7.737814e+01
      vertex   2.938464e+01 -5.496116e+01 7.579471e+01
    endloop
  endfacet
  facet normal 4.242495e-01 -7.348216e-01 -5.291971e-01
    outer loop
      vertex   3.176621e+01 -5.358616e+01 7.579471e+01
      vertex   2.938464e+01 -5.496116e+01 7.579471e+01
      vertex   3.131048e+01 -5.279680e+01 7.433329e+01
    endloop
  endfacet
  facet normal 4.242495e-01 -7.348216e-01 -5.291971e-01
    outer loop
      vertex   3.131048e+01 -5.279680e+01 7.433329e+01
      vertex   2.938464e+01 -5.496116e+01 7.579471e+01
      vertex   2.892891e+01 -5.417180e+01 7.433329e+01
    endloop
  endfacet
  facet normal 3.788867e-01 -6.562510e-01 -6.525179e-01
    outer loop
      vertex   3.131048e+01 -5.279680e+01 7.433329e+01
      vertex   2.892891e+01 -5.417180e+01 7.433329e+01
      vertex   3.074854e+01 -5.182350e+01 7.302814e+01
    endloop
  endfacet
  facet normal 3.788867e-01 -6.562510e-01 -6.525179e-01
    outer loop
      vertex   3.074854e+01 -5.182350e+01 7.302814e+01
      vertex   2.892891e+01 -5.417180e+01 7.433329e+01
      vertex   2.836697e+01 -5.319850e+01 7.302814e+01
    endloop
  endfacet
  facet normal 3.246431e-01 -5.622983e-01 -7.605442e-01
    outer loop
      vertex   3.074854e+01 -5.182350e+01 7.302814e+01
      vertex   2.836697e+01 -5.319850e+01 7.302814e+01
      vertex   3.009358e+01 -5.068907e+01 7.190983e+01
    endloop
  endfacet
  facet normal 3.246431e-01 -5.622983e-01 -7.605442e-01
    outer loop
      vertex   3.009358e+01 -5.068907e+01 7.190983e+01
      vertex   2.836697e+01 -5.319850e+01 7.302814e+01
      vertex   2.771201e+01 -5.206407e+01 7.190983e+01
    endloop
  endfacet
  facet normal 2.627902e-01 -4.551659e-01 -8.507440e-01
    outer loop
      vertex   3.009358e+01 -5.068907e+01 7.190983e+01
      vertex   2.771201e+01 -5.206407e+01 7.190983e+01
      vertex   2.936093e+01 -4.942010e+01 7.100459e+01
    endloop
  endfacet
  facet normal 2.627902e-01 -4.551659e-01 -8.507440e-01
    outer loop
      vertex   2.936093e+01 -4.942010e+01 7.100459e+01
      vertex   2.771201e+01 -5.206407e+01 7.190983e+01
      vertex   2.697937e+01 -5.079510e+01 7.100459e+01
    endloop
  endfacet
  facet normal 1.947776e-01 -3.373648e-01 -9.210031e-01
    outer loop
      vertex   2.936093e+01 -4.942010e+01 7.100459e+01
      vertex   2.697937e+01 -5.079510e+01 7.100459e+01
      vertex   2.856779e+01 -4.804632e+01 7.033364e+01
    endloop
  endfacet
  facet normal 1.947776e-01 -3.373648e-01 -9.210031e-01
    outer loop
      vertex   2.856779e+01 -4.804632e+01 7.033364e+01
      vertex   2.697937e+01 -5.079510e+01 7.100459e+01
      vertex   2.618622e+01 -4.942132e+01 7.033364e+01
    endloop
  endfacet
  facet normal 1.221997e-01 -2.116561e-01 -9.696747e-01
    outer loop
      vertex   2.856779e+01 -4.804632e+01 7.033364e+01
      vertex   2.618622e+01 -4.942132e+01 7.033364e+01
      vertex   2.773272e+01 -4.659995e+01 6.991270e+01
    endloop
  endfacet
  facet normal 1.221997e-01 -2.116561e-01 -9.696747e-01
    outer loop
      vertex   2.773272e+01 -4.659995e+01 6.991270e+01
      vertex   2.618622e+01 -4.942132e+01 7.033364e+01
      vertex   2.535115e+01 -4.797495e+01 6.991270e+01
    endloop
  endfacet
  facet normal 4.675749e-02 -8.098634e-02 -9.956179e-01
    outer loop
      vertex   2.773272e+01 -4.659995e+01 6.991270e+01
      vertex   2.535115e+01 -4.797495e+01 6.991270e+01
      vertex   2.687532e+01 -4.511488e+01 6.975163e+01
    endloop
  endfacet
  facet normal 4.675749e-02 -8.098634e-02 -9.956179e-01
    outer loop
      vertex   2.687532e+01 -4.511488e+01 6.975163e+01
      vertex   2.535115e+01 -4.797495e+01 6.991270e+01
      vertex   2.449375e+01 -4.648988e+01 6.975163e+01
    endloop
  endfacet
  facet normal -2.978067e-02 5.158163e-02 -9.982246e-01
    outer loop
      vertex   2.687532e+01 -4.511488e+01 6.975163e+01
      vertex   2.449375e+01 -4.648988e+01 6.975163e+01
      vertex   2.601567e+01 -4.362592e+01 6.985422e+01
    endloop
  endfacet
  facet normal -2.978067e-02 5.158163e-02 -9.982246e-01
    outer loop
      vertex   2.601567e+01 -4.362592e+01 6.985422e+01
      vertex   2.449375e+01 -4.648988e+01 6.975163e+01
      vertex   2.363410e+01 -4.500092e+01 6.985422e+01
    endloop
  endfacet
  facet normal -1.056208e-01 1.829406e-01 -9.774339e-01
    outer loop
      vertex   2.601567e+01 -4.362592e+01 6.985422e+01
      vertex   2.363410e+01 -4.500092e+01 6.985422e+01
      vertex   2.517392e+01 -4.216798e+01 7.021805e+01
    endloop
  endfacet
  facet normal -1.056208e-01 1.829406e-01 -9.774339e-01
    outer loop
      vertex   2.517392e+01 -4.216798e+01 7.021805e+01
      vertex   2.363410e+01 -4.500092e+01 6.985422e+01
      vertex   2.279235e+01 -4.354298e+01 7.021805e+01
    endloop
  endfacet
  facet normal -1.789853e-01 3.100115e-01 -9.337329e-01
    outer loop
      vertex   2.517392e+01 -4.216798e+01 7.021805e+01
      vertex   2.279235e+01 -4.354298e+01 7.021805e+01
      vertex   2.436981e+01 -4.077521e+01 7.083460e+01
    endloop
  endfacet
  facet normal -1.789853e-01 3.100115e-01 -9.337329e-01
    outer loop
      vertex   2.436981e+01 -4.077521e+01 7.083460e+01
      vertex   2.279235e+01 -4.354298e+01 7.021805e+01
      vertex   2.198824e+01 -4.215021e+01 7.083460e+01
    endloop
  endfacet
  facet normal -2.481544e-01 4.298161e-01 -8.681460e-01
    outer loop
      vertex   2.436981e+01 -4.077521e+01 7.083460e+01
      vertex   2.198824e+01 -4.215021e+01 7.083460e+01
      vertex   2.362218e+01 -3.948028e+01 7.168943e+01
    endloop
  endfacet
  facet normal -2.481544e-01 4.298161e-01 -8.681460e-01
    outer loop
      vertex   2.362218e+01 -3.948028e+01 7.168943e+01
      vertex   2.198824e+01 -4.215021e+01 7.083460e+01
      vertex   2.124061e+01 -4.085528e+01 7.168943e+01
    endloop
  endfacet
  facet normal -3.115071e-01 5.395462e-01 -7.822105e-01
    outer loop
      vertex   2.362218e+01 -3.948028e+01 7.168943e+01
      vertex   2.124061e+01 -4.085528e+01 7.168943e+01
      vertex   2.294856e+01 -3.831353e+01 7.276248e+01
    endloop
  endfacet
  facet normal -3.115071e-01 5.395462e-01 -7.822105e-01
    outer loop
      vertex   2.294856e+01 -3.831353e+01 7.276248e+01
      vertex   2.124061e+01 -4.085528e+01 7.168943e+01
      vertex   2.056699e+01 -3.968853e+01 7.276248e+01
    endloop
  endfacet
  facet normal -3.675583e-01 6.366297e-01 -6.779406e-01
    outer loop
      vertex   2.294856e+01 -3.831353e+01 7.276248e+01
      vertex   2.056699e+01 -3.968853e+01 7.276248e+01
      vertex   2.236473e+01 -3.730231e+01 7.402861e+01
    endloop
  endfacet
  facet normal -3.675583e-01 6.366297e-01 -6.779406e-01
    outer loop
      vertex   2.236473e+01 -3.730231e+01 7.402861e+01
      vertex   2.056699e+01 -3.968853e+01 7.276248e+01
      vertex   1.998316e+01 -3.867731e+01 7.402861e+01
    endloop
  endfacet
  facet normal -4.149943e-01 7.187912e-01 -5.577804e-01
    outer loop
      vertex   2.236473e+01 -3.730231e+01 7.402861e+01
      vertex   1.998316e+01 -3.867731e+01 7.402861e+01
      vertex   2.188438e+01 -3.647032e+01 7.545815e+01
    endloop
  endfacet
  facet normal -4.149943e-01 7.187912e-01 -5.577804e-01
    outer loop
      vertex   2.188438e+01 -3.647032e+01 7.545815e+01
      vertex   1.998316e+01 -3.867731e+01 7.402861e+01
      vertex   1.950281e+01 -3.784532e+01 7.545815e+01
    endloop
  endfacet
  facet normal -4.527031e-01 7.841048e-01 -4.245463e-01
    outer loop
      vertex   2.188438e+01 -3.647032e+01 7.545815e+01
      vertex   1.950281e+01 -3.784532e+01 7.545815e+01
      vertex   2.151877e+01 -3.583707e+01 7.701758e+01
    endloop
  endfacet
  facet normal -4.527031e-01 7.841048e-01 -4.245463e-01
    outer loop
      vertex   2.151877e+01 -3.583707e+01 7.701758e+01
      vertex   1.950281e+01 -3.784532e+01 7.545815e+01
      vertex   1.913720e+01 -3.721207e+01 7.701758e+01
    endloop
  endfacet
  facet normal -4.798010e-01 8.310396e-01 -2.813612e-01
    outer loop
      vertex   2.151877e+01 -3.583707e+01 7.701758e+01
      vertex   1.913720e+01 -3.721207e+01 7.701758e+01
      vertex   2.127647e+01 -3.541739e+01 7.867036e+01
    endloop
  endfacet
  facet normal -4.798010e-01 8.310396e-01 -2.813612e-01
    outer loop
      vertex   2.127647e+01 -3.541739e+01 7.867036e+01
      vertex   1.913720e+01 -3.721207e+01 7.701758e+01
      vertex   1.889490e+01 -3.679239e+01 7.867036e+01
    endloop
  endfacet
  facet normal -4.956527e-01 8.584957e-01 -1.315812e-01
    outer loop
      vertex   2.127647e+01 -3.541739e+01 7.867036e+01
      vertex   1.889490e+01 -3.679239e+01 7.867036e+01
      vertex   2.116315e+01 -3.522112e+01 8.037775e+01
    endloop
  endfacet
  facet normal -4.956527e-01 8.584957e-01 -1.315812e-01
    outer loop
      vertex   2.116315e+01 -3.522112e+01 8.037775e+01
      vertex   1.889490e+01 -3.679239e+01 7.867036e+01
      vertex   1.878158e+01 -3.659612e+01 8.037775e+01
    endloop
  endfacet
  facet normal -4.998867e-01 8.658292e-01 2.128290e-02
    outer loop
      vertex   2.116315e+01 -3.522112e+01 8.037775e+01
      vertex   1.878158e+01 -3.659612e+01 8.037775e+01
      vertex   2.118148e+01 -3.525287e+01 8.209971e+01
    endloop
  endfacet
  facet normal -4.998867e-01 8.658292e-01 2.128290e-02
    outer loop
      vertex   2.118148e+01 -3.525287e+01 8.209971e+01
      vertex   1.878158e+01 -3.659612e+01 8.037775e+01
      vertex   1.879991e+01 -3.662787e+01 8.209971e+01
    endloop
  endfacet
  facet normal -4.924039e-01 8.528685e-01 1.736482e-01
    outer loop
      vertex   2.118148e+01 -3.525287e+01 8.209971e+01
      vertex   1.879991e+01 -3.662787e+01 8.209971e+01
      vertex   2.133102e+01 -3.551188e+01 8.379591e+01
    endloop
  endfacet
  facet normal -4.924039e-01 8.528685e-01 1.736482e-01
    outer loop
      vertex   2.133102e+01 -3.551188e+01 8.379591e+01
      vertex   1.879991e+01 -3.662787e+01 8.209971e+01
      vertex   1.894945e+01 -3.688688e+01 8.379591e+01
    endloop
  endfacet
  facet normal -4.733795e-01 8.199173e-01 3.219433e-01
    outer loop
      vertex   2.133102e+01 -3.551188e+01 8.379591e+01
      vertex   1.894945e+01 -3.688688e+01 8.379591e+01
      vertex   2.160827e+01 -3.599209e+01 8.542656e+01
    endloop
  endfacet
  facet normal -4.733795e-01 8.199173e-01 3.219433e-01
    outer loop
      vertex   2.160827e+01 -3.599209e+01 8.542656e+01
      vertex   1.894945e+01 -3.688688e+01 8.379591e+01
      vertex   1.922670e+01 -3.736709e+01 8.542656e+01
    endloop
  endfacet
  facet normal -4.432595e-01 7.677479e-01 4.626923e-01
    outer loop
      vertex   2.160827e+01 -3.599209e+01 8.542656e+01
      vertex   1.922670e+01 -3.736709e+01 8.542656e+01
      vertex   2.200674e+01 -3.668225e+01 8.695347e+01
    endloop
  endfacet
  facet normal -4.432595e-01 7.677479e-01 4.626923e-01
    outer loop
      vertex   2.200674e+01 -3.668225e+01 8.695347e+01
      vertex   1.922670e+01 -3.736709e+01 8.542656e+01
      vertex   1.962517e+01 -3.805725e+01 8.695347e+01
    endloop
  endfacet
  facet normal -4.027498e-01 6.975832e-01 5.925963e-01
    outer loop
      vertex   2.200674e+01 -3.668225e+01 8.695347e+01
      vertex   1.962517e+01 -3.805725e+01 8.695347e+01
      vertex   2.251707e+01 -3.756617e+01 8.834083e+01
    endloop
  endfacet
  facet normal -4.027498e-01 6.975832e-01 5.925963e-01
    outer loop
      vertex   2.251707e+01 -3.756617e+01 8.834083e+01
      vertex   1.962517e+01 -3.805725e+01 8.695347e+01
      vertex   2.013550e+01 -3.894117e+01 8.834083e+01
    endloop
  endfacet
  facet normal -3.528001e-01 6.110676e-01 7.086102e-01
    outer loop
      vertex   2.251707e+01 -3.756617e+01 8.834083e+01
      vertex   2.013550e+01 -3.894117e+01 8.834083e+01
      vertex   2.312731e+01 -3.862314e+01 8.955612e+01
    endloop
  endfacet
  facet normal -3.528001e-01 6.110676e-01 7.086102e-01
    outer loop
      vertex   2.312731e+01 -3.862314e+01 8.955612e+01
      vertex   2.013550e+01 -3.894117e+01 8.834083e+01
      vertex   2.074574e+01 -3.999814e+01 8.955612e+01
    endloop
  endfacet
  facet normal -2.945810e-01 5.102292e-01 8.080150e-01
    outer loop
      vertex   2.312731e+01 -3.862314e+01 8.955612e+01
      vertex   2.074574e+01 -3.999814e+01 8.955612e+01
      vertex   2.382315e+01 -3.982838e+01 9.057087e+01
    endloop
  endfacet
  facet normal -2.945810e-01 5.102292e-01 8.080150e-01
    outer loop
      vertex   2.382315e+01 -3.982838e+01 9.057087e+01
      vertex   2.074574e+01 -3.999814e+01 8.955612e+01
      vertex   2.144158e+01 -4.120338e+01 9.057087e+01
    endloop
  endfacet
  facet normal -2.294572e-01 3.974315e-01 8.884805e-01
    outer loop
      vertex   2.382315e+01 -3.982838e+01 9.057087e+01
      vertex   2.144158e+01 -4.120338e+01 9.057087e+01
      vertex   2.458829e+01 -4.115364e+01 9.136128e+01
    endloop
  endfacet
  facet normal -2.294572e-01 3.974315e-01 8.884805e-01
    outer loop
      vertex   2.458829e+01 -4.115364e+01 9.136128e+01
      vertex   2.144158e+01 -4.120338e+01 9.057087e+01
      vertex   2.220672e+01 -4.252864e+01 9.136128e+01
    endloop
  endfacet
  facet normal -1.589551e-01 2.753182e-01 9.481209e-01
    outer loop
      vertex   2.458829e+01 -4.115364e+01 9.136128e+01
      vertex   2.220672e+01 -4.252864e+01 9.136128e+01
      vertex   2.540480e+01 -4.256786e+01 9.190884e+01
    endloop
  endfacet
  facet normal -1.589551e-01 2.753182e-01 9.481209e-01
    outer loop
      vertex   2.540480e+01 -4.256786e+01 9.190884e+01
      vertex   2.220672e+01 -4.252864e+01 9.136128e+01
      vertex   2.302323e+01 -4.394286e+01 9.190884e+01
    endloop
  endfacet
  facet normal -8.472719e-02 1.467518e-01 9.855380e-01
    outer loop
      vertex   2.540480e+01 -4.256786e+01 9.190884e+01
      vertex   2.302323e+01 -4.394286e+01 9.190884e+01
      vertex   2.625352e+01 -4.403790e+01 9.220070e+01
    endloop
  endfacet
  facet normal -8.472719e-02 1.467518e-01 9.855380e-01
    outer loop
      vertex   2.625352e+01 -4.403790e+01 9.220070e+01
      vertex   2.302323e+01 -4.394286e+01 9.190884e+01
      vertex   2.387195e+01 -4.541290e+01 9.220070e+01
    endloop
  endfacet
  facet normal -8.513390e-03 1.474562e-02 9.998550e-01
    outer loop
      vertex   2.625352e+01 -4.403790e+01 9.220070e+01
      vertex   2.387195e+01 -4.541290e+01 9.220070e+01
      vertex   2.711457e+01 -4.552928e+01 9.223003e+01
    endloop
  endfacet
  facet normal -8.513390e-03 1.474562e-02 9.998550e-01
    outer loop
      vertex   2.711457e+01 -4.552928e+01 9.223003e+01
      vertex   2.387195e+01 -4.541290e+01 9.220070e+01
      vertex   2.473300e+01 -4.690428e+01 9.223003e+01
    endloop
  endfacet
  facet normal 6.789996e-02 -1.176062e-01 9.907363e-01
    outer loop
      vertex   2.711457e+01 -4.552928e+01 9.223003e+01
      vertex   2.473300e+01 -4.690428e+01 9.223003e+01
      vertex   2.796778e+01 -4.700707e+01 9.199613e+01
    endloop
  endfacet
  facet normal 6.789996e-02 -1.176062e-01 9.907363e-01
    outer loop
      vertex   2.796778e+01 -4.700707e+01 9.199613e+01
      vertex   2.473300e+01 -4.690428e+01 9.223003e+01
      vertex   2.558621e+01 -4.838207e+01 9.199613e+01
    endloop
  endfacet
  facet normal 1.427218e-01 -2.472014e-01 9.583955e-01
    outer loop
      vertex   2.796778e+01 -4.700707e+01 9.199613e+01
      vertex   2.558621e+01 -4.838207e+01 9.199613e+01
      vertex   2.879313e+01 -4.843662e+01 9.150450e+01
    endloop
  endfacet
  facet normal 1.427218e-01 -2.472014e-01 9.583955e-01
    outer loop
      vertex   2.879313e+01 -4.843662e+01 9.150450e+01
      vertex   2.558621e+01 -4.838207e+01 9.199613e+01
      vertex   2.641156e+01 -4.981162e+01 9.150450e+01
    endloop
  endfacet
  facet normal 2.141984e-01 -3.710024e-01 9.035908e-01
    outer loop
      vertex   2.879313e+01 -4.843662e+01 9.150450e+01
      vertex   2.641156e+01 -4.981162e+01 9.150450e+01
      vertex   2.957128e+01 -4.978442e+01 9.076664e+01
    endloop
  endfacet
  facet normal 2.141984e-01 -3.710024e-01 9.035908e-01
    outer loop
      vertex   2.957128e+01 -4.978442e+01 9.076664e+01
      vertex   2.641156e+01 -4.981162e+01 9.150450e+01
      vertex   2.718971e+01 -5.115942e+01 9.076664e+01
    endloop
  endfacet
  facet normal 2.806543e-01 -4.861075e-01 8.276066e-01
    outer loop
      vertex   2.957128e+01 -4.978442e+01 9.076664e+01
      vertex   2.718971e+01 -5.115942e+01 9.076664e+01
      vertex   3.028400e+01 -5.101889e+01 8.979987e+01
    endloop
  endfacet
  facet normal 2.806543e-01 -4.861075e-01 8.276066e-01
    outer loop
      vertex   3.028400e+01 -5.101889e+01 8.979987e+01
      vertex   2.718971e+01 -5.115942e+01 9.076664e+01
      vertex   2.790243e+01 -5.239389e+01 8.979987e+01
    endloop
  endfacet
  facet normal 3.405319e-01 -5.898186e-01 7.322241e-01
    outer loop
      vertex   3.028400e+01 -5.101889e+01 8.979987e+01
      vertex   2.790243e+01 -5.239389e+01 8.979987e+01
      vertex   3.091457e+01 -5.211108e+01 8.862683e+01
    endloop
  endfacet
  facet normal 3.405319e-01 -5.898186e-01 7.322241e-01
    outer loop
      vertex   3.091457e+01 -5.211108e+01 8.862683e+01
      vertex   2.790243e+01 -5.239389e+01 8.979987e+01
      vertex   2.853300e+01 -5.348608e+01 8.862683e+01
    endloop
  endfacet
  facet normal 3.924278e-01 -6.797048e-01 6.196788e-01
    outer loop
      vertex   3.091457e+01 -5.211108e+01 8.862683e+01
      vertex   2.853300e+01 -5.348608e+01 8.862683e+01
      vertex   3.144823e+01 -5.303539e+01 8.727503e+01
    endloop
  endfacet
  facet normal 3.924278e-01 -6.797048e-01 6.196788e-01
    outer loop
      vertex   3.144823e+01 -5.303539e+01 8.727503e+01
      vertex   2.853300e+01 -5.348608e+01 8.862683e+01
      vertex   2.906666e+01 -5.441039e+01 8.727503e+01
    endloop
  endfacet
  facet normal 4.351254e-01 -7.536594e-01 4.926088e-01
    outer loop
      vertex   3.144823e+01 -5.303539e+01 8.727503e+01
      vertex   2.906666e+01 -5.441039e+01 8.727503e+01
      vertex   3.187245e+01 -5.377017e+01 8.577615e+01
    endloop
  endfacet
  facet normal 4.351254e-01 -7.536594e-01 4.926088e-01
    outer loop
      vertex   3.187245e+01 -5.377017e+01 8.577615e+01
      vertex   2.906666e+01 -5.441039e+01 8.727503e+01
      vertex   2.949088e+01 -5.514517e+01 8.577615e+01
    endloop
  endfacet
  facet normal 4.676241e-01 -8.099488e-01 3.539925e-01
    outer loop
      vertex   3.187245e+01 -5.377017e+01 8.577615e+01
      vertex   2.949088e+01 -5.514517e+01 8.577615e+01
      vertex   3.217730e+01 -5.429819e+01 8.416531e+01
    endloop
  endfacet
  facet normal 4.676241e-01 -8.099488e-01 3.539925e-01
    outer loop
      vertex   3.217730e+01 -5.429819e+01 8.416531e+01
      vertex   2.949088e+01 -5.514517e+01 8.577615e+01
      vertex   2.979573e+01 -5.567319e+01 8.416531e+01
    endloop
  endfacet
  facet normal 4.891621e-01 -8.472537e-01 2.070788e-01
    outer loop
      vertex   3.217730e+01 -5.429819e+01 8.416531e+01
      vertex   2.979573e+01 -5.567319e+01 8.416531e+01
      vertex   3.235563e+01 -5.460707e+01 8.248029e+01
    endloop
  endfacet
  facet normal 4.891621e-01 -8.472537e-01 2.070788e-01
    outer loop
      vertex   3.235563e+01 -5.460707e+01 8.248029e+01
      vertex   2.979573e+01 -5.567319e+01 8.416531e+01
      vertex   2.997406e+01 -5.598207e+01 8.248029e+01
    endloop
  endfacet
  facet normal 4.992346e-01 -8.646996e-01 5.531147e-02
    outer loop
      vertex   3.235563e+01 -5.460707e+01 8.248029e+01
      vertex   2.997406e+01 -5.598207e+01 8.248029e+01
      vertex   3.240327e+01 -5.468957e+01 8.076057e+01
    endloop
  endfacet
  facet normal 4.992346e-01 -8.646996e-01 5.531147e-02
    outer loop
      vertex   3.240327e+01 -5.468957e+01 8.076057e+01
      vertex   2.997406e+01 -5.598207e+01 8.248029e+01
      vertex   3.002170e+01 -5.606457e+01 8.076057e+01
    endloop
  endfacet
  facet normal -8.660254e-01 -5.000000e-01 -1.506294e-13
    outer loop
      vertex   2.911897e+01 -5.450100e+01 7.770626e+01
      vertex   2.972349e+01 -5.554806e+01 7.737814e+01
      vertex   2.932201e+01 -5.485268e+01 7.926352e+01
    endloop
  endfacet
  facet normal -8.660254e-01 -5.000000e-01 -1.498568e-13
    outer loop
      vertex   2.932201e+01 -5.485268e+01 7.926352e+01
      vertex   2.972349e+01 -5.554806e+01 7.737814e+01
      vertex   2.993752e+01 -5.591876e+01 7.904646e+01
    endloop
  endfacet
  facet normal -8.660254e-01 -5.000000e-01 -1.518480e-13
    outer loop
      vertex   2.932201e+01 -5.485268e+01 7.926352e+01
      vertex   2.993752e+01 -5.591876e+01 7.904646e+01
      vertex   3.002170e+01 -5.606457e+01 8.076057e+01
    endloop
  endfacet
  facet normal -8.660254e-01 -5.000000e-01 -1.508580e-13
    outer loop
      vertex   2.972349e+01 -5.554806e+01 7.737814e+01
      vertex   2.911897e+01 -5.450100e+01 7.770626e+01
      vertex   2.938464e+01 -5.496116e+01 7.579471e+01
    endloop
  endfacet
  facet normal -8.660254e-01 -5.000000e-01 -1.511766e-13
    outer loop
      vertex   2.938464e+01 -5.496116e+01 7.579471e+01
      vertex   2.911897e+01 -5.450100e+01 7.770626e+01
      vertex   2.879366e+01 -5.393754e+01 7.623431e+01
    endloop
  endfacet
  facet normal -8.660254e-01 -5.000000e-01 -1.480364e-13
    outer loop
      vertex   2.938464e+01 -5.496116e+01 7.579471e+01
      vertex   2.879366e+01 -5.393754e+01 7.623431e+01
      vertex   2.892891e+01 -5.417180e+01 7.433329e+01
    endloop
  endfacet
  facet normal -8.660254e-01 -5.000000e-01 -1.480501e-13
    outer loop
      vertex   2.892891e+01 -5.417180e+01 7.433329e+01
      vertex   2.879366e+01 -5.393754e+01 7.623431e+01
      vertex   2.835450e+01 -5.317690e+01 7.488579e+01
    endloop
  endfacet
  facet normal -8.660254e-01 -5.000000e-01 -1.516900e-13
    outer loop
      vertex   2.892891e+01 -5.417180e+01 7.433329e+01
      vertex   2.835450e+01 -5.317690e+01 7.488579e+01
      vertex   2.836697e+01 -5.319850e+01 7.302814e+01
    endloop
  endfacet
  facet normal -8.660254e-01 -5.000000e-01 -1.516462e-13
    outer loop
      vertex   2.836697e+01 -5.319850e+01 7.302814e+01
      vertex   2.835450e+01 -5.317690e+01 7.488579e+01
      vertex   2.781287e+01 -5.223877e+01 7.369563e+01
    endloop
  endfacet
  facet normal -8.660254e-01 -5.000000e-01 -1.534801e-13
    outer loop
      vertex   2.836697e+01 -5.319850e+01 7.302814e+01
      vertex   2.781287e+01 -5.223877e+01 7.369563e+01
      vertex   2.771201e+01 -5.206407e+01 7.190983e+01
    endloop
  endfacet
  facet normal -8.660254e-01 -5.000000e-01 -1.533748e-13
    outer loop
      vertex   2.771201e+01 -5.206407e+01 7.190983e+01
      vertex   2.781287e+01 -5.223877e+01 7.369563e+01
      vertex   2.718280e+01 -5.114745e+01 7.269464e+01
    endloop
  endfacet
  facet normal -8.660254e-01 -5.000000e-01 -1.497261e-13
    outer loop
      vertex   2.771201e+01 -5.206407e+01 7.190983e+01
      vertex   2.718280e+01 -5.114745e+01 7.269464e+01
      vertex   2.697937e+01 -5.079510e+01 7.100459e+01
    endloop
  endfacet
  facet normal -8.660254e-01 -5.000000e-01 -1.487008e-13
    outer loop
      vertex   2.697937e+01 -5.079510e+01 7.100459e+01
      vertex   2.718280e+01 -5.114745e+01 7.269464e+01
      vertex   2.648060e+01 -4.993120e+01 7.190876e+01
    endloop
  endfacet
  facet normal -8.660254e-01 -5.000000e-01 -1.520006e-13
    outer loop
      vertex   2.697937e+01 -5.079510e+01 7.100459e+01
      vertex   2.648060e+01 -4.993120e+01 7.190876e+01
      vertex   2.618622e+01 -4.942132e+01 7.033364e+01
    endloop
  endfacet
  facet normal -8.660254e-01 -5.000000e-01 -1.547503e-13
    outer loop
      vertex   2.618622e+01 -4.942132e+01 7.033364e+01
      vertex   2.648060e+01 -4.993120e+01 7.190876e+01
      vertex   2.572446e+01 -4.862153e+01 7.135833e+01
    endloop
  endfacet
  facet normal -8.660254e-01 -5.000000e-01 -1.529381e-13
    outer loop
      vertex   2.618622e+01 -4.942132e+01 7.033364e+01
      vertex   2.572446e+01 -4.862153e+01 7.135833e+01
      vertex   2.535115e+01 -4.797495e+01 6.991270e+01
    endloop
  endfacet
  facet normal -8.660254e-01 -5.000000e-01 -1.509103e-13
    outer loop
      vertex   2.535115e+01 -4.797495e+01 6.991270e+01
      vertex   2.572446e+01 -4.862153e+01 7.135833e+01
      vertex   2.493396e+01 -4.725236e+01 7.105762e+01
    endloop
  endfacet
  facet normal -8.660254e-01 -5.000000e-01 -1.511014e-13
    outer loop
      vertex   2.535115e+01 -4.797495e+01 6.991270e+01
      vertex   2.493396e+01 -4.725236e+01 7.105762e+01
      vertex   2.449375e+01 -4.648988e+01 6.975163e+01
    endloop
  endfacet
  facet normal -8.660254e-01 -5.000000e-01 -1.509555e-13
    outer loop
      vertex   2.449375e+01 -4.648988e+01 6.975163e+01
      vertex   2.493396e+01 -4.725236e+01 7.105762e+01
      vertex   2.412959e+01 -4.585914e+01 7.101442e+01
    endloop
  endfacet
  facet normal -8.660254e-01 -5.000000e-01 -1.508795e-13
    outer loop
      vertex   2.449375e+01 -4.648988e+01 6.975163e+01
      vertex   2.412959e+01 -4.585914e+01 7.101442e+01
      vertex   2.363410e+01 -4.500092e+01 6.985422e+01
    endloop
  endfacet
  facet normal -8.660254e-01 -5.000000e-01 -1.493610e-13
    outer loop
      vertex   2.363410e+01 -4.500092e+01 6.985422e+01
      vertex   2.412959e+01 -4.585914e+01 7.101442e+01
      vertex   2.333216e+01 -4.447796e+01 7.122983e+01
    endloop
  endfacet
  facet normal -8.660254e-01 -5.000000e-01 -1.478001e-13
    outer loop
      vertex   2.363410e+01 -4.500092e+01 6.985422e+01
      vertex   2.333216e+01 -4.447796e+01 7.122983e+01
      vertex   2.279235e+01 -4.354298e+01 7.021805e+01
    endloop
  endfacet
  facet normal -8.660254e-01 -5.000000e-01 -1.466911e-13
    outer loop
      vertex   2.279235e+01 -4.354298e+01 7.021805e+01
      vertex   2.333216e+01 -4.447796e+01 7.122983e+01
      vertex   2.256234e+01 -4.314459e+01 7.169829e+01
    endloop
  endfacet
  facet normal -8.660254e-01 -5.000000e-01 -1.476910e-13
    outer loop
      vertex   2.279235e+01 -4.354298e+01 7.021805e+01
      vertex   2.256234e+01 -4.314459e+01 7.169829e+01
      vertex   2.198824e+01 -4.215021e+01 7.083460e+01
    endloop
  endfacet
  facet normal -8.660254e-01 -5.000000e-01 -1.510707e-13
    outer loop
      vertex   2.198824e+01 -4.215021e+01 7.083460e+01
      vertex   2.256234e+01 -4.314459e+01 7.169829e+01
      vertex   2.184006e+01 -4.189357e+01 7.240765e+01
    endloop
  endfacet
  facet normal -8.660254e-01 -5.000000e-01 -1.497023e-13
    outer loop
      vertex   2.198824e+01 -4.215021e+01 7.083460e+01
      vertex   2.184006e+01 -4.189357e+01 7.240765e+01
      vertex   2.124061e+01 -4.085528e+01 7.168943e+01
    endloop
  endfacet
  facet normal -8.660254e-01 -5.000000e-01 -1.462758e-13
    outer loop
      vertex   2.124061e+01 -4.085528e+01 7.168943e+01
      vertex   2.184006e+01 -4.189357e+01 7.240765e+01
      vertex   2.118403e+01 -4.075729e+01 7.333956e+01
    endloop
  endfacet
  facet normal -8.660254e-01 -5.000000e-01 -1.469518e-13
    outer loop
      vertex   2.124061e+01 -4.085528e+01 7.168943e+01
      vertex   2.118403e+01 -4.075729e+01 7.333956e+01
      vertex   2.056699e+01 -3.968853e+01 7.276248e+01
    endloop
  endfacet
  facet normal -8.660254e-01 -5.000000e-01 -1.523663e-13
    outer loop
      vertex   2.056699e+01 -3.968853e+01 7.276248e+01
      vertex   2.118403e+01 -4.075729e+01 7.333956e+01
      vertex   2.061124e+01 -3.976518e+01 7.446986e+01
    endloop
  endfacet
  facet normal -8.660254e-01 -5.000000e-01 -1.526017e-13
    outer loop
      vertex   2.056699e+01 -3.968853e+01 7.276248e+01
      vertex   2.061124e+01 -3.976518e+01 7.446986e+01
      vertex   1.998316e+01 -3.867731e+01 7.402861e+01
    endloop
  endfacet
  facet normal -8.660254e-01 -5.000000e-01 -1.517112e-13
    outer loop
      vertex   1.998316e+01 -3.867731e+01 7.402861e+01
      vertex   2.061124e+01 -3.976518e+01 7.446986e+01
      vertex   2.013653e+01 -3.894295e+01 7.576929e+01
    endloop
  endfacet
  facet normal -8.660254e-01 -5.000000e-01 -1.507210e-13
    outer loop
      vertex   1.998316e+01 -3.867731e+01 7.402861e+01
      vertex   2.013653e+01 -3.894295e+01 7.576929e+01
      vertex   1.950281e+01 -3.784532e+01 7.545815e+01
    endloop
  endfacet
  facet normal -8.660254e-01 -5.000000e-01 -1.501381e-13
    outer loop
      vertex   1.950281e+01 -3.784532e+01 7.545815e+01
      vertex   2.013653e+01 -3.894295e+01 7.576929e+01
      vertex   1.977218e+01 -3.831188e+01 7.720420e+01
    endloop
  endfacet
  facet normal -8.660254e-01 -5.000000e-01 -1.523835e-13
    outer loop
      vertex   1.950281e+01 -3.784532e+01 7.545815e+01
      vertex   1.977218e+01 -3.831188e+01 7.720420e+01
      vertex   1.913720e+01 -3.721207e+01 7.701758e+01
    endloop
  endfacet
  facet normal -8.660254e-01 -5.000000e-01 -1.526135e-13
    outer loop
      vertex   1.913720e+01 -3.721207e+01 7.701758e+01
      vertex   1.977218e+01 -3.831188e+01 7.720420e+01
      vertex   1.952764e+01 -3.788832e+01 7.873741e+01
    endloop
  endfacet
  facet normal -8.660254e-01 -5.000000e-01 -1.514766e-13
    outer loop
      vertex   1.913720e+01 -3.721207e+01 7.701758e+01
      vertex   1.952764e+01 -3.788832e+01 7.873741e+01
      vertex   1.889490e+01 -3.679239e+01 7.867036e+01
    endloop
  endfacet
  facet normal -8.660254e-01 -5.000000e-01 -1.489572e-13
    outer loop
      vertex   1.889490e+01 -3.679239e+01 7.867036e+01
      vertex   1.952764e+01 -3.788832e+01 7.873741e+01
      vertex   1.940923e+01 -3.768324e+01 8.032922e+01
    endloop
  endfacet
  facet normal -8.660254e-01 -5.000000e-01 -1.497393e-13
    outer loop
      vertex   1.889490e+01 -3.679239e+01 7.867036e+01
      vertex   1.940923e+01 -3.768324e+01 8.032922e+01
      vertex   1.878158e+01 -3.659612e+01 8.037775e+01
    endloop
  endfacet
  facet normal -8.660254e-01 -5.000000e-01 -1.519988e-13
    outer loop
      vertex   1.878158e+01 -3.659612e+01 8.037775e+01
      vertex   1.940923e+01 -3.768324e+01 8.032922e+01
      vertex   1.942004e+01 -3.770195e+01 8.193841e+01
    endloop
  endfacet
  facet normal -8.660254e-01 -5.000000e-01 -1.483729e-13
    outer loop
      vertex   1.878158e+01 -3.659612e+01 8.037775e+01
      vertex   1.942004e+01 -3.770195e+01 8.193841e+01
      vertex   1.879991e+01 -3.662787e+01 8.209971e+01
    endloop
  endfacet
  facet normal -8.660254e-01 -5.000000e-01 -1.514344e-13
    outer loop
      vertex   1.879991e+01 -3.662787e+01 8.209971e+01
      vertex   1.942004e+01 -3.770195e+01 8.193841e+01
      vertex   1.894945e+01 -3.688688e+01 8.379591e+01
    endloop
  endfacet
  facet normal -8.660254e-01 -5.000000e-01 -1.481143e-13
    outer loop
      vertex   1.894945e+01 -3.688688e+01 8.379591e+01
      vertex   1.942004e+01 -3.770195e+01 8.193841e+01
      vertex   1.955976e+01 -3.794397e+01 8.352329e+01
    endloop
  endfacet
  facet normal -8.660254e-01 -5.000000e-01 -1.524910e-13
    outer loop
      vertex   1.894945e+01 -3.688688e+01 8.379591e+01
      vertex   1.955976e+01 -3.794397e+01 8.352329e+01
      vertex   1.922670e+01 -3.736709e+01 8.542656e+01
    endloop
  endfacet
  facet normal -8.660254e-01 -5.000000e-01 -1.528228e-13
    outer loop
      vertex   1.922670e+01 -3.736709e+01 8.542656e+01
      vertex   1.955976e+01 -3.794397e+01 8.352329e+01
      vertex   1.982480e+01 -3.840303e+01 8.504282e+01
    endloop
  endfacet
  facet normal -8.660254e-01 -5.000000e-01 -1.520628e-13
    outer loop
      vertex   1.922670e+01 -3.736709e+01 8.542656e+01
      vertex   1.982480e+01 -3.840303e+01 8.504282e+01
      vertex   1.962517e+01 -3.805725e+01 8.695347e+01
    endloop
  endfacet
  facet normal -8.660254e-01 -5.000000e-01 -1.524706e-13
    outer loop
      vertex   1.962517e+01 -3.805725e+01 8.695347e+01
      vertex   1.982480e+01 -3.840303e+01 8.504282e+01
      vertex   2.020828e+01 -3.906723e+01 8.645765e+01
    endloop
  endfacet
  facet normal -8.660254e-01 -5.000000e-01 -1.525742e-13
    outer loop
      vertex   1.962517e+01 -3.805725e+01 8.695347e+01
      vertex   2.020828e+01 -3.906723e+01 8.645765e+01
      vertex   2.013550e+01 -3.894117e+01 8.834083e+01
    endloop
  endfacet
  facet normal -8.660254e-01 -5.000000e-01 -1.524773e-13
    outer loop
      vertex   2.013550e+01 -3.894117e+01 8.834083e+01
      vertex   2.020828e+01 -3.906723e+01 8.645765e+01
      vertex   2.070027e+01 -3.991938e+01 8.773112e+01
    endloop
  endfacet
  facet normal -8.660254e-01 -5.000000e-01 -1.532488e-13
    outer loop
      vertex   2.013550e+01 -3.894117e+01 8.834083e+01
      vertex   2.070027e+01 -3.991938e+01 8.773112e+01
      vertex   2.074574e+01 -3.999814e+01 8.955612e+01
    endloop
  endfacet
  facet normal -8.660254e-01 -5.000000e-01 -1.533000e-13
    outer loop
      vertex   2.074574e+01 -3.999814e+01 8.955612e+01
      vertex   2.070027e+01 -3.991938e+01 8.773112e+01
      vertex   2.128803e+01 -4.093741e+01 8.883026e+01
    endloop
  endfacet
  facet normal -8.660254e-01 -5.000000e-01 -1.525356e-13
    outer loop
      vertex   2.074574e+01 -3.999814e+01 8.955612e+01
      vertex   2.128803e+01 -4.093741e+01 8.883026e+01
      vertex   2.144158e+01 -4.120338e+01 9.057087e+01
    endloop
  endfacet
  facet normal -8.660254e-01 -5.000000e-01 -1.523472e-13
    outer loop
      vertex   2.144158e+01 -4.120338e+01 9.057087e+01
      vertex   2.128803e+01 -4.093741e+01 8.883026e+01
      vertex   2.195633e+01 -4.209494e+01 8.972660e+01
    endloop
  endfacet
  facet normal -8.660254e-01 -5.000000e-01 -1.512671e-13
    outer loop
      vertex   2.144158e+01 -4.120338e+01 9.057087e+01
      vertex   2.195633e+01 -4.209494e+01 8.972660e+01
      vertex   2.220672e+01 -4.252864e+01 9.136128e+01
    endloop
  endfacet
  facet normal -8.660254e-01 -5.000000e-01 -1.508746e-13
    outer loop
      vertex   2.220672e+01 -4.252864e+01 9.136128e+01
      vertex   2.195633e+01 -4.209494e+01 8.972660e+01
      vertex   2.268787e+01 -4.336201e+01 9.039693e+01
    endloop
  endfacet
  facet normal -8.660254e-01 -5.000000e-01 -1.522409e-13
    outer loop
      vertex   2.220672e+01 -4.252864e+01 9.136128e+01
      vertex   2.268787e+01 -4.336201e+01 9.039693e+01
      vertex   2.302323e+01 -4.394286e+01 9.190884e+01
    endloop
  endfacet
  facet normal -8.660254e-01 -5.000000e-01 -1.502850e-13
    outer loop
      vertex   2.302323e+01 -4.394286e+01 9.190884e+01
      vertex   2.268787e+01 -4.336201e+01 9.039693e+01
      vertex   2.346370e+01 -4.470579e+01 9.082388e+01
    endloop
  endfacet
  facet normal -8.660254e-01 -5.000000e-01 -1.483799e-13
    outer loop
      vertex   2.302323e+01 -4.394286e+01 9.190884e+01
      vertex   2.346370e+01 -4.470579e+01 9.082388e+01
      vertex   2.387195e+01 -4.541290e+01 9.220070e+01
    endloop
  endfacet
  facet normal -8.660254e-01 -5.000000e-01 -1.506400e-13
    outer loop
      vertex   2.387195e+01 -4.541290e+01 9.220070e+01
      vertex   2.346370e+01 -4.470579e+01 9.082388e+01
      vertex   2.426373e+01 -4.609148e+01 9.099640e+01
    endloop
  endfacet
  facet normal -8.660254e-01 -5.000000e-01 -1.504706e-13
    outer loop
      vertex   2.387195e+01 -4.541290e+01 9.220070e+01
      vertex   2.426373e+01 -4.609148e+01 9.099640e+01
      vertex   2.473300e+01 -4.690428e+01 9.223003e+01
    endloop
  endfacet
  facet normal -8.660254e-01 -5.000000e-01 -1.504842e-13
    outer loop
      vertex   2.473300e+01 -4.690428e+01 9.223003e+01
      vertex   2.426373e+01 -4.609148e+01 9.099640e+01
      vertex   2.506724e+01 -4.748319e+01 9.091001e+01
    endloop
  endfacet
  facet normal -8.660254e-01 -5.000000e-01 -1.512694e-13
    outer loop
      vertex   2.473300e+01 -4.690428e+01 9.223003e+01
      vertex   2.506724e+01 -4.748319e+01 9.091001e+01
      vertex   2.558621e+01 -4.838207e+01 9.199613e+01
    endloop
  endfacet
  facet normal -8.660254e-01 -5.000000e-01 -1.477337e-13
    outer loop
      vertex   2.558621e+01 -4.838207e+01 9.199613e+01
      vertex   2.506724e+01 -4.748319e+01 9.091001e+01
      vertex   2.585341e+01 -4.884488e+01 9.056696e+01
    endloop
  endfacet
  facet normal -8.660254e-01 -5.000000e-01 -1.445774e-13
    outer loop
      vertex   2.558621e+01 -4.838207e+01 9.199613e+01
      vertex   2.585341e+01 -4.884488e+01 9.056696e+01
      vertex   2.641156e+01 -4.981162e+01 9.150450e+01
    endloop
  endfacet
  facet normal -8.660254e-01 -5.000000e-01 -1.465425e-13
    outer loop
      vertex   2.641156e+01 -4.981162e+01 9.150450e+01
      vertex   2.585341e+01 -4.884488e+01 9.056696e+01
      vertex   2.660189e+01 -5.014128e+01 8.997614e+01
    endloop
  endfacet
  facet normal -8.660254e-01 -5.000000e-01 -1.490638e-13
    outer loop
      vertex   2.641156e+01 -4.981162e+01 9.150450e+01
      vertex   2.660189e+01 -5.014128e+01 8.997614e+01
      vertex   2.718971e+01 -5.115942e+01 9.076664e+01
    endloop
  endfacet
  facet normal -8.660254e-01 -5.000000e-01 -1.533343e-13
    outer loop
      vertex   2.718971e+01 -5.115942e+01 9.076664e+01
      vertex   2.660189e+01 -5.014128e+01 8.997614e+01
      vertex   2.729328e+01 -5.133882e+01 8.915283e+01
    endloop
  endfacet
  facet normal -8.660254e-01 -5.000000e-01 -1.528455e-13
    outer loop
      vertex   2.718971e+01 -5.115942e+01 9.076664e+01
      vertex   2.729328e+01 -5.133882e+01 8.915283e+01
      vertex   2.790243e+01 -5.239389e+01 8.979987e+01
    endloop
  endfacet
  facet normal -8.660254e-01 -5.000000e-01 -1.510464e-13
    outer loop
      vertex   2.790243e+01 -5.239389e+01 8.979987e+01
      vertex   2.729328e+01 -5.133882e+01 8.915283e+01
      vertex   2.790969e+01 -5.240647e+01 8.811838e+01
    endloop
  endfacet
  facet normal -8.660254e-01 -5.000000e-01 -1.510770e-13
    outer loop
      vertex   2.790243e+01 -5.239389e+01 8.979987e+01
      vertex   2.790969e+01 -5.240647e+01 8.811838e+01
      vertex   2.853300e+01 -5.348608e+01 8.862683e+01
    endloop
  endfacet
  facet normal -8.660254e-01 -5.000000e-01 -1.513902e-13
    outer loop
      vertex   2.853300e+01 -5.348608e+01 8.862683e+01
      vertex   2.790969e+01 -5.240647e+01 8.811838e+01
      vertex   2.843515e+01 -5.331659e+01 8.689955e+01
    endloop
  endfacet
  facet normal -8.660254e-01 -5.000000e-01 -1.513850e-13
    outer loop
      vertex   2.853300e+01 -5.348608e+01 8.862683e+01
      vertex   2.843515e+01 -5.331659e+01 8.689955e+01
      vertex   2.906666e+01 -5.441039e+01 8.727503e+01
    endloop
  endfacet
  facet normal -8.660254e-01 -5.000000e-01 -1.510375e-13
    outer loop
      vertex   2.906666e+01 -5.441039e+01 8.727503e+01
      vertex   2.843515e+01 -5.331659e+01 8.689955e+01
      vertex   2.885605e+01 -5.404561e+01 8.552794e+01
    endloop
  endfacet
  facet normal -8.660254e-01 -5.000000e-01 -1.519963e-13
    outer loop
      vertex   2.906666e+01 -5.441039e+01 8.727503e+01
      vertex   2.885605e+01 -5.404561e+01 8.552794e+01
      vertex   2.949088e+01 -5.514517e+01 8.577615e+01
    endloop
  endfacet
  facet normal -8.660254e-01 -5.000000e-01 -1.506294e-13
    outer loop
      vertex   2.949088e+01 -5.514517e+01 8.577615e+01
      vertex   2.885605e+01 -5.404561e+01 8.552794e+01
      vertex   2.916148e+01 -5.457464e+01 8.403905e+01
    endloop
  endfacet
  facet normal -8.660254e-01 -5.000000e-01 -1.499752e-13
    outer loop
      vertex   2.949088e+01 -5.514517e+01 8.577615e+01
      vertex   2.916148e+01 -5.457464e+01 8.403905e+01
      vertex   2.979573e+01 -5.567319e+01 8.416531e+01
    endloop
  endfacet
  facet normal -8.660254e-01 -5.000000e-01 -1.501784e-13
    outer loop
      vertex   2.979573e+01 -5.567319e+01 8.416531e+01
      vertex   2.916148e+01 -5.457464e+01 8.403905e+01
      vertex   2.934355e+01 -5.488998e+01 8.247145e+01
    endloop
  endfacet
  facet normal -8.660254e-01 -5.000000e-01 -1.529796e-13
    outer loop
      vertex   2.979573e+01 -5.567319e+01 8.416531e+01
      vertex   2.934355e+01 -5.488998e+01 8.247145e+01
      vertex   2.997406e+01 -5.598207e+01 8.248029e+01
    endloop
  endfacet
  facet normal -8.660254e-01 -5.000000e-01 -1.483542e-13
    outer loop
      vertex   2.997406e+01 -5.598207e+01 8.248029e+01
      vertex   2.934355e+01 -5.488998e+01 8.247145e+01
      vertex   2.939752e+01 -5.498347e+01 8.086575e+01
    endloop
  endfacet
  facet normal -8.660254e-01 -5.000000e-01 -1.470943e-13
    outer loop
      vertex   2.997406e+01 -5.598207e+01 8.248029e+01
      vertex   2.939752e+01 -5.498347e+01 8.086575e+01
      vertex   3.002170e+01 -5.606457e+01 8.076057e+01
    endloop
  endfacet
  facet normal -8.660254e-01 -5.000000e-01 -1.537546e-13
    outer loop
      vertex   3.002170e+01 -5.606457e+01 8.076057e+01
      vertex   2.939752e+01 -5.498347e+01 8.086575e+01
      vertex   2.932201e+01 -5.485268e+01 7.926352e+01
    endloop
  endfacet
  facet normal 4.977936e-01 -8.622038e-01 -9.384099e-02
    outer loop
      vertex   2.939752e+01 -5.498347e+01 8.086575e+01
      vertex   2.463438e+01 -5.773347e+01 8.086575e+01
      vertex   2.932201e+01 -5.485268e+01 7.926352e+01
    endloop
  endfacet
  facet normal 4.977936e-01 -8.622038e-01 -9.384099e-02
    outer loop
      vertex   2.932201e+01 -5.485268e+01 7.926352e+01
      vertex   2.463438e+01 -5.773347e+01 8.086575e+01
      vertex   2.455887e+01 -5.760268e+01 7.926352e+01
    endloop
  endfacet
  facet normal 4.838207e-01 -8.380021e-01 -2.523292e-01
    outer loop
      vertex   2.932201e+01 -5.485268e+01 7.926352e+01
      vertex   2.455887e+01 -5.760268e+01 7.926352e+01
      vertex   2.911897e+01 -5.450100e+01 7.770626e+01
    endloop
  endfacet
  facet normal 4.838207e-01 -8.380021e-01 -2.523292e-01
    outer loop
      vertex   2.911897e+01 -5.450100e+01 7.770626e+01
      vertex   2.455887e+01 -5.760268e+01 7.926352e+01
      vertex   2.435583e+01 -5.725100e+01 7.770626e+01
    endloop
  endfacet
  facet normal 4.573172e-01 -7.920965e-01 -4.042822e-01
    outer loop
      vertex   2.911897e+01 -5.450100e+01 7.770626e+01
      vertex   2.435583e+01 -5.725100e+01 7.770626e+01
      vertex   2.879366e+01 -5.393754e+01 7.623431e+01
    endloop
  endfacet
  facet normal 4.573172e-01 -7.920965e-01 -4.042822e-01
    outer loop
      vertex   2.879366e+01 -5.393754e+01 7.623431e+01
      vertex   2.435583e+01 -5.725100e+01 7.770626e+01
      vertex   2.403052e+01 -5.668754e+01 7.623431e+01
    endloop
  endfacet
  facet normal 4.189693e-01 -7.256761e-01 -5.457645e-01
    outer loop
      vertex   2.879366e+01 -5.393754e+01 7.623431e+01
      vertex   2.403052e+01 -5.668754e+01 7.623431e+01
      vertex   2.835450e+01 -5.317690e+01 7.488579e+01
    endloop
  endfacet
  facet normal 4.189693e-01 -7.256761e-01 -5.457645e-01
    outer loop
      vertex   2.835450e+01 -5.317690e+01 7.488579e+01
      vertex   2.403052e+01 -5.668754e+01 7.623431e+01
      vertex   2.359136e+01 -5.592690e+01 7.488579e+01
    endloop
  endfacet
  facet normal 3.697704e-01 -6.404611e-01 -6.731118e-01
    outer loop
      vertex   2.835450e+01 -5.317690e+01 7.488579e+01
      vertex   2.359136e+01 -5.592690e+01 7.488579e+01
      vertex   2.781287e+01 -5.223877e+01 7.369563e+01
    endloop
  endfacet
  facet normal 3.697704e-01 -6.404611e-01 -6.731118e-01
    outer loop
      vertex   2.781287e+01 -5.223877e+01 7.369563e+01
      vertex   2.359136e+01 -5.592690e+01 7.488579e+01
      vertex   2.304973e+01 -5.498877e+01 7.369563e+01
    endloop
  endfacet
  facet normal 3.109946e-01 -5.386584e-01 -7.830259e-01
    outer loop
      vertex   2.781287e+01 -5.223877e+01 7.369563e+01
      vertex   2.304973e+01 -5.498877e+01 7.369563e+01
      vertex   2.718280e+01 -5.114745e+01 7.269464e+01
    endloop
  endfacet
  facet normal 3.109946e-01 -5.386584e-01 -7.830259e-01
    outer loop
      vertex   2.718280e+01 -5.114745e+01 7.269464e+01
      vertex   2.304973e+01 -5.498877e+01 7.369563e+01
      vertex   2.241966e+01 -5.389745e+01 7.269464e+01
    endloop
  endfacet
  facet normal 2.441642e-01 -4.229048e-01 -8.726600e-01
    outer loop
      vertex   2.718280e+01 -5.114745e+01 7.269464e+01
      vertex   2.241966e+01 -5.389745e+01 7.269464e+01
      vertex   2.648060e+01 -4.993120e+01 7.190876e+01
    endloop
  endfacet
  facet normal 2.441642e-01 -4.229048e-01 -8.726600e-01
    outer loop
      vertex   2.648060e+01 -4.993120e+01 7.190876e+01
      vertex   2.241966e+01 -5.389745e+01 7.269464e+01
      vertex   2.171746e+01 -5.268120e+01 7.190876e+01
    endloop
  endfacet
  facet normal 1.710101e-01 -2.961981e-01 -9.396926e-01
    outer loop
      vertex   2.648060e+01 -4.993120e+01 7.190876e+01
      vertex   2.171746e+01 -5.268120e+01 7.190876e+01
      vertex   2.572446e+01 -4.862153e+01 7.135833e+01
    endloop
  endfacet
  facet normal 1.710101e-01 -2.961981e-01 -9.396926e-01
    outer loop
      vertex   2.572446e+01 -4.862153e+01 7.135833e+01
      vertex   2.171746e+01 -5.268120e+01 7.190876e+01
      vertex   2.096132e+01 -5.137153e+01 7.135833e+01
    endloop
  endfacet
  facet normal 9.342689e-02 -1.618201e-01 -9.823877e-01
    outer loop
      vertex   2.572446e+01 -4.862153e+01 7.135833e+01
      vertex   2.096132e+01 -5.137153e+01 7.135833e+01
      vertex   2.493396e+01 -4.725236e+01 7.105762e+01
    endloop
  endfacet
  facet normal 9.342689e-02 -1.618201e-01 -9.823877e-01
    outer loop
      vertex   2.493396e+01 -4.725236e+01 7.105762e+01
      vertex   2.096132e+01 -5.137153e+01 7.135833e+01
      vertex   2.017082e+01 -5.000236e+01 7.105762e+01
    endloop
  endfacet
  facet normal 1.342400e-02 -2.325104e-02 -9.996395e-01
    outer loop
      vertex   2.493396e+01 -4.725236e+01 7.105762e+01
      vertex   2.017082e+01 -5.000236e+01 7.105762e+01
      vertex   2.412959e+01 -4.585914e+01 7.101442e+01
    endloop
  endfacet
  facet normal 1.342400e-02 -2.325104e-02 -9.996395e-01
    outer loop
      vertex   2.412959e+01 -4.585914e+01 7.101442e+01
      vertex   2.017082e+01 -5.000236e+01 7.105762e+01
      vertex   1.936645e+01 -4.860914e+01 7.101442e+01
    endloop
  endfacet
  facet normal -6.692657e-02 1.159202e-01 -9.910012e-01
    outer loop
      vertex   2.412959e+01 -4.585914e+01 7.101442e+01
      vertex   1.936645e+01 -4.860914e+01 7.101442e+01
      vertex   2.333216e+01 -4.447796e+01 7.122983e+01
    endloop
  endfacet
  facet normal -6.692657e-02 1.159202e-01 -9.910012e-01
    outer loop
      vertex   2.333216e+01 -4.447796e+01 7.122983e+01
      vertex   1.936645e+01 -4.860914e+01 7.101442e+01
      vertex   1.856902e+01 -4.722796e+01 7.122983e+01
    endloop
  endfacet
  facet normal -1.455438e-01 2.520892e-01 -9.566964e-01
    outer loop
      vertex   2.333216e+01 -4.447796e+01 7.122983e+01
      vertex   1.856902e+01 -4.722796e+01 7.122983e+01
      vertex   2.256234e+01 -4.314459e+01 7.169829e+01
    endloop
  endfacet
  facet normal -1.455438e-01 2.520892e-01 -9.566964e-01
    outer loop
      vertex   2.256234e+01 -4.314459e+01 7.169829e+01
      vertex   1.856902e+01 -4.722796e+01 7.122983e+01
      vertex   1.779920e+01 -4.589459e+01 7.169829e+01
    endloop
  endfacet
  facet normal -2.203915e-01 3.817292e-01 -8.976137e-01
    outer loop
      vertex   2.256234e+01 -4.314459e+01 7.169829e+01
      vertex   1.779920e+01 -4.589459e+01 7.169829e+01
      vertex   2.184006e+01 -4.189357e+01 7.240765e+01
    endloop
  endfacet
  facet normal -2.203915e-01 3.817292e-01 -8.976137e-01
    outer loop
      vertex   2.184006e+01 -4.189357e+01 7.240765e+01
      vertex   1.779920e+01 -4.589459e+01 7.169829e+01
      vertex   1.707692e+01 -4.464357e+01 7.240765e+01
    endloop
  endfacet
  facet normal -2.895311e-01 5.014826e-01 -8.152833e-01
    outer loop
      vertex   2.184006e+01 -4.189357e+01 7.240765e+01
      vertex   1.707692e+01 -4.464357e+01 7.240765e+01
      vertex   2.118403e+01 -4.075729e+01 7.333956e+01
    endloop
  endfacet
  facet normal -2.895311e-01 5.014826e-01 -8.152833e-01
    outer loop
      vertex   2.118403e+01 -4.075729e+01 7.333956e+01
      vertex   1.707692e+01 -4.464357e+01 7.240765e+01
      vertex   1.642089e+01 -4.350729e+01 7.333956e+01
    endloop
  endfacet
  facet normal -3.511721e-01 6.082479e-01 -7.118375e-01
    outer loop
      vertex   2.118403e+01 -4.075729e+01 7.333956e+01
      vertex   1.642089e+01 -4.350729e+01 7.333956e+01
      vertex   2.061124e+01 -3.976518e+01 7.446986e+01
    endloop
  endfacet
  facet normal -3.511721e-01 6.082479e-01 -7.118375e-01
    outer loop
      vertex   2.061124e+01 -3.976518e+01 7.446986e+01
      vertex   1.642089e+01 -4.350729e+01 7.333956e+01
      vertex   1.584810e+01 -4.251518e+01 7.446986e+01
    endloop
  endfacet
  facet normal -4.037179e-01 6.992599e-01 -5.899554e-01
    outer loop
      vertex   2.061124e+01 -3.976518e+01 7.446986e+01
      vertex   1.584810e+01 -4.251518e+01 7.446986e+01
      vertex   2.013653e+01 -3.894295e+01 7.576929e+01
    endloop
  endfacet
  facet normal -4.037179e-01 6.992599e-01 -5.899554e-01
    outer loop
      vertex   2.013653e+01 -3.894295e+01 7.576929e+01
      vertex   1.584810e+01 -4.251518e+01 7.446986e+01
      vertex   1.537339e+01 -4.169295e+01 7.576929e+01
    endloop
  endfacet
  facet normal -4.458076e-01 7.721614e-01 -4.527939e-01
    outer loop
      vertex   2.013653e+01 -3.894295e+01 7.576929e+01
      vertex   1.537339e+01 -4.169295e+01 7.576929e+01
      vertex   1.977218e+01 -3.831188e+01 7.720420e+01
    endloop
  endfacet
  facet normal -4.458076e-01 7.721614e-01 -4.527939e-01
    outer loop
      vertex   1.977218e+01 -3.831188e+01 7.720420e+01
      vertex   1.537339e+01 -4.169295e+01 7.576929e+01
      vertex   1.500904e+01 -4.106188e+01 7.720420e+01
    endloop
  endfacet
  facet normal -4.763511e-01 8.250644e-01 -3.039052e-01
    outer loop
      vertex   1.977218e+01 -3.831188e+01 7.720420e+01
      vertex   1.500904e+01 -4.106188e+01 7.720420e+01
      vertex   1.952764e+01 -3.788832e+01 7.873741e+01
    endloop
  endfacet
  facet normal -4.763511e-01 8.250644e-01 -3.039052e-01
    outer loop
      vertex   1.952764e+01 -3.788832e+01 7.873741e+01
      vertex   1.500904e+01 -4.106188e+01 7.720420e+01
      vertex   1.476450e+01 -4.063832e+01 7.873741e+01
    endloop
  endfacet
  facet normal -4.945574e-01 8.565986e-01 -1.471455e-01
    outer loop
      vertex   1.952764e+01 -3.788832e+01 7.873741e+01
      vertex   1.476450e+01 -4.063832e+01 7.873741e+01
      vertex   1.940923e+01 -3.768324e+01 8.032922e+01
    endloop
  endfacet
  facet normal -4.945574e-01 8.565986e-01 -1.471455e-01
    outer loop
      vertex   1.940923e+01 -3.768324e+01 8.032922e+01
      vertex   1.476450e+01 -4.063832e+01 7.873741e+01
      vertex   1.464609e+01 -4.043324e+01 8.032922e+01
    endloop
  endfacet
  facet normal -4.999549e-01 8.659474e-01 1.342521e-02
    outer loop
      vertex   1.940923e+01 -3.768324e+01 8.032922e+01
      vertex   1.464609e+01 -4.043324e+01 8.032922e+01
      vertex   1.942004e+01 -3.770195e+01 8.193841e+01
    endloop
  endfacet
  facet normal -4.999549e-01 8.659474e-01 1.342521e-02
    outer loop
      vertex   1.942004e+01 -3.770195e+01 8.193841e+01
      vertex   1.464609e+01 -4.043324e+01 8.032922e+01
      vertex   1.465690e+01 -4.045195e+01 8.193841e+01
    endloop
  endfacet
  facet normal -4.924039e-01 8.528685e-01 1.736482e-01
    outer loop
      vertex   1.942004e+01 -3.770195e+01 8.193841e+01
      vertex   1.465690e+01 -4.045195e+01 8.193841e+01
      vertex   1.955976e+01 -3.794397e+01 8.352329e+01
    endloop
  endfacet
  facet normal -4.924039e-01 8.528685e-01 1.736482e-01
    outer loop
      vertex   1.955976e+01 -3.794397e+01 8.352329e+01
      vertex   1.465690e+01 -4.045195e+01 8.193841e+01
      vertex   1.479662e+01 -4.069397e+01 8.352329e+01
    endloop
  endfacet
  facet normal -4.720998e-01 8.177009e-01 3.293738e-01
    outer loop
      vertex   1.955976e+01 -3.794397e+01 8.352329e+01
      vertex   1.479662e+01 -4.069397e+01 8.352329e+01
      vertex   1.982480e+01 -3.840303e+01 8.504282e+01
    endloop
  endfacet
  facet normal -4.720998e-01 8.177009e-01 3.293738e-01
    outer loop
      vertex   1.982480e+01 -3.840303e+01 8.504282e+01
      vertex   1.479662e+01 -4.069397e+01 8.352329e+01
      vertex   1.506166e+01 -4.115303e+01 8.504282e+01
    endloop
  endfacet
  facet normal -4.395686e-01 7.613552e-01 4.765687e-01
    outer loop
      vertex   1.982480e+01 -3.840303e+01 8.504282e+01
      vertex   1.506166e+01 -4.115303e+01 8.504282e+01
      vertex   2.020828e+01 -3.906723e+01 8.645765e+01
    endloop
  endfacet
  facet normal -4.395686e-01 7.613552e-01 4.765687e-01
    outer loop
      vertex   2.020828e+01 -3.906723e+01 8.645765e+01
      vertex   1.506166e+01 -4.115303e+01 8.504282e+01
      vertex   1.544514e+01 -4.181723e+01 8.645765e+01
    endloop
  endfacet
  facet normal -3.956528e-01 6.852908e-01 6.114208e-01
    outer loop
      vertex   2.020828e+01 -3.906723e+01 8.645765e+01
      vertex   1.544514e+01 -4.181723e+01 8.645765e+01
      vertex   2.070027e+01 -3.991938e+01 8.773112e+01
    endloop
  endfacet
  facet normal -3.956528e-01 6.852908e-01 6.114208e-01
    outer loop
      vertex   2.070027e+01 -3.991938e+01 8.773112e+01
      vertex   1.544514e+01 -4.181723e+01 8.645765e+01
      vertex   1.593713e+01 -4.266938e+01 8.773112e+01
    endloop
  endfacet
  facet normal -3.414898e-01 5.914777e-01 7.304374e-01
    outer loop
      vertex   2.070027e+01 -3.991938e+01 8.773112e+01
      vertex   1.593713e+01 -4.266938e+01 8.773112e+01
      vertex   2.128803e+01 -4.093741e+01 8.883026e+01
    endloop
  endfacet
  facet normal -3.414898e-01 5.914777e-01 7.304374e-01
    outer loop
      vertex   2.128803e+01 -4.093741e+01 8.883026e+01
      vertex   1.593713e+01 -4.266938e+01 8.773112e+01
      vertex   1.652489e+01 -4.368741e+01 8.883026e+01
    endloop
  endfacet
  facet normal -2.784824e-01 4.823457e-01 8.305361e-01
    outer loop
      vertex   2.128803e+01 -4.093741e+01 8.883026e+01
      vertex   1.652489e+01 -4.368741e+01 8.883026e+01
      vertex   2.195633e+01 -4.209494e+01 8.972660e+01
    endloop
  endfacet
  facet normal -2.784824e-01 4.823457e-01 8.305361e-01
    outer loop
      vertex   2.195633e+01 -4.209494e+01 8.972660e+01
      vertex   1.652489e+01 -4.368741e+01 8.883026e+01
      vertex   1.719319e+01 -4.484494e+01 8.972660e+01
    endloop
  endfacet
  facet normal -2.082625e-01 3.607212e-01 9.091243e-01
    outer loop
      vertex   2.195633e+01 -4.209494e+01 8.972660e+01
      vertex   1.719319e+01 -4.484494e+01 8.972660e+01
      vertex   2.268787e+01 -4.336201e+01 9.039693e+01
    endloop
  endfacet
  facet normal -2.082625e-01 3.607212e-01 9.091243e-01
    outer loop
      vertex   2.268787e+01 -4.336201e+01 9.039693e+01
      vertex   1.719319e+01 -4.484494e+01 8.972660e+01
      vertex   1.792473e+01 -4.611201e+01 9.039693e+01
    endloop
  endfacet
  facet normal -1.326486e-01 2.297541e-01 9.641667e-01
    outer loop
      vertex   2.268787e+01 -4.336201e+01 9.039693e+01
      vertex   1.792473e+01 -4.611201e+01 9.039693e+01
      vertex   2.346370e+01 -4.470579e+01 9.082388e+01
    endloop
  endfacet
  facet normal -1.326486e-01 2.297541e-01 9.641667e-01
    outer loop
      vertex   2.346370e+01 -4.470579e+01 9.082388e+01
      vertex   1.792473e+01 -4.611201e+01 9.039693e+01
      vertex   1.870056e+01 -4.745579e+01 9.082388e+01
    endloop
  endfacet
  facet normal -5.359925e-02 9.283662e-02 9.942376e-01
    outer loop
      vertex   2.346370e+01 -4.470579e+01 9.082388e+01
      vertex   1.870056e+01 -4.745579e+01 9.082388e+01
      vertex   2.426373e+01 -4.609148e+01 9.099640e+01
    endloop
  endfacet
  facet normal -5.359925e-02 9.283662e-02 9.942376e-01
    outer loop
      vertex   2.426373e+01 -4.609148e+01 9.099640e+01
      vertex   1.870056e+01 -4.745579e+01 9.082388e+01
      vertex   1.950059e+01 -4.884148e+01 9.099640e+01
    endloop
  endfacet
  facet normal 2.683831e-02 -4.648532e-02 9.985584e-01
    outer loop
      vertex   2.426373e+01 -4.609148e+01 9.099640e+01
      vertex   1.950059e+01 -4.884148e+01 9.099640e+01
      vertex   2.506724e+01 -4.748319e+01 9.091001e+01
    endloop
  endfacet
  facet normal 2.683831e-02 -4.648532e-02 9.985584e-01
    outer loop
      vertex   2.506724e+01 -4.748319e+01 9.091001e+01
      vertex   1.950059e+01 -4.884148e+01 9.099640e+01
      vertex   2.030410e+01 -5.023319e+01 9.091001e+01
    endloop
  endfacet
  facet normal 1.065808e-01 -1.846033e-01 9.770170e-01
    outer loop
      vertex   2.506724e+01 -4.748319e+01 9.091001e+01
      vertex   2.030410e+01 -5.023319e+01 9.091001e+01
      vertex   2.585341e+01 -4.884488e+01 9.056696e+01
    endloop
  endfacet
  facet normal 1.065808e-01 -1.846033e-01 9.770170e-01
    outer loop
      vertex   2.585341e+01 -4.884488e+01 9.056696e+01
      vertex   2.030410e+01 -5.023319e+01 9.091001e+01
      vertex   2.109027e+01 -5.159488e+01 9.056696e+01
    endloop
  endfacet
  facet normal 1.835629e-01 -3.179402e-01 9.301713e-01
    outer loop
      vertex   2.585341e+01 -4.884488e+01 9.056696e+01
      vertex   2.109027e+01 -5.159488e+01 9.056696e+01
      vertex   2.660189e+01 -5.014128e+01 8.997614e+01
    endloop
  endfacet
  facet normal 1.835629e-01 -3.179402e-01 9.301713e-01
    outer loop
      vertex   2.660189e+01 -5.014128e+01 8.997614e+01
      vertex   2.109027e+01 -5.159488e+01 9.056696e+01
      vertex   2.183875e+01 -5.289128e+01 8.997614e+01
    endloop
  endfacet
  facet normal 2.557908e-01 -4.430426e-01 8.592348e-01
    outer loop
      vertex   2.660189e+01 -5.014128e+01 8.997614e+01
      vertex   2.183875e+01 -5.289128e+01 8.997614e+01
      vertex   2.729328e+01 -5.133882e+01 8.915283e+01
    endloop
  endfacet
  facet normal 2.557908e-01 -4.430426e-01 8.592348e-01
    outer loop
      vertex   2.729328e+01 -5.133882e+01 8.915283e+01
      vertex   2.183875e+01 -5.289128e+01 8.997614e+01
      vertex   2.253014e+01 -5.408882e+01 8.915283e+01
    endloop
  endfacet
  facet normal 3.213938e-01 -5.566704e-01 7.660444e-01
    outer loop
      vertex   2.729328e+01 -5.133882e+01 8.915283e+01
      vertex   2.253014e+01 -5.408882e+01 8.915283e+01
      vertex   2.790969e+01 -5.240647e+01 8.811838e+01
    endloop
  endfacet
  facet normal 3.213938e-01 -5.566704e-01 7.660444e-01
    outer loop
      vertex   2.790969e+01 -5.240647e+01 8.811838e+01
      vertex   2.253014e+01 -5.408882e+01 8.915283e+01
      vertex   2.314655e+01 -5.515647e+01 8.811838e+01
    endloop
  endfacet
  facet normal 3.786729e-01 -6.558807e-01 6.530140e-01
    outer loop
      vertex   2.790969e+01 -5.240647e+01 8.811838e+01
      vertex   2.314655e+01 -5.515647e+01 8.811838e+01
      vertex   2.843515e+01 -5.331659e+01 8.689955e+01
    endloop
  endfacet
  facet normal 3.786729e-01 -6.558807e-01 6.530140e-01
    outer loop
      vertex   2.843515e+01 -5.331659e+01 8.689955e+01
      vertex   2.314655e+01 -5.515647e+01 8.811838e+01
      vertex   2.367201e+01 -5.606659e+01 8.689955e+01
    endloop
  endfacet
  facet normal 4.261446e-01 -7.381041e-01 5.230708e-01
    outer loop
      vertex   2.843515e+01 -5.331659e+01 8.689955e+01
      vertex   2.367201e+01 -5.606659e+01 8.689955e+01
      vertex   2.885605e+01 -5.404561e+01 8.552794e+01
    endloop
  endfacet
  facet normal 4.261446e-01 -7.381041e-01 5.230708e-01
    outer loop
      vertex   2.885605e+01 -5.404561e+01 8.552794e+01
      vertex   2.367201e+01 -5.606659e+01 8.689955e+01
      vertex   2.409291e+01 -5.679561e+01 8.552794e+01
    endloop
  endfacet
  facet normal 4.625794e-01 -8.012110e-01 3.795804e-01
    outer loop
      vertex   2.885605e+01 -5.404561e+01 8.552794e+01
      vertex   2.409291e+01 -5.679561e+01 8.552794e+01
      vertex   2.916148e+01 -5.457464e+01 8.403905e+01
    endloop
  endfacet
  facet normal 4.625794e-01 -8.012110e-01 3.795804e-01
    outer loop
      vertex   2.916148e+01 -5.457464e+01 8.403905e+01
      vertex   2.409291e+01 -5.679561e+01 8.552794e+01
      vertex   2.439834e+01 -5.732464e+01 8.403905e+01
    endloop
  endfacet
  facet normal 4.870336e-01 -8.435669e-01 2.262590e-01
    outer loop
      vertex   2.916148e+01 -5.457464e+01 8.403905e+01
      vertex   2.439834e+01 -5.732464e+01 8.403905e+01
      vertex   2.934355e+01 -5.488998e+01 8.247145e+01
    endloop
  endfacet
  facet normal 4.870336e-01 -8.435669e-01 2.262590e-01
    outer loop
      vertex   2.934355e+01 -5.488998e+01 8.247145e+01
      vertex   2.439834e+01 -5.732464e+01 8.403905e+01
      vertex   2.458041e+01 -5.763998e+01 8.247145e+01
    endloop
  endfacet
  facet normal 4.988739e-01 -8.640749e-01 6.707764e-02
    outer loop
      vertex   2.934355e+01 -5.488998e+01 8.247145e+01
      vertex   2.458041e+01 -5.763998e+01 8.247145e+01
      vertex   2.939752e+01 -5.498347e+01 8.086575e+01
    endloop
  endfacet
  facet normal 4.988739e-01 -8.640749e-01 6.707764e-02
    outer loop
      vertex   2.939752e+01 -5.498347e+01 8.086575e+01
      vertex   2.458041e+01 -5.763998e+01 8.247145e+01
      vertex   2.463438e+01 -5.773347e+01 8.086575e+01
    endloop
  endfacet
  facet normal -1.217306e-01 2.108435e-01 -9.699107e-01
    outer loop
      vertex   3.760209e+01 -3.619419e+01 6.868990e+01
      vertex   2.807581e+01 -4.169419e+01 6.868990e+01
      vertex   3.673718e+01 -3.469613e+01 6.912411e+01
    endloop
  endfacet
  facet normal -1.217306e-01 2.108435e-01 -9.699107e-01
    outer loop
      vertex   3.673718e+01 -3.469613e+01 6.912411e+01
      vertex   2.807581e+01 -4.169419e+01 6.868990e+01
      vertex   2.721090e+01 -4.019613e+01 6.912411e+01
    endloop
  endfacet
  facet normal -1.895079e-01 3.282372e-01 -9.253902e-01
    outer loop
      vertex   3.673718e+01 -3.469613e+01 6.912411e+01
      vertex   2.721090e+01 -4.019613e+01 6.912411e+01
      vertex   3.591197e+01 -3.326683e+01 6.980008e+01
    endloop
  endfacet
  facet normal -1.895079e-01 3.282372e-01 -9.253902e-01
    outer loop
      vertex   3.591197e+01 -3.326683e+01 6.980008e+01
      vertex   2.721090e+01 -4.019613e+01 6.912411e+01
      vertex   2.638570e+01 -3.876683e+01 6.980008e+01
    endloop
  endfacet
  facet normal -2.534273e-01 4.389490e-01 -8.620315e-01
    outer loop
      vertex   3.591197e+01 -3.326683e+01 6.980008e+01
      vertex   2.638570e+01 -3.876683e+01 6.980008e+01
      vertex   3.514327e+01 -3.193539e+01 7.070404e+01
    endloop
  endfacet
  facet normal -2.534273e-01 4.389490e-01 -8.620315e-01
    outer loop
      vertex   3.514327e+01 -3.193539e+01 7.070404e+01
      vertex   2.638570e+01 -3.876683e+01 6.980008e+01
      vertex   2.561699e+01 -3.743539e+01 7.070404e+01
    endloop
  endfacet
  facet normal -3.121877e-01 5.407250e-01 -7.811244e-01
    outer loop
      vertex   3.514327e+01 -3.193539e+01 7.070404e+01
      vertex   2.561699e+01 -3.743539e+01 7.070404e+01
      vertex   3.444671e+01 -3.072891e+01 7.181760e+01
    endloop
  endfacet
  facet normal -3.121877e-01 5.407250e-01 -7.811244e-01
    outer loop
      vertex   3.444671e+01 -3.072891e+01 7.181760e+01
      vertex   2.561699e+01 -3.743539e+01 7.070404e+01
      vertex   2.492043e+01 -3.622891e+01 7.181760e+01
    endloop
  endfacet
  facet normal -3.645929e-01 6.314934e-01 -6.843157e-01
    outer loop
      vertex   3.444671e+01 -3.072891e+01 7.181760e+01
      vertex   2.492043e+01 -3.622891e+01 7.181760e+01
      vertex   3.383648e+01 -2.967196e+01 7.311809e+01
    endloop
  endfacet
  facet normal -3.645929e-01 6.314934e-01 -6.843157e-01
    outer loop
      vertex   3.383648e+01 -2.967196e+01 7.311809e+01
      vertex   2.492043e+01 -3.622891e+01 7.181760e+01
      vertex   2.431020e+01 -3.517196e+01 7.311809e+01
    endloop
  endfacet
  facet normal -4.095760e-01 7.094065e-01 -5.735764e-01
    outer loop
      vertex   3.383648e+01 -2.967196e+01 7.311809e+01
      vertex   2.431020e+01 -3.517196e+01 7.311809e+01
      vertex   3.332499e+01 -2.878605e+01 7.457903e+01
    endloop
  endfacet
  facet normal -4.095760e-01 7.094065e-01 -5.735764e-01
    outer loop
      vertex   3.332499e+01 -2.878605e+01 7.457903e+01
      vertex   2.431020e+01 -3.517196e+01 7.311809e+01
      vertex   2.379872e+01 -3.428605e+01 7.457903e+01
    endloop
  endfacet
  facet normal -4.462213e-01 7.728780e-01 -4.511608e-01
    outer loop
      vertex   3.332499e+01 -2.878605e+01 7.457903e+01
      vertex   2.379872e+01 -3.428605e+01 7.457903e+01
      vertex   3.292268e+01 -2.808921e+01 7.617069e+01
    endloop
  endfacet
  facet normal -4.462213e-01 7.728780e-01 -4.511608e-01
    outer loop
      vertex   3.292268e+01 -2.808921e+01 7.617069e+01
      vertex   2.379872e+01 -3.428605e+01 7.457903e+01
      vertex   2.339640e+01 -3.358921e+01 7.617069e+01
    endloop
  endfacet
  facet normal -4.737829e-01 8.206160e-01 -3.195608e-01
    outer loop
      vertex   3.292268e+01 -2.808921e+01 7.617069e+01
      vertex   2.339640e+01 -3.358921e+01 7.617069e+01
      vertex   3.263771e+01 -2.759564e+01 7.786065e+01
    endloop
  endfacet
  facet normal -4.737829e-01 8.206160e-01 -3.195608e-01
    outer loop
      vertex   3.263771e+01 -2.759564e+01 7.786065e+01
      vertex   2.339640e+01 -3.358921e+01 7.617069e+01
      vertex   2.311143e+01 -3.309564e+01 7.786065e+01
    endloop
  endfacet
  facet normal -4.916996e-01 8.516487e-01 -1.814554e-01
    outer loop
      vertex   3.263771e+01 -2.759564e+01 7.786065e+01
      vertex   2.311143e+01 -3.309564e+01 7.786065e+01
      vertex   3.247590e+01 -2.731537e+01 7.961452e+01
    endloop
  endfacet
  facet normal -4.916996e-01 8.516487e-01 -1.814554e-01
    outer loop
      vertex   3.247590e+01 -2.731537e+01 7.961452e+01
      vertex   2.311143e+01 -3.309564e+01 7.786065e+01
      vertex   2.294962e+01 -3.281537e+01 7.961452e+01
    endloop
  endfacet
  facet normal -4.996067e-01 8.653442e-01 -3.965617e-02
    outer loop
      vertex   3.247590e+01 -2.731537e+01 7.961452e+01
      vertex   2.294962e+01 -3.281537e+01 7.961452e+01
      vertex   3.244054e+01 -2.725412e+01 8.139660e+01
    endloop
  endfacet
  facet normal -4.996067e-01 8.653442e-01 -3.965617e-02
    outer loop
      vertex   3.244054e+01 -2.725412e+01 8.139660e+01
      vertex   2.294962e+01 -3.281537e+01 7.961452e+01
      vertex   2.291426e+01 -3.275412e+01 8.139660e+01
    endloop
  endfacet
  facet normal -4.973432e-01 8.614238e-01 1.029504e-01
    outer loop
      vertex   3.244054e+01 -2.725412e+01 8.139660e+01
      vertex   2.291426e+01 -3.275412e+01 8.139660e+01
      vertex   3.253234e+01 -2.741313e+01 8.317060e+01
    endloop
  endfacet
  facet normal -4.973432e-01 8.614238e-01 1.029504e-01
    outer loop
      vertex   3.253234e+01 -2.741313e+01 8.317060e+01
      vertex   2.291426e+01 -3.275412e+01 8.139660e+01
      vertex   2.300606e+01 -3.291313e+01 8.317060e+01
    endloop
  endfacet
  facet normal -4.849553e-01 8.399673e-01 2.434611e-01
    outer loop
      vertex   3.253234e+01 -2.741313e+01 8.317060e+01
      vertex   2.300606e+01 -3.291313e+01 8.317060e+01
      vertex   3.274945e+01 -2.778917e+01 8.490042e+01
    endloop
  endfacet
  facet normal -4.849553e-01 8.399673e-01 2.434611e-01
    outer loop
      vertex   3.274945e+01 -2.778917e+01 8.490042e+01
      vertex   2.300606e+01 -3.291313e+01 8.317060e+01
      vertex   2.322317e+01 -3.328917e+01 8.490042e+01
    endloop
  endfacet
  facet normal -4.626951e-01 8.014115e-01 3.790157e-01
    outer loop
      vertex   3.274945e+01 -2.778917e+01 8.490042e+01
      vertex   2.322317e+01 -3.328917e+01 8.490042e+01
      vertex   3.308743e+01 -2.837457e+01 8.655083e+01
    endloop
  endfacet
  facet normal -4.626951e-01 8.014115e-01 3.790157e-01
    outer loop
      vertex   3.308743e+01 -2.837457e+01 8.655083e+01
      vertex   2.322317e+01 -3.328917e+01 8.490042e+01
      vertex   2.356115e+01 -3.387457e+01 8.655083e+01
    endloop
  endfacet
  facet normal -4.310158e-01 7.465412e-01 5.068546e-01
    outer loop
      vertex   3.308743e+01 -2.837457e+01 8.655083e+01
      vertex   2.356115e+01 -3.387457e+01 8.655083e+01
      vertex   3.353941e+01 -2.915743e+01 8.808825e+01
    endloop
  endfacet
  facet normal -4.310158e-01 7.465412e-01 5.068546e-01
    outer loop
      vertex   3.353941e+01 -2.915743e+01 8.808825e+01
      vertex   2.356115e+01 -3.387457e+01 8.655083e+01
      vertex   2.401313e+01 -3.465743e+01 8.808825e+01
    endloop
  endfacet
  facet normal -3.905622e-01 6.764735e-01 6.243755e-01
    outer loop
      vertex   3.353941e+01 -2.915743e+01 8.808825e+01
      vertex   2.401313e+01 -3.465743e+01 8.808825e+01
      vertex   3.409619e+01 -3.012180e+01 8.948137e+01
    endloop
  endfacet
  facet normal -3.905622e-01 6.764735e-01 6.243755e-01
    outer loop
      vertex   3.409619e+01 -3.012180e+01 8.948137e+01
      vertex   2.401313e+01 -3.465743e+01 8.808825e+01
      vertex   2.456991e+01 -3.562180e+01 8.948137e+01
    endloop
  endfacet
  facet normal -3.421579e-01 5.926348e-01 7.291858e-01
    outer loop
      vertex   3.409619e+01 -3.012180e+01 8.948137e+01
      vertex   2.456991e+01 -3.562180e+01 8.948137e+01
      vertex   3.474644e+01 -3.124806e+01 9.070183e+01
    endloop
  endfacet
  facet normal -3.421579e-01 5.926348e-01 7.291858e-01
    outer loop
      vertex   3.474644e+01 -3.124806e+01 9.070183e+01
      vertex   2.456991e+01 -3.562180e+01 8.948137e+01
      vertex   2.522016e+01 -3.674806e+01 9.070183e+01
    endloop
  endfacet
  facet normal -2.867882e-01 4.967318e-01 8.191520e-01
    outer loop
      vertex   3.474644e+01 -3.124806e+01 9.070183e+01
      vertex   2.522016e+01 -3.674806e+01 9.070183e+01
      vertex   3.547691e+01 -3.251327e+01 9.172479e+01
    endloop
  endfacet
  facet normal -2.867882e-01 4.967318e-01 8.191520e-01
    outer loop
      vertex   3.547691e+01 -3.251327e+01 9.172479e+01
      vertex   2.522016e+01 -3.674806e+01 9.070183e+01
      vertex   2.595063e+01 -3.801327e+01 9.172479e+01
    endloop
  endfacet
  facet normal -2.255804e-01 3.907167e-01 8.924427e-01
    outer loop
      vertex   3.547691e+01 -3.251327e+01 9.172479e+01
      vertex   2.595063e+01 -3.801327e+01 9.172479e+01
      vertex   3.627273e+01 -3.389168e+01 9.252943e+01
    endloop
  endfacet
  facet normal -2.255804e-01 3.907167e-01 8.924427e-01
    outer loop
      vertex   3.627273e+01 -3.389168e+01 9.252943e+01
      vertex   2.595063e+01 -3.801327e+01 9.172479e+01
      vertex   2.674645e+01 -3.939168e+01 9.252943e+01
    endloop
  endfacet
  facet normal -1.597804e-01 2.767477e-01 9.475658e-01
    outer loop
      vertex   3.627273e+01 -3.389168e+01 9.252943e+01
      vertex   2.674645e+01 -3.939168e+01 9.252943e+01
      vertex   3.711772e+01 -3.535523e+01 9.309936e+01
    endloop
  endfacet
  facet normal -1.597804e-01 2.767477e-01 9.475658e-01
    outer loop
      vertex   3.711772e+01 -3.535523e+01 9.309936e+01
      vertex   2.674645e+01 -3.939168e+01 9.252943e+01
      vertex   2.759144e+01 -4.085523e+01 9.309936e+01
    endloop
  endfacet
  facet normal -9.072771e-02 1.571450e-01 9.833992e-01
    outer loop
      vertex   3.711772e+01 -3.535523e+01 9.309936e+01
      vertex   2.759144e+01 -4.085523e+01 9.309936e+01
      vertex   3.799465e+01 -3.687413e+01 9.342298e+01
    endloop
  endfacet
  facet normal -9.072771e-02 1.571450e-01 9.833992e-01
    outer loop
      vertex   3.799465e+01 -3.687413e+01 9.342298e+01
      vertex   2.759144e+01 -4.085523e+01 9.309936e+01
      vertex   2.846837e+01 -4.237413e+01 9.342298e+01
    endloop
  endfacet
  facet normal -1.982809e-02 3.434325e-02 9.992134e-01
    outer loop
      vertex   3.799465e+01 -3.687413e+01 9.342298e+01
      vertex   2.846837e+01 -4.237413e+01 9.342298e+01
      vertex   3.888569e+01 -3.841746e+01 9.349371e+01
    endloop
  endfacet
  facet normal -1.982809e-02 3.434325e-02 9.992134e-01
    outer loop
      vertex   3.888569e+01 -3.841746e+01 9.349371e+01
      vertex   2.846837e+01 -4.237413e+01 9.342298e+01
      vertex   2.935941e+01 -4.391746e+01 9.349371e+01
    endloop
  endfacet
  facet normal 5.147518e-02 -8.915763e-02 9.946865e-01
    outer loop
      vertex   3.888569e+01 -3.841746e+01 9.349371e+01
      vertex   2.935941e+01 -4.391746e+01 9.349371e+01
      vertex   3.977269e+01 -3.995379e+01 9.331010e+01
    endloop
  endfacet
  facet normal 5.147518e-02 -8.915763e-02 9.946865e-01
    outer loop
      vertex   3.977269e+01 -3.995379e+01 9.331010e+01
      vertex   2.935941e+01 -4.391746e+01 9.349371e+01
      vertex   3.024641e+01 -4.545379e+01 9.331010e+01
    endloop
  endfacet
  facet normal 8.660254e-01 5.000000e-01 1.478611e-13
    outer loop
      vertex   2.431541e+01 -5.118098e+01 7.944252e+01
      vertex   2.432563e+01 -5.119868e+01 8.026200e+01
      vertex   2.489189e+01 -5.217948e+01 8.006230e+01
    endloop
  endfacet
  facet normal 8.660254e-01 5.000000e-01 1.503660e-13
    outer loop
      vertex   2.489189e+01 -5.217948e+01 8.006230e+01
      vertex   2.432563e+01 -5.119868e+01 8.026200e+01
      vertex   2.445616e+01 -5.142478e+01 8.103904e+01
    endloop
  endfacet
  facet normal 8.660254e-01 5.000000e-01 1.466020e-13
    outer loop
      vertex   2.489189e+01 -5.217948e+01 8.006230e+01
      vertex   2.445616e+01 -5.142478e+01 8.103904e+01
      vertex   2.500502e+01 -5.237543e+01 8.064414e+01
    endloop
  endfacet
  facet normal 8.660254e-01 5.000000e-01 1.560459e-13
    outer loop
      vertex   2.500502e+01 -5.237543e+01 8.064414e+01
      vertex   2.445616e+01 -5.142478e+01 8.103904e+01
      vertex   2.469542e+01 -5.183918e+01 8.170461e+01
    endloop
  endfacet
  facet normal 8.660254e-01 5.000000e-01 1.551872e-13
    outer loop
      vertex   2.500502e+01 -5.237543e+01 8.064414e+01
      vertex   2.469542e+01 -5.183918e+01 8.170461e+01
      vertex   2.522087e+01 -5.274930e+01 8.109511e+01
    endloop
  endfacet
  facet normal 8.660254e-01 5.000000e-01 1.605622e-13
    outer loop
      vertex   2.522087e+01 -5.274930e+01 8.109511e+01
      vertex   2.469542e+01 -5.183918e+01 8.170461e+01
      vertex   2.502214e+01 -5.240508e+01 8.219957e+01
    endloop
  endfacet
  facet normal 8.660254e-01 5.000000e-01 1.613395e-13
    outer loop
      vertex   2.522087e+01 -5.274930e+01 8.109511e+01
      vertex   2.502214e+01 -5.240508e+01 8.219957e+01
      vertex   2.550658e+01 -5.324416e+01 8.134654e+01
    endloop
  endfacet
  facet normal 8.660254e-01 5.000000e-01 1.471406e-13
    outer loop
      vertex   2.550658e+01 -5.324416e+01 8.134654e+01
      vertex   2.502214e+01 -5.240508e+01 8.219957e+01
      vertex   2.540728e+01 -5.307217e+01 8.247994e+01
    endloop
  endfacet
  facet normal 8.660254e-01 5.000000e-01 1.499129e-13
    outer loop
      vertex   2.550658e+01 -5.324416e+01 8.134654e+01
      vertex   2.540728e+01 -5.307217e+01 8.247994e+01
      vertex   2.581664e+01 -5.378120e+01 8.252080e+01
    endloop
  endfacet
  facet normal 8.660254e-01 5.000000e-01 1.507200e-13
    outer loop
      vertex   2.550658e+01 -5.324416e+01 8.134654e+01
      vertex   2.581664e+01 -5.378120e+01 8.252080e+01
      vertex   2.581865e+01 -5.378469e+01 8.136016e+01
    endloop
  endfacet
  facet normal 8.660254e-01 5.000000e-01 1.507156e-13
    outer loop
      vertex   2.581865e+01 -5.378469e+01 8.136016e+01
      vertex   2.581664e+01 -5.378120e+01 8.252080e+01
      vertex   2.621383e+01 -5.446916e+01 8.231852e+01
    endloop
  endfacet
  facet normal 8.660254e-01 5.000000e-01 1.516579e-13
    outer loop
      vertex   2.581865e+01 -5.378469e+01 8.136016e+01
      vertex   2.621383e+01 -5.446916e+01 8.231852e+01
      vertex   2.610958e+01 -5.428858e+01 8.113389e+01
    endloop
  endfacet
  facet normal 8.660254e-01 5.000000e-01 1.509594e-13
    outer loop
      vertex   2.610958e+01 -5.428858e+01 8.113389e+01
      vertex   2.621383e+01 -5.446916e+01 8.231852e+01
      vertex   2.656357e+01 -5.507491e+01 8.189109e+01
    endloop
  endfacet
  facet normal 8.660254e-01 5.000000e-01 1.504997e-13
    outer loop
      vertex   2.610958e+01 -5.428858e+01 8.113389e+01
      vertex   2.656357e+01 -5.507491e+01 8.189109e+01
      vertex   2.633506e+01 -5.467912e+01 8.070219e+01
    endloop
  endfacet
  facet normal 8.660254e-01 5.000000e-01 1.522454e-13
    outer loop
      vertex   2.633506e+01 -5.467912e+01 8.070219e+01
      vertex   2.656357e+01 -5.507491e+01 8.189109e+01
      vertex   2.683477e+01 -5.554465e+01 8.127647e+01
    endloop
  endfacet
  facet normal 8.660254e-01 5.000000e-01 1.436805e-13
    outer loop
      vertex   2.633506e+01 -5.467912e+01 8.070219e+01
      vertex   2.683477e+01 -5.554465e+01 8.127647e+01
      vertex   2.700334e+01 -5.583663e+01 8.052927e+01
    endloop
  endfacet
  facet normal 8.660254e-01 5.000000e-01 1.579166e-13
    outer loop
      vertex   2.633506e+01 -5.467912e+01 8.070219e+01
      vertex   2.700334e+01 -5.583663e+01 8.052927e+01
      vertex   2.646077e+01 -5.489687e+01 8.013077e+01
    endloop
  endfacet
  facet normal 8.660254e-01 5.000000e-01 1.548853e-13
    outer loop
      vertex   2.646077e+01 -5.489687e+01 8.013077e+01
      vertex   2.700334e+01 -5.583663e+01 8.052927e+01
      vertex   2.705431e+01 -5.592490e+01 7.971590e+01
    endloop
  endfacet
  facet normal 8.660254e-01 5.000000e-01 1.419513e-13
    outer loop
      vertex   2.646077e+01 -5.489687e+01 8.013077e+01
      vertex   2.705431e+01 -5.592490e+01 7.971590e+01
      vertex   2.646758e+01 -5.490866e+01 7.950663e+01
    endloop
  endfacet
  facet normal 8.660254e-01 5.000000e-01 1.547633e-13
    outer loop
      vertex   2.646758e+01 -5.490866e+01 7.950663e+01
      vertex   2.705431e+01 -5.592490e+01 7.971590e+01
      vertex   2.698314e+01 -5.580163e+01 7.890862e+01
    endloop
  endfacet
  facet normal 8.660254e-01 5.000000e-01 1.515657e-13
    outer loop
      vertex   2.646758e+01 -5.490866e+01 7.950663e+01
      vertex   2.698314e+01 -5.580163e+01 7.890862e+01
      vertex   2.635445e+01 -5.471271e+01 7.892478e+01
    endloop
  endfacet
  facet normal 8.660254e-01 5.000000e-01 1.467682e-13
    outer loop
      vertex   2.635445e+01 -5.471271e+01 7.892478e+01
      vertex   2.698314e+01 -5.580163e+01 7.890862e+01
      vertex   2.679615e+01 -5.547776e+01 7.817917e+01
    endloop
  endfacet
  facet normal 8.660254e-01 5.000000e-01 1.546412e-13
    outer loop
      vertex   2.635445e+01 -5.471271e+01 7.892478e+01
      vertex   2.679615e+01 -5.547776e+01 7.817917e+01
      vertex   2.613860e+01 -5.433884e+01 7.847382e+01
    endloop
  endfacet
  facet normal 8.660254e-01 5.000000e-01 1.503509e-13
    outer loop
      vertex   2.613860e+01 -5.433884e+01 7.847382e+01
      vertex   2.679615e+01 -5.547776e+01 7.817917e+01
      vertex   2.650997e+01 -5.498207e+01 7.759235e+01
    endloop
  endfacet
  facet normal 8.660254e-01 5.000000e-01 1.483806e-13
    outer loop
      vertex   2.613860e+01 -5.433884e+01 7.847382e+01
      vertex   2.650997e+01 -5.498207e+01 7.759235e+01
      vertex   2.615001e+01 -5.435862e+01 7.720031e+01
    endloop
  endfacet
  facet normal 8.660254e-01 5.000000e-01 1.485130e-13
    outer loop
      vertex   2.613860e+01 -5.433884e+01 7.847382e+01
      vertex   2.615001e+01 -5.435862e+01 7.720031e+01
      vertex   2.585289e+01 -5.384398e+01 7.822239e+01
    endloop
  endfacet
  facet normal 8.660254e-01 5.000000e-01 1.471941e-13
    outer loop
      vertex   2.585289e+01 -5.384398e+01 7.822239e+01
      vertex   2.615001e+01 -5.435862e+01 7.720031e+01
      vertex   2.574827e+01 -5.366278e+01 7.703788e+01
    endloop
  endfacet
  facet normal 8.660254e-01 5.000000e-01 1.486051e-13
    outer loop
      vertex   2.585289e+01 -5.384398e+01 7.822239e+01
      vertex   2.574827e+01 -5.366278e+01 7.703788e+01
      vertex   2.554082e+01 -5.330346e+01 7.820877e+01
    endloop
  endfacet
  facet normal 8.660254e-01 5.000000e-01 1.471569e-13
    outer loop
      vertex   2.554082e+01 -5.330346e+01 7.820877e+01
      vertex   2.574827e+01 -5.366278e+01 7.703788e+01
      vertex   2.534044e+01 -5.295640e+01 7.711950e+01
    endloop
  endfacet
  facet normal 8.660254e-01 5.000000e-01 1.462567e-13
    outer loop
      vertex   2.554082e+01 -5.330346e+01 7.820877e+01
      vertex   2.534044e+01 -5.295640e+01 7.711950e+01
      vertex   2.524990e+01 -5.279957e+01 7.843504e+01
    endloop
  endfacet
  facet normal 8.660254e-01 5.000000e-01 1.462138e-13
    outer loop
      vertex   2.524990e+01 -5.279957e+01 7.843504e+01
      vertex   2.534044e+01 -5.295640e+01 7.711950e+01
      vertex   2.496276e+01 -5.230224e+01 7.743791e+01
    endloop
  endfacet
  facet normal 8.660254e-01 5.000000e-01 1.433900e-13
    outer loop
      vertex   2.524990e+01 -5.279957e+01 7.843504e+01
      vertex   2.496276e+01 -5.230224e+01 7.743791e+01
      vertex   2.464879e+01 -5.175842e+01 7.796483e+01
    endloop
  endfacet
  facet normal 8.660254e-01 5.000000e-01 1.419196e-13
    outer loop
      vertex   2.524990e+01 -5.279957e+01 7.843504e+01
      vertex   2.464879e+01 -5.175842e+01 7.796483e+01
      vertex   2.502441e+01 -5.240902e+01 7.886674e+01
    endloop
  endfacet
  facet normal 8.660254e-01 5.000000e-01 1.430040e-13
    outer loop
      vertex   2.502441e+01 -5.240902e+01 7.886674e+01
      vertex   2.464879e+01 -5.175842e+01 7.796483e+01
      vertex   2.442642e+01 -5.137326e+01 7.865342e+01
    endloop
  endfacet
  facet normal 8.660254e-01 5.000000e-01 1.540198e-13
    outer loop
      vertex   2.502441e+01 -5.240902e+01 7.886674e+01
      vertex   2.442642e+01 -5.137326e+01 7.865342e+01
      vertex   2.489870e+01 -5.219128e+01 7.943816e+01
    endloop
  endfacet
  facet normal 8.660254e-01 5.000000e-01 1.571325e-13
    outer loop
      vertex   2.489870e+01 -5.219128e+01 7.943816e+01
      vertex   2.442642e+01 -5.137326e+01 7.865342e+01
      vertex   2.431541e+01 -5.118098e+01 7.944252e+01
    endloop
  endfacet
  facet normal 8.660254e-01 5.000000e-01 1.532009e-13
    outer loop
      vertex   2.489870e+01 -5.219128e+01 7.943816e+01
      vertex   2.431541e+01 -5.118098e+01 7.944252e+01
      vertex   2.489189e+01 -5.217948e+01 8.006230e+01
    endloop
  endfacet
  facet normal 8.660254e-01 5.000000e-01 1.471391e-13
    outer loop
      vertex   1.742175e+01 -3.924082e+01 8.187359e+01
      vertex   1.743197e+01 -3.925852e+01 8.269307e+01
      vertex   1.799824e+01 -4.023932e+01 8.249337e+01
    endloop
  endfacet
  facet normal 8.660254e-01 5.000000e-01 1.528076e-13
    outer loop
      vertex   1.799824e+01 -4.023932e+01 8.249337e+01
      vertex   1.743197e+01 -3.925852e+01 8.269307e+01
      vertex   1.756251e+01 -3.948462e+01 8.347012e+01
    endloop
  endfacet
  facet normal 8.660254e-01 5.000000e-01 1.413983e-13
    outer loop
      vertex   1.799824e+01 -4.023932e+01 8.249337e+01
      vertex   1.756251e+01 -3.948462e+01 8.347012e+01
      vertex   1.811137e+01 -4.043527e+01 8.307522e+01
    endloop
  endfacet
  facet normal 8.660254e-01 5.000000e-01 1.563478e-13
    outer loop
      vertex   1.811137e+01 -4.043527e+01 8.307522e+01
      vertex   1.756251e+01 -3.948462e+01 8.347012e+01
      vertex   1.780176e+01 -3.989902e+01 8.413569e+01
    endloop
  endfacet
  facet normal 8.660254e-01 5.000000e-01 1.606287e-13
    outer loop
      vertex   1.811137e+01 -4.043527e+01 8.307522e+01
      vertex   1.780176e+01 -3.989902e+01 8.413569e+01
      vertex   1.832722e+01 -4.080914e+01 8.352618e+01
    endloop
  endfacet
  facet normal 8.660254e-01 5.000000e-01 1.484135e-13
    outer loop
      vertex   1.832722e+01 -4.080914e+01 8.352618e+01
      vertex   1.780176e+01 -3.989902e+01 8.413569e+01
      vertex   1.812848e+01 -4.046492e+01 8.463065e+01
    endloop
  endfacet
  facet normal 8.660254e-01 5.000000e-01 1.499115e-13
    outer loop
      vertex   1.832722e+01 -4.080914e+01 8.352618e+01
      vertex   1.812848e+01 -4.046492e+01 8.463065e+01
      vertex   1.861293e+01 -4.130400e+01 8.377761e+01
    endloop
  endfacet
  facet normal 8.660254e-01 5.000000e-01 1.493073e-13
    outer loop
      vertex   1.861293e+01 -4.130400e+01 8.377761e+01
      vertex   1.812848e+01 -4.046492e+01 8.463065e+01
      vertex   1.851363e+01 -4.113201e+01 8.491101e+01
    endloop
  endfacet
  facet normal 8.660254e-01 5.000000e-01 1.485044e-13
    outer loop
      vertex   1.861293e+01 -4.130400e+01 8.377761e+01
      vertex   1.851363e+01 -4.113201e+01 8.491101e+01
      vertex   1.892299e+01 -4.184104e+01 8.495187e+01
    endloop
  endfacet
  facet normal 8.660254e-01 5.000000e-01 1.480765e-13
    outer loop
      vertex   1.861293e+01 -4.130400e+01 8.377761e+01
      vertex   1.892299e+01 -4.184104e+01 8.495187e+01
      vertex   1.892500e+01 -4.184453e+01 8.379123e+01
    endloop
  endfacet
  facet normal 8.660254e-01 5.000000e-01 1.480625e-13
    outer loop
      vertex   1.892500e+01 -4.184453e+01 8.379123e+01
      vertex   1.892299e+01 -4.184104e+01 8.495187e+01
      vertex   1.932018e+01 -4.252900e+01 8.474960e+01
    endloop
  endfacet
  facet normal 8.660254e-01 5.000000e-01 1.492458e-13
    outer loop
      vertex   1.892500e+01 -4.184453e+01 8.379123e+01
      vertex   1.932018e+01 -4.252900e+01 8.474960e+01
      vertex   1.921592e+01 -4.234842e+01 8.356496e+01
    endloop
  endfacet
  facet normal 8.660254e-01 5.000000e-01 1.477989e-13
    outer loop
      vertex   1.921592e+01 -4.234842e+01 8.356496e+01
      vertex   1.932018e+01 -4.252900e+01 8.474960e+01
      vertex   1.966991e+01 -4.313476e+01 8.432216e+01
    endloop
  endfacet
  facet normal 8.660254e-01 5.000000e-01 1.507646e-13
    outer loop
      vertex   1.921592e+01 -4.234842e+01 8.356496e+01
      vertex   1.966991e+01 -4.313476e+01 8.432216e+01
      vertex   1.944140e+01 -4.273896e+01 8.313326e+01
    endloop
  endfacet
  facet normal 8.660254e-01 5.000000e-01 1.542541e-13
    outer loop
      vertex   1.944140e+01 -4.273896e+01 8.313326e+01
      vertex   1.966991e+01 -4.313476e+01 8.432216e+01
      vertex   1.994112e+01 -4.360449e+01 8.370754e+01
    endloop
  endfacet
  facet normal 8.660254e-01 5.000000e-01 1.458056e-13
    outer loop
      vertex   1.944140e+01 -4.273896e+01 8.313326e+01
      vertex   1.994112e+01 -4.360449e+01 8.370754e+01
      vertex   2.010969e+01 -4.389647e+01 8.296035e+01
    endloop
  endfacet
  facet normal 8.660254e-01 5.000000e-01 1.549109e-13
    outer loop
      vertex   1.944140e+01 -4.273896e+01 8.313326e+01
      vertex   2.010969e+01 -4.389647e+01 8.296035e+01
      vertex   1.956712e+01 -4.295671e+01 8.256184e+01
    endloop
  endfacet
  facet normal 8.660254e-01 5.000000e-01 1.463473e-13
    outer loop
      vertex   1.956712e+01 -4.295671e+01 8.256184e+01
      vertex   2.010969e+01 -4.389647e+01 8.296035e+01
      vertex   2.016065e+01 -4.398474e+01 8.214698e+01
    endloop
  endfacet
  facet normal 8.660254e-01 5.000000e-01 1.484549e-13
    outer loop
      vertex   1.956712e+01 -4.295671e+01 8.256184e+01
      vertex   2.016065e+01 -4.398474e+01 8.214698e+01
      vertex   1.957393e+01 -4.296850e+01 8.193770e+01
    endloop
  endfacet
  facet normal 8.660254e-01 5.000000e-01 1.587564e-13
    outer loop
      vertex   1.957393e+01 -4.296850e+01 8.193770e+01
      vertex   2.016065e+01 -4.398474e+01 8.214698e+01
      vertex   2.008948e+01 -4.386147e+01 8.133970e+01
    endloop
  endfacet
  facet normal 8.660254e-01 5.000000e-01 1.507352e-13
    outer loop
      vertex   1.957393e+01 -4.296850e+01 8.193770e+01
      vertex   2.008948e+01 -4.386147e+01 8.133970e+01
      vertex   1.946079e+01 -4.277255e+01 8.135586e+01
    endloop
  endfacet
  facet normal 8.660254e-01 5.000000e-01 1.551258e-13
    outer loop
      vertex   1.946079e+01 -4.277255e+01 8.135586e+01
      vertex   2.008948e+01 -4.386147e+01 8.133970e+01
      vertex   1.990250e+01 -4.353760e+01 8.061024e+01
    endloop
  endfacet
  facet normal 8.660254e-01 5.000000e-01 1.583405e-13
    outer loop
      vertex   1.946079e+01 -4.277255e+01 8.135586e+01
      vertex   1.990250e+01 -4.353760e+01 8.061024e+01
      vertex   1.924494e+01 -4.239868e+01 8.090489e+01
    endloop
  endfacet
  facet normal 8.660254e-01 5.000000e-01 1.455104e-13
    outer loop
      vertex   1.924494e+01 -4.239868e+01 8.090489e+01
      vertex   1.990250e+01 -4.353760e+01 8.061024e+01
      vertex   1.961631e+01 -4.304191e+01 8.002342e+01
    endloop
  endfacet
  facet normal 8.660254e-01 5.000000e-01 1.504671e-13
    outer loop
      vertex   1.924494e+01 -4.239868e+01 8.090489e+01
      vertex   1.961631e+01 -4.304191e+01 8.002342e+01
      vertex   1.925636e+01 -4.241846e+01 7.963138e+01
    endloop
  endfacet
  facet normal 8.660254e-01 5.000000e-01 1.503330e-13
    outer loop
      vertex   1.924494e+01 -4.239868e+01 8.090489e+01
      vertex   1.925636e+01 -4.241846e+01 7.963138e+01
      vertex   1.895923e+01 -4.190382e+01 8.065346e+01
    endloop
  endfacet
  facet normal 8.660254e-01 5.000000e-01 1.555790e-13
    outer loop
      vertex   1.895923e+01 -4.190382e+01 8.065346e+01
      vertex   1.925636e+01 -4.241846e+01 7.963138e+01
      vertex   1.885462e+01 -4.172262e+01 7.946896e+01
    endloop
  endfacet
  facet normal 8.660254e-01 5.000000e-01 1.558224e-13
    outer loop
      vertex   1.895923e+01 -4.190382e+01 8.065346e+01
      vertex   1.885462e+01 -4.172262e+01 7.946896e+01
      vertex   1.864716e+01 -4.136330e+01 8.063984e+01
    endloop
  endfacet
  facet normal 8.660254e-01 5.000000e-01 1.509985e-13
    outer loop
      vertex   1.864716e+01 -4.136330e+01 8.063984e+01
      vertex   1.885462e+01 -4.172262e+01 7.946896e+01
      vertex   1.844679e+01 -4.101624e+01 7.955057e+01
    endloop
  endfacet
  facet normal 8.660254e-01 5.000000e-01 1.483447e-13
    outer loop
      vertex   1.864716e+01 -4.136330e+01 8.063984e+01
      vertex   1.844679e+01 -4.101624e+01 7.955057e+01
      vertex   1.835624e+01 -4.085941e+01 8.086611e+01
    endloop
  endfacet
  facet normal 8.660254e-01 5.000000e-01 1.483117e-13
    outer loop
      vertex   1.835624e+01 -4.085941e+01 8.086611e+01
      vertex   1.844679e+01 -4.101624e+01 7.955057e+01
      vertex   1.806911e+01 -4.036208e+01 7.986899e+01
    endloop
  endfacet
  facet normal 8.660254e-01 5.000000e-01 1.449440e-13
    outer loop
      vertex   1.835624e+01 -4.085941e+01 8.086611e+01
      vertex   1.806911e+01 -4.036208e+01 7.986899e+01
      vertex   1.775513e+01 -3.981826e+01 8.039590e+01
    endloop
  endfacet
  facet normal 8.660254e-01 5.000000e-01 1.438179e-13
    outer loop
      vertex   1.835624e+01 -4.085941e+01 8.086611e+01
      vertex   1.775513e+01 -3.981826e+01 8.039590e+01
      vertex   1.813076e+01 -4.046886e+01 8.129782e+01
    endloop
  endfacet
  facet normal 8.660254e-01 5.000000e-01 1.502570e-13
    outer loop
      vertex   1.813076e+01 -4.046886e+01 8.129782e+01
      vertex   1.775513e+01 -3.981826e+01 8.039590e+01
      vertex   1.753276e+01 -3.943310e+01 8.108450e+01
    endloop
  endfacet
  facet normal 8.660254e-01 5.000000e-01 1.584257e-13
    outer loop
      vertex   1.813076e+01 -4.046886e+01 8.129782e+01
      vertex   1.753276e+01 -3.943310e+01 8.108450e+01
      vertex   1.800504e+01 -4.025112e+01 8.186923e+01
    endloop
  endfacet
  facet normal 8.660254e-01 5.000000e-01 1.502508e-13
    outer loop
      vertex   1.800504e+01 -4.025112e+01 8.186923e+01
      vertex   1.753276e+01 -3.943310e+01 8.108450e+01
      vertex   1.742175e+01 -3.924082e+01 8.187359e+01
    endloop
  endfacet
  facet normal 8.660254e-01 5.000000e-01 1.533153e-13
    outer loop
      vertex   1.800504e+01 -4.025112e+01 8.186923e+01
      vertex   1.742175e+01 -3.924082e+01 8.187359e+01
      vertex   1.799824e+01 -4.023932e+01 8.249337e+01
    endloop
  endfacet
  facet normal 8.660254e-01 5.000000e-01 1.603110e-13
    outer loop
      vertex   2.147635e+01 -4.626359e+01 8.755171e+01
      vertex   2.148657e+01 -4.628129e+01 8.837119e+01
      vertex   2.205283e+01 -4.726209e+01 8.817149e+01
    endloop
  endfacet
  facet normal 8.660254e-01 5.000000e-01 1.389918e-13
    outer loop
      vertex   2.205283e+01 -4.726209e+01 8.817149e+01
      vertex   2.148657e+01 -4.628129e+01 8.837119e+01
      vertex   2.161710e+01 -4.650739e+01 8.914823e+01
    endloop
  endfacet
  facet normal 8.660254e-01 5.000000e-01 1.445434e-13
    outer loop
      vertex   2.205283e+01 -4.726209e+01 8.817149e+01
      vertex   2.161710e+01 -4.650739e+01 8.914823e+01
      vertex   2.216596e+01 -4.745804e+01 8.875333e+01
    endloop
  endfacet
  facet normal 8.660254e-01 5.000000e-01 1.568307e-13
    outer loop
      vertex   2.216596e+01 -4.745804e+01 8.875333e+01
      vertex   2.161710e+01 -4.650739e+01 8.914823e+01
      vertex   2.185636e+01 -4.692179e+01 8.981381e+01
    endloop
  endfacet
  facet normal 8.660254e-01 5.000000e-01 1.529654e-13
    outer loop
      vertex   2.216596e+01 -4.745804e+01 8.875333e+01
      vertex   2.185636e+01 -4.692179e+01 8.981381e+01
      vertex   2.238182e+01 -4.783191e+01 8.920430e+01
    endloop
  endfacet
  facet normal 8.660254e-01 5.000000e-01 1.581748e-13
    outer loop
      vertex   2.238182e+01 -4.783191e+01 8.920430e+01
      vertex   2.185636e+01 -4.692179e+01 8.981381e+01
      vertex   2.218308e+01 -4.748768e+01 9.030876e+01
    endloop
  endfacet
  facet normal 8.660254e-01 5.000000e-01 1.591754e-13
    outer loop
      vertex   2.238182e+01 -4.783191e+01 8.920430e+01
      vertex   2.218308e+01 -4.748768e+01 9.030876e+01
      vertex   2.266753e+01 -4.832677e+01 8.945573e+01
    endloop
  endfacet
  facet normal 8.660254e-01 5.000000e-01 1.478877e-13
    outer loop
      vertex   2.266753e+01 -4.832677e+01 8.945573e+01
      vertex   2.218308e+01 -4.748768e+01 9.030876e+01
      vertex   2.256823e+01 -4.815478e+01 9.058913e+01
    endloop
  endfacet
  facet normal 8.660254e-01 5.000000e-01 1.492606e-13
    outer loop
      vertex   2.266753e+01 -4.832677e+01 8.945573e+01
      vertex   2.256823e+01 -4.815478e+01 9.058913e+01
      vertex   2.297758e+01 -4.886381e+01 9.062999e+01
    endloop
  endfacet
  facet normal 8.660254e-01 5.000000e-01 1.511415e-13
    outer loop
      vertex   2.266753e+01 -4.832677e+01 8.945573e+01
      vertex   2.297758e+01 -4.886381e+01 9.062999e+01
      vertex   2.297960e+01 -4.886729e+01 8.946935e+01
    endloop
  endfacet
  facet normal 8.660254e-01 5.000000e-01 1.511106e-13
    outer loop
      vertex   2.297960e+01 -4.886729e+01 8.946935e+01
      vertex   2.297758e+01 -4.886381e+01 9.062999e+01
      vertex   2.337477e+01 -4.955176e+01 9.042771e+01
    endloop
  endfacet
  facet normal 8.660254e-01 5.000000e-01 1.454393e-13
    outer loop
      vertex   2.297960e+01 -4.886729e+01 8.946935e+01
      vertex   2.337477e+01 -4.955176e+01 9.042771e+01
      vertex   2.327052e+01 -4.937118e+01 8.924308e+01
    endloop
  endfacet
  facet normal 8.660254e-01 5.000000e-01 1.444117e-13
    outer loop
      vertex   2.327052e+01 -4.937118e+01 8.924308e+01
      vertex   2.337477e+01 -4.955176e+01 9.042771e+01
      vertex   2.372451e+01 -5.015752e+01 9.000028e+01
    endloop
  endfacet
  facet normal 8.660254e-01 5.000000e-01 1.511052e-13
    outer loop
      vertex   2.327052e+01 -4.937118e+01 8.924308e+01
      vertex   2.372451e+01 -5.015752e+01 9.000028e+01
      vertex   2.349600e+01 -4.976173e+01 8.881138e+01
    endloop
  endfacet
  facet normal 8.660254e-01 5.000000e-01 1.542541e-13
    outer loop
      vertex   2.349600e+01 -4.976173e+01 8.881138e+01
      vertex   2.372451e+01 -5.015752e+01 9.000028e+01
      vertex   2.399571e+01 -5.062726e+01 8.938566e+01
    endloop
  endfacet
  facet normal 8.660254e-01 5.000000e-01 1.458056e-13
    outer loop
      vertex   2.349600e+01 -4.976173e+01 8.881138e+01
      vertex   2.399571e+01 -5.062726e+01 8.938566e+01
      vertex   2.416429e+01 -5.091923e+01 8.863847e+01
    endloop
  endfacet
  facet normal 8.660254e-01 5.000000e-01 1.549109e-13
    outer loop
      vertex   2.349600e+01 -4.976173e+01 8.881138e+01
      vertex   2.416429e+01 -5.091923e+01 8.863847e+01
      vertex   2.362171e+01 -4.997947e+01 8.823996e+01
    endloop
  endfacet
  facet normal 8.660254e-01 5.000000e-01 1.499549e-13
    outer loop
      vertex   2.362171e+01 -4.997947e+01 8.823996e+01
      vertex   2.416429e+01 -5.091923e+01 8.863847e+01
      vertex   2.421525e+01 -5.100751e+01 8.782510e+01
    endloop
  endfacet
  facet normal 8.660254e-01 5.000000e-01 1.476303e-13
    outer loop
      vertex   2.362171e+01 -4.997947e+01 8.823996e+01
      vertex   2.421525e+01 -5.100751e+01 8.782510e+01
      vertex   2.362852e+01 -4.999127e+01 8.761582e+01
    endloop
  endfacet
  facet normal 8.660254e-01 5.000000e-01 1.547633e-13
    outer loop
      vertex   2.362852e+01 -4.999127e+01 8.761582e+01
      vertex   2.421525e+01 -5.100751e+01 8.782510e+01
      vertex   2.414408e+01 -5.088423e+01 8.701782e+01
    endloop
  endfacet
  facet normal 8.660254e-01 5.000000e-01 1.514147e-13
    outer loop
      vertex   2.362852e+01 -4.999127e+01 8.761582e+01
      vertex   2.414408e+01 -5.088423e+01 8.701782e+01
      vertex   2.351539e+01 -4.979532e+01 8.703398e+01
    endloop
  endfacet
  facet normal 8.660254e-01 5.000000e-01 1.465878e-13
    outer loop
      vertex   2.351539e+01 -4.979532e+01 8.703398e+01
      vertex   2.414408e+01 -5.088423e+01 8.701782e+01
      vertex   2.395709e+01 -5.056036e+01 8.628836e+01
    endloop
  endfacet
  facet normal 8.660254e-01 5.000000e-01 1.462405e-13
    outer loop
      vertex   2.351539e+01 -4.979532e+01 8.703398e+01
      vertex   2.395709e+01 -5.056036e+01 8.628836e+01
      vertex   2.329954e+01 -4.942145e+01 8.658301e+01
    endloop
  endfacet
  facet normal 8.660254e-01 5.000000e-01 1.498196e-13
    outer loop
      vertex   2.329954e+01 -4.942145e+01 8.658301e+01
      vertex   2.395709e+01 -5.056036e+01 8.628836e+01
      vertex   2.367091e+01 -5.006468e+01 8.570154e+01
    endloop
  endfacet
  facet normal 8.660254e-01 5.000000e-01 1.532413e-13
    outer loop
      vertex   2.329954e+01 -4.942145e+01 8.658301e+01
      vertex   2.367091e+01 -5.006468e+01 8.570154e+01
      vertex   2.331095e+01 -4.944122e+01 8.530950e+01
    endloop
  endfacet
  facet normal 8.660254e-01 5.000000e-01 1.534029e-13
    outer loop
      vertex   2.329954e+01 -4.942145e+01 8.658301e+01
      vertex   2.331095e+01 -4.944122e+01 8.530950e+01
      vertex   2.301383e+01 -4.892659e+01 8.633158e+01
    endloop
  endfacet
  facet normal 8.660254e-01 5.000000e-01 1.521918e-13
    outer loop
      vertex   2.301383e+01 -4.892659e+01 8.633158e+01
      vertex   2.331095e+01 -4.944122e+01 8.530950e+01
      vertex   2.290922e+01 -4.874539e+01 8.514707e+01
    endloop
  endfacet
  facet normal 8.660254e-01 5.000000e-01 1.542301e-13
    outer loop
      vertex   2.301383e+01 -4.892659e+01 8.633158e+01
      vertex   2.290922e+01 -4.874539e+01 8.514707e+01
      vertex   2.270176e+01 -4.838606e+01 8.631796e+01
    endloop
  endfacet
  facet normal 8.660254e-01 5.000000e-01 1.514204e-13
    outer loop
      vertex   2.270176e+01 -4.838606e+01 8.631796e+01
      vertex   2.290922e+01 -4.874539e+01 8.514707e+01
      vertex   2.250139e+01 -4.803901e+01 8.522869e+01
    endloop
  endfacet
  facet normal 8.660254e-01 5.000000e-01 1.467739e-13
    outer loop
      vertex   2.270176e+01 -4.838606e+01 8.631796e+01
      vertex   2.250139e+01 -4.803901e+01 8.522869e+01
      vertex   2.241084e+01 -4.788217e+01 8.654423e+01
    endloop
  endfacet
  facet normal 8.660254e-01 5.000000e-01 1.458358e-13
    outer loop
      vertex   2.241084e+01 -4.788217e+01 8.654423e+01
      vertex   2.250139e+01 -4.803901e+01 8.522869e+01
      vertex   2.212370e+01 -4.738484e+01 8.554710e+01
    endloop
  endfacet
  facet normal 8.660254e-01 5.000000e-01 1.431509e-13
    outer loop
      vertex   2.241084e+01 -4.788217e+01 8.654423e+01
      vertex   2.212370e+01 -4.738484e+01 8.554710e+01
      vertex   2.180973e+01 -4.684102e+01 8.607402e+01
    endloop
  endfacet
  facet normal 8.660254e-01 5.000000e-01 1.524743e-13
    outer loop
      vertex   2.241084e+01 -4.788217e+01 8.654423e+01
      vertex   2.180973e+01 -4.684102e+01 8.607402e+01
      vertex   2.218536e+01 -4.749163e+01 8.697593e+01
    endloop
  endfacet
  facet normal 8.660254e-01 5.000000e-01 1.459052e-13
    outer loop
      vertex   2.218536e+01 -4.749163e+01 8.697593e+01
      vertex   2.180973e+01 -4.684102e+01 8.607402e+01
      vertex   2.158736e+01 -4.645586e+01 8.676261e+01
    endloop
  endfacet
  facet normal 8.660254e-01 5.000000e-01 1.511578e-13
    outer loop
      vertex   2.218536e+01 -4.749163e+01 8.697593e+01
      vertex   2.158736e+01 -4.645586e+01 8.676261e+01
      vertex   2.205964e+01 -4.727388e+01 8.754735e+01
    endloop
  endfacet
  facet normal 8.660254e-01 5.000000e-01 1.542350e-13
    outer loop
      vertex   2.205964e+01 -4.727388e+01 8.754735e+01
      vertex   2.158736e+01 -4.645586e+01 8.676261e+01
      vertex   2.147635e+01 -4.626359e+01 8.755171e+01
    endloop
  endfacet
  facet normal 8.660254e-01 5.000000e-01 1.533248e-13
    outer loop
      vertex   2.205964e+01 -4.727388e+01 8.754735e+01
      vertex   2.147635e+01 -4.626359e+01 8.755171e+01
      vertex   2.205283e+01 -4.726209e+01 8.817149e+01
    endloop
  endfacet
  facet normal 8.660254e-01 5.000000e-01 1.559154e-13
    outer loop
      vertex   2.026081e+01 -4.415822e+01 7.376440e+01
      vertex   2.027103e+01 -4.417592e+01 7.458388e+01
      vertex   2.083729e+01 -4.515672e+01 7.438418e+01
    endloop
  endfacet
  facet normal 8.660254e-01 5.000000e-01 1.422671e-13
    outer loop
      vertex   2.083729e+01 -4.515672e+01 7.438418e+01
      vertex   2.027103e+01 -4.417592e+01 7.458388e+01
      vertex   2.040157e+01 -4.440201e+01 7.536093e+01
    endloop
  endfacet
  facet normal 8.660254e-01 5.000000e-01 1.445434e-13
    outer loop
      vertex   2.083729e+01 -4.515672e+01 7.438418e+01
      vertex   2.040157e+01 -4.440201e+01 7.536093e+01
      vertex   2.095043e+01 -4.535267e+01 7.496603e+01
    endloop
  endfacet
  facet normal 8.660254e-01 5.000000e-01 1.568307e-13
    outer loop
      vertex   2.095043e+01 -4.535267e+01 7.496603e+01
      vertex   2.040157e+01 -4.440201e+01 7.536093e+01
      vertex   2.064082e+01 -4.481642e+01 7.602650e+01
    endloop
  endfacet
  facet normal 8.660254e-01 5.000000e-01 1.503858e-13
    outer loop
      vertex   2.095043e+01 -4.535267e+01 7.496603e+01
      vertex   2.064082e+01 -4.481642e+01 7.602650e+01
      vertex   2.116628e+01 -4.572653e+01 7.541699e+01
    endloop
  endfacet
  facet normal 8.660254e-01 5.000000e-01 1.568451e-13
    outer loop
      vertex   2.116628e+01 -4.572653e+01 7.541699e+01
      vertex   2.064082e+01 -4.481642e+01 7.602650e+01
      vertex   2.096754e+01 -4.538231e+01 7.652146e+01
    endloop
  endfacet
  facet normal 8.660254e-01 5.000000e-01 1.608649e-13
    outer loop
      vertex   2.116628e+01 -4.572653e+01 7.541699e+01
      vertex   2.096754e+01 -4.538231e+01 7.652146e+01
      vertex   2.145199e+01 -4.622140e+01 7.566842e+01
    endloop
  endfacet
  facet normal 8.660254e-01 5.000000e-01 1.453475e-13
    outer loop
      vertex   2.145199e+01 -4.622140e+01 7.566842e+01
      vertex   2.096754e+01 -4.538231e+01 7.652146e+01
      vertex   2.135269e+01 -4.604941e+01 7.680182e+01
    endloop
  endfacet
  facet normal 8.660254e-01 5.000000e-01 1.472220e-13
    outer loop
      vertex   2.145199e+01 -4.622140e+01 7.566842e+01
      vertex   2.135269e+01 -4.604941e+01 7.680182e+01
      vertex   2.176205e+01 -4.675843e+01 7.684268e+01
    endloop
  endfacet
  facet normal 8.660254e-01 5.000000e-01 1.511415e-13
    outer loop
      vertex   2.145199e+01 -4.622140e+01 7.566842e+01
      vertex   2.176205e+01 -4.675843e+01 7.684268e+01
      vertex   2.176406e+01 -4.676192e+01 7.568204e+01
    endloop
  endfacet
  facet normal 8.660254e-01 5.000000e-01 1.511261e-13
    outer loop
      vertex   2.176406e+01 -4.676192e+01 7.568204e+01
      vertex   2.176205e+01 -4.675843e+01 7.684268e+01
      vertex   2.215924e+01 -4.744639e+01 7.664041e+01
    endloop
  endfacet
  facet normal 8.660254e-01 5.000000e-01 1.482659e-13
    outer loop
      vertex   2.176406e+01 -4.676192e+01 7.568204e+01
      vertex   2.215924e+01 -4.744639e+01 7.664041e+01
      vertex   2.205498e+01 -4.726581e+01 7.545577e+01
    endloop
  endfacet
  facet normal 8.660254e-01 5.000000e-01 1.486155e-13
    outer loop
      vertex   2.205498e+01 -4.726581e+01 7.545577e+01
      vertex   2.215924e+01 -4.744639e+01 7.664041e+01
      vertex   2.250897e+01 -4.805215e+01 7.621297e+01
    endloop
  endfacet
  facet normal 8.660254e-01 5.000000e-01 1.530352e-13
    outer loop
      vertex   2.205498e+01 -4.726581e+01 7.545577e+01
      vertex   2.250897e+01 -4.805215e+01 7.621297e+01
      vertex   2.228046e+01 -4.765636e+01 7.502407e+01
    endloop
  endfacet
  facet normal 8.660254e-01 5.000000e-01 1.542541e-13
    outer loop
      vertex   2.228046e+01 -4.765636e+01 7.502407e+01
      vertex   2.250897e+01 -4.805215e+01 7.621297e+01
      vertex   2.278018e+01 -4.852189e+01 7.559835e+01
    endloop
  endfacet
  facet normal 8.660254e-01 5.000000e-01 1.458056e-13
    outer loop
      vertex   2.228046e+01 -4.765636e+01 7.502407e+01
      vertex   2.278018e+01 -4.852189e+01 7.559835e+01
      vertex   2.294875e+01 -4.881386e+01 7.485116e+01
    endloop
  endfacet
  facet normal 8.660254e-01 5.000000e-01 1.491692e-13
    outer loop
      vertex   2.228046e+01 -4.765636e+01 7.502407e+01
      vertex   2.294875e+01 -4.881386e+01 7.485116e+01
      vertex   2.240618e+01 -4.787410e+01 7.445265e+01
    endloop
  endfacet
  facet normal 8.660254e-01 5.000000e-01 1.459866e-13
    outer loop
      vertex   2.240618e+01 -4.787410e+01 7.445265e+01
      vertex   2.294875e+01 -4.881386e+01 7.485116e+01
      vertex   2.299971e+01 -4.890214e+01 7.403779e+01
    endloop
  endfacet
  facet normal 8.660254e-01 5.000000e-01 1.533659e-13
    outer loop
      vertex   2.240618e+01 -4.787410e+01 7.445265e+01
      vertex   2.299971e+01 -4.890214e+01 7.403779e+01
      vertex   2.241299e+01 -4.788590e+01 7.382851e+01
    endloop
  endfacet
  facet normal 8.660254e-01 5.000000e-01 1.626285e-13
    outer loop
      vertex   2.241299e+01 -4.788590e+01 7.382851e+01
      vertex   2.299971e+01 -4.890214e+01 7.403779e+01
      vertex   2.292854e+01 -4.877886e+01 7.323051e+01
    endloop
  endfacet
  facet normal 8.660254e-01 5.000000e-01 1.473755e-13
    outer loop
      vertex   2.241299e+01 -4.788590e+01 7.382851e+01
      vertex   2.292854e+01 -4.877886e+01 7.323051e+01
      vertex   2.229985e+01 -4.768994e+01 7.324667e+01
    endloop
  endfacet
  facet normal 8.660254e-01 5.000000e-01 1.444233e-13
    outer loop
      vertex   2.229985e+01 -4.768994e+01 7.324667e+01
      vertex   2.292854e+01 -4.877886e+01 7.323051e+01
      vertex   2.274155e+01 -4.845499e+01 7.250105e+01
    endloop
  endfacet
  facet normal 8.660254e-01 5.000000e-01 1.518666e-13
    outer loop
      vertex   2.229985e+01 -4.768994e+01 7.324667e+01
      vertex   2.274155e+01 -4.845499e+01 7.250105e+01
      vertex   2.208400e+01 -4.731608e+01 7.279570e+01
    endloop
  endfacet
  facet normal 8.660254e-01 5.000000e-01 1.498196e-13
    outer loop
      vertex   2.208400e+01 -4.731608e+01 7.279570e+01
      vertex   2.274155e+01 -4.845499e+01 7.250105e+01
      vertex   2.245537e+01 -4.795931e+01 7.191423e+01
    endloop
  endfacet
  facet normal 8.660254e-01 5.000000e-01 1.532413e-13
    outer loop
      vertex   2.208400e+01 -4.731608e+01 7.279570e+01
      vertex   2.245537e+01 -4.795931e+01 7.191423e+01
      vertex   2.209542e+01 -4.733585e+01 7.152219e+01
    endloop
  endfacet
  facet normal 8.660254e-01 5.000000e-01 1.533071e-13
    outer loop
      vertex   2.208400e+01 -4.731608e+01 7.279570e+01
      vertex   2.209542e+01 -4.733585e+01 7.152219e+01
      vertex   2.179829e+01 -4.682121e+01 7.254427e+01
    endloop
  endfacet
  facet normal 8.660254e-01 5.000000e-01 1.505889e-13
    outer loop
      vertex   2.179829e+01 -4.682121e+01 7.254427e+01
      vertex   2.209542e+01 -4.733585e+01 7.152219e+01
      vertex   2.169368e+01 -4.664002e+01 7.135976e+01
    endloop
  endfacet
  facet normal 8.660254e-01 5.000000e-01 1.512150e-13
    outer loop
      vertex   2.179829e+01 -4.682121e+01 7.254427e+01
      vertex   2.169368e+01 -4.664002e+01 7.135976e+01
      vertex   2.148622e+01 -4.628069e+01 7.253065e+01
    endloop
  endfacet
  facet normal 8.660254e-01 5.000000e-01 1.498837e-13
    outer loop
      vertex   2.148622e+01 -4.628069e+01 7.253065e+01
      vertex   2.169368e+01 -4.664002e+01 7.135976e+01
      vertex   2.128585e+01 -4.593364e+01 7.144138e+01
    endloop
  endfacet
  facet normal 8.660254e-01 5.000000e-01 1.467739e-13
    outer loop
      vertex   2.148622e+01 -4.628069e+01 7.253065e+01
      vertex   2.128585e+01 -4.593364e+01 7.144138e+01
      vertex   2.119530e+01 -4.577680e+01 7.275692e+01
    endloop
  endfacet
  facet normal 8.660254e-01 5.000000e-01 1.458358e-13
    outer loop
      vertex   2.119530e+01 -4.577680e+01 7.275692e+01
      vertex   2.128585e+01 -4.593364e+01 7.144138e+01
      vertex   2.090817e+01 -4.527947e+01 7.175980e+01
    endloop
  endfacet
  facet normal 8.660254e-01 5.000000e-01 1.431509e-13
    outer loop
      vertex   2.119530e+01 -4.577680e+01 7.275692e+01
      vertex   2.090817e+01 -4.527947e+01 7.175980e+01
      vertex   2.059419e+01 -4.473565e+01 7.228671e+01
    endloop
  endfacet
  facet normal 8.660254e-01 5.000000e-01 1.474247e-13
    outer loop
      vertex   2.119530e+01 -4.577680e+01 7.275692e+01
      vertex   2.059419e+01 -4.473565e+01 7.228671e+01
      vertex   2.096982e+01 -4.538626e+01 7.318862e+01
    endloop
  endfacet
  facet normal 8.660254e-01 5.000000e-01 1.419161e-13
    outer loop
      vertex   2.096982e+01 -4.538626e+01 7.318862e+01
      vertex   2.059419e+01 -4.473565e+01 7.228671e+01
      vertex   2.037182e+01 -4.435049e+01 7.297531e+01
    endloop
  endfacet
  facet normal 8.660254e-01 5.000000e-01 1.561286e-13
    outer loop
      vertex   2.096982e+01 -4.538626e+01 7.318862e+01
      vertex   2.037182e+01 -4.435049e+01 7.297531e+01
      vertex   2.084410e+01 -4.516851e+01 7.376004e+01
    endloop
  endfacet
  facet normal 8.660254e-01 5.000000e-01 1.581588e-13
    outer loop
      vertex   2.084410e+01 -4.516851e+01 7.376004e+01
      vertex   2.037182e+01 -4.435049e+01 7.297531e+01
      vertex   2.026081e+01 -4.415822e+01 7.376440e+01
    endloop
  endfacet
  facet normal 8.660254e-01 5.000000e-01 1.533248e-13
    outer loop
      vertex   2.084410e+01 -4.516851e+01 7.376004e+01
      vertex   2.026081e+01 -4.415822e+01 7.376440e+01
      vertex   2.083729e+01 -4.515672e+01 7.438418e+01
    endloop
  endfacet
  facet normal -8.660254e-01 -5.000000e-01 -1.496398e-13
    outer loop
      vertex   2.100933e+01 -4.545470e+01 8.225458e+01
      vertex   2.087880e+01 -4.522860e+01 8.147753e+01
      vertex   2.276701e+01 -4.849908e+01 8.353406e+01
    endloop
  endfacet
  facet normal -8.660254e-01 -5.000000e-01 -1.478037e-13
    outer loop
      vertex   2.276701e+01 -4.849908e+01 8.353406e+01
      vertex   2.087880e+01 -4.522860e+01 8.147753e+01
      vertex   2.086858e+01 -4.521090e+01 8.065805e+01
    endloop
  endfacet
  facet normal -8.660254e-01 -5.000000e-01 -1.537073e-13
    outer loop
      vertex   2.276701e+01 -4.849908e+01 8.353406e+01
      vertex   2.086858e+01 -4.521090e+01 8.065805e+01
      vertex   2.097959e+01 -4.540318e+01 7.986896e+01
    endloop
  endfacet
  facet normal -8.660254e-01 -5.000000e-01 -1.516242e-13
    outer loop
      vertex   2.097959e+01 -4.540318e+01 7.986896e+01
      vertex   2.120196e+01 -4.578834e+01 7.918036e+01
      vertex   2.276701e+01 -4.849908e+01 8.353406e+01
    endloop
  endfacet
  facet normal -8.660254e-01 -5.000000e-01 -1.480230e-13
    outer loop
      vertex   2.276701e+01 -4.849908e+01 8.353406e+01
      vertex   2.120196e+01 -4.578834e+01 7.918036e+01
      vertex   2.151594e+01 -4.633216e+01 7.865345e+01
    endloop
  endfacet
  facet normal -8.660254e-01 -5.000000e-01 -1.496691e-13
    outer loop
      vertex   2.276701e+01 -4.849908e+01 8.353406e+01
      vertex   2.151594e+01 -4.633216e+01 7.865345e+01
      vertex   2.189362e+01 -4.698632e+01 7.833504e+01
    endloop
  endfacet
  facet normal -8.660254e-01 -5.000000e-01 -1.519237e-13
    outer loop
      vertex   2.189362e+01 -4.698632e+01 7.833504e+01
      vertex   2.230145e+01 -4.769270e+01 7.825342e+01
      vertex   2.276701e+01 -4.849908e+01 8.353406e+01
    endloop
  endfacet
  facet normal -8.660254e-01 -5.000000e-01 -1.507152e-13
    outer loop
      vertex   2.276701e+01 -4.849908e+01 8.353406e+01
      vertex   2.230145e+01 -4.769270e+01 7.825342e+01
      vertex   2.311674e+01 -4.910484e+01 8.310662e+01
    endloop
  endfacet
  facet normal -8.660254e-01 -5.000000e-01 -1.494309e-13
    outer loop
      vertex   2.311674e+01 -4.910484e+01 8.310662e+01
      vertex   2.230145e+01 -4.769270e+01 7.825342e+01
      vertex   2.270319e+01 -4.838854e+01 7.841585e+01
    endloop
  endfacet
  facet normal -8.660254e-01 -5.000000e-01 -1.509405e-13
    outer loop
      vertex   2.311674e+01 -4.910484e+01 8.310662e+01
      vertex   2.270319e+01 -4.838854e+01 7.841585e+01
      vertex   2.338794e+01 -4.957457e+01 8.249200e+01
    endloop
  endfacet
  facet normal -8.660254e-01 -5.000000e-01 -1.501492e-13
    outer loop
      vertex   2.338794e+01 -4.957457e+01 8.249200e+01
      vertex   2.270319e+01 -4.838854e+01 7.841585e+01
      vertex   2.306314e+01 -4.901199e+01 7.880789e+01
    endloop
  endfacet
  facet normal -8.660254e-01 -5.000000e-01 -1.489593e-13
    outer loop
      vertex   2.338794e+01 -4.957457e+01 8.249200e+01
      vertex   2.306314e+01 -4.901199e+01 7.880789e+01
      vertex   2.355652e+01 -4.986655e+01 8.174481e+01
    endloop
  endfacet
  facet normal -8.660254e-01 -5.000000e-01 -1.551053e-13
    outer loop
      vertex   2.355652e+01 -4.986655e+01 8.174481e+01
      vertex   2.306314e+01 -4.901199e+01 7.880789e+01
      vertex   2.334932e+01 -4.950768e+01 7.939471e+01
    endloop
  endfacet
  facet normal -8.660254e-01 -5.000000e-01 -1.513673e-13
    outer loop
      vertex   2.355652e+01 -4.986655e+01 8.174481e+01
      vertex   2.334932e+01 -4.950768e+01 7.939471e+01
      vertex   2.360748e+01 -4.995482e+01 8.093144e+01
    endloop
  endfacet
  facet normal -8.660254e-01 -5.000000e-01 -1.630463e-13
    outer loop
      vertex   2.360748e+01 -4.995482e+01 8.093144e+01
      vertex   2.334932e+01 -4.950768e+01 7.939471e+01
      vertex   2.353631e+01 -4.983155e+01 8.012416e+01
    endloop
  endfacet
  facet normal -8.660254e-01 -5.000000e-01 -1.278025e-13
    outer loop
      vertex   2.236981e+01 -4.781112e+01 8.373633e+01
      vertex   2.196046e+01 -4.710209e+01 8.369547e+01
      vertex   2.276701e+01 -4.849908e+01 8.353406e+01
    endloop
  endfacet
  facet normal -8.660254e-01 -5.000000e-01 -1.536539e-13
    outer loop
      vertex   2.276701e+01 -4.849908e+01 8.353406e+01
      vertex   2.196046e+01 -4.710209e+01 8.369547e+01
      vertex   2.157531e+01 -4.643500e+01 8.341511e+01
    endloop
  endfacet
  facet normal -8.660254e-01 -5.000000e-01 -1.507226e-13
    outer loop
      vertex   2.276701e+01 -4.849908e+01 8.353406e+01
      vertex   2.157531e+01 -4.643500e+01 8.341511e+01
      vertex   2.124859e+01 -4.586910e+01 8.292015e+01
    endloop
  endfacet
  facet normal -8.660254e-01 -5.000000e-01 -1.491682e-13
    outer loop
      vertex   2.124859e+01 -4.586910e+01 8.292015e+01
      vertex   2.100933e+01 -4.545470e+01 8.225458e+01
      vertex   2.276701e+01 -4.849908e+01 8.353406e+01
    endloop
  endfacet
  facet normal -8.660254e-01 -5.000000e-01 -1.495755e-13
    outer loop
      vertex   2.463438e+01 -5.773347e+01 8.086575e+01
      vertex   2.386270e+01 -5.639687e+01 8.013077e+01
      vertex   2.455887e+01 -5.760268e+01 7.926352e+01
    endloop
  endfacet
  facet normal -8.660254e-01 -5.000000e-01 -1.582682e-13
    outer loop
      vertex   2.455887e+01 -5.760268e+01 7.926352e+01
      vertex   2.386270e+01 -5.639687e+01 8.013077e+01
      vertex   2.386951e+01 -5.640866e+01 7.950663e+01
    endloop
  endfacet
  facet normal -8.660254e-01 -5.000000e-01 -1.403951e-13
    outer loop
      vertex   2.455887e+01 -5.760268e+01 7.926352e+01
      vertex   2.386951e+01 -5.640866e+01 7.950663e+01
      vertex   2.375637e+01 -5.621271e+01 7.892478e+01
    endloop
  endfacet
  facet normal -8.660254e-01 -5.000000e-01 -1.520079e-13
    outer loop
      vertex   2.386270e+01 -5.639687e+01 8.013077e+01
      vertex   2.463438e+01 -5.773347e+01 8.086575e+01
      vertex   2.373698e+01 -5.617912e+01 8.070219e+01
    endloop
  endfacet
  facet normal -8.660254e-01 -5.000000e-01 -1.504761e-13
    outer loop
      vertex   2.373698e+01 -5.617912e+01 8.070219e+01
      vertex   2.463438e+01 -5.773347e+01 8.086575e+01
      vertex   2.458041e+01 -5.763998e+01 8.247145e+01
    endloop
  endfacet
  facet normal -8.660254e-01 -5.000000e-01 -1.464441e-13
    outer loop
      vertex   2.373698e+01 -5.617912e+01 8.070219e+01
      vertex   2.458041e+01 -5.763998e+01 8.247145e+01
      vertex   2.351150e+01 -5.578858e+01 8.113389e+01
    endloop
  endfacet
  facet normal -8.660254e-01 -5.000000e-01 -1.529557e-13
    outer loop
      vertex   2.351150e+01 -5.578858e+01 8.113389e+01
      vertex   2.458041e+01 -5.763998e+01 8.247145e+01
      vertex   2.439834e+01 -5.732464e+01 8.403905e+01
    endloop
  endfacet
  facet normal -8.660254e-01 -5.000000e-01 -1.474514e-13
    outer loop
      vertex   2.351150e+01 -5.578858e+01 8.113389e+01
      vertex   2.439834e+01 -5.732464e+01 8.403905e+01
      vertex   2.322058e+01 -5.528469e+01 8.136016e+01
    endloop
  endfacet
  facet normal -8.660254e-01 -5.000000e-01 -1.509198e-13
    outer loop
      vertex   2.322058e+01 -5.528469e+01 8.136016e+01
      vertex   2.439834e+01 -5.732464e+01 8.403905e+01
      vertex   2.409291e+01 -5.679561e+01 8.552794e+01
    endloop
  endfacet
  facet normal -8.660254e-01 -5.000000e-01 -1.513379e-13
    outer loop
      vertex   2.322058e+01 -5.528469e+01 8.136016e+01
      vertex   2.409291e+01 -5.679561e+01 8.552794e+01
      vertex   2.290851e+01 -5.474416e+01 8.134654e+01
    endloop
  endfacet
  facet normal -8.660254e-01 -5.000000e-01 -1.476478e-13
    outer loop
      vertex   2.290851e+01 -5.474416e+01 8.134654e+01
      vertex   2.409291e+01 -5.679561e+01 8.552794e+01
      vertex   2.367201e+01 -5.606659e+01 8.689955e+01
    endloop
  endfacet
  facet normal -8.660254e-01 -5.000000e-01 -1.486117e-13
    outer loop
      vertex   2.290851e+01 -5.474416e+01 8.134654e+01
      vertex   2.367201e+01 -5.606659e+01 8.689955e+01
      vertex   2.066578e+01 -5.085965e+01 8.281964e+01
    endloop
  endfacet
  facet normal -8.660254e-01 -5.000000e-01 -1.530831e-13
    outer loop
      vertex   2.066578e+01 -5.085965e+01 8.281964e+01
      vertex   2.367201e+01 -5.606659e+01 8.689955e+01
      vertex   2.091731e+01 -5.129532e+01 8.703398e+01
    endloop
  endfacet
  facet normal -8.660254e-01 -5.000000e-01 -1.510277e-13
    outer loop
      vertex   2.066578e+01 -5.085965e+01 8.281964e+01
      vertex   2.091731e+01 -5.129532e+01 8.703398e+01
      vertex   2.070146e+01 -5.092145e+01 8.658301e+01
    endloop
  endfacet
  facet normal -8.660254e-01 -5.000000e-01 -1.534185e-13
    outer loop
      vertex   2.367201e+01 -5.606659e+01 8.689955e+01
      vertex   2.314655e+01 -5.515647e+01 8.811838e+01
      vertex   2.091731e+01 -5.129532e+01 8.703398e+01
    endloop
  endfacet
  facet normal -8.660254e-01 -5.000000e-01 -1.386379e-13
    outer loop
      vertex   2.091731e+01 -5.129532e+01 8.703398e+01
      vertex   2.314655e+01 -5.515647e+01 8.811838e+01
      vertex   2.103045e+01 -5.149127e+01 8.761582e+01
    endloop
  endfacet
  facet normal -8.660254e-01 -5.000000e-01 -1.498185e-13
    outer loop
      vertex   2.103045e+01 -5.149127e+01 8.761582e+01
      vertex   2.314655e+01 -5.515647e+01 8.811838e+01
      vertex   2.253014e+01 -5.408882e+01 8.915283e+01
    endloop
  endfacet
  facet normal -8.660254e-01 -5.000000e-01 -1.581396e-13
    outer loop
      vertex   2.103045e+01 -5.149127e+01 8.761582e+01
      vertex   2.253014e+01 -5.408882e+01 8.915283e+01
      vertex   2.102364e+01 -5.147947e+01 8.823996e+01
    endloop
  endfacet
  facet normal -8.660254e-01 -5.000000e-01 -1.494953e-13
    outer loop
      vertex   2.102364e+01 -5.147947e+01 8.823996e+01
      vertex   2.253014e+01 -5.408882e+01 8.915283e+01
      vertex   2.183875e+01 -5.289128e+01 8.997614e+01
    endloop
  endfacet
  facet normal -8.660254e-01 -5.000000e-01 -1.490573e-13
    outer loop
      vertex   2.102364e+01 -5.147947e+01 8.823996e+01
      vertex   2.183875e+01 -5.289128e+01 8.997614e+01
      vertex   2.089792e+01 -5.126173e+01 8.881138e+01
    endloop
  endfacet
  facet normal -8.660254e-01 -5.000000e-01 -1.507089e-13
    outer loop
      vertex   2.089792e+01 -5.126173e+01 8.881138e+01
      vertex   2.183875e+01 -5.289128e+01 8.997614e+01
      vertex   2.109027e+01 -5.159488e+01 9.056696e+01
    endloop
  endfacet
  facet normal -8.660254e-01 -5.000000e-01 -1.485611e-13
    outer loop
      vertex   2.089792e+01 -5.126173e+01 8.881138e+01
      vertex   2.109027e+01 -5.159488e+01 9.056696e+01
      vertex   2.067244e+01 -5.087118e+01 8.924308e+01
    endloop
  endfacet
  facet normal -8.660254e-01 -5.000000e-01 -1.539416e-13
    outer loop
      vertex   2.067244e+01 -5.087118e+01 8.924308e+01
      vertex   2.109027e+01 -5.159488e+01 9.056696e+01
      vertex   2.038152e+01 -5.036729e+01 8.946935e+01
    endloop
  endfacet
  facet normal -8.660254e-01 -5.000000e-01 -1.500199e-13
    outer loop
      vertex   2.038152e+01 -5.036729e+01 8.946935e+01
      vertex   2.109027e+01 -5.159488e+01 9.056696e+01
      vertex   2.030410e+01 -5.023319e+01 9.091001e+01
    endloop
  endfacet
  facet normal -8.660254e-01 -5.000000e-01 -1.495430e-13
    outer loop
      vertex   2.038152e+01 -5.036729e+01 8.946935e+01
      vertex   2.030410e+01 -5.023319e+01 9.091001e+01
      vertex   2.006945e+01 -4.982677e+01 8.945573e+01
    endloop
  endfacet
  facet normal -8.660254e-01 -5.000000e-01 -1.486545e-13
    outer loop
      vertex   2.006945e+01 -4.982677e+01 8.945573e+01
      vertex   2.030410e+01 -5.023319e+01 9.091001e+01
      vertex   1.950059e+01 -4.884148e+01 9.099640e+01
    endloop
  endfacet
  facet normal -8.660254e-01 -5.000000e-01 -1.498163e-13
    outer loop
      vertex   2.006945e+01 -4.982677e+01 8.945573e+01
      vertex   1.950059e+01 -4.884148e+01 9.099640e+01
      vertex   1.978374e+01 -4.933191e+01 8.920430e+01
    endloop
  endfacet
  facet normal -8.660254e-01 -5.000000e-01 -1.514908e-13
    outer loop
      vertex   1.978374e+01 -4.933191e+01 8.920430e+01
      vertex   1.950059e+01 -4.884148e+01 9.099640e+01
      vertex   1.956789e+01 -4.895804e+01 8.875333e+01
    endloop
  endfacet
  facet normal -8.660254e-01 -5.000000e-01 -1.510047e-13
    outer loop
      vertex   1.956789e+01 -4.895804e+01 8.875333e+01
      vertex   1.950059e+01 -4.884148e+01 9.099640e+01
      vertex   1.870056e+01 -4.745579e+01 9.082388e+01
    endloop
  endfacet
  facet normal -8.660254e-01 -5.000000e-01 -1.461980e-13
    outer loop
      vertex   1.956789e+01 -4.895804e+01 8.875333e+01
      vertex   1.870056e+01 -4.745579e+01 9.082388e+01
      vertex   1.945475e+01 -4.876209e+01 8.817149e+01
    endloop
  endfacet
  facet normal -8.660254e-01 -5.000000e-01 -1.504520e-13
    outer loop
      vertex   1.945475e+01 -4.876209e+01 8.817149e+01
      vertex   1.870056e+01 -4.745579e+01 9.082388e+01
      vertex   1.792473e+01 -4.611201e+01 9.039693e+01
    endloop
  endfacet
  facet normal -8.660254e-01 -5.000000e-01 -1.483585e-13
    outer loop
      vertex   1.945475e+01 -4.876209e+01 8.817149e+01
      vertex   1.792473e+01 -4.611201e+01 9.039693e+01
      vertex   1.946156e+01 -4.877388e+01 8.754735e+01
    endloop
  endfacet
  facet normal -8.660254e-01 -5.000000e-01 -1.502748e-13
    outer loop
      vertex   1.946156e+01 -4.877388e+01 8.754735e+01
      vertex   1.792473e+01 -4.611201e+01 9.039693e+01
      vertex   1.719319e+01 -4.484494e+01 8.972660e+01
    endloop
  endfacet
  facet normal -8.660254e-01 -5.000000e-01 -1.473664e-13
    outer loop
      vertex   1.946156e+01 -4.877388e+01 8.754735e+01
      vertex   1.719319e+01 -4.484494e+01 8.972660e+01
      vertex   1.652489e+01 -4.368741e+01 8.883026e+01
    endloop
  endfacet
  facet normal -8.660254e-01 -5.000000e-01 -1.510676e-13
    outer loop
      vertex   1.593713e+01 -4.266938e+01 8.773112e+01
      vertex   1.661784e+01 -4.384842e+01 8.356496e+01
      vertex   1.652489e+01 -4.368741e+01 8.883026e+01
    endloop
  endfacet
  facet normal -8.660254e-01 -5.000000e-01 -1.508521e-13
    outer loop
      vertex   1.652489e+01 -4.368741e+01 8.883026e+01
      vertex   1.661784e+01 -4.384842e+01 8.356496e+01
      vertex   1.880460e+01 -4.763599e+01 8.319211e+01
    endloop
  endfacet
  facet normal -8.660254e-01 -5.000000e-01 -1.527776e-13
    outer loop
      vertex   1.652489e+01 -4.368741e+01 8.883026e+01
      vertex   1.880460e+01 -4.763599e+01 8.319211e+01
      vertex   1.946156e+01 -4.877388e+01 8.754735e+01
    endloop
  endfacet
  facet normal -8.660254e-01 -5.000000e-01 -1.585633e-13
    outer loop
      vertex   1.946156e+01 -4.877388e+01 8.754735e+01
      vertex   1.880460e+01 -4.763599e+01 8.319211e+01
      vertex   1.958728e+01 -4.899163e+01 8.697593e+01
    endloop
  endfacet
  facet normal -8.660254e-01 -5.000000e-01 -1.492003e-13
    outer loop
      vertex   1.958728e+01 -4.899163e+01 8.697593e+01
      vertex   1.880460e+01 -4.763599e+01 8.319211e+01
      vertex   1.916455e+01 -4.825945e+01 8.358415e+01
    endloop
  endfacet
  facet normal -8.660254e-01 -5.000000e-01 -1.484504e-13
    outer loop
      vertex   1.958728e+01 -4.899163e+01 8.697593e+01
      vertex   1.916455e+01 -4.825945e+01 8.358415e+01
      vertex   1.981276e+01 -4.938217e+01 8.654423e+01
    endloop
  endfacet
  facet normal -8.660254e-01 -5.000000e-01 -1.494187e-13
    outer loop
      vertex   1.981276e+01 -4.938217e+01 8.654423e+01
      vertex   1.916455e+01 -4.825945e+01 8.358415e+01
      vertex   1.956629e+01 -4.895528e+01 8.374658e+01
    endloop
  endfacet
  facet normal -8.660254e-01 -5.000000e-01 -1.507203e-13
    outer loop
      vertex   1.981276e+01 -4.938217e+01 8.654423e+01
      vertex   1.956629e+01 -4.895528e+01 8.374658e+01
      vertex   2.010368e+01 -4.988606e+01 8.631796e+01
    endloop
  endfacet
  facet normal -8.660254e-01 -5.000000e-01 -1.522555e-13
    outer loop
      vertex   2.010368e+01 -4.988606e+01 8.631796e+01
      vertex   1.956629e+01 -4.895528e+01 8.374658e+01
      vertex   1.997412e+01 -4.966166e+01 8.366496e+01
    endloop
  endfacet
  facet normal -8.660254e-01 -5.000000e-01 -1.513499e-13
    outer loop
      vertex   2.010368e+01 -4.988606e+01 8.631796e+01
      vertex   1.997412e+01 -4.966166e+01 8.366496e+01
      vertex   2.041575e+01 -5.042659e+01 8.633158e+01
    endloop
  endfacet
  facet normal -8.660254e-01 -5.000000e-01 -1.541212e-13
    outer loop
      vertex   2.041575e+01 -5.042659e+01 8.633158e+01
      vertex   1.997412e+01 -4.966166e+01 8.366496e+01
      vertex   2.035181e+01 -5.031583e+01 8.334655e+01
    endloop
  endfacet
  facet normal -8.660254e-01 -5.000000e-01 -1.539326e-13
    outer loop
      vertex   2.041575e+01 -5.042659e+01 8.633158e+01
      vertex   2.035181e+01 -5.031583e+01 8.334655e+01
      vertex   2.070146e+01 -5.092145e+01 8.658301e+01
    endloop
  endfacet
  facet normal -8.660254e-01 -5.000000e-01 -1.510704e-13
    outer loop
      vertex   2.070146e+01 -5.092145e+01 8.658301e+01
      vertex   2.035181e+01 -5.031583e+01 8.334655e+01
      vertex   2.066578e+01 -5.085965e+01 8.281964e+01
    endloop
  endfacet
  facet normal -8.660254e-01 -5.000000e-01 -1.485370e-13
    outer loop
      vertex   1.661784e+01 -4.384842e+01 8.356496e+01
      vertex   1.593713e+01 -4.266938e+01 8.773112e+01
      vertex   1.632692e+01 -4.334453e+01 8.379123e+01
    endloop
  endfacet
  facet normal -8.660254e-01 -5.000000e-01 -1.488337e-13
    outer loop
      vertex   1.632692e+01 -4.334453e+01 8.379123e+01
      vertex   1.593713e+01 -4.266938e+01 8.773112e+01
      vertex   1.544514e+01 -4.181723e+01 8.645765e+01
    endloop
  endfacet
  facet normal -8.660254e-01 -5.000000e-01 -1.521412e-13
    outer loop
      vertex   1.632692e+01 -4.334453e+01 8.379123e+01
      vertex   1.544514e+01 -4.181723e+01 8.645765e+01
      vertex   1.601485e+01 -4.280400e+01 8.377761e+01
    endloop
  endfacet
  facet normal -8.660254e-01 -5.000000e-01 -1.503885e-13
    outer loop
      vertex   1.601485e+01 -4.280400e+01 8.377761e+01
      vertex   1.544514e+01 -4.181723e+01 8.645765e+01
      vertex   1.506166e+01 -4.115303e+01 8.504282e+01
    endloop
  endfacet
  facet normal -8.660254e-01 -5.000000e-01 -1.495024e-13
    outer loop
      vertex   1.601485e+01 -4.280400e+01 8.377761e+01
      vertex   1.506166e+01 -4.115303e+01 8.504282e+01
      vertex   1.572914e+01 -4.230914e+01 8.352618e+01
    endloop
  endfacet
  facet normal -8.660254e-01 -5.000000e-01 -1.560525e-13
    outer loop
      vertex   1.572914e+01 -4.230914e+01 8.352618e+01
      vertex   1.506166e+01 -4.115303e+01 8.504282e+01
      vertex   1.551329e+01 -4.193527e+01 8.307522e+01
    endloop
  endfacet
  facet normal -8.660254e-01 -5.000000e-01 -1.539738e-13
    outer loop
      vertex   1.551329e+01 -4.193527e+01 8.307522e+01
      vertex   1.506166e+01 -4.115303e+01 8.504282e+01
      vertex   1.479662e+01 -4.069397e+01 8.352329e+01
    endloop
  endfacet
  facet normal -8.660254e-01 -5.000000e-01 -1.472410e-13
    outer loop
      vertex   1.551329e+01 -4.193527e+01 8.307522e+01
      vertex   1.479662e+01 -4.069397e+01 8.352329e+01
      vertex   1.540016e+01 -4.173932e+01 8.249337e+01
    endloop
  endfacet
  facet normal -8.660254e-01 -5.000000e-01 -1.503247e-13
    outer loop
      vertex   1.540016e+01 -4.173932e+01 8.249337e+01
      vertex   1.479662e+01 -4.069397e+01 8.352329e+01
      vertex   1.465690e+01 -4.045195e+01 8.193841e+01
    endloop
  endfacet
  facet normal -8.660254e-01 -5.000000e-01 -1.508798e-13
    outer loop
      vertex   1.540016e+01 -4.173932e+01 8.249337e+01
      vertex   1.465690e+01 -4.045195e+01 8.193841e+01
      vertex   1.540697e+01 -4.175112e+01 8.186923e+01
    endloop
  endfacet
  facet normal -8.660254e-01 -5.000000e-01 -1.519515e-13
    outer loop
      vertex   1.540697e+01 -4.175112e+01 8.186923e+01
      vertex   1.465690e+01 -4.045195e+01 8.193841e+01
      vertex   1.464609e+01 -4.043324e+01 8.032922e+01
    endloop
  endfacet
  facet normal -8.660254e-01 -5.000000e-01 -1.546170e-13
    outer loop
      vertex   1.540697e+01 -4.175112e+01 8.186923e+01
      vertex   1.464609e+01 -4.043324e+01 8.032922e+01
      vertex   1.553268e+01 -4.196886e+01 8.129782e+01
    endloop
  endfacet
  facet normal -8.660254e-01 -5.000000e-01 -1.474709e-13
    outer loop
      vertex   1.553268e+01 -4.196886e+01 8.129782e+01
      vertex   1.464609e+01 -4.043324e+01 8.032922e+01
      vertex   1.575817e+01 -4.235941e+01 8.086611e+01
    endloop
  endfacet
  facet normal -8.660254e-01 -5.000000e-01 -1.503885e-13
    outer loop
      vertex   1.575817e+01 -4.235941e+01 8.086611e+01
      vertex   1.464609e+01 -4.043324e+01 8.032922e+01
      vertex   1.476450e+01 -4.063832e+01 7.873741e+01
    endloop
  endfacet
  facet normal -8.660254e-01 -5.000000e-01 -1.518452e-13
    outer loop
      vertex   1.575817e+01 -4.235941e+01 8.086611e+01
      vertex   1.476450e+01 -4.063832e+01 7.873741e+01
      vertex   1.604909e+01 -4.286330e+01 8.063984e+01
    endloop
  endfacet
  facet normal -8.660254e-01 -5.000000e-01 -1.501104e-13
    outer loop
      vertex   1.604909e+01 -4.286330e+01 8.063984e+01
      vertex   1.476450e+01 -4.063832e+01 7.873741e+01
      vertex   1.500904e+01 -4.106188e+01 7.720420e+01
    endloop
  endfacet
  facet normal -8.660254e-01 -5.000000e-01 -1.528394e-13
    outer loop
      vertex   1.604909e+01 -4.286330e+01 8.063984e+01
      vertex   1.500904e+01 -4.106188e+01 7.720420e+01
      vertex   1.636116e+01 -4.340382e+01 8.065346e+01
    endloop
  endfacet
  facet normal -8.660254e-01 -5.000000e-01 -1.505814e-13
    outer loop
      vertex   1.636116e+01 -4.340382e+01 8.065346e+01
      vertex   1.500904e+01 -4.106188e+01 7.720420e+01
      vertex   1.537339e+01 -4.169295e+01 7.576929e+01
    endloop
  endfacet
  facet normal -8.660254e-01 -5.000000e-01 -1.502186e-13
    outer loop
      vertex   1.636116e+01 -4.340382e+01 8.065346e+01
      vertex   1.537339e+01 -4.169295e+01 7.576929e+01
      vertex   1.847980e+01 -4.707341e+01 7.950800e+01
    endloop
  endfacet
  facet normal -8.660254e-01 -5.000000e-01 -1.526880e-13
    outer loop
      vertex   1.847980e+01 -4.707341e+01 7.950800e+01
      vertex   1.537339e+01 -4.169295e+01 7.576929e+01
      vertex   1.835235e+01 -4.685267e+01 7.496603e+01
    endloop
  endfacet
  facet normal -8.660254e-01 -5.000000e-01 -1.518982e-13
    outer loop
      vertex   1.847980e+01 -4.707341e+01 7.950800e+01
      vertex   1.835235e+01 -4.685267e+01 7.496603e+01
      vertex   1.856820e+01 -4.722653e+01 7.541699e+01
    endloop
  endfacet
  facet normal -8.660254e-01 -5.000000e-01 -1.534749e-13
    outer loop
      vertex   1.537339e+01 -4.169295e+01 7.576929e+01
      vertex   1.584810e+01 -4.251518e+01 7.446986e+01
      vertex   1.835235e+01 -4.685267e+01 7.496603e+01
    endloop
  endfacet
  facet normal -8.660254e-01 -5.000000e-01 -1.499896e-13
    outer loop
      vertex   1.835235e+01 -4.685267e+01 7.496603e+01
      vertex   1.584810e+01 -4.251518e+01 7.446986e+01
      vertex   1.642089e+01 -4.350729e+01 7.333956e+01
    endloop
  endfacet
  facet normal -8.660254e-01 -5.000000e-01 -1.358547e-13
    outer loop
      vertex   1.835235e+01 -4.685267e+01 7.496603e+01
      vertex   1.642089e+01 -4.350729e+01 7.333956e+01
      vertex   1.823922e+01 -4.665672e+01 7.438418e+01
    endloop
  endfacet
  facet normal -8.660254e-01 -5.000000e-01 -1.546973e-13
    outer loop
      vertex   1.823922e+01 -4.665672e+01 7.438418e+01
      vertex   1.642089e+01 -4.350729e+01 7.333956e+01
      vertex   1.707692e+01 -4.464357e+01 7.240765e+01
    endloop
  endfacet
  facet normal -8.660254e-01 -5.000000e-01 -1.589368e-13
    outer loop
      vertex   1.823922e+01 -4.665672e+01 7.438418e+01
      vertex   1.707692e+01 -4.464357e+01 7.240765e+01
      vertex   1.824603e+01 -4.666851e+01 7.376004e+01
    endloop
  endfacet
  facet normal -8.660254e-01 -5.000000e-01 -1.527220e-13
    outer loop
      vertex   1.824603e+01 -4.666851e+01 7.376004e+01
      vertex   1.707692e+01 -4.464357e+01 7.240765e+01
      vertex   1.779920e+01 -4.589459e+01 7.169829e+01
    endloop
  endfacet
  facet normal -8.660254e-01 -5.000000e-01 -1.540262e-13
    outer loop
      vertex   1.824603e+01 -4.666851e+01 7.376004e+01
      vertex   1.779920e+01 -4.589459e+01 7.169829e+01
      vertex   1.837174e+01 -4.688626e+01 7.318862e+01
    endloop
  endfacet
  facet normal -8.660254e-01 -5.000000e-01 -1.474368e-13
    outer loop
      vertex   1.837174e+01 -4.688626e+01 7.318862e+01
      vertex   1.779920e+01 -4.589459e+01 7.169829e+01
      vertex   1.859722e+01 -4.727680e+01 7.275692e+01
    endloop
  endfacet
  facet normal -8.660254e-01 -5.000000e-01 -1.544593e-13
    outer loop
      vertex   1.859722e+01 -4.727680e+01 7.275692e+01
      vertex   1.779920e+01 -4.589459e+01 7.169829e+01
      vertex   1.856902e+01 -4.722796e+01 7.122983e+01
    endloop
  endfacet
  facet normal -8.660254e-01 -5.000000e-01 -1.545531e-13
    outer loop
      vertex   1.859722e+01 -4.727680e+01 7.275692e+01
      vertex   1.856902e+01 -4.722796e+01 7.122983e+01
      vertex   1.888815e+01 -4.778069e+01 7.253065e+01
    endloop
  endfacet
  facet normal -8.660254e-01 -5.000000e-01 -1.539786e-13
    outer loop
      vertex   1.888815e+01 -4.778069e+01 7.253065e+01
      vertex   1.856902e+01 -4.722796e+01 7.122983e+01
      vertex   1.936645e+01 -4.860914e+01 7.101442e+01
    endloop
  endfacet
  facet normal -8.660254e-01 -5.000000e-01 -1.558222e-13
    outer loop
      vertex   1.888815e+01 -4.778069e+01 7.253065e+01
      vertex   1.936645e+01 -4.860914e+01 7.101442e+01
      vertex   1.920022e+01 -4.832121e+01 7.254427e+01
    endloop
  endfacet
  facet normal -8.660254e-01 -5.000000e-01 -1.537918e-13
    outer loop
      vertex   1.920022e+01 -4.832121e+01 7.254427e+01
      vertex   1.936645e+01 -4.860914e+01 7.101442e+01
      vertex   1.948592e+01 -4.881608e+01 7.279570e+01
    endloop
  endfacet
  facet normal -8.660254e-01 -5.000000e-01 -1.526725e-13
    outer loop
      vertex   1.948592e+01 -4.881608e+01 7.279570e+01
      vertex   1.936645e+01 -4.860914e+01 7.101442e+01
      vertex   2.017082e+01 -5.000236e+01 7.105762e+01
    endloop
  endfacet
  facet normal -8.660254e-01 -5.000000e-01 -1.542714e-13
    outer loop
      vertex   1.948592e+01 -4.881608e+01 7.279570e+01
      vertex   2.017082e+01 -5.000236e+01 7.105762e+01
      vertex   1.970178e+01 -4.918994e+01 7.324667e+01
    endloop
  endfacet
  facet normal -8.660254e-01 -5.000000e-01 -1.519869e-13
    outer loop
      vertex   1.970178e+01 -4.918994e+01 7.324667e+01
      vertex   2.017082e+01 -5.000236e+01 7.105762e+01
      vertex   2.096132e+01 -5.137153e+01 7.135833e+01
    endloop
  endfacet
  facet normal -8.660254e-01 -5.000000e-01 -1.457297e-13
    outer loop
      vertex   1.970178e+01 -4.918994e+01 7.324667e+01
      vertex   2.096132e+01 -5.137153e+01 7.135833e+01
      vertex   1.981491e+01 -4.938590e+01 7.382851e+01
    endloop
  endfacet
  facet normal -8.660254e-01 -5.000000e-01 -1.504405e-13
    outer loop
      vertex   1.981491e+01 -4.938590e+01 7.382851e+01
      vertex   2.096132e+01 -5.137153e+01 7.135833e+01
      vertex   2.171746e+01 -5.268120e+01 7.190876e+01
    endloop
  endfacet
  facet normal -8.660254e-01 -5.000000e-01 -1.540961e-13
    outer loop
      vertex   1.981491e+01 -4.938590e+01 7.382851e+01
      vertex   2.171746e+01 -5.268120e+01 7.190876e+01
      vertex   1.980810e+01 -4.937410e+01 7.445265e+01
    endloop
  endfacet
  facet normal -8.660254e-01 -5.000000e-01 -1.537562e-13
    outer loop
      vertex   1.980810e+01 -4.937410e+01 7.445265e+01
      vertex   2.171746e+01 -5.268120e+01 7.190876e+01
      vertex   2.241966e+01 -5.389745e+01 7.269464e+01
    endloop
  endfacet
  facet normal -8.660254e-01 -5.000000e-01 -1.505085e-13
    outer loop
      vertex   1.980810e+01 -4.937410e+01 7.445265e+01
      vertex   2.241966e+01 -5.389745e+01 7.269464e+01
      vertex   2.029243e+01 -5.021299e+01 7.858489e+01
    endloop
  endfacet
  facet normal -8.660254e-01 -5.000000e-01 -1.510319e-13
    outer loop
      vertex   2.029243e+01 -5.021299e+01 7.858489e+01
      vertex   2.241966e+01 -5.389745e+01 7.269464e+01
      vertex   2.265182e+01 -5.429957e+01 7.843504e+01
    endloop
  endfacet
  facet normal -8.660254e-01 -5.000000e-01 -1.504619e-13
    outer loop
      vertex   2.029243e+01 -5.021299e+01 7.858489e+01
      vertex   2.265182e+01 -5.429957e+01 7.843504e+01
      vertex   2.061915e+01 -5.077888e+01 7.907985e+01
    endloop
  endfacet
  facet normal -8.660254e-01 -5.000000e-01 -1.492189e-13
    outer loop
      vertex   2.061915e+01 -5.077888e+01 7.907985e+01
      vertex   2.265182e+01 -5.429957e+01 7.843504e+01
      vertex   2.242634e+01 -5.390902e+01 7.886674e+01
    endloop
  endfacet
  facet normal -8.660254e-01 -5.000000e-01 -1.589003e-13
    outer loop
      vertex   2.061915e+01 -5.077888e+01 7.907985e+01
      vertex   2.242634e+01 -5.390902e+01 7.886674e+01
      vertex   2.085841e+01 -5.119328e+01 7.974542e+01
    endloop
  endfacet
  facet normal -8.660254e-01 -5.000000e-01 -1.549117e-13
    outer loop
      vertex   2.085841e+01 -5.119328e+01 7.974542e+01
      vertex   2.242634e+01 -5.390902e+01 7.886674e+01
      vertex   2.230062e+01 -5.369128e+01 7.943816e+01
    endloop
  endfacet
  facet normal -8.660254e-01 -5.000000e-01 -1.417932e-13
    outer loop
      vertex   2.085841e+01 -5.119328e+01 7.974542e+01
      vertex   2.230062e+01 -5.369128e+01 7.943816e+01
      vertex   2.098894e+01 -5.141938e+01 8.052247e+01
    endloop
  endfacet
  facet normal -8.660254e-01 -5.000000e-01 -1.535421e-13
    outer loop
      vertex   2.098894e+01 -5.141938e+01 8.052247e+01
      vertex   2.230062e+01 -5.369128e+01 7.943816e+01
      vertex   2.229381e+01 -5.367948e+01 8.006230e+01
    endloop
  endfacet
  facet normal -8.660254e-01 -5.000000e-01 -1.436892e-13
    outer loop
      vertex   2.098894e+01 -5.141938e+01 8.052247e+01
      vertex   2.229381e+01 -5.367948e+01 8.006230e+01
      vertex   2.240695e+01 -5.387543e+01 8.064414e+01
    endloop
  endfacet
  facet normal -8.660254e-01 -5.000000e-01 -1.511167e-13
    outer loop
      vertex   2.241966e+01 -5.389745e+01 7.269464e+01
      vertex   2.304973e+01 -5.498877e+01 7.369563e+01
      vertex   2.265182e+01 -5.429957e+01 7.843504e+01
    endloop
  endfacet
  facet normal -8.660254e-01 -5.000000e-01 -1.518656e-13
    outer loop
      vertex   2.265182e+01 -5.429957e+01 7.843504e+01
      vertex   2.304973e+01 -5.498877e+01 7.369563e+01
      vertex   2.294274e+01 -5.480346e+01 7.820877e+01
    endloop
  endfacet
  facet normal -8.660254e-01 -5.000000e-01 -1.517157e-13
    outer loop
      vertex   2.294274e+01 -5.480346e+01 7.820877e+01
      vertex   2.304973e+01 -5.498877e+01 7.369563e+01
      vertex   2.359136e+01 -5.592690e+01 7.488579e+01
    endloop
  endfacet
  facet normal -8.660254e-01 -5.000000e-01 -1.503441e-13
    outer loop
      vertex   2.294274e+01 -5.480346e+01 7.820877e+01
      vertex   2.359136e+01 -5.592690e+01 7.488579e+01
      vertex   2.325481e+01 -5.534398e+01 7.822239e+01
    endloop
  endfacet
  facet normal -8.660254e-01 -5.000000e-01 -1.497161e-13
    outer loop
      vertex   2.325481e+01 -5.534398e+01 7.822239e+01
      vertex   2.359136e+01 -5.592690e+01 7.488579e+01
      vertex   2.403052e+01 -5.668754e+01 7.623431e+01
    endloop
  endfacet
  facet normal -8.660254e-01 -5.000000e-01 -1.572473e-13
    outer loop
      vertex   2.325481e+01 -5.534398e+01 7.822239e+01
      vertex   2.403052e+01 -5.668754e+01 7.623431e+01
      vertex   2.354052e+01 -5.583884e+01 7.847382e+01
    endloop
  endfacet
  facet normal -8.660254e-01 -5.000000e-01 -1.535392e-13
    outer loop
      vertex   2.354052e+01 -5.583884e+01 7.847382e+01
      vertex   2.403052e+01 -5.668754e+01 7.623431e+01
      vertex   2.435583e+01 -5.725100e+01 7.770626e+01
    endloop
  endfacet
  facet normal -8.660254e-01 -5.000000e-01 -1.544538e-13
    outer loop
      vertex   2.354052e+01 -5.583884e+01 7.847382e+01
      vertex   2.435583e+01 -5.725100e+01 7.770626e+01
      vertex   2.375637e+01 -5.621271e+01 7.892478e+01
    endloop
  endfacet
  facet normal -8.660254e-01 -5.000000e-01 -1.525839e-13
    outer loop
      vertex   2.375637e+01 -5.621271e+01 7.892478e+01
      vertex   2.435583e+01 -5.725100e+01 7.770626e+01
      vertex   2.455887e+01 -5.760268e+01 7.926352e+01
    endloop
  endfacet
  facet normal -8.660254e-01 -5.000000e-01 -1.508640e-13
    outer loop
      vertex   1.847980e+01 -4.707341e+01 7.950800e+01
      vertex   1.856820e+01 -4.722653e+01 7.541699e+01
      vertex   1.875100e+01 -4.754315e+01 7.889338e+01
    endloop
  endfacet
  facet normal -8.660254e-01 -5.000000e-01 -1.502671e-13
    outer loop
      vertex   1.875100e+01 -4.754315e+01 7.889338e+01
      vertex   1.856820e+01 -4.722653e+01 7.541699e+01
      vertex   1.885391e+01 -4.772140e+01 7.566842e+01
    endloop
  endfacet
  facet normal -8.660254e-01 -5.000000e-01 -1.503821e-13
    outer loop
      vertex   1.875100e+01 -4.754315e+01 7.889338e+01
      vertex   1.885391e+01 -4.772140e+01 7.566842e+01
      vertex   1.910073e+01 -4.814891e+01 7.846594e+01
    endloop
  endfacet
  facet normal -8.660254e-01 -5.000000e-01 -1.493340e-13
    outer loop
      vertex   1.910073e+01 -4.814891e+01 7.846594e+01
      vertex   1.885391e+01 -4.772140e+01 7.566842e+01
      vertex   1.916598e+01 -4.826192e+01 7.568204e+01
    endloop
  endfacet
  facet normal -8.660254e-01 -5.000000e-01 -1.491244e-13
    outer loop
      vertex   1.910073e+01 -4.814891e+01 7.846594e+01
      vertex   1.916598e+01 -4.826192e+01 7.568204e+01
      vertex   1.949793e+01 -4.883686e+01 7.826367e+01
    endloop
  endfacet
  facet normal -8.660254e-01 -5.000000e-01 -1.495336e-13
    outer loop
      vertex   1.949793e+01 -4.883686e+01 7.826367e+01
      vertex   1.916598e+01 -4.826192e+01 7.568204e+01
      vertex   1.945690e+01 -4.876581e+01 7.545577e+01
    endloop
  endfacet
  facet normal -8.660254e-01 -5.000000e-01 -1.494192e-13
    outer loop
      vertex   1.949793e+01 -4.883686e+01 7.826367e+01
      vertex   1.945690e+01 -4.876581e+01 7.545577e+01
      vertex   1.990728e+01 -4.954589e+01 7.830453e+01
    endloop
  endfacet
  facet normal -8.660254e-01 -5.000000e-01 -1.476718e-13
    outer loop
      vertex   1.990728e+01 -4.954589e+01 7.830453e+01
      vertex   1.945690e+01 -4.876581e+01 7.545577e+01
      vertex   1.968239e+01 -4.915636e+01 7.502407e+01
    endloop
  endfacet
  facet normal -8.660254e-01 -5.000000e-01 -1.483492e-13
    outer loop
      vertex   1.990728e+01 -4.954589e+01 7.830453e+01
      vertex   1.968239e+01 -4.915636e+01 7.502407e+01
      vertex   2.029243e+01 -5.021299e+01 7.858489e+01
    endloop
  endfacet
  facet normal -8.660254e-01 -5.000000e-01 -1.539340e-13
    outer loop
      vertex   2.029243e+01 -5.021299e+01 7.858489e+01
      vertex   1.968239e+01 -4.915636e+01 7.502407e+01
      vertex   1.980810e+01 -4.937410e+01 7.445265e+01
    endloop
  endfacet
  facet normal -8.660254e-01 -5.000000e-01 -1.507907e-13
    outer loop
      vertex   1.636116e+01 -4.340382e+01 8.065346e+01
      vertex   1.847980e+01 -4.707341e+01 7.950800e+01
      vertex   1.664687e+01 -4.389868e+01 8.090489e+01
    endloop
  endfacet
  facet normal -8.660254e-01 -5.000000e-01 -1.413635e-13
    outer loop
      vertex   1.664687e+01 -4.389868e+01 8.090489e+01
      vertex   1.847980e+01 -4.707341e+01 7.950800e+01
      vertex   1.831122e+01 -4.678143e+01 8.025519e+01
    endloop
  endfacet
  facet normal -8.660254e-01 -5.000000e-01 -1.574094e-13
    outer loop
      vertex   1.664687e+01 -4.389868e+01 8.090489e+01
      vertex   1.831122e+01 -4.678143e+01 8.025519e+01
      vertex   1.686272e+01 -4.427255e+01 8.135586e+01
    endloop
  endfacet
  facet normal -8.660254e-01 -5.000000e-01 -1.494048e-13
    outer loop
      vertex   1.686272e+01 -4.427255e+01 8.135586e+01
      vertex   1.831122e+01 -4.678143e+01 8.025519e+01
      vertex   1.826026e+01 -4.669316e+01 8.106856e+01
    endloop
  endfacet
  facet normal -8.660254e-01 -5.000000e-01 -1.445460e-13
    outer loop
      vertex   1.686272e+01 -4.427255e+01 8.135586e+01
      vertex   1.826026e+01 -4.669316e+01 8.106856e+01
      vertex   1.697585e+01 -4.446850e+01 8.193770e+01
    endloop
  endfacet
  facet normal -8.660254e-01 -5.000000e-01 -1.550039e-13
    outer loop
      vertex   1.697585e+01 -4.446850e+01 8.193770e+01
      vertex   1.826026e+01 -4.669316e+01 8.106856e+01
      vertex   1.833143e+01 -4.681644e+01 8.187584e+01
    endloop
  endfacet
  facet normal -8.660254e-01 -5.000000e-01 -1.483943e-13
    outer loop
      vertex   1.697585e+01 -4.446850e+01 8.193770e+01
      vertex   1.833143e+01 -4.681644e+01 8.187584e+01
      vertex   1.696904e+01 -4.445671e+01 8.256184e+01
    endloop
  endfacet
  facet normal -8.660254e-01 -5.000000e-01 -1.484153e-13
    outer loop
      vertex   1.696904e+01 -4.445671e+01 8.256184e+01
      vertex   1.833143e+01 -4.681644e+01 8.187584e+01
      vertex   1.851842e+01 -4.714030e+01 8.260530e+01
    endloop
  endfacet
  facet normal -8.660254e-01 -5.000000e-01 -1.615223e-13
    outer loop
      vertex   1.696904e+01 -4.445671e+01 8.256184e+01
      vertex   1.851842e+01 -4.714030e+01 8.260530e+01
      vertex   1.684333e+01 -4.423896e+01 8.313326e+01
    endloop
  endfacet
  facet normal -8.660254e-01 -5.000000e-01 -1.444962e-13
    outer loop
      vertex   1.684333e+01 -4.423896e+01 8.313326e+01
      vertex   1.851842e+01 -4.714030e+01 8.260530e+01
      vertex   1.880460e+01 -4.763599e+01 8.319211e+01
    endloop
  endfacet
  facet normal -8.660254e-01 -5.000000e-01 -1.458202e-13
    outer loop
      vertex   1.684333e+01 -4.423896e+01 8.313326e+01
      vertex   1.880460e+01 -4.763599e+01 8.319211e+01
      vertex   1.661784e+01 -4.384842e+01 8.356496e+01
    endloop
  endfacet
  facet normal -8.660254e-01 -5.000000e-01 -1.487283e-13
    outer loop
      vertex   2.066578e+01 -5.085965e+01 8.281964e+01
      vertex   2.088815e+01 -5.124481e+01 8.213104e+01
      vertex   2.290851e+01 -5.474416e+01 8.134654e+01
    endloop
  endfacet
  facet normal -8.660254e-01 -5.000000e-01 -1.599857e-13
    outer loop
      vertex   2.290851e+01 -5.474416e+01 8.134654e+01
      vertex   2.088815e+01 -5.124481e+01 8.213104e+01
      vertex   2.262280e+01 -5.424930e+01 8.109511e+01
    endloop
  endfacet
  facet normal -8.660254e-01 -5.000000e-01 -1.501783e-13
    outer loop
      vertex   2.262280e+01 -5.424930e+01 8.109511e+01
      vertex   2.088815e+01 -5.124481e+01 8.213104e+01
      vertex   2.099916e+01 -5.143708e+01 8.134195e+01
    endloop
  endfacet
  facet normal -8.660254e-01 -5.000000e-01 -1.506008e-13
    outer loop
      vertex   2.262280e+01 -5.424930e+01 8.109511e+01
      vertex   2.099916e+01 -5.143708e+01 8.134195e+01
      vertex   2.240695e+01 -5.387543e+01 8.064414e+01
    endloop
  endfacet
  facet normal -8.660254e-01 -5.000000e-01 -1.559008e-13
    outer loop
      vertex   2.240695e+01 -5.387543e+01 8.064414e+01
      vertex   2.099916e+01 -5.143708e+01 8.134195e+01
      vertex   2.098894e+01 -5.141938e+01 8.052247e+01
    endloop
  endfacet
  facet normal -8.660254e-01 -5.000000e-01 -1.532947e-13
    outer loop
      vertex   3.478943e+01 -5.332253e+01 7.721797e+01
      vertex   3.922379e+01 -6.100305e+01 6.965694e+01
      vertex   3.500841e+01 -5.370181e+01 7.893793e+01
    endloop
  endfacet
  facet normal -8.660254e-01 -5.000000e-01 -1.506863e-13
    outer loop
      vertex   3.500841e+01 -5.370181e+01 7.893793e+01
      vertex   3.922379e+01 -6.100305e+01 6.965694e+01
      vertex   4.053200e+01 -6.326895e+01 8.449548e+01
    endloop
  endfacet
  facet normal -8.660254e-01 -5.000000e-01 -1.488072e-13
    outer loop
      vertex   3.500841e+01 -5.370181e+01 7.893793e+01
      vertex   4.053200e+01 -6.326895e+01 8.449548e+01
      vertex   3.509677e+01 -5.385485e+01 8.070395e+01
    endloop
  endfacet
  facet normal -8.660254e-01 -5.000000e-01 -1.545013e-13
    outer loop
      vertex   3.509677e+01 -5.385485e+01 8.070395e+01
      vertex   4.053200e+01 -6.326895e+01 8.449548e+01
      vertex   3.948987e+01 -6.146392e+01 8.546923e+01
    endloop
  endfacet
  facet normal -8.660254e-01 -5.000000e-01 -1.487315e-13
    outer loop
      vertex   3.509677e+01 -5.385485e+01 8.070395e+01
      vertex   3.948987e+01 -6.146392e+01 8.546923e+01
      vertex   3.505253e+01 -5.377823e+01 8.247658e+01
    endloop
  endfacet
  facet normal -8.660254e-01 -5.000000e-01 -1.542413e-13
    outer loop
      vertex   3.505253e+01 -5.377823e+01 8.247658e+01
      vertex   3.948987e+01 -6.146392e+01 8.546923e+01
      vertex   3.847337e+01 -5.970330e+01 8.654597e+01
    endloop
  endfacet
  facet normal -8.660254e-01 -5.000000e-01 -1.585243e-13
    outer loop
      vertex   3.505253e+01 -5.377823e+01 8.247658e+01
      vertex   3.847337e+01 -5.970330e+01 8.654597e+01
      vertex   3.487669e+01 -5.347367e+01 8.421623e+01
    endloop
  endfacet
  facet normal -8.660254e-01 -5.000000e-01 -1.538297e-13
    outer loop
      vertex   3.487669e+01 -5.347367e+01 8.421623e+01
      vertex   3.847337e+01 -5.970330e+01 8.654597e+01
      vertex   3.748507e+01 -5.799151e+01 8.772301e+01
    endloop
  endfacet
  facet normal -8.660254e-01 -5.000000e-01 -1.474865e-13
    outer loop
      vertex   3.487669e+01 -5.347367e+01 8.421623e+01
      vertex   3.748507e+01 -5.799151e+01 8.772301e+01
      vertex   3.457318e+01 -5.294796e+01 8.588403e+01
    endloop
  endfacet
  facet normal -8.660254e-01 -5.000000e-01 -1.489482e-13
    outer loop
      vertex   3.457318e+01 -5.294796e+01 8.588403e+01
      vertex   3.748507e+01 -5.799151e+01 8.772301e+01
      vertex   3.613290e+01 -5.564949e+01 8.928343e+01
    endloop
  endfacet
  facet normal -8.660254e-01 -5.000000e-01 -1.480528e-13
    outer loop
      vertex   3.457318e+01 -5.294796e+01 8.588403e+01
      vertex   3.613290e+01 -5.564949e+01 8.928343e+01
      vertex   3.414877e+01 -5.221286e+01 8.744274e+01
    endloop
  endfacet
  facet normal -8.660254e-01 -5.000000e-01 -1.553203e-13
    outer loop
      vertex   3.414877e+01 -5.221286e+01 8.744274e+01
      vertex   3.613290e+01 -5.564949e+01 8.928343e+01
      vertex   3.361294e+01 -5.128478e+01 8.885752e+01
    endloop
  endfacet
  facet normal -8.660254e-01 -5.000000e-01 -1.509364e-13
    outer loop
      vertex   3.361294e+01 -5.128478e+01 8.885752e+01
      vertex   3.613290e+01 -5.564949e+01 8.928343e+01
      vertex   3.472438e+01 -5.320986e+01 9.062976e+01
    endloop
  endfacet
  facet normal -8.660254e-01 -5.000000e-01 -1.531907e-13
    outer loop
      vertex   3.361294e+01 -5.128478e+01 8.885752e+01
      vertex   3.472438e+01 -5.320986e+01 9.062976e+01
      vertex   3.297766e+01 -5.018445e+01 9.009678e+01
    endloop
  endfacet
  facet normal -8.660254e-01 -5.000000e-01 -1.538620e-13
    outer loop
      vertex   3.297766e+01 -5.018445e+01 9.009678e+01
      vertex   3.472438e+01 -5.320986e+01 9.062976e+01
      vertex   3.326797e+01 -5.068727e+01 9.175390e+01
    endloop
  endfacet
  facet normal -8.660254e-01 -5.000000e-01 -1.510354e-13
    outer loop
      vertex   3.297766e+01 -5.018445e+01 9.009678e+01
      vertex   3.326797e+01 -5.068727e+01 9.175390e+01
      vertex   3.225713e+01 -4.893646e+01 9.113283e+01
    endloop
  endfacet
  facet normal -8.660254e-01 -5.000000e-01 -1.596532e-13
    outer loop
      vertex   3.225713e+01 -4.893646e+01 9.113283e+01
      vertex   3.326797e+01 -5.068727e+01 9.175390e+01
      vertex   3.177240e+01 -4.809687e+01 9.264911e+01
    endloop
  endfacet
  facet normal -8.660254e-01 -5.000000e-01 -1.571748e-13
    outer loop
      vertex   3.225713e+01 -4.893646e+01 9.113283e+01
      vertex   3.177240e+01 -4.809687e+01 9.264911e+01
      vertex   3.146744e+01 -4.756868e+01 9.194253e+01
    endloop
  endfacet
  facet normal -8.660254e-01 -5.000000e-01 -1.569568e-13
    outer loop
      vertex   3.146744e+01 -4.756868e+01 9.194253e+01
      vertex   3.177240e+01 -4.809687e+01 9.264911e+01
      vertex   3.062623e+01 -4.611166e+01 9.250779e+01
    endloop
  endfacet
  facet normal -8.660254e-01 -5.000000e-01 -1.511690e-13
    outer loop
      vertex   3.062623e+01 -4.611166e+01 9.250779e+01
      vertex   3.177240e+01 -4.809687e+01 9.264911e+01
      vertex   3.024666e+01 -4.545421e+01 9.331001e+01
    endloop
  endfacet
  facet normal -8.660254e-01 -5.000000e-01 -2.982429e-12
    outer loop
      vertex   3.062623e+01 -4.611166e+01 9.250779e+01
      vertex   3.024666e+01 -4.545421e+01 9.331001e+01
      vertex   3.024641e+01 -4.545379e+01 9.331010e+01
    endloop
  endfacet
  facet normal -8.660254e-01 -5.000000e-01 -1.529359e-13
    outer loop
      vertex   3.922379e+01 -6.100305e+01 6.965694e+01
      vertex   3.478943e+01 -5.332253e+01 7.721797e+01
      vertex   3.815105e+01 -5.914502e+01 6.950324e+01
    endloop
  endfacet
  facet normal -8.660254e-01 -5.000000e-01 -1.502593e-13
    outer loop
      vertex   3.815105e+01 -5.914502e+01 6.950324e+01
      vertex   3.478943e+01 -5.332253e+01 7.721797e+01
      vertex   3.444473e+01 -5.272548e+01 7.558250e+01
    endloop
  endfacet
  facet normal -8.660254e-01 -5.000000e-01 -1.517970e-13
    outer loop
      vertex   3.815105e+01 -5.914502e+01 6.950324e+01
      vertex   3.444473e+01 -5.272548e+01 7.558250e+01
      vertex   3.708335e+01 -5.729571e+01 6.924486e+01
    endloop
  endfacet
  facet normal -8.660254e-01 -5.000000e-01 -1.504931e-13
    outer loop
      vertex   3.708335e+01 -5.729571e+01 6.924486e+01
      vertex   3.444473e+01 -5.272548e+01 7.558250e+01
      vertex   3.398199e+01 -5.192400e+01 7.406804e+01
    endloop
  endfacet
  facet normal -8.660254e-01 -5.000000e-01 -1.507327e-13
    outer loop
      vertex   3.708335e+01 -5.729571e+01 6.924486e+01
      vertex   3.398199e+01 -5.192400e+01 7.406804e+01
      vertex   3.602324e+01 -5.545954e+01 6.888244e+01
    endloop
  endfacet
  facet normal -8.660254e-01 -5.000000e-01 -1.510436e-13
    outer loop
      vertex   3.602324e+01 -5.545954e+01 6.888244e+01
      vertex   3.398199e+01 -5.192400e+01 7.406804e+01
      vertex   3.341157e+01 -5.093600e+01 7.270844e+01
    endloop
  endfacet
  facet normal -8.660254e-01 -5.000000e-01 -1.519586e-13
    outer loop
      vertex   3.602324e+01 -5.545954e+01 6.888244e+01
      vertex   3.341157e+01 -5.093600e+01 7.270844e+01
      vertex   3.444497e+01 -5.272591e+01 6.838139e+01
    endloop
  endfacet
  facet normal -8.660254e-01 -5.000000e-01 -1.510969e-13
    outer loop
      vertex   3.444497e+01 -5.272591e+01 6.838139e+01
      vertex   3.341157e+01 -5.093600e+01 7.270844e+01
      vertex   3.274620e+01 -4.978355e+01 7.153405e+01
    endloop
  endfacet
  facet normal -8.660254e-01 -5.000000e-01 -1.509039e-13
    outer loop
      vertex   3.444497e+01 -5.272591e+01 6.838139e+01
      vertex   3.274620e+01 -4.978355e+01 7.153405e+01
      vertex   3.285269e+01 -4.996798e+01 6.811080e+01
    endloop
  endfacet
  facet normal -8.660254e-01 -5.000000e-01 -1.512357e-13
    outer loop
      vertex   3.285269e+01 -4.996798e+01 6.811080e+01
      vertex   3.274620e+01 -4.978355e+01 7.153405e+01
      vertex   3.200074e+01 -4.849238e+01 7.057112e+01
    endloop
  endfacet
  facet normal -8.660254e-01 -5.000000e-01 -1.487659e-13
    outer loop
      vertex   3.285269e+01 -4.996798e+01 6.811080e+01
      vertex   3.200074e+01 -4.849238e+01 7.057112e+01
      vertex   3.119186e+01 -4.709134e+01 6.984115e+01
    endloop
  endfacet
  facet normal -8.660254e-01 -5.000000e-01 -1.510001e-13
    outer loop
      vertex   3.285269e+01 -4.996798e+01 6.811080e+01
      vertex   3.119186e+01 -4.709134e+01 6.984115e+01
      vertex   3.125478e+01 -4.720033e+01 6.807209e+01
    endloop
  endfacet
  facet normal -8.660254e-01 -5.000000e-01 -1.506061e-13
    outer loop
      vertex   3.125478e+01 -4.720033e+01 6.807209e+01
      vertex   3.119186e+01 -4.709134e+01 6.984115e+01
      vertex   3.033760e+01 -4.561174e+01 6.936045e+01
    endloop
  endfacet
  facet normal -8.660254e-01 -5.000000e-01 -1.545571e-13
    outer loop
      vertex   3.125478e+01 -4.720033e+01 6.807209e+01
      vertex   3.033760e+01 -4.561174e+01 6.936045e+01
      vertex   2.965968e+01 -4.443754e+01 6.826546e+01
    endloop
  endfacet
  facet normal -8.660254e-01 -5.000000e-01 -1.547995e-13
    outer loop
      vertex   2.965968e+01 -4.443754e+01 6.826546e+01
      vertex   3.033760e+01 -4.561174e+01 6.936045e+01
      vertex   2.945707e+01 -4.408661e+01 6.913976e+01
    endloop
  endfacet
  facet normal -8.660254e-01 -5.000000e-01 -1.559993e-13
    outer loop
      vertex   2.965968e+01 -4.443754e+01 6.826546e+01
      vertex   2.945707e+01 -4.408661e+01 6.913976e+01
      vertex   2.856993e+01 -4.255003e+01 6.918401e+01
    endloop
  endfacet
  facet normal -8.660254e-01 -5.000000e-01 -1.470120e-13
    outer loop
      vertex   2.965968e+01 -4.443754e+01 6.826546e+01
      vertex   2.856993e+01 -4.255003e+01 6.918401e+01
      vertex   2.807581e+01 -4.169419e+01 6.868990e+01
    endloop
  endfacet
  facet normal -8.660254e-01 -5.000000e-01 -1.477816e-13
    outer loop
      vertex   2.807581e+01 -4.169419e+01 6.868990e+01
      vertex   2.856993e+01 -4.255003e+01 6.918401e+01
      vertex   2.769599e+01 -4.103633e+01 6.949221e+01
    endloop
  endfacet
  facet normal -8.660254e-01 -5.000000e-01 -1.545713e-13
    outer loop
      vertex   2.807581e+01 -4.169419e+01 6.868990e+01
      vertex   2.769599e+01 -4.103633e+01 6.949221e+01
      vertex   2.721090e+01 -4.019613e+01 6.912411e+01
    endloop
  endfacet
  facet normal -8.660254e-01 -5.000000e-01 -1.558806e-13
    outer loop
      vertex   2.721090e+01 -4.019613e+01 6.912411e+01
      vertex   2.769599e+01 -4.103633e+01 6.949221e+01
      vertex   2.685478e+01 -3.957931e+01 7.005747e+01
    endloop
  endfacet
  facet normal -8.660254e-01 -5.000000e-01 -1.506542e-13
    outer loop
      vertex   2.721090e+01 -4.019613e+01 6.912411e+01
      vertex   2.685478e+01 -3.957931e+01 7.005747e+01
      vertex   2.638570e+01 -3.876683e+01 6.980008e+01
    endloop
  endfacet
  facet normal -8.660254e-01 -5.000000e-01 -1.439002e-13
    outer loop
      vertex   2.638570e+01 -3.876683e+01 6.980008e+01
      vertex   2.685478e+01 -3.957931e+01 7.005747e+01
      vertex   2.606509e+01 -3.821152e+01 7.086717e+01
    endloop
  endfacet
  facet normal -8.660254e-01 -5.000000e-01 -1.442020e-13
    outer loop
      vertex   2.638570e+01 -3.876683e+01 6.980008e+01
      vertex   2.606509e+01 -3.821152e+01 7.086717e+01
      vertex   2.561699e+01 -3.743539e+01 7.070404e+01
    endloop
  endfacet
  facet normal -8.660254e-01 -5.000000e-01 -1.517073e-13
    outer loop
      vertex   2.561699e+01 -3.743539e+01 7.070404e+01
      vertex   2.606509e+01 -3.821152e+01 7.086717e+01
      vertex   2.534456e+01 -3.696353e+01 7.190322e+01
    endloop
  endfacet
  facet normal -8.660254e-01 -5.000000e-01 -1.498565e-13
    outer loop
      vertex   2.561699e+01 -3.743539e+01 7.070404e+01
      vertex   2.534456e+01 -3.696353e+01 7.190322e+01
      vertex   2.492043e+01 -3.622891e+01 7.181760e+01
    endloop
  endfacet
  facet normal -8.660254e-01 -5.000000e-01 -1.486835e-13
    outer loop
      vertex   2.492043e+01 -3.622891e+01 7.181760e+01
      vertex   2.534456e+01 -3.696353e+01 7.190322e+01
      vertex   2.470929e+01 -3.586320e+01 7.314248e+01
    endloop
  endfacet
  facet normal -8.660254e-01 -5.000000e-01 -1.507104e-13
    outer loop
      vertex   2.492043e+01 -3.622891e+01 7.181760e+01
      vertex   2.470929e+01 -3.586320e+01 7.314248e+01
      vertex   2.431020e+01 -3.517196e+01 7.311809e+01
    endloop
  endfacet
  facet normal -8.660254e-01 -5.000000e-01 -1.513554e-13
    outer loop
      vertex   2.431020e+01 -3.517196e+01 7.311809e+01
      vertex   2.470929e+01 -3.586320e+01 7.314248e+01
      vertex   2.417346e+01 -3.493512e+01 7.455726e+01
    endloop
  endfacet
  facet normal -8.660254e-01 -5.000000e-01 -1.521702e-13
    outer loop
      vertex   2.431020e+01 -3.517196e+01 7.311809e+01
      vertex   2.417346e+01 -3.493512e+01 7.455726e+01
      vertex   2.379872e+01 -3.428605e+01 7.457903e+01
    endloop
  endfacet
  facet normal -8.660254e-01 -5.000000e-01 -1.527438e-13
    outer loop
      vertex   2.379872e+01 -3.428605e+01 7.457903e+01
      vertex   2.417346e+01 -3.493512e+01 7.455726e+01
      vertex   2.374905e+01 -3.420002e+01 7.611597e+01
    endloop
  endfacet
  facet normal -8.660254e-01 -5.000000e-01 -1.528791e-13
    outer loop
      vertex   2.379872e+01 -3.428605e+01 7.457903e+01
      vertex   2.374905e+01 -3.420002e+01 7.611597e+01
      vertex   2.339640e+01 -3.358921e+01 7.617069e+01
    endloop
  endfacet
  facet normal -8.660254e-01 -5.000000e-01 -1.506995e-13
    outer loop
      vertex   2.339640e+01 -3.358921e+01 7.617069e+01
      vertex   2.374905e+01 -3.420002e+01 7.611597e+01
      vertex   2.344553e+01 -3.367431e+01 7.778377e+01
    endloop
  endfacet
  facet normal -8.660254e-01 -5.000000e-01 -1.514121e-13
    outer loop
      vertex   2.339640e+01 -3.358921e+01 7.617069e+01
      vertex   2.344553e+01 -3.367431e+01 7.778377e+01
      vertex   2.311143e+01 -3.309564e+01 7.786065e+01
    endloop
  endfacet
  facet normal -8.660254e-01 -5.000000e-01 -1.525178e-13
    outer loop
      vertex   2.311143e+01 -3.309564e+01 7.786065e+01
      vertex   2.344553e+01 -3.367431e+01 7.778377e+01
      vertex   2.326969e+01 -3.336975e+01 7.952342e+01
    endloop
  endfacet
  facet normal -8.660254e-01 -5.000000e-01 -1.518159e-13
    outer loop
      vertex   2.311143e+01 -3.309564e+01 7.786065e+01
      vertex   2.326969e+01 -3.336975e+01 7.952342e+01
      vertex   2.294962e+01 -3.281537e+01 7.961452e+01
    endloop
  endfacet
  facet normal -8.660254e-01 -5.000000e-01 -1.505935e-13
    outer loop
      vertex   2.294962e+01 -3.281537e+01 7.961452e+01
      vertex   2.326969e+01 -3.336975e+01 7.952342e+01
      vertex   2.322546e+01 -3.329314e+01 8.129605e+01
    endloop
  endfacet
  facet normal -8.660254e-01 -5.000000e-01 -1.480084e-13
    outer loop
      vertex   2.294962e+01 -3.281537e+01 7.961452e+01
      vertex   2.322546e+01 -3.329314e+01 8.129605e+01
      vertex   2.291426e+01 -3.275412e+01 8.139660e+01
    endloop
  endfacet
  facet normal -8.660254e-01 -5.000000e-01 -1.499186e-13
    outer loop
      vertex   2.291426e+01 -3.275412e+01 8.139660e+01
      vertex   2.322546e+01 -3.329314e+01 8.129605e+01
      vertex   2.331382e+01 -3.344618e+01 8.306207e+01
    endloop
  endfacet
  facet normal -8.660254e-01 -5.000000e-01 -1.535771e-13
    outer loop
      vertex   2.291426e+01 -3.275412e+01 8.139660e+01
      vertex   2.331382e+01 -3.344618e+01 8.306207e+01
      vertex   2.300606e+01 -3.291313e+01 8.317060e+01
    endloop
  endfacet
  facet normal -8.660254e-01 -5.000000e-01 -1.511930e-13
    outer loop
      vertex   2.300606e+01 -3.291313e+01 8.317060e+01
      vertex   2.331382e+01 -3.344618e+01 8.306207e+01
      vertex   2.322317e+01 -3.328917e+01 8.490042e+01
    endloop
  endfacet
  facet normal -8.660254e-01 -5.000000e-01 -1.515463e-13
    outer loop
      vertex   2.322317e+01 -3.328917e+01 8.490042e+01
      vertex   2.331382e+01 -3.344618e+01 8.306207e+01
      vertex   2.353279e+01 -3.382546e+01 8.478203e+01
    endloop
  endfacet
  facet normal -8.660254e-01 -5.000000e-01 -1.512133e-13
    outer loop
      vertex   2.322317e+01 -3.328917e+01 8.490042e+01
      vertex   2.353279e+01 -3.382546e+01 8.478203e+01
      vertex   2.356115e+01 -3.387457e+01 8.655083e+01
    endloop
  endfacet
  facet normal -8.660254e-01 -5.000000e-01 -1.513972e-13
    outer loop
      vertex   2.356115e+01 -3.387457e+01 8.655083e+01
      vertex   2.353279e+01 -3.382546e+01 8.478203e+01
      vertex   2.387750e+01 -3.442250e+01 8.641750e+01
    endloop
  endfacet
  facet normal -8.660254e-01 -5.000000e-01 -1.520000e-13
    outer loop
      vertex   2.356115e+01 -3.387457e+01 8.655083e+01
      vertex   2.387750e+01 -3.442250e+01 8.641750e+01
      vertex   2.401313e+01 -3.465743e+01 8.808825e+01
    endloop
  endfacet
  facet normal -8.660254e-01 -5.000000e-01 -1.522244e-13
    outer loop
      vertex   2.401313e+01 -3.465743e+01 8.808825e+01
      vertex   2.387750e+01 -3.442250e+01 8.641750e+01
      vertex   2.434023e+01 -3.522398e+01 8.793196e+01
    endloop
  endfacet
  facet normal -8.660254e-01 -5.000000e-01 -1.526107e-13
    outer loop
      vertex   2.401313e+01 -3.465743e+01 8.808825e+01
      vertex   2.434023e+01 -3.522398e+01 8.793196e+01
      vertex   2.456991e+01 -3.562180e+01 8.948137e+01
    endloop
  endfacet
  facet normal -8.660254e-01 -5.000000e-01 -1.515888e-13
    outer loop
      vertex   2.456991e+01 -3.562180e+01 8.948137e+01
      vertex   2.434023e+01 -3.522398e+01 8.793196e+01
      vertex   2.491065e+01 -3.621198e+01 8.929156e+01
    endloop
  endfacet
  facet normal -8.660254e-01 -5.000000e-01 -1.567713e-13
    outer loop
      vertex   2.456991e+01 -3.562180e+01 8.948137e+01
      vertex   2.491065e+01 -3.621198e+01 8.929156e+01
      vertex   2.522016e+01 -3.674806e+01 9.070183e+01
    endloop
  endfacet
  facet normal -8.660254e-01 -5.000000e-01 -1.614042e-13
    outer loop
      vertex   2.522016e+01 -3.674806e+01 9.070183e+01
      vertex   2.491065e+01 -3.621198e+01 8.929156e+01
      vertex   2.557602e+01 -3.736444e+01 9.046595e+01
    endloop
  endfacet
  facet normal -8.660254e-01 -5.000000e-01 -1.559221e-13
    outer loop
      vertex   2.522016e+01 -3.674806e+01 9.070183e+01
      vertex   2.557602e+01 -3.736444e+01 9.046595e+01
      vertex   2.595063e+01 -3.801327e+01 9.172479e+01
    endloop
  endfacet
  facet normal -8.660254e-01 -5.000000e-01 -1.453858e-13
    outer loop
      vertex   2.595063e+01 -3.801327e+01 9.172479e+01
      vertex   2.557602e+01 -3.736444e+01 9.046595e+01
      vertex   2.632148e+01 -3.865560e+01 9.142888e+01
    endloop
  endfacet
  facet normal -8.660254e-01 -5.000000e-01 -1.474353e-13
    outer loop
      vertex   2.595063e+01 -3.801327e+01 9.172479e+01
      vertex   2.632148e+01 -3.865560e+01 9.142888e+01
      vertex   2.674645e+01 -3.939168e+01 9.252943e+01
    endloop
  endfacet
  facet normal -8.660254e-01 -5.000000e-01 -1.526076e-13
    outer loop
      vertex   2.674645e+01 -3.939168e+01 9.252943e+01
      vertex   2.632148e+01 -3.865560e+01 9.142888e+01
      vertex   2.713037e+01 -4.005664e+01 9.215885e+01
    endloop
  endfacet
  facet normal -8.660254e-01 -5.000000e-01 -1.514218e-13
    outer loop
      vertex   2.674645e+01 -3.939168e+01 9.252943e+01
      vertex   2.713037e+01 -4.005664e+01 9.215885e+01
      vertex   2.759144e+01 -4.085523e+01 9.309936e+01
    endloop
  endfacet
  facet normal -8.660254e-01 -5.000000e-01 -1.478908e-13
    outer loop
      vertex   2.759144e+01 -4.085523e+01 9.309936e+01
      vertex   2.713037e+01 -4.005664e+01 9.215885e+01
      vertex   2.798462e+01 -4.153625e+01 9.263955e+01
    endloop
  endfacet
  facet normal -8.660254e-01 -5.000000e-01 -1.456670e-13
    outer loop
      vertex   2.759144e+01 -4.085523e+01 9.309936e+01
      vertex   2.798462e+01 -4.153625e+01 9.263955e+01
      vertex   2.846837e+01 -4.237413e+01 9.342298e+01
    endloop
  endfacet
  facet normal -8.660254e-01 -5.000000e-01 -1.532778e-13
    outer loop
      vertex   2.846837e+01 -4.237413e+01 9.342298e+01
      vertex   2.798462e+01 -4.153625e+01 9.263955e+01
      vertex   2.886515e+01 -4.306137e+01 9.286024e+01
    endloop
  endfacet
  facet normal -8.660254e-01 -5.000000e-01 -1.570494e-13
    outer loop
      vertex   2.846837e+01 -4.237413e+01 9.342298e+01
      vertex   2.886515e+01 -4.306137e+01 9.286024e+01
      vertex   2.935941e+01 -4.391746e+01 9.349371e+01
    endloop
  endfacet
  facet normal -8.660254e-01 -5.000000e-01 -1.547872e-13
    outer loop
      vertex   2.935941e+01 -4.391746e+01 9.349371e+01
      vertex   2.886515e+01 -4.306137e+01 9.286024e+01
      vertex   2.975230e+01 -4.459795e+01 9.281599e+01
    endloop
  endfacet
  facet normal -8.660254e-01 -5.000000e-01 -1.575096e-13
    outer loop
      vertex   2.935941e+01 -4.391746e+01 9.349371e+01
      vertex   2.975230e+01 -4.459795e+01 9.281599e+01
      vertex   3.024641e+01 -4.545379e+01 9.331010e+01
    endloop
  endfacet
  facet normal -8.660254e-01 -5.000000e-01 -1.530086e-13
    outer loop
      vertex   3.024641e+01 -4.545379e+01 9.331010e+01
      vertex   2.975230e+01 -4.459795e+01 9.281599e+01
      vertex   3.062623e+01 -4.611166e+01 9.250779e+01
    endloop
  endfacet
  facet normal 1.835848e-02 -3.174626e-02 -9.993273e-01
    outer loop
      vertex   3.962419e+01 -6.176342e+01 6.968845e+01
      vertex   3.922379e+01 -6.100305e+01 6.965694e+01
      vertex   4.876412e+01 -5.552740e+01 6.965826e+01
    endloop
  endfacet
  facet normal 3.567443e-02 -6.191666e-02 -9.974436e-01
    outer loop
      vertex   4.876412e+01 -5.552740e+01 6.965826e+01
      vertex   3.922379e+01 -6.100305e+01 6.965694e+01
      vertex   3.815105e+01 -5.914502e+01 6.950324e+01
    endloop
  endfacet
  facet normal 3.951359e-02 -7.321869e-02 -9.965328e-01
    outer loop
      vertex   4.876412e+01 -5.552740e+01 6.965826e+01
      vertex   3.815105e+01 -5.914502e+01 6.950324e+01
      vertex   4.714967e+01 -5.273109e+01 6.938879e+01
    endloop
  endfacet
  facet normal 6.109449e-02 -1.034290e-01 -9.927587e-01
    outer loop
      vertex   4.714967e+01 -5.273109e+01 6.938879e+01
      vertex   3.815105e+01 -5.914502e+01 6.950324e+01
      vertex   3.708335e+01 -5.729571e+01 6.924486e+01
    endloop
  endfacet
  facet normal 7.604044e-02 -1.365484e-01 -9.877107e-01
    outer loop
      vertex   4.714967e+01 -5.273109e+01 6.938879e+01
      vertex   3.708335e+01 -5.729571e+01 6.924486e+01
      vertex   4.554952e+01 -4.995954e+01 6.888244e+01
    endloop
  endfacet
  facet normal 8.424662e-02 -1.459194e-01 -9.857028e-01
    outer loop
      vertex   4.554952e+01 -4.995954e+01 6.888244e+01
      vertex   3.708335e+01 -5.729571e+01 6.924486e+01
      vertex   3.602324e+01 -5.545954e+01 6.888244e+01
    endloop
  endfacet
  facet normal 7.073622e-03 -1.520898e-02 -9.998593e-01
    outer loop
      vertex   3.962419e+01 -6.176342e+01 6.968845e+01
      vertex   4.876412e+01 -5.552740e+01 6.965826e+01
      vertex   3.997254e+01 -6.256876e+01 6.970317e+01
    endloop
  endfacet
  facet normal 2.582201e-03 -9.601738e-03 -9.999506e-01
    outer loop
      vertex   3.997254e+01 -6.256876e+01 6.970317e+01
      vertex   4.876412e+01 -5.552740e+01 6.965826e+01
      vertex   5.038411e+01 -5.833330e+01 6.968939e+01
    endloop
  endfacet
  facet normal -1.959784e-03 1.563172e-03 -9.999969e-01
    outer loop
      vertex   3.997254e+01 -6.256876e+01 6.970317e+01
      vertex   5.038411e+01 -5.833330e+01 6.968939e+01
      vertex   4.026240e+01 -6.341009e+01 6.970129e+01
    endloop
  endfacet
  facet normal -1.038497e-02 1.836118e-02 -9.997775e-01
    outer loop
      vertex   4.026240e+01 -6.341009e+01 6.970129e+01
      vertex   5.038411e+01 -5.833330e+01 6.968939e+01
      vertex   4.048732e+01 -6.427839e+01 6.968300e+01
    endloop
  endfacet
  facet normal -2.056618e-02 3.530918e-02 -9.991648e-01
    outer loop
      vertex   4.048732e+01 -6.427839e+01 6.968300e+01
      vertex   5.038411e+01 -5.833330e+01 6.968939e+01
      vertex   4.064086e+01 -6.516468e+01 6.964852e+01
    endloop
  endfacet
  facet normal -3.231291e-02 5.205671e-02 -9.981212e-01
    outer loop
      vertex   4.064086e+01 -6.516468e+01 6.964852e+01
      vertex   5.038411e+01 -5.833330e+01 6.968939e+01
      vertex   4.071959e+01 -6.605985e+01 6.959929e+01
    endloop
  endfacet
  facet normal -3.406129e-02 5.424158e-02 -9.979467e-01
    outer loop
      vertex   4.071959e+01 -6.605985e+01 6.959929e+01
      vertex   5.038411e+01 -5.833330e+01 6.968939e+01
      vertex   5.200085e+01 -6.113358e+01 6.948200e+01
    endloop
  endfacet
  facet normal -3.996819e-02 6.779345e-02 -9.968985e-01
    outer loop
      vertex   4.071959e+01 -6.605985e+01 6.959929e+01
      vertex   5.200085e+01 -6.113358e+01 6.948200e+01
      vertex   4.072473e+01 -6.695386e+01 6.953828e+01
    endloop
  endfacet
  facet normal -4.757176e-02 8.253849e-02 -9.954518e-01
    outer loop
      vertex   4.072473e+01 -6.695386e+01 6.953828e+01
      vertex   5.200085e+01 -6.113358e+01 6.948200e+01
      vertex   4.065747e+01 -6.783627e+01 6.946833e+01
    endloop
  endfacet
  facet normal -5.639999e-02 9.747536e-02 -9.936386e-01
    outer loop
      vertex   4.065747e+01 -6.783627e+01 6.946833e+01
      vertex   5.200085e+01 -6.113358e+01 6.948200e+01
      vertex   4.059217e+01 -6.870131e+01 6.938718e+01
    endloop
  endfacet
  facet normal -6.545960e-02 1.111082e-01 -9.916501e-01
    outer loop
      vertex   4.059217e+01 -6.870131e+01 6.938718e+01
      vertex   5.200085e+01 -6.113358e+01 6.948200e+01
      vertex   4.059060e+01 -6.957493e+01 6.928940e+01
    endloop
  endfacet
  facet normal -7.045160e-02 1.178304e-01 -9.905315e-01
    outer loop
      vertex   4.059060e+01 -6.957493e+01 6.928940e+01
      vertex   5.200085e+01 -6.113358e+01 6.948200e+01
      vertex   5.360558e+01 -6.391305e+01 6.903723e+01
    endloop
  endfacet
  facet normal -7.407490e-02 1.262171e-01 -9.892331e-01
    outer loop
      vertex   4.059060e+01 -6.957493e+01 6.928940e+01
      vertex   5.360558e+01 -6.391305e+01 6.903723e+01
      vertex   4.065829e+01 -7.044725e+01 6.917303e+01
    endloop
  endfacet
  facet normal -8.219562e-02 1.423670e-01 -9.863952e-01
    outer loop
      vertex   4.065829e+01 -7.044725e+01 6.917303e+01
      vertex   5.360558e+01 -6.391305e+01 6.903723e+01
      vertex   4.079618e+01 -7.130855e+01 6.903723e+01
    endloop
  endfacet
  facet normal 7.838505e-02 -1.357669e-01 -9.876351e-01
    outer loop
      vertex   4.554952e+01 -4.995954e+01 6.888244e+01
      vertex   3.602324e+01 -5.545954e+01 6.888244e+01
      vertex   4.397125e+01 -4.722591e+01 6.838139e+01
    endloop
  endfacet
  facet normal 7.838505e-02 -1.357669e-01 -9.876351e-01
    outer loop
      vertex   4.397125e+01 -4.722591e+01 6.838139e+01
      vertex   3.602324e+01 -5.545954e+01 6.888244e+01
      vertex   3.444497e+01 -5.272591e+01 6.838139e+01
    endloop
  endfacet
  facet normal 4.233226e-02 -7.332163e-02 -9.964095e-01
    outer loop
      vertex   4.397125e+01 -4.722591e+01 6.838139e+01
      vertex   3.444497e+01 -5.272591e+01 6.838139e+01
      vertex   4.237896e+01 -4.446798e+01 6.811080e+01
    endloop
  endfacet
  facet normal 4.233226e-02 -7.332163e-02 -9.964095e-01
    outer loop
      vertex   4.237896e+01 -4.446798e+01 6.811080e+01
      vertex   3.444497e+01 -5.272591e+01 6.838139e+01
      vertex   3.285269e+01 -4.996798e+01 6.811080e+01
    endloop
  endfacet
  facet normal 6.056121e-03 -1.048951e-02 -9.999266e-01
    outer loop
      vertex   4.237896e+01 -4.446798e+01 6.811080e+01
      vertex   3.285269e+01 -4.996798e+01 6.811080e+01
      vertex   4.078106e+01 -4.170033e+01 6.807209e+01
    endloop
  endfacet
  facet normal 6.056121e-03 -1.048951e-02 -9.999266e-01
    outer loop
      vertex   4.078106e+01 -4.170033e+01 6.807209e+01
      vertex   3.285269e+01 -4.996798e+01 6.811080e+01
      vertex   3.125478e+01 -4.720033e+01 6.807209e+01
    endloop
  endfacet
  facet normal -3.025197e-02 5.239795e-02 -9.981680e-01
    outer loop
      vertex   4.078106e+01 -4.170033e+01 6.807209e+01
      vertex   3.125478e+01 -4.720033e+01 6.807209e+01
      vertex   3.918596e+01 -3.893754e+01 6.826546e+01
    endloop
  endfacet
  facet normal -3.025197e-02 5.239795e-02 -9.981680e-01
    outer loop
      vertex   3.918596e+01 -3.893754e+01 6.826546e+01
      vertex   3.125478e+01 -4.720033e+01 6.807209e+01
      vertex   2.965968e+01 -4.443754e+01 6.826546e+01
    endloop
  endfacet
  facet normal -6.640045e-02 1.150090e-01 -9.911427e-01
    outer loop
      vertex   3.918596e+01 -3.893754e+01 6.826546e+01
      vertex   2.965968e+01 -4.443754e+01 6.826546e+01
      vertex   3.760209e+01 -3.619419e+01 6.868990e+01
    endloop
  endfacet
  facet normal -6.640045e-02 1.150090e-01 -9.911427e-01
    outer loop
      vertex   3.760209e+01 -3.619419e+01 6.868990e+01
      vertex   2.965968e+01 -4.443754e+01 6.826546e+01
      vertex   2.807581e+01 -4.169419e+01 6.868990e+01
    endloop
  endfacet
  facet normal 2.558195e-01 -4.430923e-01 8.592006e-01
    outer loop
      vertex   3.748507e+01 -5.799151e+01 8.772301e+01
      vertex   3.847337e+01 -5.970330e+01 8.654597e+01
      vertex   4.701135e+01 -5.249151e+01 8.772301e+01
    endloop
  endfacet
  facet normal 2.513609e-01 -4.384186e-01 8.629060e-01
    outer loop
      vertex   4.701135e+01 -5.249151e+01 8.772301e+01
      vertex   3.847337e+01 -5.970330e+01 8.654597e+01
      vertex   4.829312e+01 -5.471161e+01 8.622166e+01
    endloop
  endfacet
  facet normal 2.349567e-01 -4.047966e-01 8.837053e-01
    outer loop
      vertex   4.829312e+01 -5.471161e+01 8.622166e+01
      vertex   3.847337e+01 -5.970330e+01 8.654597e+01
      vertex   3.948987e+01 -6.146392e+01 8.546923e+01
    endloop
  endfacet
  facet normal 2.224329e-01 -3.895856e-01 8.937263e-01
    outer loop
      vertex   4.829312e+01 -5.471161e+01 8.622166e+01
      vertex   3.948987e+01 -6.146392e+01 8.546923e+01
      vertex   4.962068e+01 -5.701100e+01 8.488893e+01
    endloop
  endfacet
  facet normal 2.127391e-01 -3.659316e-01 9.060001e-01
    outer loop
      vertex   4.962068e+01 -5.701100e+01 8.488893e+01
      vertex   3.948987e+01 -6.146392e+01 8.546923e+01
      vertex   4.053200e+01 -6.326895e+01 8.449548e+01
    endloop
  endfacet
  facet normal 1.940882e-01 -3.397416e-01 9.202746e-01
    outer loop
      vertex   4.962068e+01 -5.701100e+01 8.488893e+01
      vertex   4.053200e+01 -6.326895e+01 8.449548e+01
      vertex   4.089950e+01 -6.397218e+01 8.415835e+01
    endloop
  endfacet
  facet normal 1.932452e-01 -3.387428e-01 9.208201e-01
    outer loop
      vertex   4.962068e+01 -5.701100e+01 8.488893e+01
      vertex   4.089950e+01 -6.397218e+01 8.415835e+01
      vertex   5.098848e+01 -5.938010e+01 8.373035e+01
    endloop
  endfacet
  facet normal 1.867223e-01 -3.237871e-01 9.275218e-01
    outer loop
      vertex   5.098848e+01 -5.938010e+01 8.373035e+01
      vertex   4.089950e+01 -6.397218e+01 8.415835e+01
      vertex   4.121757e+01 -6.472472e+01 8.383162e+01
    endloop
  endfacet
  facet normal 1.786491e-01 -3.089019e-01 9.341649e-01
    outer loop
      vertex   5.098848e+01 -5.938010e+01 8.373035e+01
      vertex   4.121757e+01 -6.472472e+01 8.383162e+01
      vertex   4.148004e+01 -6.551815e+01 8.351906e+01
    endloop
  endfacet
  facet normal 1.691462e-01 -2.944022e-01 9.405939e-01
    outer loop
      vertex   4.148004e+01 -6.551815e+01 8.351906e+01
      vertex   4.168071e+01 -6.634406e+01 8.322447e+01
      vertex   5.098848e+01 -5.938010e+01 8.373035e+01
    endloop
  endfacet
  facet normal 1.631002e-01 -2.865742e-01 9.440728e-01
    outer loop
      vertex   5.098848e+01 -5.938010e+01 8.373035e+01
      vertex   4.168071e+01 -6.634406e+01 8.322447e+01
      vertex   5.239082e+01 -6.180903e+01 8.275078e+01
    endloop
  endfacet
  facet normal 1.600039e-01 -2.789688e-01 9.468765e-01
    outer loop
      vertex   5.239082e+01 -6.180903e+01 8.275078e+01
      vertex   4.168071e+01 -6.634406e+01 8.322447e+01
      vertex   4.181343e+01 -6.719403e+01 8.295162e+01
    endloop
  endfacet
  facet normal 1.521572e-01 -2.633416e-01 9.526276e-01
    outer loop
      vertex   5.239082e+01 -6.180903e+01 8.275078e+01
      vertex   4.181343e+01 -6.719403e+01 8.295162e+01
      vertex   4.187474e+01 -6.805911e+01 8.270269e+01
    endloop
  endfacet
  facet normal 1.436511e-01 -2.490693e-01 9.577728e-01
    outer loop
      vertex   4.187474e+01 -6.805911e+01 8.270269e+01
      vertex   4.186556e+01 -6.892880e+01 8.247790e+01
      vertex   5.239082e+01 -6.180903e+01 8.275078e+01
    endloop
  endfacet
  facet normal 1.342377e-01 -2.353384e-01 9.625986e-01
    outer loop
      vertex   5.239082e+01 -6.180903e+01 8.275078e+01
      vertex   4.186556e+01 -6.892880e+01 8.247790e+01
      vertex   4.178679e+01 -6.979231e+01 8.227777e+01
    endloop
  endfacet
  facet normal 1.325019e-01 -2.330795e-01 9.633884e-01
    outer loop
      vertex   5.239082e+01 -6.180903e+01 8.275078e+01
      vertex   4.178679e+01 -6.979231e+01 8.227777e+01
      vertex   5.382185e+01 -6.428765e+01 8.195429e+01
    endloop
  endfacet
  facet normal 1.263586e-01 -2.194116e-01 9.674151e-01
    outer loop
      vertex   5.382185e+01 -6.428765e+01 8.195429e+01
      vertex   4.178679e+01 -6.979231e+01 8.227777e+01
      vertex   4.170143e+01 -7.093267e+01 8.203029e+01
    endloop
  endfacet
  facet normal 1.166143e-01 -2.015799e-01 9.725054e-01
    outer loop
      vertex   5.382185e+01 -6.428765e+01 8.195429e+01
      vertex   4.170143e+01 -7.093267e+01 8.203029e+01
      vertex   4.173739e+01 -7.208802e+01 8.178650e+01
    endloop
  endfacet
  facet normal 1.035457e-01 -1.814506e-01 9.779335e-01
    outer loop
      vertex   4.173739e+01 -7.208802e+01 8.178650e+01
      vertex   4.190443e+01 -7.323656e+01 8.155571e+01
      vertex   5.382185e+01 -6.428765e+01 8.195429e+01
    endloop
  endfacet
  facet normal 1.013778e-01 -1.785970e-01 9.786857e-01
    outer loop
      vertex   5.382185e+01 -6.428765e+01 8.195429e+01
      vertex   4.190443e+01 -7.323656e+01 8.155571e+01
      vertex   5.527561e+01 -6.680563e+01 8.134420e+01
    endloop
  endfacet
  facet normal 9.308310e-02 -1.612247e-01 9.825183e-01
    outer loop
      vertex   5.527561e+01 -6.680563e+01 8.134420e+01
      vertex   4.190443e+01 -7.323656e+01 8.155571e+01
      vertex   4.219449e+01 -7.435801e+01 8.134420e+01
    endloop
  endfacet
  facet normal 2.498892e-01 -4.328207e-01 8.661534e-01
    outer loop
      vertex   3.748507e+01 -5.799151e+01 8.772301e+01
      vertex   4.701135e+01 -5.249151e+01 8.772301e+01
      vertex   3.613290e+01 -5.564949e+01 8.928343e+01
    endloop
  endfacet
  facet normal 2.498892e-01 -4.328207e-01 8.661534e-01
    outer loop
      vertex   3.613290e+01 -5.564949e+01 8.928343e+01
      vertex   4.701135e+01 -5.249151e+01 8.772301e+01
      vertex   4.565918e+01 -5.014949e+01 8.928343e+01
    endloop
  endfacet
  facet normal 2.156032e-01 -3.734357e-01 9.022533e-01
    outer loop
      vertex   3.613290e+01 -5.564949e+01 8.928343e+01
      vertex   4.565918e+01 -5.014949e+01 8.928343e+01
      vertex   3.472438e+01 -5.320986e+01 9.062976e+01
    endloop
  endfacet
  facet normal 2.156032e-01 -3.734357e-01 9.022533e-01
    outer loop
      vertex   3.472438e+01 -5.320986e+01 9.062976e+01
      vertex   4.565918e+01 -5.014949e+01 8.928343e+01
      vertex   4.425066e+01 -4.770986e+01 9.062976e+01
    endloop
  endfacet
  facet normal 1.800225e-01 -3.118082e-01 9.329349e-01
    outer loop
      vertex   3.472438e+01 -5.320986e+01 9.062976e+01
      vertex   4.425066e+01 -4.770986e+01 9.062976e+01
      vertex   3.326797e+01 -5.068727e+01 9.175390e+01
    endloop
  endfacet
  facet normal 1.800225e-01 -3.118082e-01 9.329349e-01
    outer loop
      vertex   3.326797e+01 -5.068727e+01 9.175390e+01
      vertex   4.425066e+01 -4.770986e+01 9.062976e+01
      vertex   4.279425e+01 -4.518727e+01 9.175390e+01
    endloop
  endfacet
  facet normal 1.433607e-01 -2.483081e-01 9.580140e-01
    outer loop
      vertex   3.326797e+01 -5.068727e+01 9.175390e+01
      vertex   4.279425e+01 -4.518727e+01 9.175390e+01
      vertex   3.177240e+01 -4.809687e+01 9.264911e+01
    endloop
  endfacet
  facet normal 1.433607e-01 -2.483081e-01 9.580140e-01
    outer loop
      vertex   3.177240e+01 -4.809687e+01 9.264911e+01
      vertex   4.279425e+01 -4.518727e+01 9.175390e+01
      vertex   4.129868e+01 -4.259687e+01 9.264911e+01
    endloop
  endfacet
  facet normal 1.058380e-01 -1.833169e-01 9.773399e-01
    outer loop
      vertex   3.177240e+01 -4.809687e+01 9.264911e+01
      vertex   4.129868e+01 -4.259687e+01 9.264911e+01
      vertex   3.024666e+01 -4.545421e+01 9.331001e+01
    endloop
  endfacet
  facet normal 1.058380e-01 -1.833169e-01 9.773399e-01
    outer loop
      vertex   3.024666e+01 -4.545421e+01 9.331001e+01
      vertex   4.129868e+01 -4.259687e+01 9.264911e+01
      vertex   3.977294e+01 -3.995421e+01 9.331001e+01
    endloop
  endfacet
  facet normal 8.682409e-02 -1.503837e-01 9.848078e-01
    outer loop
      vertex   3.024666e+01 -4.545421e+01 9.331001e+01
      vertex   3.977294e+01 -3.995421e+01 9.331001e+01
      vertex   3.024641e+01 -4.545379e+01 9.331010e+01
    endloop
  endfacet
  facet normal 8.682409e-02 -1.503837e-01 9.848078e-01
    outer loop
      vertex   3.024641e+01 -4.545379e+01 9.331010e+01
      vertex   3.977294e+01 -3.995421e+01 9.331001e+01
      vertex   3.977269e+01 -3.995379e+01 9.331010e+01
    endloop
  endfacet
  facet normal 8.682409e-02 -1.503837e-01 9.848078e-01
    outer loop
      vertex   6.151970e+01 -7.762070e+01 7.914220e+01
      vertex   5.527561e+01 -6.680563e+01 8.134420e+01
      vertex   5.139367e+01 -6.908192e+01 8.133885e+01
    endloop
  endfacet
  facet normal 8.682409e-02 -1.503837e-01 9.848078e-01
    outer loop
      vertex   5.139367e+01 -6.908192e+01 8.133885e+01
      vertex   5.527561e+01 -6.680563e+01 8.134420e+01
      vertex   4.219449e+01 -7.435801e+01 8.134420e+01
    endloop
  endfacet
  facet normal 8.682409e-02 -1.503837e-01 9.848078e-01
    outer loop
      vertex   5.139367e+01 -6.908192e+01 8.133885e+01
      vertex   4.219449e+01 -7.435801e+01 8.134420e+01
      vertex   4.589441e+01 -7.225692e+01 8.133885e+01
    endloop
  endfacet
  facet normal 8.682409e-02 -1.503837e-01 9.848078e-01
    outer loop
      vertex   4.589441e+01 -7.225692e+01 8.133885e+01
      vertex   4.219449e+01 -7.435801e+01 8.134420e+01
      vertex   4.245265e+01 -7.507719e+01 8.121162e+01
    endloop
  endfacet
  facet normal 8.682409e-02 -1.503837e-01 9.848078e-01
    outer loop
      vertex   4.589441e+01 -7.225692e+01 8.133885e+01
      vertex   4.245265e+01 -7.507719e+01 8.121162e+01
      vertex   4.276148e+01 -7.577585e+01 8.107771e+01
    endloop
  endfacet
  facet normal 8.682409e-02 -1.503837e-01 9.848078e-01
    outer loop
      vertex   4.276148e+01 -7.577585e+01 8.107771e+01
      vertex   4.311944e+01 -7.645052e+01 8.094312e+01
      vertex   4.589441e+01 -7.225692e+01 8.133885e+01
    endloop
  endfacet
  facet normal 8.682409e-02 -1.503837e-01 9.848078e-01
    outer loop
      vertex   4.589441e+01 -7.225692e+01 8.133885e+01
      vertex   4.311944e+01 -7.645052e+01 8.094312e+01
      vertex   5.212332e+01 -8.304570e+01 7.914220e+01
    endloop
  endfacet
  facet normal 8.682409e-02 -1.503837e-01 9.848078e-01
    outer loop
      vertex   5.212332e+01 -8.304570e+01 7.914220e+01
      vertex   4.311944e+01 -7.645052e+01 8.094312e+01
      vertex   4.822621e+01 -8.529570e+01 7.914220e+01
    endloop
  endfacet
  facet normal 8.682409e-02 -1.503837e-01 9.848078e-01
    outer loop
      vertex   5.139367e+01 -6.908192e+01 8.133885e+01
      vertex   5.762258e+01 -7.987070e+01 7.914220e+01
      vertex   6.151970e+01 -7.762070e+01 7.914220e+01
    endloop
  endfacet
  facet normal -8.682409e-02 1.503837e-01 -9.848078e-01
    outer loop
      vertex   4.079618e+01 -7.130855e+01 6.903723e+01
      vertex   5.360558e+01 -6.391305e+01 6.903723e+01
      vertex   4.108560e+01 -7.242857e+01 6.884068e+01
    endloop
  endfacet
  facet normal -8.682409e-02 1.503837e-01 -9.848078e-01
    outer loop
      vertex   4.108560e+01 -7.242857e+01 6.884068e+01
      vertex   5.360558e+01 -6.391305e+01 6.903723e+01
      vertex   4.149401e+01 -7.351004e+01 6.863953e+01
    endloop
  endfacet
  facet normal -8.682409e-02 1.503837e-01 -9.848078e-01
    outer loop
      vertex   4.149401e+01 -7.351004e+01 6.863953e+01
      vertex   5.360558e+01 -6.391305e+01 6.903723e+01
      vertex   5.447644e+01 -7.442143e+01 6.735578e+01
    endloop
  endfacet
  facet normal -8.682409e-02 1.503837e-01 -9.848078e-01
    outer loop
      vertex   4.149401e+01 -7.351004e+01 6.863953e+01
      vertex   5.447644e+01 -7.442143e+01 6.735578e+01
      vertex   4.201677e+01 -7.454065e+01 6.843606e+01
    endloop
  endfacet
  facet normal -8.682409e-02 1.503837e-01 -9.848078e-01
    outer loop
      vertex   4.201677e+01 -7.454065e+01 6.843606e+01
      vertex   5.447644e+01 -7.442143e+01 6.735578e+01
      vertex   4.897718e+01 -7.759643e+01 6.735578e+01
    endloop
  endfacet
  facet normal -8.682409e-02 1.503837e-01 -9.848078e-01
    outer loop
      vertex   4.201677e+01 -7.454065e+01 6.843606e+01
      vertex   4.897718e+01 -7.759643e+01 6.735578e+01
      vertex   4.712354e+01 -8.338583e+01 6.663514e+01
    endloop
  endfacet
  facet normal -8.682409e-02 1.503837e-01 -9.848078e-01
    outer loop
      vertex   4.712354e+01 -8.338583e+01 6.663514e+01
      vertex   4.897718e+01 -7.759643e+01 6.735578e+01
      vertex   5.102065e+01 -8.113583e+01 6.663514e+01
    endloop
  endfacet
  facet normal -8.682409e-02 1.503837e-01 -9.848078e-01
    outer loop
      vertex   5.360558e+01 -6.391305e+01 6.903723e+01
      vertex   6.041703e+01 -7.571083e+01 6.663514e+01
      vertex   5.447644e+01 -7.442143e+01 6.735578e+01
    endloop
  endfacet
  facet normal -8.682409e-02 1.503837e-01 -9.848078e-01
    outer loop
      vertex   5.447644e+01 -7.442143e+01 6.735578e+01
      vertex   6.041703e+01 -7.571083e+01 6.663514e+01
      vertex   5.651992e+01 -7.796083e+01 6.663514e+01
    endloop
  endfacet
  facet normal 4.998446e-01 -8.657562e-01 -2.493069e-02
    outer loop
      vertex   1.742175e+01 -3.924082e+01 8.187359e+01
      vertex   3.387624e+01 -2.974082e+01 8.187359e+01
      vertex   1.743197e+01 -3.925852e+01 8.269307e+01
    endloop
  endfacet
  facet normal 4.998446e-01 -8.657562e-01 -2.493069e-02
    outer loop
      vertex   1.743197e+01 -3.925852e+01 8.269307e+01
      vertex   3.387624e+01 -2.974082e+01 8.187359e+01
      vertex   3.388645e+01 -2.975852e+01 8.269307e+01
    endloop
  endfacet
  facet normal 4.739637e-01 -8.209292e-01 -3.184867e-01
    outer loop
      vertex   1.743197e+01 -3.925852e+01 8.269307e+01
      vertex   3.388645e+01 -2.975852e+01 8.269307e+01
      vertex   1.756251e+01 -3.948462e+01 8.347012e+01
    endloop
  endfacet
  facet normal 4.739637e-01 -8.209292e-01 -3.184867e-01
    outer loop
      vertex   1.756251e+01 -3.948462e+01 8.347012e+01
      vertex   3.388645e+01 -2.975852e+01 8.269307e+01
      vertex   3.401699e+01 -2.998462e+01 8.347012e+01
    endloop
  endfacet
  facet normal 4.059690e-01 -7.031589e-01 -5.837437e-01
    outer loop
      vertex   1.756251e+01 -3.948462e+01 8.347012e+01
      vertex   3.401699e+01 -2.998462e+01 8.347012e+01
      vertex   3.425625e+01 -3.039902e+01 8.413569e+01
    endloop
  endfacet
  facet normal 4.813121e-01 -8.336571e-01 2.708405e-01
    outer loop
      vertex   1.742175e+01 -3.924082e+01 8.187359e+01
      vertex   1.753276e+01 -3.943310e+01 8.108450e+01
      vertex   3.387624e+01 -2.974082e+01 8.187359e+01
    endloop
  endfacet
  facet normal 4.813121e-01 -8.336571e-01 2.708405e-01
    outer loop
      vertex   3.387624e+01 -2.974082e+01 8.187359e+01
      vertex   1.753276e+01 -3.943310e+01 8.108450e+01
      vertex   3.398724e+01 -2.993310e+01 8.108450e+01
    endloop
  endfacet
  facet normal 4.200130e-01 -7.274838e-01 5.425463e-01
    outer loop
      vertex   3.398724e+01 -2.993310e+01 8.108450e+01
      vertex   1.753276e+01 -3.943310e+01 8.108450e+01
      vertex   1.775513e+01 -3.981826e+01 8.039590e+01
    endloop
  endfacet
  facet normal 4.200130e-01 -7.274838e-01 5.425463e-01
    outer loop
      vertex   3.398724e+01 -2.993310e+01 8.108450e+01
      vertex   1.775513e+01 -3.981826e+01 8.039590e+01
      vertex   3.420961e+01 -3.031826e+01 8.039590e+01
    endloop
  endfacet
  facet normal 3.213938e-01 -5.566704e-01 7.660444e-01
    outer loop
      vertex   3.420961e+01 -3.031826e+01 8.039590e+01
      vertex   1.775513e+01 -3.981826e+01 8.039590e+01
      vertex   1.806911e+01 -4.036208e+01 7.986899e+01
    endloop
  endfacet
  facet normal 3.213938e-01 -5.566704e-01 7.660444e-01
    outer loop
      vertex   3.420961e+01 -3.031826e+01 8.039590e+01
      vertex   1.806911e+01 -4.036208e+01 7.986899e+01
      vertex   3.452359e+01 -3.086208e+01 7.986899e+01
    endloop
  endfacet
  facet normal 1.942174e-01 -3.363944e-01 9.214762e-01
    outer loop
      vertex   3.452359e+01 -3.086208e+01 7.986899e+01
      vertex   1.806911e+01 -4.036208e+01 7.986899e+01
      vertex   1.844679e+01 -4.101624e+01 7.955057e+01
    endloop
  endfacet
  facet normal 1.942174e-01 -3.363944e-01 9.214762e-01
    outer loop
      vertex   3.452359e+01 -3.086208e+01 7.986899e+01
      vertex   1.844679e+01 -4.101624e+01 7.955057e+01
      vertex   3.490127e+01 -3.151624e+01 7.955057e+01
    endloop
  endfacet
  facet normal 4.978392e-02 -8.622828e-02 9.950308e-01
    outer loop
      vertex   3.490127e+01 -3.151624e+01 7.955057e+01
      vertex   1.844679e+01 -4.101624e+01 7.955057e+01
      vertex   1.885462e+01 -4.172262e+01 7.946896e+01
    endloop
  endfacet
  facet normal 4.978392e-02 -8.622828e-02 9.950308e-01
    outer loop
      vertex   3.490127e+01 -3.151624e+01 7.955057e+01
      vertex   1.885462e+01 -4.172262e+01 7.946896e+01
      vertex   3.530910e+01 -3.222262e+01 7.946896e+01
    endloop
  endfacet
  facet normal -9.907307e-02 1.715996e-01 9.801725e-01
    outer loop
      vertex   3.530910e+01 -3.222262e+01 7.946896e+01
      vertex   1.885462e+01 -4.172262e+01 7.946896e+01
      vertex   1.925636e+01 -4.241846e+01 7.963138e+01
    endloop
  endfacet
  facet normal -9.907307e-02 1.715996e-01 9.801725e-01
    outer loop
      vertex   3.530910e+01 -3.222262e+01 7.946896e+01
      vertex   1.925636e+01 -4.241846e+01 7.963138e+01
      vertex   3.571084e+01 -3.291846e+01 7.963138e+01
    endloop
  endfacet
  facet normal -2.391270e-01 4.141801e-01 8.782216e-01
    outer loop
      vertex   3.571084e+01 -3.291846e+01 7.963138e+01
      vertex   1.925636e+01 -4.241846e+01 7.963138e+01
      vertex   1.961631e+01 -4.304191e+01 8.002342e+01
    endloop
  endfacet
  facet normal -2.391270e-01 4.141801e-01 8.782216e-01
    outer loop
      vertex   3.571084e+01 -3.291846e+01 7.963138e+01
      vertex   1.961631e+01 -4.304191e+01 8.002342e+01
      vertex   3.607080e+01 -3.354191e+01 8.002342e+01
    endloop
  endfacet
  facet normal -3.579334e-01 6.199589e-01 6.982368e-01
    outer loop
      vertex   3.607080e+01 -3.354191e+01 8.002342e+01
      vertex   1.961631e+01 -4.304191e+01 8.002342e+01
      vertex   1.990250e+01 -4.353760e+01 8.061024e+01
    endloop
  endfacet
  facet normal -3.579334e-01 6.199589e-01 6.982368e-01
    outer loop
      vertex   3.607080e+01 -3.354191e+01 8.002342e+01
      vertex   1.990250e+01 -4.353760e+01 8.061024e+01
      vertex   3.635698e+01 -3.403760e+01 8.061024e+01
    endloop
  endfacet
  facet normal -4.449359e-01 7.706516e-01 4.562107e-01
    outer loop
      vertex   3.635698e+01 -3.403760e+01 8.061024e+01
      vertex   1.990250e+01 -4.353760e+01 8.061024e+01
      vertex   2.008948e+01 -4.386147e+01 8.133970e+01
    endloop
  endfacet
  facet normal -4.449359e-01 7.706516e-01 4.562107e-01
    outer loop
      vertex   3.635698e+01 -3.403760e+01 8.061024e+01
      vertex   2.008948e+01 -4.386147e+01 8.133970e+01
      vertex   3.654396e+01 -3.436147e+01 8.133970e+01
    endloop
  endfacet
  facet normal -4.924039e-01 8.528685e-01 1.736482e-01
    outer loop
      vertex   3.654396e+01 -3.436147e+01 8.133970e+01
      vertex   2.008948e+01 -4.386147e+01 8.133970e+01
      vertex   2.016065e+01 -4.398474e+01 8.214698e+01
    endloop
  endfacet
  facet normal -4.924039e-01 8.528685e-01 1.736482e-01
    outer loop
      vertex   3.654396e+01 -3.436147e+01 8.133970e+01
      vertex   2.016065e+01 -4.398474e+01 8.214698e+01
      vertex   3.661514e+01 -3.448474e+01 8.214698e+01
    endloop
  endfacet
  facet normal -4.961196e-01 8.593044e-01 -1.243437e-01
    outer loop
      vertex   3.661514e+01 -3.448474e+01 8.214698e+01
      vertex   2.016065e+01 -4.398474e+01 8.214698e+01
      vertex   2.010969e+01 -4.389647e+01 8.296035e+01
    endloop
  endfacet
  facet normal -4.961196e-01 8.593044e-01 -1.243437e-01
    outer loop
      vertex   3.661514e+01 -3.448474e+01 8.214698e+01
      vertex   2.010969e+01 -4.389647e+01 8.296035e+01
      vertex   3.656417e+01 -3.439647e+01 8.296035e+01
    endloop
  endfacet
  facet normal -4.557529e-01 7.893872e-01 -4.112871e-01
    outer loop
      vertex   3.656417e+01 -3.439647e+01 8.296035e+01
      vertex   2.010969e+01 -4.389647e+01 8.296035e+01
      vertex   1.994112e+01 -4.360449e+01 8.370754e+01
    endloop
  endfacet
  facet normal -4.557529e-01 7.893872e-01 -4.112871e-01
    outer loop
      vertex   3.656417e+01 -3.439647e+01 8.296035e+01
      vertex   1.994112e+01 -4.360449e+01 8.370754e+01
      vertex   3.639560e+01 -3.410449e+01 8.370754e+01
    endloop
  endfacet
  facet normal -3.748906e-01 6.493296e-01 -6.616858e-01
    outer loop
      vertex   3.639560e+01 -3.410449e+01 8.370754e+01
      vertex   1.994112e+01 -4.360449e+01 8.370754e+01
      vertex   1.966991e+01 -4.313476e+01 8.432216e+01
    endloop
  endfacet
  facet normal -3.748906e-01 6.493296e-01 -6.616858e-01
    outer loop
      vertex   3.639560e+01 -3.410449e+01 8.370754e+01
      vertex   1.966991e+01 -4.313476e+01 8.432216e+01
      vertex   3.612440e+01 -3.363476e+01 8.432216e+01
    endloop
  endfacet
  facet normal -2.607176e-01 4.515761e-01 -8.532909e-01
    outer loop
      vertex   3.612440e+01 -3.363476e+01 8.432216e+01
      vertex   1.966991e+01 -4.313476e+01 8.432216e+01
      vertex   1.932018e+01 -4.252900e+01 8.474960e+01
    endloop
  endfacet
  facet normal -2.607176e-01 4.515761e-01 -8.532909e-01
    outer loop
      vertex   3.612440e+01 -3.363476e+01 8.432216e+01
      vertex   1.932018e+01 -4.252900e+01 8.474960e+01
      vertex   3.577466e+01 -3.302900e+01 8.474960e+01
    endloop
  endfacet
  facet normal -1.233787e-01 2.136982e-01 -9.690773e-01
    outer loop
      vertex   3.577466e+01 -3.302900e+01 8.474960e+01
      vertex   1.932018e+01 -4.252900e+01 8.474960e+01
      vertex   1.892299e+01 -4.184104e+01 8.495187e+01
    endloop
  endfacet
  facet normal -1.233787e-01 2.136982e-01 -9.690773e-01
    outer loop
      vertex   3.577466e+01 -3.302900e+01 8.474960e+01
      vertex   1.892299e+01 -4.184104e+01 8.495187e+01
      vertex   3.537747e+01 -3.234104e+01 8.495187e+01
    endloop
  endfacet
  facet normal 2.492294e-02 -4.316780e-02 -9.987569e-01
    outer loop
      vertex   3.537747e+01 -3.234104e+01 8.495187e+01
      vertex   1.892299e+01 -4.184104e+01 8.495187e+01
      vertex   1.851363e+01 -4.113201e+01 8.491101e+01
    endloop
  endfacet
  facet normal 2.492294e-02 -4.316780e-02 -9.987569e-01
    outer loop
      vertex   3.537747e+01 -3.234104e+01 8.495187e+01
      vertex   1.851363e+01 -4.113201e+01 8.491101e+01
      vertex   3.496811e+01 -3.163201e+01 8.491101e+01
    endloop
  endfacet
  facet normal 1.710101e-01 -2.961981e-01 -9.396926e-01
    outer loop
      vertex   3.496811e+01 -3.163201e+01 8.491101e+01
      vertex   1.851363e+01 -4.113201e+01 8.491101e+01
      vertex   1.812848e+01 -4.046492e+01 8.463065e+01
    endloop
  endfacet
  facet normal 1.710101e-01 -2.961981e-01 -9.396926e-01
    outer loop
      vertex   3.496811e+01 -3.163201e+01 8.491101e+01
      vertex   1.812848e+01 -4.046492e+01 8.463065e+01
      vertex   3.458296e+01 -3.096492e+01 8.463065e+01
    endloop
  endfacet
  facet normal 3.019022e-01 -5.229100e-01 -7.971325e-01
    outer loop
      vertex   3.458296e+01 -3.096492e+01 8.463065e+01
      vertex   1.812848e+01 -4.046492e+01 8.463065e+01
      vertex   1.780176e+01 -3.989902e+01 8.413569e+01
    endloop
  endfacet
  facet normal 3.019022e-01 -5.229100e-01 -7.971325e-01
    outer loop
      vertex   3.458296e+01 -3.096492e+01 8.463065e+01
      vertex   1.780176e+01 -3.989902e+01 8.413569e+01
      vertex   3.425625e+01 -3.039902e+01 8.413569e+01
    endloop
  endfacet
  facet normal 4.059690e-01 -7.031589e-01 -5.837437e-01
    outer loop
      vertex   3.425625e+01 -3.039902e+01 8.413569e+01
      vertex   1.780176e+01 -3.989902e+01 8.413569e+01
      vertex   1.756251e+01 -3.948462e+01 8.347012e+01
    endloop
  endfacet
  facet normal 4.998446e-01 -8.657562e-01 -2.493069e-02
    outer loop
      vertex   2.147635e+01 -4.626359e+01 8.755171e+01
      vertex   3.793083e+01 -3.676359e+01 8.755171e+01
      vertex   2.148657e+01 -4.628129e+01 8.837119e+01
    endloop
  endfacet
  facet normal 4.998446e-01 -8.657562e-01 -2.493069e-02
    outer loop
      vertex   2.148657e+01 -4.628129e+01 8.837119e+01
      vertex   3.793083e+01 -3.676359e+01 8.755171e+01
      vertex   3.794105e+01 -3.678129e+01 8.837119e+01
    endloop
  endfacet
  facet normal 4.739637e-01 -8.209292e-01 -3.184867e-01
    outer loop
      vertex   2.148657e+01 -4.628129e+01 8.837119e+01
      vertex   3.794105e+01 -3.678129e+01 8.837119e+01
      vertex   2.161710e+01 -4.650739e+01 8.914823e+01
    endloop
  endfacet
  facet normal 4.739637e-01 -8.209292e-01 -3.184867e-01
    outer loop
      vertex   2.161710e+01 -4.650739e+01 8.914823e+01
      vertex   3.794105e+01 -3.678129e+01 8.837119e+01
      vertex   3.807159e+01 -3.700739e+01 8.914823e+01
    endloop
  endfacet
  facet normal 4.059690e-01 -7.031589e-01 -5.837437e-01
    outer loop
      vertex   2.161710e+01 -4.650739e+01 8.914823e+01
      vertex   3.807159e+01 -3.700739e+01 8.914823e+01
      vertex   3.831084e+01 -3.742179e+01 8.981381e+01
    endloop
  endfacet
  facet normal 4.813121e-01 -8.336571e-01 2.708405e-01
    outer loop
      vertex   2.147635e+01 -4.626359e+01 8.755171e+01
      vertex   2.158736e+01 -4.645586e+01 8.676261e+01
      vertex   3.793083e+01 -3.676359e+01 8.755171e+01
    endloop
  endfacet
  facet normal 4.813121e-01 -8.336571e-01 2.708405e-01
    outer loop
      vertex   3.793083e+01 -3.676359e+01 8.755171e+01
      vertex   2.158736e+01 -4.645586e+01 8.676261e+01
      vertex   3.804184e+01 -3.695586e+01 8.676261e+01
    endloop
  endfacet
  facet normal 4.200130e-01 -7.274838e-01 5.425463e-01
    outer loop
      vertex   3.804184e+01 -3.695586e+01 8.676261e+01
      vertex   2.158736e+01 -4.645586e+01 8.676261e+01
      vertex   2.180973e+01 -4.684102e+01 8.607402e+01
    endloop
  endfacet
  facet normal 4.200130e-01 -7.274838e-01 5.425463e-01
    outer loop
      vertex   3.804184e+01 -3.695586e+01 8.676261e+01
      vertex   2.180973e+01 -4.684102e+01 8.607402e+01
      vertex   3.826421e+01 -3.734102e+01 8.607402e+01
    endloop
  endfacet
  facet normal 3.213938e-01 -5.566704e-01 7.660444e-01
    outer loop
      vertex   3.826421e+01 -3.734102e+01 8.607402e+01
      vertex   2.180973e+01 -4.684102e+01 8.607402e+01
      vertex   2.212370e+01 -4.738484e+01 8.554710e+01
    endloop
  endfacet
  facet normal 3.213938e-01 -5.566704e-01 7.660444e-01
    outer loop
      vertex   3.826421e+01 -3.734102e+01 8.607402e+01
      vertex   2.212370e+01 -4.738484e+01 8.554710e+01
      vertex   3.857819e+01 -3.788484e+01 8.554710e+01
    endloop
  endfacet
  facet normal 1.942174e-01 -3.363944e-01 9.214762e-01
    outer loop
      vertex   3.857819e+01 -3.788484e+01 8.554710e+01
      vertex   2.212370e+01 -4.738484e+01 8.554710e+01
      vertex   2.250139e+01 -4.803901e+01 8.522869e+01
    endloop
  endfacet
  facet normal 1.942174e-01 -3.363944e-01 9.214762e-01
    outer loop
      vertex   3.857819e+01 -3.788484e+01 8.554710e+01
      vertex   2.250139e+01 -4.803901e+01 8.522869e+01
      vertex   3.895587e+01 -3.853901e+01 8.522869e+01
    endloop
  endfacet
  facet normal 4.978392e-02 -8.622828e-02 9.950308e-01
    outer loop
      vertex   3.895587e+01 -3.853901e+01 8.522869e+01
      vertex   2.250139e+01 -4.803901e+01 8.522869e+01
      vertex   2.290922e+01 -4.874539e+01 8.514707e+01
    endloop
  endfacet
  facet normal 4.978392e-02 -8.622828e-02 9.950308e-01
    outer loop
      vertex   3.895587e+01 -3.853901e+01 8.522869e+01
      vertex   2.290922e+01 -4.874539e+01 8.514707e+01
      vertex   3.936370e+01 -3.924539e+01 8.514707e+01
    endloop
  endfacet
  facet normal -9.907307e-02 1.715996e-01 9.801725e-01
    outer loop
      vertex   3.936370e+01 -3.924539e+01 8.514707e+01
      vertex   2.290922e+01 -4.874539e+01 8.514707e+01
      vertex   2.331095e+01 -4.944122e+01 8.530950e+01
    endloop
  endfacet
  facet normal -9.907307e-02 1.715996e-01 9.801725e-01
    outer loop
      vertex   3.936370e+01 -3.924539e+01 8.514707e+01
      vertex   2.331095e+01 -4.944122e+01 8.530950e+01
      vertex   3.976544e+01 -3.994122e+01 8.530950e+01
    endloop
  endfacet
  facet normal -2.391270e-01 4.141801e-01 8.782216e-01
    outer loop
      vertex   3.976544e+01 -3.994122e+01 8.530950e+01
      vertex   2.331095e+01 -4.944122e+01 8.530950e+01
      vertex   2.367091e+01 -5.006468e+01 8.570154e+01
    endloop
  endfacet
  facet normal -2.391270e-01 4.141801e-01 8.782216e-01
    outer loop
      vertex   3.976544e+01 -3.994122e+01 8.530950e+01
      vertex   2.367091e+01 -5.006468e+01 8.570154e+01
      vertex   4.012539e+01 -4.056468e+01 8.570154e+01
    endloop
  endfacet
  facet normal -3.579334e-01 6.199589e-01 6.982368e-01
    outer loop
      vertex   4.012539e+01 -4.056468e+01 8.570154e+01
      vertex   2.367091e+01 -5.006468e+01 8.570154e+01
      vertex   2.395709e+01 -5.056036e+01 8.628836e+01
    endloop
  endfacet
  facet normal -3.579334e-01 6.199589e-01 6.982368e-01
    outer loop
      vertex   4.012539e+01 -4.056468e+01 8.570154e+01
      vertex   2.395709e+01 -5.056036e+01 8.628836e+01
      vertex   4.041157e+01 -4.106036e+01 8.628836e+01
    endloop
  endfacet
  facet normal -4.449359e-01 7.706516e-01 4.562107e-01
    outer loop
      vertex   4.041157e+01 -4.106036e+01 8.628836e+01
      vertex   2.395709e+01 -5.056036e+01 8.628836e+01
      vertex   2.414408e+01 -5.088423e+01 8.701782e+01
    endloop
  endfacet
  facet normal -4.449359e-01 7.706516e-01 4.562107e-01
    outer loop
      vertex   4.041157e+01 -4.106036e+01 8.628836e+01
      vertex   2.414408e+01 -5.088423e+01 8.701782e+01
      vertex   4.059856e+01 -4.138423e+01 8.701782e+01
    endloop
  endfacet
  facet normal -4.924039e-01 8.528685e-01 1.736482e-01
    outer loop
      vertex   4.059856e+01 -4.138423e+01 8.701782e+01
      vertex   2.414408e+01 -5.088423e+01 8.701782e+01
      vertex   2.421525e+01 -5.100751e+01 8.782510e+01
    endloop
  endfacet
  facet normal -4.924039e-01 8.528685e-01 1.736482e-01
    outer loop
      vertex   4.059856e+01 -4.138423e+01 8.701782e+01
      vertex   2.421525e+01 -5.100751e+01 8.782510e+01
      vertex   4.066973e+01 -4.150751e+01 8.782510e+01
    endloop
  endfacet
  facet normal -4.961196e-01 8.593044e-01 -1.243437e-01
    outer loop
      vertex   4.066973e+01 -4.150751e+01 8.782510e+01
      vertex   2.421525e+01 -5.100751e+01 8.782510e+01
      vertex   2.416429e+01 -5.091923e+01 8.863847e+01
    endloop
  endfacet
  facet normal -4.961196e-01 8.593044e-01 -1.243437e-01
    outer loop
      vertex   4.066973e+01 -4.150751e+01 8.782510e+01
      vertex   2.416429e+01 -5.091923e+01 8.863847e+01
      vertex   4.061877e+01 -4.141923e+01 8.863847e+01
    endloop
  endfacet
  facet normal -4.557529e-01 7.893872e-01 -4.112871e-01
    outer loop
      vertex   4.061877e+01 -4.141923e+01 8.863847e+01
      vertex   2.416429e+01 -5.091923e+01 8.863847e+01
      vertex   2.399571e+01 -5.062726e+01 8.938566e+01
    endloop
  endfacet
  facet normal -4.557529e-01 7.893872e-01 -4.112871e-01
    outer loop
      vertex   4.061877e+01 -4.141923e+01 8.863847e+01
      vertex   2.399571e+01 -5.062726e+01 8.938566e+01
      vertex   4.045020e+01 -4.112726e+01 8.938566e+01
    endloop
  endfacet
  facet normal -3.748906e-01 6.493296e-01 -6.616858e-01
    outer loop
      vertex   4.045020e+01 -4.112726e+01 8.938566e+01
      vertex   2.399571e+01 -5.062726e+01 8.938566e+01
      vertex   2.372451e+01 -5.015752e+01 9.000028e+01
    endloop
  endfacet
  facet normal -3.748906e-01 6.493296e-01 -6.616858e-01
    outer loop
      vertex   4.045020e+01 -4.112726e+01 8.938566e+01
      vertex   2.372451e+01 -5.015752e+01 9.000028e+01
      vertex   4.017899e+01 -4.065752e+01 9.000028e+01
    endloop
  endfacet
  facet normal -2.607176e-01 4.515761e-01 -8.532909e-01
    outer loop
      vertex   4.017899e+01 -4.065752e+01 9.000028e+01
      vertex   2.372451e+01 -5.015752e+01 9.000028e+01
      vertex   2.337477e+01 -4.955176e+01 9.042771e+01
    endloop
  endfacet
  facet normal -2.607176e-01 4.515761e-01 -8.532909e-01
    outer loop
      vertex   4.017899e+01 -4.065752e+01 9.000028e+01
      vertex   2.337477e+01 -4.955176e+01 9.042771e+01
      vertex   3.982926e+01 -4.005176e+01 9.042771e+01
    endloop
  endfacet
  facet normal -1.233787e-01 2.136982e-01 -9.690773e-01
    outer loop
      vertex   3.982926e+01 -4.005176e+01 9.042771e+01
      vertex   2.337477e+01 -4.955176e+01 9.042771e+01
      vertex   2.297758e+01 -4.886381e+01 9.062999e+01
    endloop
  endfacet
  facet normal -1.233787e-01 2.136982e-01 -9.690773e-01
    outer loop
      vertex   3.982926e+01 -4.005176e+01 9.042771e+01
      vertex   2.297758e+01 -4.886381e+01 9.062999e+01
      vertex   3.943207e+01 -3.936381e+01 9.062999e+01
    endloop
  endfacet
  facet normal 2.492294e-02 -4.316780e-02 -9.987569e-01
    outer loop
      vertex   3.943207e+01 -3.936381e+01 9.062999e+01
      vertex   2.297758e+01 -4.886381e+01 9.062999e+01
      vertex   2.256823e+01 -4.815478e+01 9.058913e+01
    endloop
  endfacet
  facet normal 2.492294e-02 -4.316780e-02 -9.987569e-01
    outer loop
      vertex   3.943207e+01 -3.936381e+01 9.062999e+01
      vertex   2.256823e+01 -4.815478e+01 9.058913e+01
      vertex   3.902271e+01 -3.865478e+01 9.058913e+01
    endloop
  endfacet
  facet normal 1.710101e-01 -2.961981e-01 -9.396926e-01
    outer loop
      vertex   3.902271e+01 -3.865478e+01 9.058913e+01
      vertex   2.256823e+01 -4.815478e+01 9.058913e+01
      vertex   2.218308e+01 -4.748768e+01 9.030876e+01
    endloop
  endfacet
  facet normal 1.710101e-01 -2.961981e-01 -9.396926e-01
    outer loop
      vertex   3.902271e+01 -3.865478e+01 9.058913e+01
      vertex   2.218308e+01 -4.748768e+01 9.030876e+01
      vertex   3.863756e+01 -3.798768e+01 9.030876e+01
    endloop
  endfacet
  facet normal 3.019022e-01 -5.229100e-01 -7.971325e-01
    outer loop
      vertex   3.863756e+01 -3.798768e+01 9.030876e+01
      vertex   2.218308e+01 -4.748768e+01 9.030876e+01
      vertex   2.185636e+01 -4.692179e+01 8.981381e+01
    endloop
  endfacet
  facet normal 3.019022e-01 -5.229100e-01 -7.971325e-01
    outer loop
      vertex   3.863756e+01 -3.798768e+01 9.030876e+01
      vertex   2.185636e+01 -4.692179e+01 8.981381e+01
      vertex   3.831084e+01 -3.742179e+01 8.981381e+01
    endloop
  endfacet
  facet normal 4.059690e-01 -7.031589e-01 -5.837437e-01
    outer loop
      vertex   3.831084e+01 -3.742179e+01 8.981381e+01
      vertex   2.185636e+01 -4.692179e+01 8.981381e+01
      vertex   2.161710e+01 -4.650739e+01 8.914823e+01
    endloop
  endfacet
  facet normal 4.998446e-01 -8.657562e-01 -2.493069e-02
    outer loop
      vertex   2.026081e+01 -4.415822e+01 7.376440e+01
      vertex   3.671529e+01 -3.465822e+01 7.376440e+01
      vertex   2.027103e+01 -4.417592e+01 7.458388e+01
    endloop
  endfacet
  facet normal 4.998446e-01 -8.657562e-01 -2.493069e-02
    outer loop
      vertex   2.027103e+01 -4.417592e+01 7.458388e+01
      vertex   3.671529e+01 -3.465822e+01 7.376440e+01
      vertex   3.672551e+01 -3.467592e+01 7.458388e+01
    endloop
  endfacet
  facet normal 4.739637e-01 -8.209292e-01 -3.184867e-01
    outer loop
      vertex   2.027103e+01 -4.417592e+01 7.458388e+01
      vertex   3.672551e+01 -3.467592e+01 7.458388e+01
      vertex   2.040157e+01 -4.440201e+01 7.536093e+01
    endloop
  endfacet
  facet normal 4.739637e-01 -8.209292e-01 -3.184867e-01
    outer loop
      vertex   2.040157e+01 -4.440201e+01 7.536093e+01
      vertex   3.672551e+01 -3.467592e+01 7.458388e+01
      vertex   3.685605e+01 -3.490201e+01 7.536093e+01
    endloop
  endfacet
  facet normal 4.059690e-01 -7.031589e-01 -5.837437e-01
    outer loop
      vertex   2.040157e+01 -4.440201e+01 7.536093e+01
      vertex   3.685605e+01 -3.490201e+01 7.536093e+01
      vertex   3.709531e+01 -3.531642e+01 7.602650e+01
    endloop
  endfacet
  facet normal 4.813121e-01 -8.336571e-01 2.708405e-01
    outer loop
      vertex   2.026081e+01 -4.415822e+01 7.376440e+01
      vertex   2.037182e+01 -4.435049e+01 7.297531e+01
      vertex   3.671529e+01 -3.465822e+01 7.376440e+01
    endloop
  endfacet
  facet normal 4.813121e-01 -8.336571e-01 2.708405e-01
    outer loop
      vertex   3.671529e+01 -3.465822e+01 7.376440e+01
      vertex   2.037182e+01 -4.435049e+01 7.297531e+01
      vertex   3.682630e+01 -3.485049e+01 7.297531e+01
    endloop
  endfacet
  facet normal 4.200130e-01 -7.274838e-01 5.425463e-01
    outer loop
      vertex   3.682630e+01 -3.485049e+01 7.297531e+01
      vertex   2.037182e+01 -4.435049e+01 7.297531e+01
      vertex   2.059419e+01 -4.473565e+01 7.228671e+01
    endloop
  endfacet
  facet normal 4.200130e-01 -7.274838e-01 5.425463e-01
    outer loop
      vertex   3.682630e+01 -3.485049e+01 7.297531e+01
      vertex   2.059419e+01 -4.473565e+01 7.228671e+01
      vertex   3.704867e+01 -3.523565e+01 7.228671e+01
    endloop
  endfacet
  facet normal 3.213938e-01 -5.566704e-01 7.660444e-01
    outer loop
      vertex   3.704867e+01 -3.523565e+01 7.228671e+01
      vertex   2.059419e+01 -4.473565e+01 7.228671e+01
      vertex   2.090817e+01 -4.527947e+01 7.175980e+01
    endloop
  endfacet
  facet normal 3.213938e-01 -5.566704e-01 7.660444e-01
    outer loop
      vertex   3.704867e+01 -3.523565e+01 7.228671e+01
      vertex   2.090817e+01 -4.527947e+01 7.175980e+01
      vertex   3.736265e+01 -3.577947e+01 7.175980e+01
    endloop
  endfacet
  facet normal 1.942174e-01 -3.363944e-01 9.214762e-01
    outer loop
      vertex   3.736265e+01 -3.577947e+01 7.175980e+01
      vertex   2.090817e+01 -4.527947e+01 7.175980e+01
      vertex   2.128585e+01 -4.593364e+01 7.144138e+01
    endloop
  endfacet
  facet normal 1.942174e-01 -3.363944e-01 9.214762e-01
    outer loop
      vertex   3.736265e+01 -3.577947e+01 7.175980e+01
      vertex   2.128585e+01 -4.593364e+01 7.144138e+01
      vertex   3.774033e+01 -3.643364e+01 7.144138e+01
    endloop
  endfacet
  facet normal 4.978392e-02 -8.622828e-02 9.950308e-01
    outer loop
      vertex   3.774033e+01 -3.643364e+01 7.144138e+01
      vertex   2.128585e+01 -4.593364e+01 7.144138e+01
      vertex   2.169368e+01 -4.664002e+01 7.135976e+01
    endloop
  endfacet
  facet normal 4.978392e-02 -8.622828e-02 9.950308e-01
    outer loop
      vertex   3.774033e+01 -3.643364e+01 7.144138e+01
      vertex   2.169368e+01 -4.664002e+01 7.135976e+01
      vertex   3.814816e+01 -3.714002e+01 7.135976e+01
    endloop
  endfacet
  facet normal -9.907307e-02 1.715996e-01 9.801725e-01
    outer loop
      vertex   3.814816e+01 -3.714002e+01 7.135976e+01
      vertex   2.169368e+01 -4.664002e+01 7.135976e+01
      vertex   2.209542e+01 -4.733585e+01 7.152219e+01
    endloop
  endfacet
  facet normal -9.907307e-02 1.715996e-01 9.801725e-01
    outer loop
      vertex   3.814816e+01 -3.714002e+01 7.135976e+01
      vertex   2.209542e+01 -4.733585e+01 7.152219e+01
      vertex   3.854990e+01 -3.783585e+01 7.152219e+01
    endloop
  endfacet
  facet normal -2.391270e-01 4.141801e-01 8.782216e-01
    outer loop
      vertex   3.854990e+01 -3.783585e+01 7.152219e+01
      vertex   2.209542e+01 -4.733585e+01 7.152219e+01
      vertex   2.245537e+01 -4.795931e+01 7.191423e+01
    endloop
  endfacet
  facet normal -2.391270e-01 4.141801e-01 8.782216e-01
    outer loop
      vertex   3.854990e+01 -3.783585e+01 7.152219e+01
      vertex   2.245537e+01 -4.795931e+01 7.191423e+01
      vertex   3.890985e+01 -3.845931e+01 7.191423e+01
    endloop
  endfacet
  facet normal -3.579334e-01 6.199589e-01 6.982368e-01
    outer loop
      vertex   3.890985e+01 -3.845931e+01 7.191423e+01
      vertex   2.245537e+01 -4.795931e+01 7.191423e+01
      vertex   2.274155e+01 -4.845499e+01 7.250105e+01
    endloop
  endfacet
  facet normal -3.579334e-01 6.199589e-01 6.982368e-01
    outer loop
      vertex   3.890985e+01 -3.845931e+01 7.191423e+01
      vertex   2.274155e+01 -4.845499e+01 7.250105e+01
      vertex   3.919604e+01 -3.895499e+01 7.250105e+01
    endloop
  endfacet
  facet normal -4.449359e-01 7.706516e-01 4.562107e-01
    outer loop
      vertex   3.919604e+01 -3.895499e+01 7.250105e+01
      vertex   2.274155e+01 -4.845499e+01 7.250105e+01
      vertex   2.292854e+01 -4.877886e+01 7.323051e+01
    endloop
  endfacet
  facet normal -4.449359e-01 7.706516e-01 4.562107e-01
    outer loop
      vertex   3.919604e+01 -3.895499e+01 7.250105e+01
      vertex   2.292854e+01 -4.877886e+01 7.323051e+01
      vertex   3.938302e+01 -3.927886e+01 7.323051e+01
    endloop
  endfacet
  facet normal -4.924039e-01 8.528685e-01 1.736482e-01
    outer loop
      vertex   3.938302e+01 -3.927886e+01 7.323051e+01
      vertex   2.292854e+01 -4.877886e+01 7.323051e+01
      vertex   2.299971e+01 -4.890214e+01 7.403779e+01
    endloop
  endfacet
  facet normal -4.924039e-01 8.528685e-01 1.736482e-01
    outer loop
      vertex   3.938302e+01 -3.927886e+01 7.323051e+01
      vertex   2.299971e+01 -4.890214e+01 7.403779e+01
      vertex   3.945420e+01 -3.940214e+01 7.403779e+01
    endloop
  endfacet
  facet normal -4.961196e-01 8.593044e-01 -1.243437e-01
    outer loop
      vertex   3.945420e+01 -3.940214e+01 7.403779e+01
      vertex   2.299971e+01 -4.890214e+01 7.403779e+01
      vertex   2.294875e+01 -4.881386e+01 7.485116e+01
    endloop
  endfacet
  facet normal -4.961196e-01 8.593044e-01 -1.243437e-01
    outer loop
      vertex   3.945420e+01 -3.940214e+01 7.403779e+01
      vertex   2.294875e+01 -4.881386e+01 7.485116e+01
      vertex   3.940323e+01 -3.931386e+01 7.485116e+01
    endloop
  endfacet
  facet normal -4.557529e-01 7.893872e-01 -4.112871e-01
    outer loop
      vertex   3.940323e+01 -3.931386e+01 7.485116e+01
      vertex   2.294875e+01 -4.881386e+01 7.485116e+01
      vertex   2.278018e+01 -4.852189e+01 7.559835e+01
    endloop
  endfacet
  facet normal -4.557529e-01 7.893872e-01 -4.112871e-01
    outer loop
      vertex   3.940323e+01 -3.931386e+01 7.485116e+01
      vertex   2.278018e+01 -4.852189e+01 7.559835e+01
      vertex   3.923466e+01 -3.902189e+01 7.559835e+01
    endloop
  endfacet
  facet normal -3.748906e-01 6.493296e-01 -6.616858e-01
    outer loop
      vertex   3.923466e+01 -3.902189e+01 7.559835e+01
      vertex   2.278018e+01 -4.852189e+01 7.559835e+01
      vertex   2.250897e+01 -4.805215e+01 7.621297e+01
    endloop
  endfacet
  facet normal -3.748906e-01 6.493296e-01 -6.616858e-01
    outer loop
      vertex   3.923466e+01 -3.902189e+01 7.559835e+01
      vertex   2.250897e+01 -4.805215e+01 7.621297e+01
      vertex   3.896346e+01 -3.855215e+01 7.621297e+01
    endloop
  endfacet
  facet normal -2.607176e-01 4.515761e-01 -8.532909e-01
    outer loop
      vertex   3.896346e+01 -3.855215e+01 7.621297e+01
      vertex   2.250897e+01 -4.805215e+01 7.621297e+01
      vertex   2.215924e+01 -4.744639e+01 7.664041e+01
    endloop
  endfacet
  facet normal -2.607176e-01 4.515761e-01 -8.532909e-01
    outer loop
      vertex   3.896346e+01 -3.855215e+01 7.621297e+01
      vertex   2.215924e+01 -4.744639e+01 7.664041e+01
      vertex   3.861372e+01 -3.794639e+01 7.664041e+01
    endloop
  endfacet
  facet normal -1.233787e-01 2.136982e-01 -9.690773e-01
    outer loop
      vertex   3.861372e+01 -3.794639e+01 7.664041e+01
      vertex   2.215924e+01 -4.744639e+01 7.664041e+01
      vertex   2.176205e+01 -4.675843e+01 7.684268e+01
    endloop
  endfacet
  facet normal -1.233787e-01 2.136982e-01 -9.690773e-01
    outer loop
      vertex   3.861372e+01 -3.794639e+01 7.664041e+01
      vertex   2.176205e+01 -4.675843e+01 7.684268e+01
      vertex   3.821653e+01 -3.725843e+01 7.684268e+01
    endloop
  endfacet
  facet normal 2.492294e-02 -4.316780e-02 -9.987569e-01
    outer loop
      vertex   3.821653e+01 -3.725843e+01 7.684268e+01
      vertex   2.176205e+01 -4.675843e+01 7.684268e+01
      vertex   2.135269e+01 -4.604941e+01 7.680182e+01
    endloop
  endfacet
  facet normal 2.492294e-02 -4.316780e-02 -9.987569e-01
    outer loop
      vertex   3.821653e+01 -3.725843e+01 7.684268e+01
      vertex   2.135269e+01 -4.604941e+01 7.680182e+01
      vertex   3.780717e+01 -3.654941e+01 7.680182e+01
    endloop
  endfacet
  facet normal 1.710101e-01 -2.961981e-01 -9.396926e-01
    outer loop
      vertex   3.780717e+01 -3.654941e+01 7.680182e+01
      vertex   2.135269e+01 -4.604941e+01 7.680182e+01
      vertex   2.096754e+01 -4.538231e+01 7.652146e+01
    endloop
  endfacet
  facet normal 1.710101e-01 -2.961981e-01 -9.396926e-01
    outer loop
      vertex   3.780717e+01 -3.654941e+01 7.680182e+01
      vertex   2.096754e+01 -4.538231e+01 7.652146e+01
      vertex   3.742202e+01 -3.588231e+01 7.652146e+01
    endloop
  endfacet
  facet normal 3.019022e-01 -5.229100e-01 -7.971325e-01
    outer loop
      vertex   3.742202e+01 -3.588231e+01 7.652146e+01
      vertex   2.096754e+01 -4.538231e+01 7.652146e+01
      vertex   2.064082e+01 -4.481642e+01 7.602650e+01
    endloop
  endfacet
  facet normal 3.019022e-01 -5.229100e-01 -7.971325e-01
    outer loop
      vertex   3.742202e+01 -3.588231e+01 7.652146e+01
      vertex   2.064082e+01 -4.481642e+01 7.602650e+01
      vertex   3.709531e+01 -3.531642e+01 7.602650e+01
    endloop
  endfacet
  facet normal 4.059690e-01 -7.031589e-01 -5.837437e-01
    outer loop
      vertex   3.709531e+01 -3.531642e+01 7.602650e+01
      vertex   2.064082e+01 -4.481642e+01 7.602650e+01
      vertex   2.040157e+01 -4.440201e+01 7.536093e+01
    endloop
  endfacet
  facet normal 4.998446e-01 -8.657562e-01 -2.493069e-02
    outer loop
      vertex   2.431541e+01 -5.118098e+01 7.944252e+01
      vertex   4.076989e+01 -4.168098e+01 7.944252e+01
      vertex   2.432563e+01 -5.119868e+01 8.026200e+01
    endloop
  endfacet
  facet normal 4.998446e-01 -8.657562e-01 -2.493069e-02
    outer loop
      vertex   2.432563e+01 -5.119868e+01 8.026200e+01
      vertex   4.076989e+01 -4.168098e+01 7.944252e+01
      vertex   4.078011e+01 -4.169868e+01 8.026200e+01
    endloop
  endfacet
  facet normal 4.739637e-01 -8.209292e-01 -3.184867e-01
    outer loop
      vertex   2.432563e+01 -5.119868e+01 8.026200e+01
      vertex   4.078011e+01 -4.169868e+01 8.026200e+01
      vertex   2.445616e+01 -5.142478e+01 8.103904e+01
    endloop
  endfacet
  facet normal 4.739637e-01 -8.209292e-01 -3.184867e-01
    outer loop
      vertex   2.445616e+01 -5.142478e+01 8.103904e+01
      vertex   4.078011e+01 -4.169868e+01 8.026200e+01
      vertex   4.091064e+01 -4.192478e+01 8.103904e+01
    endloop
  endfacet
  facet normal 4.059690e-01 -7.031589e-01 -5.837437e-01
    outer loop
      vertex   2.445616e+01 -5.142478e+01 8.103904e+01
      vertex   4.091064e+01 -4.192478e+01 8.103904e+01
      vertex   4.114990e+01 -4.233918e+01 8.170461e+01
    endloop
  endfacet
  facet normal 4.813121e-01 -8.336571e-01 2.708405e-01
    outer loop
      vertex   2.431541e+01 -5.118098e+01 7.944252e+01
      vertex   2.442642e+01 -5.137326e+01 7.865342e+01
      vertex   4.076989e+01 -4.168098e+01 7.944252e+01
    endloop
  endfacet
  facet normal 4.813121e-01 -8.336571e-01 2.708405e-01
    outer loop
      vertex   4.076989e+01 -4.168098e+01 7.944252e+01
      vertex   2.442642e+01 -5.137326e+01 7.865342e+01
      vertex   4.088090e+01 -4.187326e+01 7.865342e+01
    endloop
  endfacet
  facet normal 4.200130e-01 -7.274838e-01 5.425463e-01
    outer loop
      vertex   4.088090e+01 -4.187326e+01 7.865342e+01
      vertex   2.442642e+01 -5.137326e+01 7.865342e+01
      vertex   2.464879e+01 -5.175842e+01 7.796483e+01
    endloop
  endfacet
  facet normal 4.200130e-01 -7.274838e-01 5.425463e-01
    outer loop
      vertex   4.088090e+01 -4.187326e+01 7.865342e+01
      vertex   2.464879e+01 -5.175842e+01 7.796483e+01
      vertex   4.110327e+01 -4.225842e+01 7.796483e+01
    endloop
  endfacet
  facet normal 3.213938e-01 -5.566704e-01 7.660444e-01
    outer loop
      vertex   4.110327e+01 -4.225842e+01 7.796483e+01
      vertex   2.464879e+01 -5.175842e+01 7.796483e+01
      vertex   2.496276e+01 -5.230224e+01 7.743791e+01
    endloop
  endfacet
  facet normal 3.213938e-01 -5.566704e-01 7.660444e-01
    outer loop
      vertex   4.110327e+01 -4.225842e+01 7.796483e+01
      vertex   2.496276e+01 -5.230224e+01 7.743791e+01
      vertex   4.141724e+01 -4.280224e+01 7.743791e+01
    endloop
  endfacet
  facet normal 1.942174e-01 -3.363944e-01 9.214762e-01
    outer loop
      vertex   4.141724e+01 -4.280224e+01 7.743791e+01
      vertex   2.496276e+01 -5.230224e+01 7.743791e+01
      vertex   2.534044e+01 -5.295640e+01 7.711950e+01
    endloop
  endfacet
  facet normal 1.942174e-01 -3.363944e-01 9.214762e-01
    outer loop
      vertex   4.141724e+01 -4.280224e+01 7.743791e+01
      vertex   2.534044e+01 -5.295640e+01 7.711950e+01
      vertex   4.179493e+01 -4.345640e+01 7.711950e+01
    endloop
  endfacet
  facet normal 4.978392e-02 -8.622828e-02 9.950308e-01
    outer loop
      vertex   4.179493e+01 -4.345640e+01 7.711950e+01
      vertex   2.534044e+01 -5.295640e+01 7.711950e+01
      vertex   2.574827e+01 -5.366278e+01 7.703788e+01
    endloop
  endfacet
  facet normal 4.978392e-02 -8.622828e-02 9.950308e-01
    outer loop
      vertex   4.179493e+01 -4.345640e+01 7.711950e+01
      vertex   2.574827e+01 -5.366278e+01 7.703788e+01
      vertex   4.220276e+01 -4.416278e+01 7.703788e+01
    endloop
  endfacet
  facet normal -9.907307e-02 1.715996e-01 9.801725e-01
    outer loop
      vertex   4.220276e+01 -4.416278e+01 7.703788e+01
      vertex   2.574827e+01 -5.366278e+01 7.703788e+01
      vertex   2.615001e+01 -5.435862e+01 7.720031e+01
    endloop
  endfacet
  facet normal -9.907307e-02 1.715996e-01 9.801725e-01
    outer loop
      vertex   4.220276e+01 -4.416278e+01 7.703788e+01
      vertex   2.615001e+01 -5.435862e+01 7.720031e+01
      vertex   4.260450e+01 -4.485862e+01 7.720031e+01
    endloop
  endfacet
  facet normal -2.391270e-01 4.141801e-01 8.782216e-01
    outer loop
      vertex   4.260450e+01 -4.485862e+01 7.720031e+01
      vertex   2.615001e+01 -5.435862e+01 7.720031e+01
      vertex   2.650997e+01 -5.498207e+01 7.759235e+01
    endloop
  endfacet
  facet normal -2.391270e-01 4.141801e-01 8.782216e-01
    outer loop
      vertex   4.260450e+01 -4.485862e+01 7.720031e+01
      vertex   2.650997e+01 -5.498207e+01 7.759235e+01
      vertex   4.296445e+01 -4.548207e+01 7.759235e+01
    endloop
  endfacet
  facet normal -3.579334e-01 6.199589e-01 6.982368e-01
    outer loop
      vertex   4.296445e+01 -4.548207e+01 7.759235e+01
      vertex   2.650997e+01 -5.498207e+01 7.759235e+01
      vertex   2.679615e+01 -5.547776e+01 7.817917e+01
    endloop
  endfacet
  facet normal -3.579334e-01 6.199589e-01 6.982368e-01
    outer loop
      vertex   4.296445e+01 -4.548207e+01 7.759235e+01
      vertex   2.679615e+01 -5.547776e+01 7.817917e+01
      vertex   4.325063e+01 -4.597776e+01 7.817917e+01
    endloop
  endfacet
  facet normal -4.449359e-01 7.706516e-01 4.562107e-01
    outer loop
      vertex   4.325063e+01 -4.597776e+01 7.817917e+01
      vertex   2.679615e+01 -5.547776e+01 7.817917e+01
      vertex   2.698314e+01 -5.580163e+01 7.890862e+01
    endloop
  endfacet
  facet normal -4.449359e-01 7.706516e-01 4.562107e-01
    outer loop
      vertex   4.325063e+01 -4.597776e+01 7.817917e+01
      vertex   2.698314e+01 -5.580163e+01 7.890862e+01
      vertex   4.343762e+01 -4.630163e+01 7.890862e+01
    endloop
  endfacet
  facet normal -4.924039e-01 8.528685e-01 1.736482e-01
    outer loop
      vertex   4.343762e+01 -4.630163e+01 7.890862e+01
      vertex   2.698314e+01 -5.580163e+01 7.890862e+01
      vertex   2.705431e+01 -5.592490e+01 7.971590e+01
    endloop
  endfacet
  facet normal -4.924039e-01 8.528685e-01 1.736482e-01
    outer loop
      vertex   4.343762e+01 -4.630163e+01 7.890862e+01
      vertex   2.705431e+01 -5.592490e+01 7.971590e+01
      vertex   4.350879e+01 -4.642490e+01 7.971590e+01
    endloop
  endfacet
  facet normal -4.961196e-01 8.593044e-01 -1.243437e-01
    outer loop
      vertex   4.350879e+01 -4.642490e+01 7.971590e+01
      vertex   2.705431e+01 -5.592490e+01 7.971590e+01
      vertex   2.700334e+01 -5.583663e+01 8.052927e+01
    endloop
  endfacet
  facet normal -4.961196e-01 8.593044e-01 -1.243437e-01
    outer loop
      vertex   4.350879e+01 -4.642490e+01 7.971590e+01
      vertex   2.700334e+01 -5.583663e+01 8.052927e+01
      vertex   4.345783e+01 -4.633663e+01 8.052927e+01
    endloop
  endfacet
  facet normal -4.557529e-01 7.893872e-01 -4.112871e-01
    outer loop
      vertex   4.345783e+01 -4.633663e+01 8.052927e+01
      vertex   2.700334e+01 -5.583663e+01 8.052927e+01
      vertex   2.683477e+01 -5.554465e+01 8.127647e+01
    endloop
  endfacet
  facet normal -4.557529e-01 7.893872e-01 -4.112871e-01
    outer loop
      vertex   4.345783e+01 -4.633663e+01 8.052927e+01
      vertex   2.683477e+01 -5.554465e+01 8.127647e+01
      vertex   4.328925e+01 -4.604465e+01 8.127647e+01
    endloop
  endfacet
  facet normal -3.748906e-01 6.493296e-01 -6.616858e-01
    outer loop
      vertex   4.328925e+01 -4.604465e+01 8.127647e+01
      vertex   2.683477e+01 -5.554465e+01 8.127647e+01
      vertex   2.656357e+01 -5.507491e+01 8.189109e+01
    endloop
  endfacet
  facet normal -3.748906e-01 6.493296e-01 -6.616858e-01
    outer loop
      vertex   4.328925e+01 -4.604465e+01 8.127647e+01
      vertex   2.656357e+01 -5.507491e+01 8.189109e+01
      vertex   4.301805e+01 -4.557491e+01 8.189109e+01
    endloop
  endfacet
  facet normal -2.607176e-01 4.515761e-01 -8.532909e-01
    outer loop
      vertex   4.301805e+01 -4.557491e+01 8.189109e+01
      vertex   2.656357e+01 -5.507491e+01 8.189109e+01
      vertex   2.621383e+01 -5.446916e+01 8.231852e+01
    endloop
  endfacet
  facet normal -2.607176e-01 4.515761e-01 -8.532909e-01
    outer loop
      vertex   4.301805e+01 -4.557491e+01 8.189109e+01
      vertex   2.621383e+01 -5.446916e+01 8.231852e+01
      vertex   4.266832e+01 -4.496916e+01 8.231852e+01
    endloop
  endfacet
  facet normal -1.233787e-01 2.136982e-01 -9.690773e-01
    outer loop
      vertex   4.266832e+01 -4.496916e+01 8.231852e+01
      vertex   2.621383e+01 -5.446916e+01 8.231852e+01
      vertex   2.581664e+01 -5.378120e+01 8.252080e+01
    endloop
  endfacet
  facet normal -1.233787e-01 2.136982e-01 -9.690773e-01
    outer loop
      vertex   4.266832e+01 -4.496916e+01 8.231852e+01
      vertex   2.581664e+01 -5.378120e+01 8.252080e+01
      vertex   4.227112e+01 -4.428120e+01 8.252080e+01
    endloop
  endfacet
  facet normal 2.492294e-02 -4.316780e-02 -9.987569e-01
    outer loop
      vertex   4.227112e+01 -4.428120e+01 8.252080e+01
      vertex   2.581664e+01 -5.378120e+01 8.252080e+01
      vertex   2.540728e+01 -5.307217e+01 8.247994e+01
    endloop
  endfacet
  facet normal 2.492294e-02 -4.316780e-02 -9.987569e-01
    outer loop
      vertex   4.227112e+01 -4.428120e+01 8.252080e+01
      vertex   2.540728e+01 -5.307217e+01 8.247994e+01
      vertex   4.186177e+01 -4.357217e+01 8.247994e+01
    endloop
  endfacet
  facet normal 1.710101e-01 -2.961981e-01 -9.396926e-01
    outer loop
      vertex   4.186177e+01 -4.357217e+01 8.247994e+01
      vertex   2.540728e+01 -5.307217e+01 8.247994e+01
      vertex   2.502214e+01 -5.240508e+01 8.219957e+01
    endloop
  endfacet
  facet normal 1.710101e-01 -2.961981e-01 -9.396926e-01
    outer loop
      vertex   4.186177e+01 -4.357217e+01 8.247994e+01
      vertex   2.502214e+01 -5.240508e+01 8.219957e+01
      vertex   4.147662e+01 -4.290508e+01 8.219957e+01
    endloop
  endfacet
  facet normal 3.019022e-01 -5.229100e-01 -7.971325e-01
    outer loop
      vertex   4.147662e+01 -4.290508e+01 8.219957e+01
      vertex   2.502214e+01 -5.240508e+01 8.219957e+01
      vertex   2.469542e+01 -5.183918e+01 8.170461e+01
    endloop
  endfacet
  facet normal 3.019022e-01 -5.229100e-01 -7.971325e-01
    outer loop
      vertex   4.147662e+01 -4.290508e+01 8.219957e+01
      vertex   2.469542e+01 -5.183918e+01 8.170461e+01
      vertex   4.114990e+01 -4.233918e+01 8.170461e+01
    endloop
  endfacet
  facet normal 4.059690e-01 -7.031589e-01 -5.837437e-01
    outer loop
      vertex   4.114990e+01 -4.233918e+01 8.170461e+01
      vertex   2.469542e+01 -5.183918e+01 8.170461e+01
      vertex   2.445616e+01 -5.142478e+01 8.103904e+01
    endloop
  endfacet
  facet normal 4.650726e-01 -8.260051e-01 -3.184700e-01
    outer loop
      vertex   2.100933e+01 -4.545470e+01 8.225458e+01
      vertex   1.833143e+01 -4.681644e+01 8.187584e+01
      vertex   2.087880e+01 -4.522860e+01 8.147753e+01
    endloop
  endfacet
  facet normal 5.012443e-01 -8.477049e-01 -1.736391e-01
    outer loop
      vertex   2.087880e+01 -4.522860e+01 8.147753e+01
      vertex   1.833143e+01 -4.681644e+01 8.187584e+01
      vertex   1.826026e+01 -4.669316e+01 8.106856e+01
    endloop
  endfacet
  facet normal 4.909521e-01 -8.708298e-01 -2.492939e-02
    outer loop
      vertex   2.087880e+01 -4.522860e+01 8.147753e+01
      vertex   1.826026e+01 -4.669316e+01 8.106856e+01
      vertex   2.086858e+01 -4.521090e+01 8.065805e+01
    endloop
  endfacet
  facet normal 5.049599e-01 -8.541404e-01 1.243372e-01
    outer loop
      vertex   2.086858e+01 -4.521090e+01 8.065805e+01
      vertex   1.826026e+01 -4.669316e+01 8.106856e+01
      vertex   1.831122e+01 -4.678143e+01 8.025519e+01
    endloop
  endfacet
  facet normal 4.724206e-01 -8.387323e-01 2.708263e-01
    outer loop
      vertex   2.086858e+01 -4.521090e+01 8.065805e+01
      vertex   1.831122e+01 -4.678143e+01 8.025519e+01
      vertex   2.097959e+01 -4.540318e+01 7.986896e+01
    endloop
  endfacet
  facet normal 4.645953e-01 -7.842269e-01 4.112655e-01
    outer loop
      vertex   2.097959e+01 -4.540318e+01 7.986896e+01
      vertex   1.831122e+01 -4.678143e+01 8.025519e+01
      vertex   1.847980e+01 -4.707341e+01 7.950800e+01
    endloop
  endfacet
  facet normal 4.111247e-01 -7.325646e-01 5.425178e-01
    outer loop
      vertex   2.097959e+01 -4.540318e+01 7.986896e+01
      vertex   1.847980e+01 -4.707341e+01 7.950800e+01
      vertex   2.120196e+01 -4.578834e+01 7.918036e+01
    endloop
  endfacet
  facet normal 3.837372e-01 -6.441766e-01 6.616512e-01
    outer loop
      vertex   2.120196e+01 -4.578834e+01 7.918036e+01
      vertex   1.847980e+01 -4.707341e+01 7.950800e+01
      vertex   1.875100e+01 -4.754315e+01 7.889338e+01
    endloop
  endfacet
  facet normal 3.125107e-01 -5.617602e-01 7.660043e-01
    outer loop
      vertex   2.120196e+01 -4.578834e+01 7.918036e+01
      vertex   1.875100e+01 -4.754315e+01 7.889338e+01
      vertex   2.151594e+01 -4.633216e+01 7.865345e+01
    endloop
  endfacet
  facet normal 2.695702e-01 -4.464335e-01 8.532462e-01
    outer loop
      vertex   2.151594e+01 -4.633216e+01 7.865345e+01
      vertex   1.875100e+01 -4.754315e+01 7.889338e+01
      vertex   1.910073e+01 -4.814891e+01 7.846594e+01
    endloop
  endfacet
  facet normal 1.853410e-01 -3.414957e-01 9.214279e-01
    outer loop
      vertex   2.151594e+01 -4.633216e+01 7.865345e+01
      vertex   1.910073e+01 -4.814891e+01 7.846594e+01
      vertex   2.189362e+01 -4.698632e+01 7.833504e+01
    endloop
  endfacet
  facet normal 1.322385e-01 -2.085680e-01 9.690265e-01
    outer loop
      vertex   2.189362e+01 -4.698632e+01 7.833504e+01
      vertex   1.910073e+01 -4.814891e+01 7.846594e+01
      vertex   1.949793e+01 -4.883686e+01 7.826367e+01
    endloop
  endfacet
  facet normal 4.091506e-02 -9.134270e-02 9.949786e-01
    outer loop
      vertex   2.189362e+01 -4.698632e+01 7.833504e+01
      vertex   1.949793e+01 -4.883686e+01 7.826367e+01
      vertex   2.230145e+01 -4.769270e+01 7.825342e+01
    endloop
  endfacet
  facet normal -1.605538e-02 4.828448e-02 9.987046e-01
    outer loop
      vertex   2.230145e+01 -4.769270e+01 7.825342e+01
      vertex   1.949793e+01 -4.883686e+01 7.826367e+01
      vertex   1.990728e+01 -4.954589e+01 7.830453e+01
    endloop
  endfacet
  facet normal -1.079341e-01 1.664717e-01 9.801211e-01
    outer loop
      vertex   2.230145e+01 -4.769270e+01 7.825342e+01
      vertex   1.990728e+01 -4.954589e+01 7.830453e+01
      vertex   2.270319e+01 -4.838854e+01 7.841585e+01
    endloop
  endfacet
  facet normal -1.621349e-01 3.013015e-01 9.396434e-01
    outer loop
      vertex   2.270319e+01 -4.838854e+01 7.841585e+01
      vertex   1.990728e+01 -4.954589e+01 7.830453e+01
      vertex   2.029243e+01 -5.021299e+01 7.858489e+01
    endloop
  endfacet
  facet normal -2.479807e-01 4.090395e-01 8.781755e-01
    outer loop
      vertex   2.270319e+01 -4.838854e+01 7.841585e+01
      vertex   2.029243e+01 -5.021299e+01 7.858489e+01
      vertex   2.306314e+01 -4.901199e+01 7.880789e+01
    endloop
  endfacet
  facet normal -2.930201e-01 5.280015e-01 7.970907e-01
    outer loop
      vertex   2.306314e+01 -4.901199e+01 7.880789e+01
      vertex   2.029243e+01 -5.021299e+01 7.858489e+01
      vertex   2.061915e+01 -5.077888e+01 7.907985e+01
    endloop
  endfacet
  facet normal -3.667809e-01 6.148074e-01 6.982002e-01
    outer loop
      vertex   2.306314e+01 -4.901199e+01 7.880789e+01
      vertex   2.061915e+01 -5.077888e+01 7.907985e+01
      vertex   2.334932e+01 -4.950768e+01 7.939471e+01
    endloop
  endfacet
  facet normal -3.970815e-01 7.082410e-01 5.837131e-01
    outer loop
      vertex   2.334932e+01 -4.950768e+01 7.939471e+01
      vertex   2.061915e+01 -5.077888e+01 7.907985e+01
      vertex   2.085841e+01 -5.119328e+01 7.974542e+01
    endloop
  endfacet
  facet normal -4.537788e-01 7.654923e-01 4.561867e-01
    outer loop
      vertex   2.334932e+01 -4.950768e+01 7.939471e+01
      vertex   2.085841e+01 -5.119328e+01 7.974542e+01
      vertex   2.353631e+01 -4.983155e+01 8.012416e+01
    endloop
  endfacet
  facet normal -4.650726e-01 8.260051e-01 3.184700e-01
    outer loop
      vertex   2.353631e+01 -4.983155e+01 8.012416e+01
      vertex   2.085841e+01 -5.119328e+01 7.974542e+01
      vertex   2.098894e+01 -5.141938e+01 8.052247e+01
    endloop
  endfacet
  facet normal -5.012443e-01 8.477049e-01 1.736391e-01
    outer loop
      vertex   2.353631e+01 -4.983155e+01 8.012416e+01
      vertex   2.098894e+01 -5.141938e+01 8.052247e+01
      vertex   2.360748e+01 -4.995482e+01 8.093144e+01
    endloop
  endfacet
  facet normal -4.909521e-01 8.708298e-01 2.492939e-02
    outer loop
      vertex   2.360748e+01 -4.995482e+01 8.093144e+01
      vertex   2.098894e+01 -5.141938e+01 8.052247e+01
      vertex   2.099916e+01 -5.143708e+01 8.134195e+01
    endloop
  endfacet
  facet normal -5.049599e-01 8.541404e-01 -1.243372e-01
    outer loop
      vertex   2.360748e+01 -4.995482e+01 8.093144e+01
      vertex   2.099916e+01 -5.143708e+01 8.134195e+01
      vertex   2.355652e+01 -4.986655e+01 8.174481e+01
    endloop
  endfacet
  facet normal -4.724206e-01 8.387323e-01 -2.708263e-01
    outer loop
      vertex   2.355652e+01 -4.986655e+01 8.174481e+01
      vertex   2.099916e+01 -5.143708e+01 8.134195e+01
      vertex   2.088815e+01 -5.124481e+01 8.213104e+01
    endloop
  endfacet
  facet normal -4.645953e-01 7.842269e-01 -4.112655e-01
    outer loop
      vertex   2.355652e+01 -4.986655e+01 8.174481e+01
      vertex   2.088815e+01 -5.124481e+01 8.213104e+01
      vertex   2.338794e+01 -4.957457e+01 8.249200e+01
    endloop
  endfacet
  facet normal -4.111247e-01 7.325646e-01 -5.425178e-01
    outer loop
      vertex   2.338794e+01 -4.957457e+01 8.249200e+01
      vertex   2.088815e+01 -5.124481e+01 8.213104e+01
      vertex   2.066578e+01 -5.085965e+01 8.281964e+01
    endloop
  endfacet
  facet normal -3.837372e-01 6.441766e-01 -6.616512e-01
    outer loop
      vertex   2.338794e+01 -4.957457e+01 8.249200e+01
      vertex   2.066578e+01 -5.085965e+01 8.281964e+01
      vertex   2.311674e+01 -4.910484e+01 8.310662e+01
    endloop
  endfacet
  facet normal -3.125107e-01 5.617602e-01 -7.660043e-01
    outer loop
      vertex   2.311674e+01 -4.910484e+01 8.310662e+01
      vertex   2.066578e+01 -5.085965e+01 8.281964e+01
      vertex   2.035181e+01 -5.031583e+01 8.334655e+01
    endloop
  endfacet
  facet normal -2.695702e-01 4.464335e-01 -8.532462e-01
    outer loop
      vertex   2.311674e+01 -4.910484e+01 8.310662e+01
      vertex   2.035181e+01 -5.031583e+01 8.334655e+01
      vertex   2.276701e+01 -4.849908e+01 8.353406e+01
    endloop
  endfacet
  facet normal -1.853410e-01 3.414957e-01 -9.214279e-01
    outer loop
      vertex   2.276701e+01 -4.849908e+01 8.353406e+01
      vertex   2.035181e+01 -5.031583e+01 8.334655e+01
      vertex   1.997412e+01 -4.966166e+01 8.366496e+01
    endloop
  endfacet
  facet normal -1.322385e-01 2.085680e-01 -9.690265e-01
    outer loop
      vertex   2.276701e+01 -4.849908e+01 8.353406e+01
      vertex   1.997412e+01 -4.966166e+01 8.366496e+01
      vertex   2.236981e+01 -4.781112e+01 8.373633e+01
    endloop
  endfacet
  facet normal -4.091506e-02 9.134270e-02 -9.949786e-01
    outer loop
      vertex   2.236981e+01 -4.781112e+01 8.373633e+01
      vertex   1.997412e+01 -4.966166e+01 8.366496e+01
      vertex   1.956629e+01 -4.895528e+01 8.374658e+01
    endloop
  endfacet
  facet normal 1.605538e-02 -4.828448e-02 -9.987046e-01
    outer loop
      vertex   2.236981e+01 -4.781112e+01 8.373633e+01
      vertex   1.956629e+01 -4.895528e+01 8.374658e+01
      vertex   2.196046e+01 -4.710209e+01 8.369547e+01
    endloop
  endfacet
  facet normal 1.079341e-01 -1.664717e-01 -9.801211e-01
    outer loop
      vertex   2.196046e+01 -4.710209e+01 8.369547e+01
      vertex   1.956629e+01 -4.895528e+01 8.374658e+01
      vertex   1.916455e+01 -4.825945e+01 8.358415e+01
    endloop
  endfacet
  facet normal 1.621349e-01 -3.013015e-01 -9.396434e-01
    outer loop
      vertex   2.196046e+01 -4.710209e+01 8.369547e+01
      vertex   1.916455e+01 -4.825945e+01 8.358415e+01
      vertex   2.157531e+01 -4.643500e+01 8.341511e+01
    endloop
  endfacet
  facet normal 2.479807e-01 -4.090395e-01 -8.781755e-01
    outer loop
      vertex   2.157531e+01 -4.643500e+01 8.341511e+01
      vertex   1.916455e+01 -4.825945e+01 8.358415e+01
      vertex   1.880460e+01 -4.763599e+01 8.319211e+01
    endloop
  endfacet
  facet normal 2.930201e-01 -5.280015e-01 -7.970907e-01
    outer loop
      vertex   2.157531e+01 -4.643500e+01 8.341511e+01
      vertex   1.880460e+01 -4.763599e+01 8.319211e+01
      vertex   2.124859e+01 -4.586910e+01 8.292015e+01
    endloop
  endfacet
  facet normal 3.667809e-01 -6.148074e-01 -6.982002e-01
    outer loop
      vertex   2.124859e+01 -4.586910e+01 8.292015e+01
      vertex   1.880460e+01 -4.763599e+01 8.319211e+01
      vertex   1.851842e+01 -4.714030e+01 8.260530e+01
    endloop
  endfacet
  facet normal 3.970815e-01 -7.082410e-01 -5.837131e-01
    outer loop
      vertex   2.124859e+01 -4.586910e+01 8.292015e+01
      vertex   1.851842e+01 -4.714030e+01 8.260530e+01
      vertex   2.100933e+01 -4.545470e+01 8.225458e+01
    endloop
  endfacet
  facet normal 4.537788e-01 -7.654923e-01 -4.561867e-01
    outer loop
      vertex   2.100933e+01 -4.545470e+01 8.225458e+01
      vertex   1.851842e+01 -4.714030e+01 8.260530e+01
      vertex   1.833143e+01 -4.681644e+01 8.187584e+01
    endloop
  endfacet
  facet normal -4.660039e-01 8.071425e-01 3.624380e-01
    outer loop
      vertex   2.229985e+01 -4.768994e+01 7.324667e+01
      vertex   1.970178e+01 -4.918994e+01 7.324667e+01
      vertex   2.241299e+01 -4.788590e+01 7.382851e+01
    endloop
  endfacet
  facet normal -4.660039e-01 8.071425e-01 3.624380e-01
    outer loop
      vertex   2.241299e+01 -4.788590e+01 7.382851e+01
      vertex   1.970178e+01 -4.918994e+01 7.324667e+01
      vertex   1.981491e+01 -4.938590e+01 7.382851e+01
    endloop
  endfacet
  facet normal -4.998810e-01 8.658193e-01 -2.181489e-02
    outer loop
      vertex   2.241299e+01 -4.788590e+01 7.382851e+01
      vertex   1.981491e+01 -4.938590e+01 7.382851e+01
      vertex   2.240618e+01 -4.787410e+01 7.445265e+01
    endloop
  endfacet
  facet normal -4.998810e-01 8.658193e-01 -2.181489e-02
    outer loop
      vertex   2.240618e+01 -4.787410e+01 7.445265e+01
      vertex   1.981491e+01 -4.938590e+01 7.382851e+01
      vertex   1.980810e+01 -4.937410e+01 7.445265e+01
    endloop
  endfacet
  facet normal -4.576557e-01 7.926830e-01 -4.027467e-01
    outer loop
      vertex   2.240618e+01 -4.787410e+01 7.445265e+01
      vertex   1.980810e+01 -4.937410e+01 7.445265e+01
      vertex   2.228046e+01 -4.765636e+01 7.502407e+01
    endloop
  endfacet
  facet normal -4.576557e-01 7.926830e-01 -4.027467e-01
    outer loop
      vertex   2.228046e+01 -4.765636e+01 7.502407e+01
      vertex   1.980810e+01 -4.937410e+01 7.445265e+01
      vertex   1.968239e+01 -4.915636e+01 7.502407e+01
    endloop
  endfacet
  facet normal -3.457565e-01 5.988679e-01 -7.223640e-01
    outer loop
      vertex   2.228046e+01 -4.765636e+01 7.502407e+01
      vertex   1.968239e+01 -4.915636e+01 7.502407e+01
      vertex   2.205498e+01 -4.726581e+01 7.545577e+01
    endloop
  endfacet
  facet normal -3.457565e-01 5.988679e-01 -7.223640e-01
    outer loop
      vertex   2.205498e+01 -4.726581e+01 7.545577e+01
      vertex   1.968239e+01 -4.915636e+01 7.502407e+01
      vertex   1.945690e+01 -4.876581e+01 7.545577e+01
    endloop
  endfacet
  facet normal -1.812190e-01 3.138805e-01 -9.320079e-01
    outer loop
      vertex   2.205498e+01 -4.726581e+01 7.545577e+01
      vertex   1.945690e+01 -4.876581e+01 7.545577e+01
      vertex   2.176406e+01 -4.676192e+01 7.568204e+01
    endloop
  endfacet
  facet normal -1.812190e-01 3.138805e-01 -9.320079e-01
    outer loop
      vertex   2.176406e+01 -4.676192e+01 7.568204e+01
      vertex   1.945690e+01 -4.876581e+01 7.545577e+01
      vertex   1.916598e+01 -4.826192e+01 7.568204e+01
    endloop
  endfacet
  facet normal 1.090744e-02 -1.889224e-02 -9.997620e-01
    outer loop
      vertex   2.176406e+01 -4.676192e+01 7.568204e+01
      vertex   1.916598e+01 -4.826192e+01 7.568204e+01
      vertex   2.145199e+01 -4.622140e+01 7.566842e+01
    endloop
  endfacet
  facet normal 1.090744e-02 -1.889224e-02 -9.997620e-01
    outer loop
      vertex   2.145199e+01 -4.622140e+01 7.566842e+01
      vertex   1.916598e+01 -4.826192e+01 7.568204e+01
      vertex   1.885391e+01 -4.772140e+01 7.566842e+01
    endloop
  endfacet
  facet normal 2.013733e-01 -3.487889e-01 -9.153115e-01
    outer loop
      vertex   2.145199e+01 -4.622140e+01 7.566842e+01
      vertex   1.885391e+01 -4.772140e+01 7.566842e+01
      vertex   2.116628e+01 -4.572653e+01 7.541699e+01
    endloop
  endfacet
  facet normal 2.013733e-01 -3.487889e-01 -9.153115e-01
    outer loop
      vertex   2.116628e+01 -4.572653e+01 7.541699e+01
      vertex   1.885391e+01 -4.772140e+01 7.566842e+01
      vertex   1.856820e+01 -4.722653e+01 7.541699e+01
    endloop
  endfacet
  facet normal 3.611820e-01 -6.255855e-01 -6.915131e-01
    outer loop
      vertex   2.116628e+01 -4.572653e+01 7.541699e+01
      vertex   1.856820e+01 -4.722653e+01 7.541699e+01
      vertex   2.095043e+01 -4.535267e+01 7.496603e+01
    endloop
  endfacet
  facet normal 3.611820e-01 -6.255855e-01 -6.915131e-01
    outer loop
      vertex   2.095043e+01 -4.535267e+01 7.496603e+01
      vertex   1.856820e+01 -4.722653e+01 7.541699e+01
      vertex   1.835235e+01 -4.685267e+01 7.496603e+01
    endloop
  endfacet
  facet normal 4.660039e-01 -8.071425e-01 -3.624380e-01
    outer loop
      vertex   2.095043e+01 -4.535267e+01 7.496603e+01
      vertex   1.835235e+01 -4.685267e+01 7.496603e+01
      vertex   2.083729e+01 -4.515672e+01 7.438418e+01
    endloop
  endfacet
  facet normal 4.660039e-01 -8.071425e-01 -3.624380e-01
    outer loop
      vertex   2.083729e+01 -4.515672e+01 7.438418e+01
      vertex   1.835235e+01 -4.685267e+01 7.496603e+01
      vertex   1.823922e+01 -4.665672e+01 7.438418e+01
    endloop
  endfacet
  facet normal 4.998810e-01 -8.658193e-01 2.181489e-02
    outer loop
      vertex   2.083729e+01 -4.515672e+01 7.438418e+01
      vertex   1.823922e+01 -4.665672e+01 7.438418e+01
      vertex   2.084410e+01 -4.516851e+01 7.376004e+01
    endloop
  endfacet
  facet normal 4.998810e-01 -8.658193e-01 2.181489e-02
    outer loop
      vertex   2.084410e+01 -4.516851e+01 7.376004e+01
      vertex   1.823922e+01 -4.665672e+01 7.438418e+01
      vertex   1.824603e+01 -4.666851e+01 7.376004e+01
    endloop
  endfacet
  facet normal 4.576557e-01 -7.926830e-01 4.027467e-01
    outer loop
      vertex   2.084410e+01 -4.516851e+01 7.376004e+01
      vertex   1.824603e+01 -4.666851e+01 7.376004e+01
      vertex   2.096982e+01 -4.538626e+01 7.318862e+01
    endloop
  endfacet
  facet normal 4.576557e-01 -7.926830e-01 4.027467e-01
    outer loop
      vertex   2.096982e+01 -4.538626e+01 7.318862e+01
      vertex   1.824603e+01 -4.666851e+01 7.376004e+01
      vertex   1.837174e+01 -4.688626e+01 7.318862e+01
    endloop
  endfacet
  facet normal 3.457565e-01 -5.988679e-01 7.223640e-01
    outer loop
      vertex   2.096982e+01 -4.538626e+01 7.318862e+01
      vertex   1.837174e+01 -4.688626e+01 7.318862e+01
      vertex   2.119530e+01 -4.577680e+01 7.275692e+01
    endloop
  endfacet
  facet normal 3.457565e-01 -5.988679e-01 7.223640e-01
    outer loop
      vertex   2.119530e+01 -4.577680e+01 7.275692e+01
      vertex   1.837174e+01 -4.688626e+01 7.318862e+01
      vertex   1.859722e+01 -4.727680e+01 7.275692e+01
    endloop
  endfacet
  facet normal 1.812190e-01 -3.138805e-01 9.320079e-01
    outer loop
      vertex   2.119530e+01 -4.577680e+01 7.275692e+01
      vertex   1.859722e+01 -4.727680e+01 7.275692e+01
      vertex   2.148622e+01 -4.628069e+01 7.253065e+01
    endloop
  endfacet
  facet normal 1.812190e-01 -3.138805e-01 9.320079e-01
    outer loop
      vertex   2.148622e+01 -4.628069e+01 7.253065e+01
      vertex   1.859722e+01 -4.727680e+01 7.275692e+01
      vertex   1.888815e+01 -4.778069e+01 7.253065e+01
    endloop
  endfacet
  facet normal -1.090744e-02 1.889224e-02 9.997620e-01
    outer loop
      vertex   2.148622e+01 -4.628069e+01 7.253065e+01
      vertex   1.888815e+01 -4.778069e+01 7.253065e+01
      vertex   2.179829e+01 -4.682121e+01 7.254427e+01
    endloop
  endfacet
  facet normal -1.090744e-02 1.889224e-02 9.997620e-01
    outer loop
      vertex   2.179829e+01 -4.682121e+01 7.254427e+01
      vertex   1.888815e+01 -4.778069e+01 7.253065e+01
      vertex   1.920022e+01 -4.832121e+01 7.254427e+01
    endloop
  endfacet
  facet normal -2.013733e-01 3.487889e-01 9.153115e-01
    outer loop
      vertex   2.179829e+01 -4.682121e+01 7.254427e+01
      vertex   1.920022e+01 -4.832121e+01 7.254427e+01
      vertex   2.208400e+01 -4.731608e+01 7.279570e+01
    endloop
  endfacet
  facet normal -2.013733e-01 3.487889e-01 9.153115e-01
    outer loop
      vertex   2.208400e+01 -4.731608e+01 7.279570e+01
      vertex   1.920022e+01 -4.832121e+01 7.254427e+01
      vertex   1.948592e+01 -4.881608e+01 7.279570e+01
    endloop
  endfacet
  facet normal -3.611820e-01 6.255855e-01 6.915131e-01
    outer loop
      vertex   2.208400e+01 -4.731608e+01 7.279570e+01
      vertex   1.948592e+01 -4.881608e+01 7.279570e+01
      vertex   2.229985e+01 -4.768994e+01 7.324667e+01
    endloop
  endfacet
  facet normal -3.611820e-01 6.255855e-01 6.915131e-01
    outer loop
      vertex   2.229985e+01 -4.768994e+01 7.324667e+01
      vertex   1.948592e+01 -4.881608e+01 7.279570e+01
      vertex   1.970178e+01 -4.918994e+01 7.324667e+01
    endloop
  endfacet
  facet normal -4.660039e-01 8.071425e-01 3.624380e-01
    outer loop
      vertex   2.635445e+01 -5.471271e+01 7.892478e+01
      vertex   2.375637e+01 -5.621271e+01 7.892478e+01
      vertex   2.646758e+01 -5.490866e+01 7.950663e+01
    endloop
  endfacet
  facet normal -4.660039e-01 8.071425e-01 3.624380e-01
    outer loop
      vertex   2.646758e+01 -5.490866e+01 7.950663e+01
      vertex   2.375637e+01 -5.621271e+01 7.892478e+01
      vertex   2.386951e+01 -5.640866e+01 7.950663e+01
    endloop
  endfacet
  facet normal -4.998810e-01 8.658193e-01 -2.181489e-02
    outer loop
      vertex   2.646758e+01 -5.490866e+01 7.950663e+01
      vertex   2.386951e+01 -5.640866e+01 7.950663e+01
      vertex   2.646077e+01 -5.489687e+01 8.013077e+01
    endloop
  endfacet
  facet normal -4.998810e-01 8.658193e-01 -2.181489e-02
    outer loop
      vertex   2.646077e+01 -5.489687e+01 8.013077e+01
      vertex   2.386951e+01 -5.640866e+01 7.950663e+01
      vertex   2.386270e+01 -5.639687e+01 8.013077e+01
    endloop
  endfacet
  facet normal -4.576557e-01 7.926830e-01 -4.027467e-01
    outer loop
      vertex   2.646077e+01 -5.489687e+01 8.013077e+01
      vertex   2.386270e+01 -5.639687e+01 8.013077e+01
      vertex   2.633506e+01 -5.467912e+01 8.070219e+01
    endloop
  endfacet
  facet normal -4.576557e-01 7.926830e-01 -4.027467e-01
    outer loop
      vertex   2.633506e+01 -5.467912e+01 8.070219e+01
      vertex   2.386270e+01 -5.639687e+01 8.013077e+01
      vertex   2.373698e+01 -5.617912e+01 8.070219e+01
    endloop
  endfacet
  facet normal -3.457565e-01 5.988679e-01 -7.223640e-01
    outer loop
      vertex   2.633506e+01 -5.467912e+01 8.070219e+01
      vertex   2.373698e+01 -5.617912e+01 8.070219e+01
      vertex   2.610958e+01 -5.428858e+01 8.113389e+01
    endloop
  endfacet
  facet normal -3.457565e-01 5.988679e-01 -7.223640e-01
    outer loop
      vertex   2.610958e+01 -5.428858e+01 8.113389e+01
      vertex   2.373698e+01 -5.617912e+01 8.070219e+01
      vertex   2.351150e+01 -5.578858e+01 8.113389e+01
    endloop
  endfacet
  facet normal -1.812190e-01 3.138805e-01 -9.320079e-01
    outer loop
      vertex   2.610958e+01 -5.428858e+01 8.113389e+01
      vertex   2.351150e+01 -5.578858e+01 8.113389e+01
      vertex   2.581865e+01 -5.378469e+01 8.136016e+01
    endloop
  endfacet
  facet normal -1.812190e-01 3.138805e-01 -9.320079e-01
    outer loop
      vertex   2.581865e+01 -5.378469e+01 8.136016e+01
      vertex   2.351150e+01 -5.578858e+01 8.113389e+01
      vertex   2.322058e+01 -5.528469e+01 8.136016e+01
    endloop
  endfacet
  facet normal 1.090744e-02 -1.889224e-02 -9.997620e-01
    outer loop
      vertex   2.581865e+01 -5.378469e+01 8.136016e+01
      vertex   2.322058e+01 -5.528469e+01 8.136016e+01
      vertex   2.550658e+01 -5.324416e+01 8.134654e+01
    endloop
  endfacet
  facet normal 1.090744e-02 -1.889224e-02 -9.997620e-01
    outer loop
      vertex   2.550658e+01 -5.324416e+01 8.134654e+01
      vertex   2.322058e+01 -5.528469e+01 8.136016e+01
      vertex   2.290851e+01 -5.474416e+01 8.134654e+01
    endloop
  endfacet
  facet normal 2.013733e-01 -3.487889e-01 -9.153115e-01
    outer loop
      vertex   2.550658e+01 -5.324416e+01 8.134654e+01
      vertex   2.290851e+01 -5.474416e+01 8.134654e+01
      vertex   2.522087e+01 -5.274930e+01 8.109511e+01
    endloop
  endfacet
  facet normal 2.013733e-01 -3.487889e-01 -9.153115e-01
    outer loop
      vertex   2.522087e+01 -5.274930e+01 8.109511e+01
      vertex   2.290851e+01 -5.474416e+01 8.134654e+01
      vertex   2.262280e+01 -5.424930e+01 8.109511e+01
    endloop
  endfacet
  facet normal 3.611820e-01 -6.255855e-01 -6.915131e-01
    outer loop
      vertex   2.522087e+01 -5.274930e+01 8.109511e+01
      vertex   2.262280e+01 -5.424930e+01 8.109511e+01
      vertex   2.500502e+01 -5.237543e+01 8.064414e+01
    endloop
  endfacet
  facet normal 3.611820e-01 -6.255855e-01 -6.915131e-01
    outer loop
      vertex   2.500502e+01 -5.237543e+01 8.064414e+01
      vertex   2.262280e+01 -5.424930e+01 8.109511e+01
      vertex   2.240695e+01 -5.387543e+01 8.064414e+01
    endloop
  endfacet
  facet normal 4.660039e-01 -8.071425e-01 -3.624380e-01
    outer loop
      vertex   2.500502e+01 -5.237543e+01 8.064414e+01
      vertex   2.240695e+01 -5.387543e+01 8.064414e+01
      vertex   2.489189e+01 -5.217948e+01 8.006230e+01
    endloop
  endfacet
  facet normal 4.660039e-01 -8.071425e-01 -3.624380e-01
    outer loop
      vertex   2.489189e+01 -5.217948e+01 8.006230e+01
      vertex   2.240695e+01 -5.387543e+01 8.064414e+01
      vertex   2.229381e+01 -5.367948e+01 8.006230e+01
    endloop
  endfacet
  facet normal 4.998810e-01 -8.658193e-01 2.181489e-02
    outer loop
      vertex   2.489189e+01 -5.217948e+01 8.006230e+01
      vertex   2.229381e+01 -5.367948e+01 8.006230e+01
      vertex   2.489870e+01 -5.219128e+01 7.943816e+01
    endloop
  endfacet
  facet normal 4.998810e-01 -8.658193e-01 2.181489e-02
    outer loop
      vertex   2.489870e+01 -5.219128e+01 7.943816e+01
      vertex   2.229381e+01 -5.367948e+01 8.006230e+01
      vertex   2.230062e+01 -5.369128e+01 7.943816e+01
    endloop
  endfacet
  facet normal 4.576557e-01 -7.926830e-01 4.027467e-01
    outer loop
      vertex   2.489870e+01 -5.219128e+01 7.943816e+01
      vertex   2.230062e+01 -5.369128e+01 7.943816e+01
      vertex   2.502441e+01 -5.240902e+01 7.886674e+01
    endloop
  endfacet
  facet normal 4.576557e-01 -7.926830e-01 4.027467e-01
    outer loop
      vertex   2.502441e+01 -5.240902e+01 7.886674e+01
      vertex   2.230062e+01 -5.369128e+01 7.943816e+01
      vertex   2.242634e+01 -5.390902e+01 7.886674e+01
    endloop
  endfacet
  facet normal 3.457565e-01 -5.988679e-01 7.223640e-01
    outer loop
      vertex   2.502441e+01 -5.240902e+01 7.886674e+01
      vertex   2.242634e+01 -5.390902e+01 7.886674e+01
      vertex   2.524990e+01 -5.279957e+01 7.843504e+01
    endloop
  endfacet
  facet normal 3.457565e-01 -5.988679e-01 7.223640e-01
    outer loop
      vertex   2.524990e+01 -5.279957e+01 7.843504e+01
      vertex   2.242634e+01 -5.390902e+01 7.886674e+01
      vertex   2.265182e+01 -5.429957e+01 7.843504e+01
    endloop
  endfacet
  facet normal 1.812190e-01 -3.138805e-01 9.320079e-01
    outer loop
      vertex   2.524990e+01 -5.279957e+01 7.843504e+01
      vertex   2.265182e+01 -5.429957e+01 7.843504e+01
      vertex   2.554082e+01 -5.330346e+01 7.820877e+01
    endloop
  endfacet
  facet normal 1.812190e-01 -3.138805e-01 9.320079e-01
    outer loop
      vertex   2.554082e+01 -5.330346e+01 7.820877e+01
      vertex   2.265182e+01 -5.429957e+01 7.843504e+01
      vertex   2.294274e+01 -5.480346e+01 7.820877e+01
    endloop
  endfacet
  facet normal -1.090744e-02 1.889224e-02 9.997620e-01
    outer loop
      vertex   2.554082e+01 -5.330346e+01 7.820877e+01
      vertex   2.294274e+01 -5.480346e+01 7.820877e+01
      vertex   2.585289e+01 -5.384398e+01 7.822239e+01
    endloop
  endfacet
  facet normal -1.090744e-02 1.889224e-02 9.997620e-01
    outer loop
      vertex   2.585289e+01 -5.384398e+01 7.822239e+01
      vertex   2.294274e+01 -5.480346e+01 7.820877e+01
      vertex   2.325481e+01 -5.534398e+01 7.822239e+01
    endloop
  endfacet
  facet normal -2.013733e-01 3.487889e-01 9.153115e-01
    outer loop
      vertex   2.585289e+01 -5.384398e+01 7.822239e+01
      vertex   2.325481e+01 -5.534398e+01 7.822239e+01
      vertex   2.613860e+01 -5.433884e+01 7.847382e+01
    endloop
  endfacet
  facet normal -2.013733e-01 3.487889e-01 9.153115e-01
    outer loop
      vertex   2.613860e+01 -5.433884e+01 7.847382e+01
      vertex   2.325481e+01 -5.534398e+01 7.822239e+01
      vertex   2.354052e+01 -5.583884e+01 7.847382e+01
    endloop
  endfacet
  facet normal -3.611820e-01 6.255855e-01 6.915131e-01
    outer loop
      vertex   2.613860e+01 -5.433884e+01 7.847382e+01
      vertex   2.354052e+01 -5.583884e+01 7.847382e+01
      vertex   2.635445e+01 -5.471271e+01 7.892478e+01
    endloop
  endfacet
  facet normal -3.611820e-01 6.255855e-01 6.915131e-01
    outer loop
      vertex   2.635445e+01 -5.471271e+01 7.892478e+01
      vertex   2.354052e+01 -5.583884e+01 7.847382e+01
      vertex   2.375637e+01 -5.621271e+01 7.892478e+01
    endloop
  endfacet
  facet normal -4.660039e-01 8.071425e-01 3.624380e-01
    outer loop
      vertex   1.946079e+01 -4.277255e+01 8.135586e+01
      vertex   1.686272e+01 -4.427255e+01 8.135586e+01
      vertex   1.957393e+01 -4.296850e+01 8.193770e+01
    endloop
  endfacet
  facet normal -4.660039e-01 8.071425e-01 3.624380e-01
    outer loop
      vertex   1.957393e+01 -4.296850e+01 8.193770e+01
      vertex   1.686272e+01 -4.427255e+01 8.135586e+01
      vertex   1.697585e+01 -4.446850e+01 8.193770e+01
    endloop
  endfacet
  facet normal -4.998810e-01 8.658193e-01 -2.181489e-02
    outer loop
      vertex   1.957393e+01 -4.296850e+01 8.193770e+01
      vertex   1.697585e+01 -4.446850e+01 8.193770e+01
      vertex   1.956712e+01 -4.295671e+01 8.256184e+01
    endloop
  endfacet
  facet normal -4.998810e-01 8.658193e-01 -2.181489e-02
    outer loop
      vertex   1.956712e+01 -4.295671e+01 8.256184e+01
      vertex   1.697585e+01 -4.446850e+01 8.193770e+01
      vertex   1.696904e+01 -4.445671e+01 8.256184e+01
    endloop
  endfacet
  facet normal -4.576557e-01 7.926830e-01 -4.027467e-01
    outer loop
      vertex   1.956712e+01 -4.295671e+01 8.256184e+01
      vertex   1.696904e+01 -4.445671e+01 8.256184e+01
      vertex   1.944140e+01 -4.273896e+01 8.313326e+01
    endloop
  endfacet
  facet normal -4.576557e-01 7.926830e-01 -4.027467e-01
    outer loop
      vertex   1.944140e+01 -4.273896e+01 8.313326e+01
      vertex   1.696904e+01 -4.445671e+01 8.256184e+01
      vertex   1.684333e+01 -4.423896e+01 8.313326e+01
    endloop
  endfacet
  facet normal -3.457565e-01 5.988679e-01 -7.223640e-01
    outer loop
      vertex   1.944140e+01 -4.273896e+01 8.313326e+01
      vertex   1.684333e+01 -4.423896e+01 8.313326e+01
      vertex   1.921592e+01 -4.234842e+01 8.356496e+01
    endloop
  endfacet
  facet normal -3.457565e-01 5.988679e-01 -7.223640e-01
    outer loop
      vertex   1.921592e+01 -4.234842e+01 8.356496e+01
      vertex   1.684333e+01 -4.423896e+01 8.313326e+01
      vertex   1.661784e+01 -4.384842e+01 8.356496e+01
    endloop
  endfacet
  facet normal -1.812190e-01 3.138805e-01 -9.320079e-01
    outer loop
      vertex   1.921592e+01 -4.234842e+01 8.356496e+01
      vertex   1.661784e+01 -4.384842e+01 8.356496e+01
      vertex   1.892500e+01 -4.184453e+01 8.379123e+01
    endloop
  endfacet
  facet normal -1.812190e-01 3.138805e-01 -9.320079e-01
    outer loop
      vertex   1.892500e+01 -4.184453e+01 8.379123e+01
      vertex   1.661784e+01 -4.384842e+01 8.356496e+01
      vertex   1.632692e+01 -4.334453e+01 8.379123e+01
    endloop
  endfacet
  facet normal 1.090744e-02 -1.889224e-02 -9.997620e-01
    outer loop
      vertex   1.892500e+01 -4.184453e+01 8.379123e+01
      vertex   1.632692e+01 -4.334453e+01 8.379123e+01
      vertex   1.861293e+01 -4.130400e+01 8.377761e+01
    endloop
  endfacet
  facet normal 1.090744e-02 -1.889224e-02 -9.997620e-01
    outer loop
      vertex   1.861293e+01 -4.130400e+01 8.377761e+01
      vertex   1.632692e+01 -4.334453e+01 8.379123e+01
      vertex   1.601485e+01 -4.280400e+01 8.377761e+01
    endloop
  endfacet
  facet normal 2.013733e-01 -3.487889e-01 -9.153115e-01
    outer loop
      vertex   1.861293e+01 -4.130400e+01 8.377761e+01
      vertex   1.601485e+01 -4.280400e+01 8.377761e+01
      vertex   1.832722e+01 -4.080914e+01 8.352618e+01
    endloop
  endfacet
  facet normal 2.013733e-01 -3.487889e-01 -9.153115e-01
    outer loop
      vertex   1.832722e+01 -4.080914e+01 8.352618e+01
      vertex   1.601485e+01 -4.280400e+01 8.377761e+01
      vertex   1.572914e+01 -4.230914e+01 8.352618e+01
    endloop
  endfacet
  facet normal 3.611820e-01 -6.255855e-01 -6.915131e-01
    outer loop
      vertex   1.832722e+01 -4.080914e+01 8.352618e+01
      vertex   1.572914e+01 -4.230914e+01 8.352618e+01
      vertex   1.811137e+01 -4.043527e+01 8.307522e+01
    endloop
  endfacet
  facet normal 3.611820e-01 -6.255855e-01 -6.915131e-01
    outer loop
      vertex   1.811137e+01 -4.043527e+01 8.307522e+01
      vertex   1.572914e+01 -4.230914e+01 8.352618e+01
      vertex   1.551329e+01 -4.193527e+01 8.307522e+01
    endloop
  endfacet
  facet normal 4.660039e-01 -8.071425e-01 -3.624380e-01
    outer loop
      vertex   1.811137e+01 -4.043527e+01 8.307522e+01
      vertex   1.551329e+01 -4.193527e+01 8.307522e+01
      vertex   1.799824e+01 -4.023932e+01 8.249337e+01
    endloop
  endfacet
  facet normal 4.660039e-01 -8.071425e-01 -3.624380e-01
    outer loop
      vertex   1.799824e+01 -4.023932e+01 8.249337e+01
      vertex   1.551329e+01 -4.193527e+01 8.307522e+01
      vertex   1.540016e+01 -4.173932e+01 8.249337e+01
    endloop
  endfacet
  facet normal 4.998810e-01 -8.658193e-01 2.181489e-02
    outer loop
      vertex   1.799824e+01 -4.023932e+01 8.249337e+01
      vertex   1.540016e+01 -4.173932e+01 8.249337e+01
      vertex   1.800504e+01 -4.025112e+01 8.186923e+01
    endloop
  endfacet
  facet normal 4.998810e-01 -8.658193e-01 2.181489e-02
    outer loop
      vertex   1.800504e+01 -4.025112e+01 8.186923e+01
      vertex   1.540016e+01 -4.173932e+01 8.249337e+01
      vertex   1.540697e+01 -4.175112e+01 8.186923e+01
    endloop
  endfacet
  facet normal 4.576557e-01 -7.926830e-01 4.027467e-01
    outer loop
      vertex   1.800504e+01 -4.025112e+01 8.186923e+01
      vertex   1.540697e+01 -4.175112e+01 8.186923e+01
      vertex   1.813076e+01 -4.046886e+01 8.129782e+01
    endloop
  endfacet
  facet normal 4.576557e-01 -7.926830e-01 4.027467e-01
    outer loop
      vertex   1.813076e+01 -4.046886e+01 8.129782e+01
      vertex   1.540697e+01 -4.175112e+01 8.186923e+01
      vertex   1.553268e+01 -4.196886e+01 8.129782e+01
    endloop
  endfacet
  facet normal 3.457565e-01 -5.988679e-01 7.223640e-01
    outer loop
      vertex   1.813076e+01 -4.046886e+01 8.129782e+01
      vertex   1.553268e+01 -4.196886e+01 8.129782e+01
      vertex   1.835624e+01 -4.085941e+01 8.086611e+01
    endloop
  endfacet
  facet normal 3.457565e-01 -5.988679e-01 7.223640e-01
    outer loop
      vertex   1.835624e+01 -4.085941e+01 8.086611e+01
      vertex   1.553268e+01 -4.196886e+01 8.129782e+01
      vertex   1.575817e+01 -4.235941e+01 8.086611e+01
    endloop
  endfacet
  facet normal 1.812190e-01 -3.138805e-01 9.320079e-01
    outer loop
      vertex   1.835624e+01 -4.085941e+01 8.086611e+01
      vertex   1.575817e+01 -4.235941e+01 8.086611e+01
      vertex   1.864716e+01 -4.136330e+01 8.063984e+01
    endloop
  endfacet
  facet normal 1.812190e-01 -3.138805e-01 9.320079e-01
    outer loop
      vertex   1.864716e+01 -4.136330e+01 8.063984e+01
      vertex   1.575817e+01 -4.235941e+01 8.086611e+01
      vertex   1.604909e+01 -4.286330e+01 8.063984e+01
    endloop
  endfacet
  facet normal -1.090744e-02 1.889224e-02 9.997620e-01
    outer loop
      vertex   1.864716e+01 -4.136330e+01 8.063984e+01
      vertex   1.604909e+01 -4.286330e+01 8.063984e+01
      vertex   1.895923e+01 -4.190382e+01 8.065346e+01
    endloop
  endfacet
  facet normal -1.090744e-02 1.889224e-02 9.997620e-01
    outer loop
      vertex   1.895923e+01 -4.190382e+01 8.065346e+01
      vertex   1.604909e+01 -4.286330e+01 8.063984e+01
      vertex   1.636116e+01 -4.340382e+01 8.065346e+01
    endloop
  endfacet
  facet normal -2.013733e-01 3.487889e-01 9.153115e-01
    outer loop
      vertex   1.895923e+01 -4.190382e+01 8.065346e+01
      vertex   1.636116e+01 -4.340382e+01 8.065346e+01
      vertex   1.924494e+01 -4.239868e+01 8.090489e+01
    endloop
  endfacet
  facet normal -2.013733e-01 3.487889e-01 9.153115e-01
    outer loop
      vertex   1.924494e+01 -4.239868e+01 8.090489e+01
      vertex   1.636116e+01 -4.340382e+01 8.065346e+01
      vertex   1.664687e+01 -4.389868e+01 8.090489e+01
    endloop
  endfacet
  facet normal -3.611820e-01 6.255855e-01 6.915131e-01
    outer loop
      vertex   1.924494e+01 -4.239868e+01 8.090489e+01
      vertex   1.664687e+01 -4.389868e+01 8.090489e+01
      vertex   1.946079e+01 -4.277255e+01 8.135586e+01
    endloop
  endfacet
  facet normal -3.611820e-01 6.255855e-01 6.915131e-01
    outer loop
      vertex   1.946079e+01 -4.277255e+01 8.135586e+01
      vertex   1.664687e+01 -4.389868e+01 8.090489e+01
      vertex   1.686272e+01 -4.427255e+01 8.135586e+01
    endloop
  endfacet
  facet normal -4.660039e-01 8.071425e-01 3.624380e-01
    outer loop
      vertex   2.351539e+01 -4.979532e+01 8.703398e+01
      vertex   2.091731e+01 -5.129532e+01 8.703398e+01
      vertex   2.362852e+01 -4.999127e+01 8.761582e+01
    endloop
  endfacet
  facet normal -4.660039e-01 8.071425e-01 3.624380e-01
    outer loop
      vertex   2.362852e+01 -4.999127e+01 8.761582e+01
      vertex   2.091731e+01 -5.129532e+01 8.703398e+01
      vertex   2.103045e+01 -5.149127e+01 8.761582e+01
    endloop
  endfacet
  facet normal -4.998810e-01 8.658193e-01 -2.181489e-02
    outer loop
      vertex   2.362852e+01 -4.999127e+01 8.761582e+01
      vertex   2.103045e+01 -5.149127e+01 8.761582e+01
      vertex   2.362171e+01 -4.997947e+01 8.823996e+01
    endloop
  endfacet
  facet normal -4.998810e-01 8.658193e-01 -2.181489e-02
    outer loop
      vertex   2.362171e+01 -4.997947e+01 8.823996e+01
      vertex   2.103045e+01 -5.149127e+01 8.761582e+01
      vertex   2.102364e+01 -5.147947e+01 8.823996e+01
    endloop
  endfacet
  facet normal -4.576557e-01 7.926830e-01 -4.027467e-01
    outer loop
      vertex   2.362171e+01 -4.997947e+01 8.823996e+01
      vertex   2.102364e+01 -5.147947e+01 8.823996e+01
      vertex   2.349600e+01 -4.976173e+01 8.881138e+01
    endloop
  endfacet
  facet normal -4.576557e-01 7.926830e-01 -4.027467e-01
    outer loop
      vertex   2.349600e+01 -4.976173e+01 8.881138e+01
      vertex   2.102364e+01 -5.147947e+01 8.823996e+01
      vertex   2.089792e+01 -5.126173e+01 8.881138e+01
    endloop
  endfacet
  facet normal -3.457565e-01 5.988679e-01 -7.223640e-01
    outer loop
      vertex   2.349600e+01 -4.976173e+01 8.881138e+01
      vertex   2.089792e+01 -5.126173e+01 8.881138e+01
      vertex   2.327052e+01 -4.937118e+01 8.924308e+01
    endloop
  endfacet
  facet normal -3.457565e-01 5.988679e-01 -7.223640e-01
    outer loop
      vertex   2.327052e+01 -4.937118e+01 8.924308e+01
      vertex   2.089792e+01 -5.126173e+01 8.881138e+01
      vertex   2.067244e+01 -5.087118e+01 8.924308e+01
    endloop
  endfacet
  facet normal -1.812190e-01 3.138805e-01 -9.320079e-01
    outer loop
      vertex   2.327052e+01 -4.937118e+01 8.924308e+01
      vertex   2.067244e+01 -5.087118e+01 8.924308e+01
      vertex   2.297960e+01 -4.886729e+01 8.946935e+01
    endloop
  endfacet
  facet normal -1.812190e-01 3.138805e-01 -9.320079e-01
    outer loop
      vertex   2.297960e+01 -4.886729e+01 8.946935e+01
      vertex   2.067244e+01 -5.087118e+01 8.924308e+01
      vertex   2.038152e+01 -5.036729e+01 8.946935e+01
    endloop
  endfacet
  facet normal 1.090744e-02 -1.889224e-02 -9.997620e-01
    outer loop
      vertex   2.297960e+01 -4.886729e+01 8.946935e+01
      vertex   2.038152e+01 -5.036729e+01 8.946935e+01
      vertex   2.266753e+01 -4.832677e+01 8.945573e+01
    endloop
  endfacet
  facet normal 1.090744e-02 -1.889224e-02 -9.997620e-01
    outer loop
      vertex   2.266753e+01 -4.832677e+01 8.945573e+01
      vertex   2.038152e+01 -5.036729e+01 8.946935e+01
      vertex   2.006945e+01 -4.982677e+01 8.945573e+01
    endloop
  endfacet
  facet normal 2.013733e-01 -3.487889e-01 -9.153115e-01
    outer loop
      vertex   2.266753e+01 -4.832677e+01 8.945573e+01
      vertex   2.006945e+01 -4.982677e+01 8.945573e+01
      vertex   2.238182e+01 -4.783191e+01 8.920430e+01
    endloop
  endfacet
  facet normal 2.013733e-01 -3.487889e-01 -9.153115e-01
    outer loop
      vertex   2.238182e+01 -4.783191e+01 8.920430e+01
      vertex   2.006945e+01 -4.982677e+01 8.945573e+01
      vertex   1.978374e+01 -4.933191e+01 8.920430e+01
    endloop
  endfacet
  facet normal 3.611820e-01 -6.255855e-01 -6.915131e-01
    outer loop
      vertex   2.238182e+01 -4.783191e+01 8.920430e+01
      vertex   1.978374e+01 -4.933191e+01 8.920430e+01
      vertex   2.216596e+01 -4.745804e+01 8.875333e+01
    endloop
  endfacet
  facet normal 3.611820e-01 -6.255855e-01 -6.915131e-01
    outer loop
      vertex   2.216596e+01 -4.745804e+01 8.875333e+01
      vertex   1.978374e+01 -4.933191e+01 8.920430e+01
      vertex   1.956789e+01 -4.895804e+01 8.875333e+01
    endloop
  endfacet
  facet normal 4.660039e-01 -8.071425e-01 -3.624380e-01
    outer loop
      vertex   2.216596e+01 -4.745804e+01 8.875333e+01
      vertex   1.956789e+01 -4.895804e+01 8.875333e+01
      vertex   2.205283e+01 -4.726209e+01 8.817149e+01
    endloop
  endfacet
  facet normal 4.660039e-01 -8.071425e-01 -3.624380e-01
    outer loop
      vertex   2.205283e+01 -4.726209e+01 8.817149e+01
      vertex   1.956789e+01 -4.895804e+01 8.875333e+01
      vertex   1.945475e+01 -4.876209e+01 8.817149e+01
    endloop
  endfacet
  facet normal 4.998810e-01 -8.658193e-01 2.181489e-02
    outer loop
      vertex   2.205283e+01 -4.726209e+01 8.817149e+01
      vertex   1.945475e+01 -4.876209e+01 8.817149e+01
      vertex   2.205964e+01 -4.727388e+01 8.754735e+01
    endloop
  endfacet
  facet normal 4.998810e-01 -8.658193e-01 2.181489e-02
    outer loop
      vertex   2.205964e+01 -4.727388e+01 8.754735e+01
      vertex   1.945475e+01 -4.876209e+01 8.817149e+01
      vertex   1.946156e+01 -4.877388e+01 8.754735e+01
    endloop
  endfacet
  facet normal 4.576557e-01 -7.926830e-01 4.027467e-01
    outer loop
      vertex   2.205964e+01 -4.727388e+01 8.754735e+01
      vertex   1.946156e+01 -4.877388e+01 8.754735e+01
      vertex   2.218536e+01 -4.749163e+01 8.697593e+01
    endloop
  endfacet
  facet normal 4.576557e-01 -7.926830e-01 4.027467e-01
    outer loop
      vertex   2.218536e+01 -4.749163e+01 8.697593e+01
      vertex   1.946156e+01 -4.877388e+01 8.754735e+01
      vertex   1.958728e+01 -4.899163e+01 8.697593e+01
    endloop
  endfacet
  facet normal 3.457565e-01 -5.988679e-01 7.223640e-01
    outer loop
      vertex   2.218536e+01 -4.749163e+01 8.697593e+01
      vertex   1.958728e+01 -4.899163e+01 8.697593e+01
      vertex   2.241084e+01 -4.788217e+01 8.654423e+01
    endloop
  endfacet
  facet normal 3.457565e-01 -5.988679e-01 7.223640e-01
    outer loop
      vertex   2.241084e+01 -4.788217e+01 8.654423e+01
      vertex   1.958728e+01 -4.899163e+01 8.697593e+01
      vertex   1.981276e+01 -4.938217e+01 8.654423e+01
    endloop
  endfacet
  facet normal 1.812190e-01 -3.138805e-01 9.320079e-01
    outer loop
      vertex   2.241084e+01 -4.788217e+01 8.654423e+01
      vertex   1.981276e+01 -4.938217e+01 8.654423e+01
      vertex   2.270176e+01 -4.838606e+01 8.631796e+01
    endloop
  endfacet
  facet normal 1.812190e-01 -3.138805e-01 9.320079e-01
    outer loop
      vertex   2.270176e+01 -4.838606e+01 8.631796e+01
      vertex   1.981276e+01 -4.938217e+01 8.654423e+01
      vertex   2.010368e+01 -4.988606e+01 8.631796e+01
    endloop
  endfacet
  facet normal -1.090744e-02 1.889224e-02 9.997620e-01
    outer loop
      vertex   2.270176e+01 -4.838606e+01 8.631796e+01
      vertex   2.010368e+01 -4.988606e+01 8.631796e+01
      vertex   2.301383e+01 -4.892659e+01 8.633158e+01
    endloop
  endfacet
  facet normal -1.090744e-02 1.889224e-02 9.997620e-01
    outer loop
      vertex   2.301383e+01 -4.892659e+01 8.633158e+01
      vertex   2.010368e+01 -4.988606e+01 8.631796e+01
      vertex   2.041575e+01 -5.042659e+01 8.633158e+01
    endloop
  endfacet
  facet normal -2.013733e-01 3.487889e-01 9.153115e-01
    outer loop
      vertex   2.301383e+01 -4.892659e+01 8.633158e+01
      vertex   2.041575e+01 -5.042659e+01 8.633158e+01
      vertex   2.329954e+01 -4.942145e+01 8.658301e+01
    endloop
  endfacet
  facet normal -2.013733e-01 3.487889e-01 9.153115e-01
    outer loop
      vertex   2.329954e+01 -4.942145e+01 8.658301e+01
      vertex   2.041575e+01 -5.042659e+01 8.633158e+01
      vertex   2.070146e+01 -5.092145e+01 8.658301e+01
    endloop
  endfacet
  facet normal -3.611820e-01 6.255855e-01 6.915131e-01
    outer loop
      vertex   2.329954e+01 -4.942145e+01 8.658301e+01
      vertex   2.070146e+01 -5.092145e+01 8.658301e+01
      vertex   2.351539e+01 -4.979532e+01 8.703398e+01
    endloop
  endfacet
  facet normal -3.611820e-01 6.255855e-01 6.915131e-01
    outer loop
      vertex   2.351539e+01 -4.979532e+01 8.703398e+01
      vertex   2.070146e+01 -5.092145e+01 8.658301e+01
      vertex   2.091731e+01 -5.129532e+01 8.703398e+01
    endloop
  endfacet
  facet normal 8.660254e-01 5.000000e-01 1.458269e-13
    outer loop
      vertex   4.397125e+01 -4.722591e+01 6.838139e+01
      vertex   3.938302e+01 -3.927886e+01 7.323051e+01
      vertex   4.554952e+01 -4.995954e+01 6.888244e+01
    endloop
  endfacet
  facet normal 8.660254e-01 5.000000e-01 1.612566e-13
    outer loop
      vertex   4.554952e+01 -4.995954e+01 6.888244e+01
      vertex   3.938302e+01 -3.927886e+01 7.323051e+01
      vertex   3.945420e+01 -3.940214e+01 7.403779e+01
    endloop
  endfacet
  facet normal 8.660254e-01 5.000000e-01 1.607785e-13
    outer loop
      vertex   4.554952e+01 -4.995954e+01 6.888244e+01
      vertex   3.945420e+01 -3.940214e+01 7.403779e+01
      vertex   4.714967e+01 -5.273109e+01 6.938879e+01
    endloop
  endfacet
  facet normal 8.660254e-01 5.000000e-01 1.493785e-13
    outer loop
      vertex   4.714967e+01 -5.273109e+01 6.938879e+01
      vertex   3.945420e+01 -3.940214e+01 7.403779e+01
      vertex   4.220276e+01 -4.416278e+01 7.703788e+01
    endloop
  endfacet
  facet normal 8.660254e-01 5.000000e-01 1.548860e-13
    outer loop
      vertex   4.714967e+01 -5.273109e+01 6.938879e+01
      vertex   4.220276e+01 -4.416278e+01 7.703788e+01
      vertex   4.260450e+01 -4.485862e+01 7.720031e+01
    endloop
  endfacet
  facet normal 8.660254e-01 5.000000e-01 1.460222e-13
    outer loop
      vertex   4.237896e+01 -4.446798e+01 6.811080e+01
      vertex   3.890985e+01 -3.845931e+01 7.191423e+01
      vertex   4.397125e+01 -4.722591e+01 6.838139e+01
    endloop
  endfacet
  facet normal 8.660254e-01 5.000000e-01 1.499199e-13
    outer loop
      vertex   4.397125e+01 -4.722591e+01 6.838139e+01
      vertex   3.890985e+01 -3.845931e+01 7.191423e+01
      vertex   3.919604e+01 -3.895499e+01 7.250105e+01
    endloop
  endfacet
  facet normal 8.660254e-01 5.000000e-01 1.428226e-13
    outer loop
      vertex   4.397125e+01 -4.722591e+01 6.838139e+01
      vertex   3.919604e+01 -3.895499e+01 7.250105e+01
      vertex   3.938302e+01 -3.927886e+01 7.323051e+01
    endloop
  endfacet
  facet normal 8.660254e-01 5.000000e-01 1.572731e-13
    outer loop
      vertex   3.890985e+01 -3.845931e+01 7.191423e+01
      vertex   4.237896e+01 -4.446798e+01 6.811080e+01
      vertex   3.854990e+01 -3.783585e+01 7.152219e+01
    endloop
  endfacet
  facet normal 8.660254e-01 5.000000e-01 1.514848e-13
    outer loop
      vertex   3.854990e+01 -3.783585e+01 7.152219e+01
      vertex   4.237896e+01 -4.446798e+01 6.811080e+01
      vertex   4.078106e+01 -4.170033e+01 6.807209e+01
    endloop
  endfacet
  facet normal 8.660254e-01 5.000000e-01 1.422987e-13
    outer loop
      vertex   3.854990e+01 -3.783585e+01 7.152219e+01
      vertex   4.078106e+01 -4.170033e+01 6.807209e+01
      vertex   3.814816e+01 -3.714002e+01 7.135976e+01
    endloop
  endfacet
  facet normal 8.660254e-01 5.000000e-01 1.519368e-13
    outer loop
      vertex   3.814816e+01 -3.714002e+01 7.135976e+01
      vertex   4.078106e+01 -4.170033e+01 6.807209e+01
      vertex   3.918596e+01 -3.893754e+01 6.826546e+01
    endloop
  endfacet
  facet normal 8.660254e-01 5.000000e-01 1.640885e-13
    outer loop
      vertex   3.814816e+01 -3.714002e+01 7.135976e+01
      vertex   3.918596e+01 -3.893754e+01 6.826546e+01
      vertex   3.760209e+01 -3.619419e+01 6.868990e+01
    endloop
  endfacet
  facet normal 8.660254e-01 5.000000e-01 1.683822e-13
    outer loop
      vertex   3.814816e+01 -3.714002e+01 7.135976e+01
      vertex   3.760209e+01 -3.619419e+01 6.868990e+01
      vertex   3.774033e+01 -3.643364e+01 7.144138e+01
    endloop
  endfacet
  facet normal 8.660254e-01 5.000000e-01 1.717914e-13
    outer loop
      vertex   3.774033e+01 -3.643364e+01 7.144138e+01
      vertex   3.760209e+01 -3.619419e+01 6.868990e+01
      vertex   3.673718e+01 -3.469613e+01 6.912411e+01
    endloop
  endfacet
  facet normal 8.660254e-01 5.000000e-01 1.476111e-13
    outer loop
      vertex   3.774033e+01 -3.643364e+01 7.144138e+01
      vertex   3.673718e+01 -3.469613e+01 6.912411e+01
      vertex   3.591197e+01 -3.326683e+01 6.980008e+01
    endloop
  endfacet
  facet normal 8.660254e-01 5.000000e-01 1.540509e-13
    outer loop
      vertex   3.591197e+01 -3.326683e+01 6.980008e+01
      vertex   3.514327e+01 -3.193539e+01 7.070404e+01
      vertex   3.774033e+01 -3.643364e+01 7.144138e+01
    endloop
  endfacet
  facet normal 8.660254e-01 5.000000e-01 1.618002e-13
    outer loop
      vertex   3.774033e+01 -3.643364e+01 7.144138e+01
      vertex   3.514327e+01 -3.193539e+01 7.070404e+01
      vertex   3.736265e+01 -3.577947e+01 7.175980e+01
    endloop
  endfacet
  facet normal 8.660254e-01 5.000000e-01 1.520544e-13
    outer loop
      vertex   3.736265e+01 -3.577947e+01 7.175980e+01
      vertex   3.514327e+01 -3.193539e+01 7.070404e+01
      vertex   3.444671e+01 -3.072891e+01 7.181760e+01
    endloop
  endfacet
  facet normal 8.660254e-01 5.000000e-01 1.501211e-13
    outer loop
      vertex   3.736265e+01 -3.577947e+01 7.175980e+01
      vertex   3.444671e+01 -3.072891e+01 7.181760e+01
      vertex   3.704867e+01 -3.523565e+01 7.228671e+01
    endloop
  endfacet
  facet normal 8.660254e-01 5.000000e-01 1.522209e-13
    outer loop
      vertex   3.704867e+01 -3.523565e+01 7.228671e+01
      vertex   3.444671e+01 -3.072891e+01 7.181760e+01
      vertex   3.383648e+01 -2.967196e+01 7.311809e+01
    endloop
  endfacet
  facet normal 8.660254e-01 5.000000e-01 1.480456e-13
    outer loop
      vertex   3.704867e+01 -3.523565e+01 7.228671e+01
      vertex   3.383648e+01 -2.967196e+01 7.311809e+01
      vertex   3.682630e+01 -3.485049e+01 7.297531e+01
    endloop
  endfacet
  facet normal 8.660254e-01 5.000000e-01 1.499940e-13
    outer loop
      vertex   3.682630e+01 -3.485049e+01 7.297531e+01
      vertex   3.383648e+01 -2.967196e+01 7.311809e+01
      vertex   3.671529e+01 -3.465822e+01 7.376440e+01
    endloop
  endfacet
  facet normal 8.660254e-01 5.000000e-01 1.464517e-13
    outer loop
      vertex   3.671529e+01 -3.465822e+01 7.376440e+01
      vertex   3.383648e+01 -2.967196e+01 7.311809e+01
      vertex   3.332499e+01 -2.878605e+01 7.457903e+01
    endloop
  endfacet
  facet normal 8.660254e-01 5.000000e-01 1.558737e-13
    outer loop
      vertex   3.671529e+01 -3.465822e+01 7.376440e+01
      vertex   3.332499e+01 -2.878605e+01 7.457903e+01
      vertex   3.672551e+01 -3.467592e+01 7.458388e+01
    endloop
  endfacet
  facet normal 8.660254e-01 5.000000e-01 1.558382e-13
    outer loop
      vertex   3.672551e+01 -3.467592e+01 7.458388e+01
      vertex   3.332499e+01 -2.878605e+01 7.457903e+01
      vertex   3.292268e+01 -2.808921e+01 7.617069e+01
    endloop
  endfacet
  facet normal 8.660254e-01 5.000000e-01 1.419326e-13
    outer loop
      vertex   3.672551e+01 -3.467592e+01 7.458388e+01
      vertex   3.292268e+01 -2.808921e+01 7.617069e+01
      vertex   3.685605e+01 -3.490201e+01 7.536093e+01
    endloop
  endfacet
  facet normal 8.660254e-01 5.000000e-01 1.506020e-13
    outer loop
      vertex   3.685605e+01 -3.490201e+01 7.536093e+01
      vertex   3.292268e+01 -2.808921e+01 7.617069e+01
      vertex   3.263771e+01 -2.759564e+01 7.786065e+01
    endloop
  endfacet
  facet normal 8.660254e-01 5.000000e-01 1.542591e-13
    outer loop
      vertex   3.685605e+01 -3.490201e+01 7.536093e+01
      vertex   3.263771e+01 -2.759564e+01 7.786065e+01
      vertex   3.709531e+01 -3.531642e+01 7.602650e+01
    endloop
  endfacet
  facet normal 8.660254e-01 5.000000e-01 1.511118e-13
    outer loop
      vertex   3.709531e+01 -3.531642e+01 7.602650e+01
      vertex   3.263771e+01 -2.759564e+01 7.786065e+01
      vertex   3.490127e+01 -3.151624e+01 7.955057e+01
    endloop
  endfacet
  facet normal 8.660254e-01 5.000000e-01 1.515971e-13
    outer loop
      vertex   3.709531e+01 -3.531642e+01 7.602650e+01
      vertex   3.490127e+01 -3.151624e+01 7.955057e+01
      vertex   3.742202e+01 -3.588231e+01 7.652146e+01
    endloop
  endfacet
  facet normal 8.660254e-01 5.000000e-01 1.492341e-13
    outer loop
      vertex   3.742202e+01 -3.588231e+01 7.652146e+01
      vertex   3.490127e+01 -3.151624e+01 7.955057e+01
      vertex   3.530910e+01 -3.222262e+01 7.946896e+01
    endloop
  endfacet
  facet normal 8.660254e-01 5.000000e-01 1.524970e-13
    outer loop
      vertex   3.742202e+01 -3.588231e+01 7.652146e+01
      vertex   3.530910e+01 -3.222262e+01 7.946896e+01
      vertex   3.780717e+01 -3.654941e+01 7.680182e+01
    endloop
  endfacet
  facet normal 8.660254e-01 5.000000e-01 1.575245e-13
    outer loop
      vertex   3.780717e+01 -3.654941e+01 7.680182e+01
      vertex   3.530910e+01 -3.222262e+01 7.946896e+01
      vertex   3.571084e+01 -3.291846e+01 7.963138e+01
    endloop
  endfacet
  facet normal 8.660254e-01 5.000000e-01 1.588638e-13
    outer loop
      vertex   3.780717e+01 -3.654941e+01 7.680182e+01
      vertex   3.571084e+01 -3.291846e+01 7.963138e+01
      vertex   3.821653e+01 -3.725843e+01 7.684268e+01
    endloop
  endfacet
  facet normal 8.660254e-01 5.000000e-01 1.538333e-13
    outer loop
      vertex   3.821653e+01 -3.725843e+01 7.684268e+01
      vertex   3.571084e+01 -3.291846e+01 7.963138e+01
      vertex   3.607080e+01 -3.354191e+01 8.002342e+01
    endloop
  endfacet
  facet normal 8.660254e-01 5.000000e-01 1.509036e-13
    outer loop
      vertex   3.821653e+01 -3.725843e+01 7.684268e+01
      vertex   3.607080e+01 -3.354191e+01 8.002342e+01
      vertex   4.088090e+01 -4.187326e+01 7.865342e+01
    endloop
  endfacet
  facet normal 8.660254e-01 5.000000e-01 1.491932e-13
    outer loop
      vertex   4.088090e+01 -4.187326e+01 7.865342e+01
      vertex   3.607080e+01 -3.354191e+01 8.002342e+01
      vertex   3.635698e+01 -3.403760e+01 8.061024e+01
    endloop
  endfacet
  facet normal 8.660254e-01 5.000000e-01 1.546661e-13
    outer loop
      vertex   4.088090e+01 -4.187326e+01 7.865342e+01
      vertex   3.635698e+01 -3.403760e+01 8.061024e+01
      vertex   4.076989e+01 -4.168098e+01 7.944252e+01
    endloop
  endfacet
  facet normal 8.660254e-01 5.000000e-01 1.457311e-13
    outer loop
      vertex   4.076989e+01 -4.168098e+01 7.944252e+01
      vertex   3.635698e+01 -3.403760e+01 8.061024e+01
      vertex   3.654396e+01 -3.436147e+01 8.133970e+01
    endloop
  endfacet
  facet normal 8.660254e-01 5.000000e-01 1.440885e-13
    outer loop
      vertex   4.076989e+01 -4.168098e+01 7.944252e+01
      vertex   3.654396e+01 -3.436147e+01 8.133970e+01
      vertex   4.078011e+01 -4.169868e+01 8.026200e+01
    endloop
  endfacet
  facet normal 8.660254e-01 5.000000e-01 1.574941e-13
    outer loop
      vertex   4.078011e+01 -4.169868e+01 8.026200e+01
      vertex   3.654396e+01 -3.436147e+01 8.133970e+01
      vertex   3.661514e+01 -3.448474e+01 8.214698e+01
    endloop
  endfacet
  facet normal 8.660254e-01 5.000000e-01 1.539516e-13
    outer loop
      vertex   4.078011e+01 -4.169868e+01 8.026200e+01
      vertex   3.661514e+01 -3.448474e+01 8.214698e+01
      vertex   4.091064e+01 -4.192478e+01 8.103904e+01
    endloop
  endfacet
  facet normal 8.660254e-01 5.000000e-01 1.426305e-13
    outer loop
      vertex   4.091064e+01 -4.192478e+01 8.103904e+01
      vertex   3.661514e+01 -3.448474e+01 8.214698e+01
      vertex   3.656417e+01 -3.439647e+01 8.296035e+01
    endloop
  endfacet
  facet normal 8.660254e-01 5.000000e-01 1.538547e-13
    outer loop
      vertex   4.091064e+01 -4.192478e+01 8.103904e+01
      vertex   3.656417e+01 -3.439647e+01 8.296035e+01
      vertex   4.114990e+01 -4.233918e+01 8.170461e+01
    endloop
  endfacet
  facet normal 8.660254e-01 5.000000e-01 1.613497e-13
    outer loop
      vertex   4.114990e+01 -4.233918e+01 8.170461e+01
      vertex   3.656417e+01 -3.439647e+01 8.296035e+01
      vertex   3.639560e+01 -3.410449e+01 8.370754e+01
    endloop
  endfacet
  facet normal 8.660254e-01 5.000000e-01 1.526282e-13
    outer loop
      vertex   4.114990e+01 -4.233918e+01 8.170461e+01
      vertex   3.639560e+01 -3.410449e+01 8.370754e+01
      vertex   3.895587e+01 -3.853901e+01 8.522869e+01
    endloop
  endfacet
  facet normal 8.660254e-01 5.000000e-01 1.533861e-13
    outer loop
      vertex   3.895587e+01 -3.853901e+01 8.522869e+01
      vertex   3.639560e+01 -3.410449e+01 8.370754e+01
      vertex   3.612440e+01 -3.363476e+01 8.432216e+01
    endloop
  endfacet
  facet normal 8.660254e-01 5.000000e-01 1.402106e-13
    outer loop
      vertex   3.895587e+01 -3.853901e+01 8.522869e+01
      vertex   3.612440e+01 -3.363476e+01 8.432216e+01
      vertex   3.857819e+01 -3.788484e+01 8.554710e+01
    endloop
  endfacet
  facet normal 8.660254e-01 5.000000e-01 1.310700e-13
    outer loop
      vertex   3.857819e+01 -3.788484e+01 8.554710e+01
      vertex   3.612440e+01 -3.363476e+01 8.432216e+01
      vertex   3.577466e+01 -3.302900e+01 8.474960e+01
    endloop
  endfacet
  facet normal 8.660254e-01 5.000000e-01 1.511475e-13
    outer loop
      vertex   3.857819e+01 -3.788484e+01 8.554710e+01
      vertex   3.577466e+01 -3.302900e+01 8.474960e+01
      vertex   3.826421e+01 -3.734102e+01 8.607402e+01
    endloop
  endfacet
  facet normal 8.660254e-01 5.000000e-01 1.630361e-13
    outer loop
      vertex   3.826421e+01 -3.734102e+01 8.607402e+01
      vertex   3.577466e+01 -3.302900e+01 8.474960e+01
      vertex   3.537747e+01 -3.234104e+01 8.495187e+01
    endloop
  endfacet
  facet normal 8.660254e-01 5.000000e-01 1.533835e-13
    outer loop
      vertex   3.826421e+01 -3.734102e+01 8.607402e+01
      vertex   3.537747e+01 -3.234104e+01 8.495187e+01
      vertex   3.804184e+01 -3.695586e+01 8.676261e+01
    endloop
  endfacet
  facet normal 8.660254e-01 5.000000e-01 1.512639e-13
    outer loop
      vertex   3.804184e+01 -3.695586e+01 8.676261e+01
      vertex   3.537747e+01 -3.234104e+01 8.495187e+01
      vertex   3.353941e+01 -2.915743e+01 8.808825e+01
    endloop
  endfacet
  facet normal 8.660254e-01 5.000000e-01 1.454899e-13
    outer loop
      vertex   3.804184e+01 -3.695586e+01 8.676261e+01
      vertex   3.353941e+01 -2.915743e+01 8.808825e+01
      vertex   3.793083e+01 -3.676359e+01 8.755171e+01
    endloop
  endfacet
  facet normal 8.660254e-01 5.000000e-01 1.503251e-13
    outer loop
      vertex   3.793083e+01 -3.676359e+01 8.755171e+01
      vertex   3.353941e+01 -2.915743e+01 8.808825e+01
      vertex   3.409619e+01 -3.012180e+01 8.948137e+01
    endloop
  endfacet
  facet normal 8.660254e-01 5.000000e-01 1.558669e-13
    outer loop
      vertex   3.793083e+01 -3.676359e+01 8.755171e+01
      vertex   3.409619e+01 -3.012180e+01 8.948137e+01
      vertex   3.794105e+01 -3.678129e+01 8.837119e+01
    endloop
  endfacet
  facet normal 8.660254e-01 5.000000e-01 1.522293e-13
    outer loop
      vertex   3.794105e+01 -3.678129e+01 8.837119e+01
      vertex   3.409619e+01 -3.012180e+01 8.948137e+01
      vertex   3.474644e+01 -3.124806e+01 9.070183e+01
    endloop
  endfacet
  facet normal 8.660254e-01 5.000000e-01 1.422541e-13
    outer loop
      vertex   3.794105e+01 -3.678129e+01 8.837119e+01
      vertex   3.474644e+01 -3.124806e+01 9.070183e+01
      vertex   3.807159e+01 -3.700739e+01 8.914823e+01
    endloop
  endfacet
  facet normal 8.660254e-01 5.000000e-01 1.462560e-13
    outer loop
      vertex   3.807159e+01 -3.700739e+01 8.914823e+01
      vertex   3.474644e+01 -3.124806e+01 9.070183e+01
      vertex   3.547691e+01 -3.251327e+01 9.172479e+01
    endloop
  endfacet
  facet normal 8.660254e-01 5.000000e-01 1.532156e-13
    outer loop
      vertex   3.807159e+01 -3.700739e+01 8.914823e+01
      vertex   3.547691e+01 -3.251327e+01 9.172479e+01
      vertex   3.831084e+01 -3.742179e+01 8.981381e+01
    endloop
  endfacet
  facet normal 8.660254e-01 5.000000e-01 1.554945e-13
    outer loop
      vertex   3.831084e+01 -3.742179e+01 8.981381e+01
      vertex   3.547691e+01 -3.251327e+01 9.172479e+01
      vertex   3.863756e+01 -3.798768e+01 9.030876e+01
    endloop
  endfacet
  facet normal 8.660254e-01 5.000000e-01 1.553670e-13
    outer loop
      vertex   3.863756e+01 -3.798768e+01 9.030876e+01
      vertex   3.547691e+01 -3.251327e+01 9.172479e+01
      vertex   3.627273e+01 -3.389168e+01 9.252943e+01
    endloop
  endfacet
  facet normal 8.660254e-01 5.000000e-01 1.466843e-13
    outer loop
      vertex   3.863756e+01 -3.798768e+01 9.030876e+01
      vertex   3.627273e+01 -3.389168e+01 9.252943e+01
      vertex   3.902271e+01 -3.865478e+01 9.058913e+01
    endloop
  endfacet
  facet normal 8.660254e-01 5.000000e-01 1.503926e-13
    outer loop
      vertex   3.902271e+01 -3.865478e+01 9.058913e+01
      vertex   3.627273e+01 -3.389168e+01 9.252943e+01
      vertex   3.711772e+01 -3.535523e+01 9.309936e+01
    endloop
  endfacet
  facet normal 8.660254e-01 5.000000e-01 1.515559e-13
    outer loop
      vertex   3.902271e+01 -3.865478e+01 9.058913e+01
      vertex   3.711772e+01 -3.535523e+01 9.309936e+01
      vertex   3.943207e+01 -3.936381e+01 9.062999e+01
    endloop
  endfacet
  facet normal 8.660254e-01 5.000000e-01 1.464321e-13
    outer loop
      vertex   3.943207e+01 -3.936381e+01 9.062999e+01
      vertex   3.711772e+01 -3.535523e+01 9.309936e+01
      vertex   3.799465e+01 -3.687413e+01 9.342298e+01
    endloop
  endfacet
  facet normal 8.660254e-01 5.000000e-01 1.510400e-13
    outer loop
      vertex   3.943207e+01 -3.936381e+01 9.062999e+01
      vertex   3.799465e+01 -3.687413e+01 9.342298e+01
      vertex   3.888569e+01 -3.841746e+01 9.349371e+01
    endloop
  endfacet
  facet normal 8.660254e-01 5.000000e-01 1.495360e-13
    outer loop
      vertex   3.263771e+01 -2.759564e+01 7.786065e+01
      vertex   3.247590e+01 -2.731537e+01 7.961452e+01
      vertex   3.490127e+01 -3.151624e+01 7.955057e+01
    endloop
  endfacet
  facet normal 8.660254e-01 5.000000e-01 1.472151e-13
    outer loop
      vertex   3.490127e+01 -3.151624e+01 7.955057e+01
      vertex   3.247590e+01 -2.731537e+01 7.961452e+01
      vertex   3.452359e+01 -3.086208e+01 7.986899e+01
    endloop
  endfacet
  facet normal 8.660254e-01 5.000000e-01 1.527111e-13
    outer loop
      vertex   3.452359e+01 -3.086208e+01 7.986899e+01
      vertex   3.247590e+01 -2.731537e+01 7.961452e+01
      vertex   3.420961e+01 -3.031826e+01 8.039590e+01
    endloop
  endfacet
  facet normal 8.660254e-01 5.000000e-01 1.477333e-13
    outer loop
      vertex   3.420961e+01 -3.031826e+01 8.039590e+01
      vertex   3.247590e+01 -2.731537e+01 7.961452e+01
      vertex   3.244054e+01 -2.725412e+01 8.139660e+01
    endloop
  endfacet
  facet normal 8.660254e-01 5.000000e-01 1.522627e-13
    outer loop
      vertex   3.420961e+01 -3.031826e+01 8.039590e+01
      vertex   3.244054e+01 -2.725412e+01 8.139660e+01
      vertex   3.398724e+01 -2.993310e+01 8.108450e+01
    endloop
  endfacet
  facet normal 8.660254e-01 5.000000e-01 1.563261e-13
    outer loop
      vertex   3.398724e+01 -2.993310e+01 8.108450e+01
      vertex   3.244054e+01 -2.725412e+01 8.139660e+01
      vertex   3.387624e+01 -2.974082e+01 8.187359e+01
    endloop
  endfacet
  facet normal 8.660254e-01 5.000000e-01 1.539056e-13
    outer loop
      vertex   3.387624e+01 -2.974082e+01 8.187359e+01
      vertex   3.244054e+01 -2.725412e+01 8.139660e+01
      vertex   3.253234e+01 -2.741313e+01 8.317060e+01
    endloop
  endfacet
  facet normal 8.660254e-01 5.000000e-01 1.493828e-13
    outer loop
      vertex   3.387624e+01 -2.974082e+01 8.187359e+01
      vertex   3.253234e+01 -2.741313e+01 8.317060e+01
      vertex   3.388645e+01 -2.975852e+01 8.269307e+01
    endloop
  endfacet
  facet normal 8.660254e-01 5.000000e-01 1.480240e-13
    outer loop
      vertex   3.388645e+01 -2.975852e+01 8.269307e+01
      vertex   3.253234e+01 -2.741313e+01 8.317060e+01
      vertex   3.401699e+01 -2.998462e+01 8.347012e+01
    endloop
  endfacet
  facet normal 8.660254e-01 5.000000e-01 1.508009e-13
    outer loop
      vertex   3.401699e+01 -2.998462e+01 8.347012e+01
      vertex   3.253234e+01 -2.741313e+01 8.317060e+01
      vertex   3.274945e+01 -2.778917e+01 8.490042e+01
    endloop
  endfacet
  facet normal 8.660254e-01 5.000000e-01 1.532600e-13
    outer loop
      vertex   3.401699e+01 -2.998462e+01 8.347012e+01
      vertex   3.274945e+01 -2.778917e+01 8.490042e+01
      vertex   3.425625e+01 -3.039902e+01 8.413569e+01
    endloop
  endfacet
  facet normal 8.660254e-01 5.000000e-01 1.530433e-13
    outer loop
      vertex   3.425625e+01 -3.039902e+01 8.413569e+01
      vertex   3.274945e+01 -2.778917e+01 8.490042e+01
      vertex   3.458296e+01 -3.096492e+01 8.463065e+01
    endloop
  endfacet
  facet normal 8.660254e-01 5.000000e-01 1.515797e-13
    outer loop
      vertex   3.458296e+01 -3.096492e+01 8.463065e+01
      vertex   3.274945e+01 -2.778917e+01 8.490042e+01
      vertex   3.308743e+01 -2.837457e+01 8.655083e+01
    endloop
  endfacet
  facet normal 8.660254e-01 5.000000e-01 1.489748e-13
    outer loop
      vertex   3.458296e+01 -3.096492e+01 8.463065e+01
      vertex   3.308743e+01 -2.837457e+01 8.655083e+01
      vertex   3.496811e+01 -3.163201e+01 8.491101e+01
    endloop
  endfacet
  facet normal 8.660254e-01 5.000000e-01 1.394982e-13
    outer loop
      vertex   3.496811e+01 -3.163201e+01 8.491101e+01
      vertex   3.308743e+01 -2.837457e+01 8.655083e+01
      vertex   3.537747e+01 -3.234104e+01 8.495187e+01
    endloop
  endfacet
  facet normal 8.660254e-01 5.000000e-01 1.497584e-13
    outer loop
      vertex   3.537747e+01 -3.234104e+01 8.495187e+01
      vertex   3.308743e+01 -2.837457e+01 8.655083e+01
      vertex   3.353941e+01 -2.915743e+01 8.808825e+01
    endloop
  endfacet
  facet normal 8.660254e-01 5.000000e-01 1.383341e-13
    outer loop
      vertex   3.888569e+01 -3.841746e+01 9.349371e+01
      vertex   3.977269e+01 -3.995379e+01 9.331010e+01
      vertex   3.943207e+01 -3.936381e+01 9.062999e+01
    endloop
  endfacet
  facet normal 8.660254e-01 5.000000e-01 -2.599254e-11
    outer loop
      vertex   3.943207e+01 -3.936381e+01 9.062999e+01
      vertex   3.977269e+01 -3.995379e+01 9.331010e+01
      vertex   3.977294e+01 -3.995421e+01 9.331001e+01
    endloop
  endfacet
  facet normal 8.660254e-01 5.000000e-01 1.491323e-13
    outer loop
      vertex   3.943207e+01 -3.936381e+01 9.062999e+01
      vertex   3.977294e+01 -3.995421e+01 9.331001e+01
      vertex   3.982926e+01 -4.005176e+01 9.042771e+01
    endloop
  endfacet
  facet normal 8.660254e-01 5.000000e-01 1.489748e-13
    outer loop
      vertex   3.982926e+01 -4.005176e+01 9.042771e+01
      vertex   3.977294e+01 -3.995421e+01 9.331001e+01
      vertex   4.129868e+01 -4.259687e+01 9.264911e+01
    endloop
  endfacet
  facet normal 8.660254e-01 5.000000e-01 1.482311e-13
    outer loop
      vertex   3.982926e+01 -4.005176e+01 9.042771e+01
      vertex   4.129868e+01 -4.259687e+01 9.264911e+01
      vertex   4.279425e+01 -4.518727e+01 9.175390e+01
    endloop
  endfacet
  facet normal 8.660254e-01 5.000000e-01 1.535955e-13
    outer loop
      vertex   3.982926e+01 -4.005176e+01 9.042771e+01
      vertex   4.279425e+01 -4.518727e+01 9.175390e+01
      vertex   4.017899e+01 -4.065752e+01 9.000028e+01
    endloop
  endfacet
  facet normal 8.660254e-01 5.000000e-01 1.477623e-13
    outer loop
      vertex   4.017899e+01 -4.065752e+01 9.000028e+01
      vertex   4.279425e+01 -4.518727e+01 9.175390e+01
      vertex   4.425066e+01 -4.770986e+01 9.062976e+01
    endloop
  endfacet
  facet normal 8.660254e-01 5.000000e-01 1.540796e-13
    outer loop
      vertex   4.017899e+01 -4.065752e+01 9.000028e+01
      vertex   4.425066e+01 -4.770986e+01 9.062976e+01
      vertex   4.045020e+01 -4.112726e+01 8.938566e+01
    endloop
  endfacet
  facet normal 8.660254e-01 5.000000e-01 1.510251e-13
    outer loop
      vertex   4.045020e+01 -4.112726e+01 8.938566e+01
      vertex   4.425066e+01 -4.770986e+01 9.062976e+01
      vertex   4.565918e+01 -5.014949e+01 8.928343e+01
    endloop
  endfacet
  facet normal 8.660254e-01 5.000000e-01 1.556081e-13
    outer loop
      vertex   4.045020e+01 -4.112726e+01 8.938566e+01
      vertex   4.565918e+01 -5.014949e+01 8.928343e+01
      vertex   4.061877e+01 -4.141923e+01 8.863847e+01
    endloop
  endfacet
  facet normal 8.660254e-01 5.000000e-01 1.541073e-13
    outer loop
      vertex   4.061877e+01 -4.141923e+01 8.863847e+01
      vertex   4.565918e+01 -5.014949e+01 8.928343e+01
      vertex   4.701135e+01 -5.249151e+01 8.772301e+01
    endloop
  endfacet
  facet normal 8.660254e-01 5.000000e-01 1.421476e-13
    outer loop
      vertex   4.061877e+01 -4.141923e+01 8.863847e+01
      vertex   4.701135e+01 -5.249151e+01 8.772301e+01
      vertex   4.066973e+01 -4.150751e+01 8.782510e+01
    endloop
  endfacet
  facet normal 8.660254e-01 5.000000e-01 1.469984e-13
    outer loop
      vertex   4.066973e+01 -4.150751e+01 8.782510e+01
      vertex   4.701135e+01 -5.249151e+01 8.772301e+01
      vertex   4.059856e+01 -4.138423e+01 8.701782e+01
    endloop
  endfacet
  facet normal 8.660254e-01 5.000000e-01 1.524754e-13
    outer loop
      vertex   4.059856e+01 -4.138423e+01 8.701782e+01
      vertex   4.701135e+01 -5.249151e+01 8.772301e+01
      vertex   4.829312e+01 -5.471161e+01 8.622166e+01
    endloop
  endfacet
  facet normal 8.660254e-01 5.000000e-01 1.527172e-13
    outer loop
      vertex   4.059856e+01 -4.138423e+01 8.701782e+01
      vertex   4.829312e+01 -5.471161e+01 8.622166e+01
      vertex   4.266832e+01 -4.496916e+01 8.231852e+01
    endloop
  endfacet
  facet normal 8.660254e-01 5.000000e-01 1.513220e-13
    outer loop
      vertex   4.266832e+01 -4.496916e+01 8.231852e+01
      vertex   4.829312e+01 -5.471161e+01 8.622166e+01
      vertex   4.962068e+01 -5.701100e+01 8.488893e+01
    endloop
  endfacet
  facet normal 8.660254e-01 5.000000e-01 1.485782e-13
    outer loop
      vertex   4.266832e+01 -4.496916e+01 8.231852e+01
      vertex   4.962068e+01 -5.701100e+01 8.488893e+01
      vertex   4.301805e+01 -4.557491e+01 8.189109e+01
    endloop
  endfacet
  facet normal 8.660254e-01 5.000000e-01 1.475501e-13
    outer loop
      vertex   4.301805e+01 -4.557491e+01 8.189109e+01
      vertex   4.962068e+01 -5.701100e+01 8.488893e+01
      vertex   5.098848e+01 -5.938010e+01 8.373035e+01
    endloop
  endfacet
  facet normal 8.660254e-01 5.000000e-01 1.541428e-13
    outer loop
      vertex   4.301805e+01 -4.557491e+01 8.189109e+01
      vertex   5.098848e+01 -5.938010e+01 8.373035e+01
      vertex   4.328925e+01 -4.604465e+01 8.127647e+01
    endloop
  endfacet
  facet normal 8.660254e-01 5.000000e-01 1.431698e-13
    outer loop
      vertex   4.328925e+01 -4.604465e+01 8.127647e+01
      vertex   5.098848e+01 -5.938010e+01 8.373035e+01
      vertex   4.345783e+01 -4.633663e+01 8.052927e+01
    endloop
  endfacet
  facet normal 8.660254e-01 5.000000e-01 1.544939e-13
    outer loop
      vertex   4.345783e+01 -4.633663e+01 8.052927e+01
      vertex   5.098848e+01 -5.938010e+01 8.373035e+01
      vertex   5.239082e+01 -6.180903e+01 8.275078e+01
    endloop
  endfacet
  facet normal 8.660254e-01 5.000000e-01 1.540294e-13
    outer loop
      vertex   4.345783e+01 -4.633663e+01 8.052927e+01
      vertex   5.239082e+01 -6.180903e+01 8.275078e+01
      vertex   4.350879e+01 -4.642490e+01 7.971590e+01
    endloop
  endfacet
  facet normal 8.660254e-01 5.000000e-01 1.468699e-13
    outer loop
      vertex   4.350879e+01 -4.642490e+01 7.971590e+01
      vertex   5.239082e+01 -6.180903e+01 8.275078e+01
      vertex   5.382185e+01 -6.428765e+01 8.195429e+01
    endloop
  endfacet
  facet normal 8.660254e-01 5.000000e-01 1.468568e-13
    outer loop
      vertex   4.350879e+01 -4.642490e+01 7.971590e+01
      vertex   5.382185e+01 -6.428765e+01 8.195429e+01
      vertex   4.343762e+01 -4.630163e+01 7.890862e+01
    endloop
  endfacet
  facet normal 8.660254e-01 5.000000e-01 1.518470e-13
    outer loop
      vertex   4.343762e+01 -4.630163e+01 7.890862e+01
      vertex   5.382185e+01 -6.428765e+01 8.195429e+01
      vertex   6.002867e+01 -7.503817e+01 7.357271e+01
    endloop
  endfacet
  facet normal 8.660254e-01 5.000000e-01 1.504460e-13
    outer loop
      vertex   4.343762e+01 -4.630163e+01 7.890862e+01
      vertex   6.002867e+01 -7.503817e+01 7.357271e+01
      vertex   5.200085e+01 -6.113358e+01 6.948200e+01
    endloop
  endfacet
  facet normal 8.660254e-01 5.000000e-01 1.530918e-13
    outer loop
      vertex   5.200085e+01 -6.113358e+01 6.948200e+01
      vertex   6.002867e+01 -7.503817e+01 7.357271e+01
      vertex   5.996836e+01 -7.493372e+01 7.288867e+01
    endloop
  endfacet
  facet normal 8.660254e-01 5.000000e-01 1.573201e-13
    outer loop
      vertex   5.200085e+01 -6.113358e+01 6.948200e+01
      vertex   5.996836e+01 -7.493372e+01 7.288867e+01
      vertex   5.360558e+01 -6.391305e+01 6.903723e+01
    endloop
  endfacet
  facet normal 8.660254e-01 5.000000e-01 1.518825e-13
    outer loop
      vertex   5.360558e+01 -6.391305e+01 6.903723e+01
      vertex   5.996836e+01 -7.493372e+01 7.288867e+01
      vertex   6.002867e+01 -7.503817e+01 7.220463e+01
    endloop
  endfacet
  facet normal 8.660254e-01 5.000000e-01 1.545453e-13
    outer loop
      vertex   5.360558e+01 -6.391305e+01 6.903723e+01
      vertex   6.002867e+01 -7.503817e+01 7.220463e+01
      vertex   6.020232e+01 -7.533894e+01 7.160310e+01
    endloop
  endfacet
  facet normal 8.660254e-01 5.000000e-01 1.498617e-13
    outer loop
      vertex   5.382185e+01 -6.428765e+01 8.195429e+01
      vertex   5.527561e+01 -6.680563e+01 8.134420e+01
      vertex   6.002867e+01 -7.503817e+01 7.357271e+01
    endloop
  endfacet
  facet normal 8.660254e-01 5.000000e-01 1.489921e-13
    outer loop
      vertex   6.002867e+01 -7.503817e+01 7.357271e+01
      vertex   5.527561e+01 -6.680563e+01 8.134420e+01
      vertex   6.020232e+01 -7.533894e+01 7.417425e+01
    endloop
  endfacet
  facet normal 8.660254e-01 5.000000e-01 1.488881e-13
    outer loop
      vertex   6.020232e+01 -7.533894e+01 7.417425e+01
      vertex   5.527561e+01 -6.680563e+01 8.134420e+01
      vertex   6.046836e+01 -7.579974e+01 7.462072e+01
    endloop
  endfacet
  facet normal 8.660254e-01 5.000000e-01 1.479505e-13
    outer loop
      vertex   6.046836e+01 -7.579974e+01 7.462072e+01
      vertex   5.527561e+01 -6.680563e+01 8.134420e+01
      vertex   6.079472e+01 -7.636500e+01 7.485829e+01
    endloop
  endfacet
  facet normal 8.660254e-01 5.000000e-01 1.536775e-13
    outer loop
      vertex   6.079472e+01 -7.636500e+01 7.485829e+01
      vertex   5.527561e+01 -6.680563e+01 8.134420e+01
      vertex   6.151970e+01 -7.762070e+01 7.914220e+01
    endloop
  endfacet
  facet normal 8.660254e-01 5.000000e-01 1.500097e-13
    outer loop
      vertex   6.079472e+01 -7.636500e+01 7.485829e+01
      vertex   6.151970e+01 -7.762070e+01 7.914220e+01
      vertex   6.114201e+01 -7.696653e+01 7.485829e+01
    endloop
  endfacet
  facet normal 8.660254e-01 5.000000e-01 1.527536e-13
    outer loop
      vertex   6.114201e+01 -7.696653e+01 7.485829e+01
      vertex   6.151970e+01 -7.762070e+01 7.914220e+01
      vertex   6.267429e+01 -7.962052e+01 7.824421e+01
    endloop
  endfacet
  facet normal 8.660254e-01 5.000000e-01 1.506697e-13
    outer loop
      vertex   6.114201e+01 -7.696653e+01 7.485829e+01
      vertex   6.267429e+01 -7.962052e+01 7.824421e+01
      vertex   6.316392e+01 -8.046858e+01 7.747568e+01
    endloop
  endfacet
  facet normal 8.660254e-01 5.000000e-01 1.160513e-13
    outer loop
      vertex   6.151970e+01 -7.762070e+01 7.914220e+01
      vertex   6.211910e+01 -7.865891e+01 7.880692e+01
      vertex   6.267429e+01 -7.962052e+01 7.824421e+01
    endloop
  endfacet
  facet normal 8.660254e-01 5.000000e-01 1.447658e-13
    outer loop
      vertex   6.316392e+01 -8.046858e+01 7.747568e+01
      vertex   6.356917e+01 -8.117050e+01 7.653088e+01
      vertex   6.114201e+01 -7.696653e+01 7.485829e+01
    endloop
  endfacet
  facet normal 8.660254e-01 5.000000e-01 1.593520e-13
    outer loop
      vertex   6.114201e+01 -7.696653e+01 7.485829e+01
      vertex   6.356917e+01 -8.117050e+01 7.653088e+01
      vertex   6.387448e+01 -8.169930e+01 7.544611e+01
    endloop
  endfacet
  facet normal 8.660254e-01 5.000000e-01 1.721490e-13
    outer loop
      vertex   6.114201e+01 -7.696653e+01 7.485829e+01
      vertex   6.387448e+01 -8.169930e+01 7.544611e+01
      vertex   6.146836e+01 -7.753179e+01 7.462072e+01
    endloop
  endfacet
  facet normal 8.660254e-01 5.000000e-01 1.391486e-13
    outer loop
      vertex   6.146836e+01 -7.753179e+01 7.462072e+01
      vertex   6.387448e+01 -8.169930e+01 7.544611e+01
      vertex   6.406810e+01 -8.203467e+01 7.426306e+01
    endloop
  endfacet
  facet normal 8.660254e-01 5.000000e-01 1.335726e-13
    outer loop
      vertex   6.146836e+01 -7.753179e+01 7.462072e+01
      vertex   6.406810e+01 -8.203467e+01 7.426306e+01
      vertex   6.173441e+01 -7.799260e+01 7.417425e+01
    endloop
  endfacet
  facet normal 8.660254e-01 5.000000e-01 1.517805e-13
    outer loop
      vertex   6.173441e+01 -7.799260e+01 7.417425e+01
      vertex   6.406810e+01 -8.203467e+01 7.426306e+01
      vertex   6.414261e+01 -8.216372e+01 7.302719e+01
    endloop
  endfacet
  facet normal 8.660254e-01 5.000000e-01 1.815372e-13
    outer loop
      vertex   6.173441e+01 -7.799260e+01 7.417425e+01
      vertex   6.414261e+01 -8.216372e+01 7.302719e+01
      vertex   6.190806e+01 -7.829336e+01 7.357271e+01
    endloop
  endfacet
  facet normal 8.660254e-01 5.000000e-01 1.221292e-13
    outer loop
      vertex   6.190806e+01 -7.829336e+01 7.357271e+01
      vertex   6.414261e+01 -8.216372e+01 7.302719e+01
      vertex   6.196836e+01 -7.839782e+01 7.288867e+01
    endloop
  endfacet
  facet normal 8.660254e-01 5.000000e-01 1.534144e-13
    outer loop
      vertex   6.196836e+01 -7.839782e+01 7.288867e+01
      vertex   6.414261e+01 -8.216372e+01 7.302719e+01
      vertex   6.409513e+01 -8.208148e+01 7.178600e+01
    endloop
  endfacet
  facet normal 8.660254e-01 5.000000e-01 1.619860e-13
    outer loop
      vertex   6.196836e+01 -7.839782e+01 7.288867e+01
      vertex   6.409513e+01 -8.208148e+01 7.178600e+01
      vertex   6.190806e+01 -7.829336e+01 7.220463e+01
    endloop
  endfacet
  facet normal 8.660254e-01 5.000000e-01 1.464860e-13
    outer loop
      vertex   6.190806e+01 -7.829336e+01 7.220463e+01
      vertex   6.409513e+01 -8.208148e+01 7.178600e+01
      vertex   6.392749e+01 -8.179112e+01 7.058719e+01
    endloop
  endfacet
  facet normal 8.660254e-01 5.000000e-01 1.487597e-13
    outer loop
      vertex   6.190806e+01 -7.829336e+01 7.220463e+01
      vertex   6.392749e+01 -8.179112e+01 7.058719e+01
      vertex   6.173441e+01 -7.799260e+01 7.160310e+01
    endloop
  endfacet
  facet normal 8.660254e-01 5.000000e-01 1.441279e-13
    outer loop
      vertex   6.173441e+01 -7.799260e+01 7.160310e+01
      vertex   6.392749e+01 -8.179112e+01 7.058719e+01
      vertex   6.146836e+01 -7.753179e+01 7.115662e+01
    endloop
  endfacet
  facet normal 8.660254e-01 5.000000e-01 1.600762e-13
    outer loop
      vertex   6.146836e+01 -7.753179e+01 7.115662e+01
      vertex   6.392749e+01 -8.179112e+01 7.058719e+01
      vertex   6.364613e+01 -8.130380e+01 6.947682e+01
    endloop
  endfacet
  facet normal 8.660254e-01 5.000000e-01 1.481593e-13
    outer loop
      vertex   6.146836e+01 -7.753179e+01 7.115662e+01
      vertex   6.364613e+01 -8.130380e+01 6.947682e+01
      vertex   6.114201e+01 -7.696653e+01 7.091905e+01
    endloop
  endfacet
  facet normal 8.660254e-01 5.000000e-01 1.468298e-13
    outer loop
      vertex   6.114201e+01 -7.696653e+01 7.091905e+01
      vertex   6.364613e+01 -8.130380e+01 6.947682e+01
      vertex   6.326187e+01 -8.063824e+01 6.849756e+01
    endloop
  endfacet
  facet normal 8.660254e-01 5.000000e-01 1.103655e-13
    outer loop
      vertex   6.114201e+01 -7.696653e+01 7.091905e+01
      vertex   6.326187e+01 -8.063824e+01 6.849756e+01
      vertex   6.079472e+01 -7.636500e+01 7.091905e+01
    endloop
  endfacet
  facet normal 8.660254e-01 5.000000e-01 1.579393e-13
    outer loop
      vertex   6.079472e+01 -7.636500e+01 7.091905e+01
      vertex   6.326187e+01 -8.063824e+01 6.849756e+01
      vertex   6.278947e+01 -7.982001e+01 6.768705e+01
    endloop
  endfacet
  facet normal 8.660254e-01 5.000000e-01 1.482785e-13
    outer loop
      vertex   6.079472e+01 -7.636500e+01 7.091905e+01
      vertex   6.278947e+01 -7.982001e+01 6.768705e+01
      vertex   6.224708e+01 -7.888058e+01 6.707644e+01
    endloop
  endfacet
  facet normal 8.660254e-01 5.000000e-01 1.612416e-13
    outer loop
      vertex   6.224708e+01 -7.888058e+01 6.707644e+01
      vertex   6.165556e+01 -7.785603e+01 6.668919e+01
      vertex   6.079472e+01 -7.636500e+01 7.091905e+01
    endloop
  endfacet
  facet normal 8.660254e-01 5.000000e-01 1.557574e-13
    outer loop
      vertex   6.079472e+01 -7.636500e+01 7.091905e+01
      vertex   6.165556e+01 -7.785603e+01 6.668919e+01
      vertex   6.041703e+01 -7.571083e+01 6.663514e+01
    endloop
  endfacet
  facet normal 8.660254e-01 5.000000e-01 1.486199e-13
    outer loop
      vertex   6.079472e+01 -7.636500e+01 7.091905e+01
      vertex   6.041703e+01 -7.571083e+01 6.663514e+01
      vertex   6.046836e+01 -7.579974e+01 7.115662e+01
    endloop
  endfacet
  facet normal 8.660254e-01 5.000000e-01 1.494221e-13
    outer loop
      vertex   6.046836e+01 -7.579974e+01 7.115662e+01
      vertex   6.041703e+01 -7.571083e+01 6.663514e+01
      vertex   5.360558e+01 -6.391305e+01 6.903723e+01
    endloop
  endfacet
  facet normal 8.660254e-01 5.000000e-01 1.488491e-13
    outer loop
      vertex   6.046836e+01 -7.579974e+01 7.115662e+01
      vertex   5.360558e+01 -6.391305e+01 6.903723e+01
      vertex   6.020232e+01 -7.533894e+01 7.160310e+01
    endloop
  endfacet
  facet normal 8.660254e-01 5.000000e-01 1.836255e-13
    outer loop
      vertex   6.165556e+01 -7.785603e+01 6.668919e+01
      vertex   6.103763e+01 -7.678573e+01 6.654018e+01
      vertex   6.041703e+01 -7.571083e+01 6.663514e+01
    endloop
  endfacet
  facet normal 8.660254e-01 5.000000e-01 1.597172e-13
    outer loop
      vertex   4.343762e+01 -4.630163e+01 7.890862e+01
      vertex   5.200085e+01 -6.113358e+01 6.948200e+01
      vertex   4.325063e+01 -4.597776e+01 7.817917e+01
    endloop
  endfacet
  facet normal 8.660254e-01 5.000000e-01 1.456317e-13
    outer loop
      vertex   4.325063e+01 -4.597776e+01 7.817917e+01
      vertex   5.200085e+01 -6.113358e+01 6.948200e+01
      vertex   5.038411e+01 -5.833330e+01 6.968939e+01
    endloop
  endfacet
  facet normal 8.660254e-01 5.000000e-01 1.384821e-13
    outer loop
      vertex   4.325063e+01 -4.597776e+01 7.817917e+01
      vertex   5.038411e+01 -5.833330e+01 6.968939e+01
      vertex   4.296445e+01 -4.548207e+01 7.759235e+01
    endloop
  endfacet
  facet normal 8.660254e-01 5.000000e-01 1.537353e-13
    outer loop
      vertex   4.296445e+01 -4.548207e+01 7.759235e+01
      vertex   5.038411e+01 -5.833330e+01 6.968939e+01
      vertex   4.876412e+01 -5.552740e+01 6.965826e+01
    endloop
  endfacet
  facet normal 8.660254e-01 5.000000e-01 1.573910e-13
    outer loop
      vertex   4.296445e+01 -4.548207e+01 7.759235e+01
      vertex   4.876412e+01 -5.552740e+01 6.965826e+01
      vertex   4.260450e+01 -4.485862e+01 7.720031e+01
    endloop
  endfacet
  facet normal 8.660254e-01 5.000000e-01 1.494411e-13
    outer loop
      vertex   4.260450e+01 -4.485862e+01 7.720031e+01
      vertex   4.876412e+01 -5.552740e+01 6.965826e+01
      vertex   4.714967e+01 -5.273109e+01 6.938879e+01
    endloop
  endfacet
  facet normal 8.660254e-01 5.000000e-01 1.515475e-13
    outer loop
      vertex   4.088090e+01 -4.187326e+01 7.865342e+01
      vertex   4.110327e+01 -4.225842e+01 7.796483e+01
      vertex   3.821653e+01 -3.725843e+01 7.684268e+01
    endloop
  endfacet
  facet normal 8.660254e-01 5.000000e-01 1.609873e-13
    outer loop
      vertex   3.821653e+01 -3.725843e+01 7.684268e+01
      vertex   4.110327e+01 -4.225842e+01 7.796483e+01
      vertex   3.861372e+01 -3.794639e+01 7.664041e+01
    endloop
  endfacet
  facet normal 8.660254e-01 5.000000e-01 1.449782e-13
    outer loop
      vertex   3.861372e+01 -3.794639e+01 7.664041e+01
      vertex   4.110327e+01 -4.225842e+01 7.796483e+01
      vertex   4.141724e+01 -4.280224e+01 7.743791e+01
    endloop
  endfacet
  facet normal 8.660254e-01 5.000000e-01 1.492575e-13
    outer loop
      vertex   3.861372e+01 -3.794639e+01 7.664041e+01
      vertex   4.141724e+01 -4.280224e+01 7.743791e+01
      vertex   3.896346e+01 -3.855215e+01 7.621297e+01
    endloop
  endfacet
  facet normal 8.660254e-01 5.000000e-01 1.492248e-13
    outer loop
      vertex   3.896346e+01 -3.855215e+01 7.621297e+01
      vertex   4.141724e+01 -4.280224e+01 7.743791e+01
      vertex   4.179493e+01 -4.345640e+01 7.711950e+01
    endloop
  endfacet
  facet normal 8.660254e-01 5.000000e-01 1.542805e-13
    outer loop
      vertex   3.896346e+01 -3.855215e+01 7.621297e+01
      vertex   4.179493e+01 -4.345640e+01 7.711950e+01
      vertex   3.923466e+01 -3.902189e+01 7.559835e+01
    endloop
  endfacet
  facet normal 8.660254e-01 5.000000e-01 1.480513e-13
    outer loop
      vertex   3.923466e+01 -3.902189e+01 7.559835e+01
      vertex   4.179493e+01 -4.345640e+01 7.711950e+01
      vertex   3.940323e+01 -3.931386e+01 7.485116e+01
    endloop
  endfacet
  facet normal 8.660254e-01 5.000000e-01 1.688665e-13
    outer loop
      vertex   3.940323e+01 -3.931386e+01 7.485116e+01
      vertex   4.179493e+01 -4.345640e+01 7.711950e+01
      vertex   4.220276e+01 -4.416278e+01 7.703788e+01
    endloop
  endfacet
  facet normal 8.660254e-01 5.000000e-01 1.496839e-13
    outer loop
      vertex   3.940323e+01 -3.931386e+01 7.485116e+01
      vertex   4.220276e+01 -4.416278e+01 7.703788e+01
      vertex   3.945420e+01 -3.940214e+01 7.403779e+01
    endloop
  endfacet
  facet normal 8.660254e-01 5.000000e-01 1.588060e-13
    outer loop
      vertex   4.059856e+01 -4.138423e+01 8.701782e+01
      vertex   4.266832e+01 -4.496916e+01 8.231852e+01
      vertex   4.041157e+01 -4.106036e+01 8.628836e+01
    endloop
  endfacet
  facet normal 8.660254e-01 5.000000e-01 1.502357e-13
    outer loop
      vertex   4.041157e+01 -4.106036e+01 8.628836e+01
      vertex   4.266832e+01 -4.496916e+01 8.231852e+01
      vertex   4.227112e+01 -4.428120e+01 8.252080e+01
    endloop
  endfacet
  facet normal 8.660254e-01 5.000000e-01 1.438805e-13
    outer loop
      vertex   4.041157e+01 -4.106036e+01 8.628836e+01
      vertex   4.227112e+01 -4.428120e+01 8.252080e+01
      vertex   4.012539e+01 -4.056468e+01 8.570154e+01
    endloop
  endfacet
  facet normal 8.660254e-01 5.000000e-01 1.557898e-13
    outer loop
      vertex   4.012539e+01 -4.056468e+01 8.570154e+01
      vertex   4.227112e+01 -4.428120e+01 8.252080e+01
      vertex   3.976544e+01 -3.994122e+01 8.530950e+01
    endloop
  endfacet
  facet normal 8.660254e-01 5.000000e-01 1.606487e-13
    outer loop
      vertex   3.976544e+01 -3.994122e+01 8.530950e+01
      vertex   4.227112e+01 -4.428120e+01 8.252080e+01
      vertex   4.186177e+01 -4.357217e+01 8.247994e+01
    endloop
  endfacet
  facet normal 8.660254e-01 5.000000e-01 1.542177e-13
    outer loop
      vertex   3.976544e+01 -3.994122e+01 8.530950e+01
      vertex   4.186177e+01 -4.357217e+01 8.247994e+01
      vertex   3.936370e+01 -3.924539e+01 8.514707e+01
    endloop
  endfacet
  facet normal 8.660254e-01 5.000000e-01 1.480628e-13
    outer loop
      vertex   3.936370e+01 -3.924539e+01 8.514707e+01
      vertex   4.186177e+01 -4.357217e+01 8.247994e+01
      vertex   4.147662e+01 -4.290508e+01 8.219957e+01
    endloop
  endfacet
  facet normal 8.660254e-01 5.000000e-01 1.442740e-13
    outer loop
      vertex   3.936370e+01 -3.924539e+01 8.514707e+01
      vertex   4.147662e+01 -4.290508e+01 8.219957e+01
      vertex   3.895587e+01 -3.853901e+01 8.522869e+01
    endloop
  endfacet
  facet normal 8.660254e-01 5.000000e-01 1.468829e-13
    outer loop
      vertex   3.895587e+01 -3.853901e+01 8.522869e+01
      vertex   4.147662e+01 -4.290508e+01 8.219957e+01
      vertex   4.114990e+01 -4.233918e+01 8.170461e+01
    endloop
  endfacet
  facet normal 1.346700e-01 -2.332553e-01 9.630451e-01
    outer loop
      vertex   6.151970e+01 -7.762070e+01 7.914220e+01
      vertex   5.762258e+01 -7.987070e+01 7.914220e+01
      vertex   6.211910e+01 -7.865891e+01 7.880692e+01
    endloop
  endfacet
  facet normal 1.346700e-01 -2.332553e-01 9.630451e-01
    outer loop
      vertex   6.211910e+01 -7.865891e+01 7.880692e+01
      vertex   5.762258e+01 -7.987070e+01 7.914220e+01
      vertex   5.822199e+01 -8.090891e+01 7.880692e+01
    endloop
  endfacet
  facet normal 2.260228e-01 -3.914829e-01 8.919949e-01
    outer loop
      vertex   6.211910e+01 -7.865891e+01 7.880692e+01
      vertex   5.822199e+01 -8.090891e+01 7.880692e+01
      vertex   6.267429e+01 -7.962052e+01 7.824421e+01
    endloop
  endfacet
  facet normal 2.260228e-01 -3.914829e-01 8.919949e-01
    outer loop
      vertex   6.267429e+01 -7.962052e+01 7.824421e+01
      vertex   5.822199e+01 -8.090891e+01 7.880692e+01
      vertex   5.877718e+01 -8.187052e+01 7.824421e+01
    endloop
  endfacet
  facet normal 3.086896e-01 -5.346661e-01 7.866657e-01
    outer loop
      vertex   6.267429e+01 -7.962052e+01 7.824421e+01
      vertex   5.877718e+01 -8.187052e+01 7.824421e+01
      vertex   6.316392e+01 -8.046858e+01 7.747568e+01
    endloop
  endfacet
  facet normal 3.086896e-01 -5.346661e-01 7.866657e-01
    outer loop
      vertex   6.316392e+01 -8.046858e+01 7.747568e+01
      vertex   5.877718e+01 -8.187052e+01 7.824421e+01
      vertex   5.926680e+01 -8.271858e+01 7.747568e+01
    endloop
  endfacet
  facet normal 3.794936e-01 -6.573023e-01 6.511054e-01
    outer loop
      vertex   6.316392e+01 -8.046858e+01 7.747568e+01
      vertex   5.926680e+01 -8.271858e+01 7.747568e+01
      vertex   6.356917e+01 -8.117050e+01 7.653088e+01
    endloop
  endfacet
  facet normal 3.794936e-01 -6.573023e-01 6.511054e-01
    outer loop
      vertex   6.356917e+01 -8.117050e+01 7.653088e+01
      vertex   5.926680e+01 -8.271858e+01 7.747568e+01
      vertex   5.967206e+01 -8.342050e+01 7.653088e+01
    endloop
  endfacet
  facet normal 4.357140e-01 -7.546787e-01 4.905236e-01
    outer loop
      vertex   6.356917e+01 -8.117050e+01 7.653088e+01
      vertex   5.967206e+01 -8.342050e+01 7.653088e+01
      vertex   6.387448e+01 -8.169930e+01 7.544611e+01
    endloop
  endfacet
  facet normal 4.357140e-01 -7.546787e-01 4.905236e-01
    outer loop
      vertex   6.387448e+01 -8.169930e+01 7.544611e+01
      vertex   5.967206e+01 -8.342050e+01 7.653088e+01
      vertex   5.997736e+01 -8.394930e+01 7.544611e+01
    endloop
  endfacet
  facet normal 4.751900e-01 -8.230533e-01 3.110911e-01
    outer loop
      vertex   6.387448e+01 -8.169930e+01 7.544611e+01
      vertex   5.997736e+01 -8.394930e+01 7.544611e+01
      vertex   6.406810e+01 -8.203467e+01 7.426306e+01
    endloop
  endfacet
  facet normal 4.751900e-01 -8.230533e-01 3.110911e-01
    outer loop
      vertex   6.406810e+01 -8.203467e+01 7.426306e+01
      vertex   5.997736e+01 -8.394930e+01 7.544611e+01
      vertex   6.017099e+01 -8.428467e+01 7.426306e+01
    endloop
  endfacet
  facet normal 4.964048e-01 -8.597984e-01 1.197037e-01
    outer loop
      vertex   6.406810e+01 -8.203467e+01 7.426306e+01
      vertex   6.017099e+01 -8.428467e+01 7.426306e+01
      vertex   6.414261e+01 -8.216372e+01 7.302719e+01
    endloop
  endfacet
  facet normal 4.964048e-01 -8.597984e-01 1.197037e-01
    outer loop
      vertex   6.414261e+01 -8.216372e+01 7.302719e+01
      vertex   6.017099e+01 -8.428467e+01 7.426306e+01
      vertex   6.024549e+01 -8.441372e+01 7.302719e+01
    endloop
  endfacet
  facet normal 4.985431e-01 -8.635019e-01 -7.628397e-02
    outer loop
      vertex   6.414261e+01 -8.216372e+01 7.302719e+01
      vertex   6.024549e+01 -8.441372e+01 7.302719e+01
      vertex   6.409513e+01 -8.208148e+01 7.178600e+01
    endloop
  endfacet
  facet normal 4.985431e-01 -8.635019e-01 -7.628397e-02
    outer loop
      vertex   6.409513e+01 -8.208148e+01 7.178600e+01
      vertex   6.024549e+01 -8.441372e+01 7.302719e+01
      vertex   6.019801e+01 -8.433148e+01 7.178600e+01
    endloop
  endfacet
  facet normal 4.815226e-01 -8.340216e-01 -2.693401e-01
    outer loop
      vertex   6.409513e+01 -8.208148e+01 7.178600e+01
      vertex   6.019801e+01 -8.433148e+01 7.178600e+01
      vertex   6.392749e+01 -8.179112e+01 7.058719e+01
    endloop
  endfacet
  facet normal 4.815226e-01 -8.340216e-01 -2.693401e-01
    outer loop
      vertex   6.392749e+01 -8.179112e+01 7.058719e+01
      vertex   6.019801e+01 -8.433148e+01 7.178600e+01
      vertex   6.003037e+01 -8.404112e+01 7.058719e+01
    endloop
  endfacet
  facet normal 4.459974e-01 -7.724902e-01 -4.520455e-01
    outer loop
      vertex   6.392749e+01 -8.179112e+01 7.058719e+01
      vertex   6.003037e+01 -8.404112e+01 7.058719e+01
      vertex   6.364613e+01 -8.130380e+01 6.947682e+01
    endloop
  endfacet
  facet normal 4.459974e-01 -7.724902e-01 -4.520455e-01
    outer loop
      vertex   6.364613e+01 -8.130380e+01 6.947682e+01
      vertex   6.003037e+01 -8.404112e+01 7.058719e+01
      vertex   5.974902e+01 -8.355380e+01 6.947682e+01
    endloop
  endfacet
  facet normal 3.933329e-01 -6.812725e-01 -6.173792e-01
    outer loop
      vertex   6.364613e+01 -8.130380e+01 6.947682e+01
      vertex   5.974902e+01 -8.355380e+01 6.947682e+01
      vertex   6.326187e+01 -8.063824e+01 6.849756e+01
    endloop
  endfacet
  facet normal 3.933329e-01 -6.812725e-01 -6.173792e-01
    outer loop
      vertex   6.326187e+01 -8.063824e+01 6.849756e+01
      vertex   5.974902e+01 -8.355380e+01 6.947682e+01
      vertex   5.936475e+01 -8.288824e+01 6.849756e+01
    endloop
  endfacet
  facet normal 3.255527e-01 -5.638739e-01 -7.589873e-01
    outer loop
      vertex   6.326187e+01 -8.063824e+01 6.849756e+01
      vertex   5.936475e+01 -8.288824e+01 6.849756e+01
      vertex   6.278947e+01 -7.982001e+01 6.768705e+01
    endloop
  endfacet
  facet normal 3.255527e-01 -5.638739e-01 -7.589873e-01
    outer loop
      vertex   6.278947e+01 -7.982001e+01 6.768705e+01
      vertex   5.936475e+01 -8.288824e+01 6.849756e+01
      vertex   5.889235e+01 -8.207001e+01 6.768705e+01
    endloop
  endfacet
  facet normal 2.452618e-01 -4.248059e-01 -8.714279e-01
    outer loop
      vertex   6.278947e+01 -7.982001e+01 6.768705e+01
      vertex   5.889235e+01 -8.207001e+01 6.768705e+01
      vertex   6.224708e+01 -7.888058e+01 6.707644e+01
    endloop
  endfacet
  facet normal 2.452618e-01 -4.248059e-01 -8.714279e-01
    outer loop
      vertex   6.224708e+01 -7.888058e+01 6.707644e+01
      vertex   5.889235e+01 -8.207001e+01 6.768705e+01
      vertex   5.834997e+01 -8.113058e+01 6.707644e+01
    endloop
  endfacet
  facet normal 1.555456e-01 -2.694128e-01 -9.503801e-01
    outer loop
      vertex   6.224708e+01 -7.888058e+01 6.707644e+01
      vertex   5.834997e+01 -8.113058e+01 6.707644e+01
      vertex   6.165556e+01 -7.785603e+01 6.668919e+01
    endloop
  endfacet
  facet normal 1.555456e-01 -2.694128e-01 -9.503801e-01
    outer loop
      vertex   6.165556e+01 -7.785603e+01 6.668919e+01
      vertex   5.834997e+01 -8.113058e+01 6.707644e+01
      vertex   5.775844e+01 -8.010603e+01 6.668919e+01
    endloop
  endfacet
  facet normal 5.985183e-02 -1.036664e-01 -9.928097e-01
    outer loop
      vertex   6.165556e+01 -7.785603e+01 6.668919e+01
      vertex   5.775844e+01 -8.010603e+01 6.668919e+01
      vertex   6.103763e+01 -7.678573e+01 6.654018e+01
    endloop
  endfacet
  facet normal 5.985183e-02 -1.036664e-01 -9.928097e-01
    outer loop
      vertex   6.103763e+01 -7.678573e+01 6.654018e+01
      vertex   5.775844e+01 -8.010603e+01 6.668919e+01
      vertex   5.714051e+01 -7.903573e+01 6.654018e+01
    endloop
  endfacet
  facet normal -3.814199e-02 6.606386e-02 -9.970861e-01
    outer loop
      vertex   6.103763e+01 -7.678573e+01 6.654018e+01
      vertex   5.714051e+01 -7.903573e+01 6.654018e+01
      vertex   6.041703e+01 -7.571083e+01 6.663514e+01
    endloop
  endfacet
  facet normal -3.814199e-02 6.606386e-02 -9.970861e-01
    outer loop
      vertex   6.041703e+01 -7.571083e+01 6.663514e+01
      vertex   5.714051e+01 -7.903573e+01 6.654018e+01
      vertex   5.651992e+01 -7.796083e+01 6.663514e+01
    endloop
  endfacet
  facet normal -8.660254e-01 -5.000000e-01 -1.455866e-13
    outer loop
      vertex   5.757125e+01 -7.978179e+01 7.462072e+01
      vertex   5.926680e+01 -8.271858e+01 7.747568e+01
      vertex   5.724490e+01 -7.921653e+01 7.485829e+01
    endloop
  endfacet
  facet normal -8.660254e-01 -5.000000e-01 -1.541153e-13
    outer loop
      vertex   5.724490e+01 -7.921653e+01 7.485829e+01
      vertex   5.926680e+01 -8.271858e+01 7.747568e+01
      vertex   5.877718e+01 -8.187052e+01 7.824421e+01
    endloop
  endfacet
  facet normal -8.660254e-01 -5.000000e-01 -1.506184e-13
    outer loop
      vertex   5.724490e+01 -7.921653e+01 7.485829e+01
      vertex   5.877718e+01 -8.187052e+01 7.824421e+01
      vertex   5.822199e+01 -8.090891e+01 7.880692e+01
    endloop
  endfacet
  facet normal -8.660254e-01 -5.000000e-01 -1.232617e-13
    outer loop
      vertex   5.783729e+01 -8.024260e+01 7.417425e+01
      vertex   5.997736e+01 -8.394930e+01 7.544611e+01
      vertex   5.757125e+01 -7.978179e+01 7.462072e+01
    endloop
  endfacet
  facet normal -8.660254e-01 -5.000000e-01 -1.604390e-13
    outer loop
      vertex   5.757125e+01 -7.978179e+01 7.462072e+01
      vertex   5.997736e+01 -8.394930e+01 7.544611e+01
      vertex   5.967206e+01 -8.342050e+01 7.653088e+01
    endloop
  endfacet
  facet normal -8.660254e-01 -5.000000e-01 -1.509837e-13
    outer loop
      vertex   5.757125e+01 -7.978179e+01 7.462072e+01
      vertex   5.967206e+01 -8.342050e+01 7.653088e+01
      vertex   5.926680e+01 -8.271858e+01 7.747568e+01
    endloop
  endfacet
  facet normal -8.660254e-01 -5.000000e-01 -1.432501e-13
    outer loop
      vertex   5.997736e+01 -8.394930e+01 7.544611e+01
      vertex   5.783729e+01 -8.024260e+01 7.417425e+01
      vertex   6.017099e+01 -8.428467e+01 7.426306e+01
    endloop
  endfacet
  facet normal -8.660254e-01 -5.000000e-01 -1.752298e-13
    outer loop
      vertex   6.017099e+01 -8.428467e+01 7.426306e+01
      vertex   5.783729e+01 -8.024260e+01 7.417425e+01
      vertex   5.801094e+01 -8.054336e+01 7.357271e+01
    endloop
  endfacet
  facet normal -8.660254e-01 -5.000000e-01 -1.517038e-13
    outer loop
      vertex   6.017099e+01 -8.428467e+01 7.426306e+01
      vertex   5.801094e+01 -8.054336e+01 7.357271e+01
      vertex   6.024549e+01 -8.441372e+01 7.302719e+01
    endloop
  endfacet
  facet normal -8.660254e-01 -5.000000e-01 -1.306472e-13
    outer loop
      vertex   6.024549e+01 -8.441372e+01 7.302719e+01
      vertex   5.801094e+01 -8.054336e+01 7.357271e+01
      vertex   5.807125e+01 -8.064782e+01 7.288867e+01
    endloop
  endfacet
  facet normal -8.660254e-01 -5.000000e-01 -1.476871e-13
    outer loop
      vertex   6.024549e+01 -8.441372e+01 7.302719e+01
      vertex   5.807125e+01 -8.064782e+01 7.288867e+01
      vertex   6.019801e+01 -8.433148e+01 7.178600e+01
    endloop
  endfacet
  facet normal -8.660254e-01 -5.000000e-01 -1.529639e-13
    outer loop
      vertex   6.019801e+01 -8.433148e+01 7.178600e+01
      vertex   5.807125e+01 -8.064782e+01 7.288867e+01
      vertex   5.801094e+01 -8.054336e+01 7.220463e+01
    endloop
  endfacet
  facet normal -8.660254e-01 -5.000000e-01 -1.527339e-13
    outer loop
      vertex   6.019801e+01 -8.433148e+01 7.178600e+01
      vertex   5.801094e+01 -8.054336e+01 7.220463e+01
      vertex   6.003037e+01 -8.404112e+01 7.058719e+01
    endloop
  endfacet
  facet normal -8.660254e-01 -5.000000e-01 -1.585582e-13
    outer loop
      vertex   6.003037e+01 -8.404112e+01 7.058719e+01
      vertex   5.801094e+01 -8.054336e+01 7.220463e+01
      vertex   5.783729e+01 -8.024260e+01 7.160310e+01
    endloop
  endfacet
  facet normal -8.660254e-01 -5.000000e-01 -1.494189e-13
    outer loop
      vertex   6.003037e+01 -8.404112e+01 7.058719e+01
      vertex   5.783729e+01 -8.024260e+01 7.160310e+01
      vertex   5.974902e+01 -8.355380e+01 6.947682e+01
    endloop
  endfacet
  facet normal -8.660254e-01 -5.000000e-01 -1.558293e-13
    outer loop
      vertex   5.974902e+01 -8.355380e+01 6.947682e+01
      vertex   5.783729e+01 -8.024260e+01 7.160310e+01
      vertex   5.757125e+01 -7.978179e+01 7.115662e+01
    endloop
  endfacet
  facet normal -8.660254e-01 -5.000000e-01 -1.505834e-13
    outer loop
      vertex   5.974902e+01 -8.355380e+01 6.947682e+01
      vertex   5.757125e+01 -7.978179e+01 7.115662e+01
      vertex   5.936475e+01 -8.288824e+01 6.849756e+01
    endloop
  endfacet
  facet normal -8.660254e-01 -5.000000e-01 -1.462150e-13
    outer loop
      vertex   5.936475e+01 -8.288824e+01 6.849756e+01
      vertex   5.757125e+01 -7.978179e+01 7.115662e+01
      vertex   5.724490e+01 -7.921653e+01 7.091905e+01
    endloop
  endfacet
  facet normal -8.660254e-01 -5.000000e-01 -1.491120e-13
    outer loop
      vertex   5.936475e+01 -8.288824e+01 6.849756e+01
      vertex   5.724490e+01 -7.921653e+01 7.091905e+01
      vertex   5.889235e+01 -8.207001e+01 6.768705e+01
    endloop
  endfacet
  facet normal -8.660254e-01 -5.000000e-01 -1.477645e-13
    outer loop
      vertex   5.889235e+01 -8.207001e+01 6.768705e+01
      vertex   5.724490e+01 -7.921653e+01 7.091905e+01
      vertex   5.834997e+01 -8.113058e+01 6.707644e+01
    endloop
  endfacet
  facet normal -8.660254e-01 -5.000000e-01 -1.502454e-13
    outer loop
      vertex   5.834997e+01 -8.113058e+01 6.707644e+01
      vertex   5.724490e+01 -7.921653e+01 7.091905e+01
      vertex   5.689760e+01 -7.861500e+01 7.091905e+01
    endloop
  endfacet
  facet normal -8.660254e-01 -5.000000e-01 -1.519618e-13
    outer loop
      vertex   5.834997e+01 -8.113058e+01 6.707644e+01
      vertex   5.689760e+01 -7.861500e+01 7.091905e+01
      vertex   5.775844e+01 -8.010603e+01 6.668919e+01
    endloop
  endfacet
  facet normal -8.660254e-01 -5.000000e-01 -1.539385e-13
    outer loop
      vertex   5.775844e+01 -8.010603e+01 6.668919e+01
      vertex   5.689760e+01 -7.861500e+01 7.091905e+01
      vertex   5.714051e+01 -7.903573e+01 6.654018e+01
    endloop
  endfacet
  facet normal -8.660254e-01 -5.000000e-01 -1.525380e-13
    outer loop
      vertex   5.714051e+01 -7.903573e+01 6.654018e+01
      vertex   5.689760e+01 -7.861500e+01 7.091905e+01
      vertex   5.651992e+01 -7.796083e+01 6.663514e+01
    endloop
  endfacet
  facet normal -8.660254e-01 -5.000000e-01 -1.539694e-13
    outer loop
      vertex   5.651992e+01 -7.796083e+01 6.663514e+01
      vertex   5.689760e+01 -7.861500e+01 7.091905e+01
      vertex   5.657125e+01 -7.804974e+01 7.115662e+01
    endloop
  endfacet
  facet normal -8.660254e-01 -5.000000e-01 -1.536957e-13
    outer loop
      vertex   5.651992e+01 -7.796083e+01 6.663514e+01
      vertex   5.657125e+01 -7.804974e+01 7.115662e+01
      vertex   5.447644e+01 -7.442143e+01 6.735578e+01
    endloop
  endfacet
  facet normal -8.660254e-01 -5.000000e-01 -1.375749e-13
    outer loop
      vertex   5.447644e+01 -7.442143e+01 6.735578e+01
      vertex   5.657125e+01 -7.804974e+01 7.115662e+01
      vertex   5.630520e+01 -7.758894e+01 7.160310e+01
    endloop
  endfacet
  facet normal -8.660254e-01 -5.000000e-01 -1.665089e-13
    outer loop
      vertex   5.447644e+01 -7.442143e+01 6.735578e+01
      vertex   5.630520e+01 -7.758894e+01 7.160310e+01
      vertex   5.613156e+01 -7.728817e+01 7.220463e+01
    endloop
  endfacet
  facet normal -8.660254e-01 -5.000000e-01 -1.358371e-13
    outer loop
      vertex   5.613156e+01 -7.728817e+01 7.220463e+01
      vertex   5.607125e+01 -7.718372e+01 7.288867e+01
      vertex   5.447644e+01 -7.442143e+01 6.735578e+01
    endloop
  endfacet
  facet normal -8.660254e-01 -5.000000e-01 -1.512684e-13
    outer loop
      vertex   5.447644e+01 -7.442143e+01 6.735578e+01
      vertex   5.607125e+01 -7.718372e+01 7.288867e+01
      vertex   5.139367e+01 -6.908192e+01 8.133885e+01
    endloop
  endfacet
  facet normal -8.660254e-01 -5.000000e-01 -1.618676e-13
    outer loop
      vertex   5.139367e+01 -6.908192e+01 8.133885e+01
      vertex   5.607125e+01 -7.718372e+01 7.288867e+01
      vertex   5.613156e+01 -7.728817e+01 7.357271e+01
    endloop
  endfacet
  facet normal -8.660254e-01 -5.000000e-01 -1.489260e-13
    outer loop
      vertex   5.139367e+01 -6.908192e+01 8.133885e+01
      vertex   5.613156e+01 -7.728817e+01 7.357271e+01
      vertex   5.630520e+01 -7.758894e+01 7.417425e+01
    endloop
  endfacet
  facet normal -8.660254e-01 -5.000000e-01 -1.553073e-13
    outer loop
      vertex   5.630520e+01 -7.758894e+01 7.417425e+01
      vertex   5.657125e+01 -7.804974e+01 7.462072e+01
      vertex   5.139367e+01 -6.908192e+01 8.133885e+01
    endloop
  endfacet
  facet normal -8.660254e-01 -5.000000e-01 -1.478292e-13
    outer loop
      vertex   5.139367e+01 -6.908192e+01 8.133885e+01
      vertex   5.657125e+01 -7.804974e+01 7.462072e+01
      vertex   5.762258e+01 -7.987070e+01 7.914220e+01
    endloop
  endfacet
  facet normal -8.660254e-01 -5.000000e-01 -1.489858e-13
    outer loop
      vertex   5.762258e+01 -7.987070e+01 7.914220e+01
      vertex   5.657125e+01 -7.804974e+01 7.462072e+01
      vertex   5.689760e+01 -7.861500e+01 7.485829e+01
    endloop
  endfacet
  facet normal -8.660254e-01 -5.000000e-01 -1.534983e-13
    outer loop
      vertex   5.762258e+01 -7.987070e+01 7.914220e+01
      vertex   5.689760e+01 -7.861500e+01 7.485829e+01
      vertex   5.724490e+01 -7.921653e+01 7.485829e+01
    endloop
  endfacet
  facet normal -8.660254e-01 -5.000000e-01 -1.493240e-13
    outer loop
      vertex   5.822199e+01 -8.090891e+01 7.880692e+01
      vertex   5.762258e+01 -7.987070e+01 7.914220e+01
      vertex   5.724490e+01 -7.921653e+01 7.485829e+01
    endloop
  endfacet
  facet normal 4.575008e-01 -7.924146e-01 4.034503e-01
    outer loop
      vertex   5.447644e+01 -7.442143e+01 6.735578e+01
      vertex   5.139367e+01 -6.908192e+01 8.133885e+01
      vertex   4.897718e+01 -7.759643e+01 6.735578e+01
    endloop
  endfacet
  facet normal 4.575008e-01 -7.924146e-01 4.034503e-01
    outer loop
      vertex   4.897718e+01 -7.759643e+01 6.735578e+01
      vertex   5.139367e+01 -6.908192e+01 8.133885e+01
      vertex   4.589441e+01 -7.225692e+01 8.133885e+01
    endloop
  endfacet
  facet normal 2.233409e-13 -8.367295e-14 -1.000000e+00
    outer loop
      vertex   5.689760e+01 -7.861500e+01 7.485829e+01
      vertex   6.079472e+01 -7.636500e+01 7.485829e+01
      vertex   5.724490e+01 -7.921653e+01 7.485829e+01
    endloop
  endfacet
  facet normal 2.233409e-13 -8.367295e-14 -1.000000e+00
    outer loop
      vertex   5.724490e+01 -7.921653e+01 7.485829e+01
      vertex   6.079472e+01 -7.636500e+01 7.485829e+01
      vertex   6.114201e+01 -7.696653e+01 7.485829e+01
    endloop
  endfacet
  facet normal -1.710101e-01 2.961981e-01 -9.396926e-01
    outer loop
      vertex   5.724490e+01 -7.921653e+01 7.485829e+01
      vertex   6.114201e+01 -7.696653e+01 7.485829e+01
      vertex   5.757125e+01 -7.978179e+01 7.462072e+01
    endloop
  endfacet
  facet normal -1.710101e-01 2.961981e-01 -9.396926e-01
    outer loop
      vertex   5.757125e+01 -7.978179e+01 7.462072e+01
      vertex   6.114201e+01 -7.696653e+01 7.485829e+01
      vertex   6.146836e+01 -7.753179e+01 7.462072e+01
    endloop
  endfacet
  facet normal -3.213938e-01 5.566704e-01 -7.660444e-01
    outer loop
      vertex   5.757125e+01 -7.978179e+01 7.462072e+01
      vertex   6.146836e+01 -7.753179e+01 7.462072e+01
      vertex   5.783729e+01 -8.024260e+01 7.417425e+01
    endloop
  endfacet
  facet normal -3.213938e-01 5.566704e-01 -7.660444e-01
    outer loop
      vertex   5.783729e+01 -8.024260e+01 7.417425e+01
      vertex   6.146836e+01 -7.753179e+01 7.462072e+01
      vertex   6.173441e+01 -7.799260e+01 7.417425e+01
    endloop
  endfacet
  facet normal -4.330127e-01 7.500000e-01 -5.000000e-01
    outer loop
      vertex   5.783729e+01 -8.024260e+01 7.417425e+01
      vertex   6.173441e+01 -7.799260e+01 7.417425e+01
      vertex   5.801094e+01 -8.054336e+01 7.357271e+01
    endloop
  endfacet
  facet normal -4.330127e-01 7.500000e-01 -5.000000e-01
    outer loop
      vertex   5.801094e+01 -8.054336e+01 7.357271e+01
      vertex   6.173441e+01 -7.799260e+01 7.417425e+01
      vertex   6.190806e+01 -7.829336e+01 7.357271e+01
    endloop
  endfacet
  facet normal -4.924039e-01 8.528685e-01 -1.736482e-01
    outer loop
      vertex   5.801094e+01 -8.054336e+01 7.357271e+01
      vertex   6.190806e+01 -7.829336e+01 7.357271e+01
      vertex   5.807125e+01 -8.064782e+01 7.288867e+01
    endloop
  endfacet
  facet normal -4.924039e-01 8.528685e-01 -1.736482e-01
    outer loop
      vertex   5.807125e+01 -8.064782e+01 7.288867e+01
      vertex   6.190806e+01 -7.829336e+01 7.357271e+01
      vertex   6.196836e+01 -7.839782e+01 7.288867e+01
    endloop
  endfacet
  facet normal -4.924039e-01 8.528685e-01 1.736482e-01
    outer loop
      vertex   5.807125e+01 -8.064782e+01 7.288867e+01
      vertex   6.196836e+01 -7.839782e+01 7.288867e+01
      vertex   5.801094e+01 -8.054336e+01 7.220463e+01
    endloop
  endfacet
  facet normal -4.924039e-01 8.528685e-01 1.736482e-01
    outer loop
      vertex   5.801094e+01 -8.054336e+01 7.220463e+01
      vertex   6.196836e+01 -7.839782e+01 7.288867e+01
      vertex   6.190806e+01 -7.829336e+01 7.220463e+01
    endloop
  endfacet
  facet normal -4.330127e-01 7.500000e-01 5.000000e-01
    outer loop
      vertex   5.801094e+01 -8.054336e+01 7.220463e+01
      vertex   6.190806e+01 -7.829336e+01 7.220463e+01
      vertex   5.783729e+01 -8.024260e+01 7.160310e+01
    endloop
  endfacet
  facet normal -4.330127e-01 7.500000e-01 5.000000e-01
    outer loop
      vertex   5.783729e+01 -8.024260e+01 7.160310e+01
      vertex   6.190806e+01 -7.829336e+01 7.220463e+01
      vertex   6.173441e+01 -7.799260e+01 7.160310e+01
    endloop
  endfacet
  facet normal -3.213938e-01 5.566704e-01 7.660444e-01
    outer loop
      vertex   5.783729e+01 -8.024260e+01 7.160310e+01
      vertex   6.173441e+01 -7.799260e+01 7.160310e+01
      vertex   5.757125e+01 -7.978179e+01 7.115662e+01
    endloop
  endfacet
  facet normal -3.213938e-01 5.566704e-01 7.660444e-01
    outer loop
      vertex   5.757125e+01 -7.978179e+01 7.115662e+01
      vertex   6.173441e+01 -7.799260e+01 7.160310e+01
      vertex   6.146836e+01 -7.753179e+01 7.115662e+01
    endloop
  endfacet
  facet normal -1.710101e-01 2.961981e-01 9.396926e-01
    outer loop
      vertex   5.757125e+01 -7.978179e+01 7.115662e+01
      vertex   6.146836e+01 -7.753179e+01 7.115662e+01
      vertex   5.724490e+01 -7.921653e+01 7.091905e+01
    endloop
  endfacet
  facet normal -1.710101e-01 2.961981e-01 9.396926e-01
    outer loop
      vertex   5.724490e+01 -7.921653e+01 7.091905e+01
      vertex   6.146836e+01 -7.753179e+01 7.115662e+01
      vertex   6.114201e+01 -7.696653e+01 7.091905e+01
    endloop
  endfacet
  facet normal -2.233409e-13 8.367295e-14 1.000000e+00
    outer loop
      vertex   5.724490e+01 -7.921653e+01 7.091905e+01
      vertex   6.114201e+01 -7.696653e+01 7.091905e+01
      vertex   5.689760e+01 -7.861500e+01 7.091905e+01
    endloop
  endfacet
  facet normal -2.233409e-13 8.367295e-14 1.000000e+00
    outer loop
      vertex   5.689760e+01 -7.861500e+01 7.091905e+01
      vertex   6.114201e+01 -7.696653e+01 7.091905e+01
      vertex   6.079472e+01 -7.636500e+01 7.091905e+01
    endloop
  endfacet
  facet normal 1.710101e-01 -2.961981e-01 9.396926e-01
    outer loop
      vertex   5.689760e+01 -7.861500e+01 7.091905e+01
      vertex   6.079472e+01 -7.636500e+01 7.091905e+01
      vertex   5.657125e+01 -7.804974e+01 7.115662e+01
    endloop
  endfacet
  facet normal 1.710101e-01 -2.961981e-01 9.396926e-01
    outer loop
      vertex   5.657125e+01 -7.804974e+01 7.115662e+01
      vertex   6.079472e+01 -7.636500e+01 7.091905e+01
      vertex   6.046836e+01 -7.579974e+01 7.115662e+01
    endloop
  endfacet
  facet normal 3.213938e-01 -5.566704e-01 7.660444e-01
    outer loop
      vertex   5.657125e+01 -7.804974e+01 7.115662e+01
      vertex   6.046836e+01 -7.579974e+01 7.115662e+01
      vertex   5.630520e+01 -7.758894e+01 7.160310e+01
    endloop
  endfacet
  facet normal 3.213938e-01 -5.566704e-01 7.660444e-01
    outer loop
      vertex   5.630520e+01 -7.758894e+01 7.160310e+01
      vertex   6.046836e+01 -7.579974e+01 7.115662e+01
      vertex   6.020232e+01 -7.533894e+01 7.160310e+01
    endloop
  endfacet
  facet normal 4.330127e-01 -7.500000e-01 5.000000e-01
    outer loop
      vertex   5.630520e+01 -7.758894e+01 7.160310e+01
      vertex   6.020232e+01 -7.533894e+01 7.160310e+01
      vertex   5.613156e+01 -7.728817e+01 7.220463e+01
    endloop
  endfacet
  facet normal 4.330127e-01 -7.500000e-01 5.000000e-01
    outer loop
      vertex   5.613156e+01 -7.728817e+01 7.220463e+01
      vertex   6.020232e+01 -7.533894e+01 7.160310e+01
      vertex   6.002867e+01 -7.503817e+01 7.220463e+01
    endloop
  endfacet
  facet normal 4.924039e-01 -8.528685e-01 1.736482e-01
    outer loop
      vertex   5.613156e+01 -7.728817e+01 7.220463e+01
      vertex   6.002867e+01 -7.503817e+01 7.220463e+01
      vertex   5.607125e+01 -7.718372e+01 7.288867e+01
    endloop
  endfacet
  facet normal 4.924039e-01 -8.528685e-01 1.736482e-01
    outer loop
      vertex   5.607125e+01 -7.718372e+01 7.288867e+01
      vertex   6.002867e+01 -7.503817e+01 7.220463e+01
      vertex   5.996836e+01 -7.493372e+01 7.288867e+01
    endloop
  endfacet
  facet normal 4.924039e-01 -8.528685e-01 -1.736482e-01
    outer loop
      vertex   5.607125e+01 -7.718372e+01 7.288867e+01
      vertex   5.996836e+01 -7.493372e+01 7.288867e+01
      vertex   5.613156e+01 -7.728817e+01 7.357271e+01
    endloop
  endfacet
  facet normal 4.924039e-01 -8.528685e-01 -1.736482e-01
    outer loop
      vertex   5.613156e+01 -7.728817e+01 7.357271e+01
      vertex   5.996836e+01 -7.493372e+01 7.288867e+01
      vertex   6.002867e+01 -7.503817e+01 7.357271e+01
    endloop
  endfacet
  facet normal 4.330127e-01 -7.500000e-01 -5.000000e-01
    outer loop
      vertex   5.613156e+01 -7.728817e+01 7.357271e+01
      vertex   6.002867e+01 -7.503817e+01 7.357271e+01
      vertex   5.630520e+01 -7.758894e+01 7.417425e+01
    endloop
  endfacet
  facet normal 4.330127e-01 -7.500000e-01 -5.000000e-01
    outer loop
      vertex   5.630520e+01 -7.758894e+01 7.417425e+01
      vertex   6.002867e+01 -7.503817e+01 7.357271e+01
      vertex   6.020232e+01 -7.533894e+01 7.417425e+01
    endloop
  endfacet
  facet normal 3.213938e-01 -5.566704e-01 -7.660444e-01
    outer loop
      vertex   5.630520e+01 -7.758894e+01 7.417425e+01
      vertex   6.020232e+01 -7.533894e+01 7.417425e+01
      vertex   5.657125e+01 -7.804974e+01 7.462072e+01
    endloop
  endfacet
  facet normal 3.213938e-01 -5.566704e-01 -7.660444e-01
    outer loop
      vertex   5.657125e+01 -7.804974e+01 7.462072e+01
      vertex   6.020232e+01 -7.533894e+01 7.417425e+01
      vertex   6.046836e+01 -7.579974e+01 7.462072e+01
    endloop
  endfacet
  facet normal 1.710101e-01 -2.961981e-01 -9.396926e-01
    outer loop
      vertex   5.657125e+01 -7.804974e+01 7.462072e+01
      vertex   6.046836e+01 -7.579974e+01 7.462072e+01
      vertex   5.689760e+01 -7.861500e+01 7.485829e+01
    endloop
  endfacet
  facet normal 1.710101e-01 -2.961981e-01 -9.396926e-01
    outer loop
      vertex   5.689760e+01 -7.861500e+01 7.485829e+01
      vertex   6.046836e+01 -7.579974e+01 7.462072e+01
      vertex   6.079472e+01 -7.636500e+01 7.485829e+01
    endloop
  endfacet
  facet normal -2.206061e-13 8.525193e-14 1.000000e+00
    outer loop
      vertex   4.784852e+01 -8.464153e+01 7.091905e+01
      vertex   5.174564e+01 -8.239153e+01 7.091905e+01
      vertex   4.750123e+01 -8.404000e+01 7.091905e+01
    endloop
  endfacet
  facet normal -2.206061e-13 8.525193e-14 1.000000e+00
    outer loop
      vertex   4.750123e+01 -8.404000e+01 7.091905e+01
      vertex   5.174564e+01 -8.239153e+01 7.091905e+01
      vertex   5.139834e+01 -8.179000e+01 7.091905e+01
    endloop
  endfacet
  facet normal 1.710101e-01 -2.961981e-01 9.396926e-01
    outer loop
      vertex   4.750123e+01 -8.404000e+01 7.091905e+01
      vertex   5.139834e+01 -8.179000e+01 7.091905e+01
      vertex   4.717487e+01 -8.347474e+01 7.115662e+01
    endloop
  endfacet
  facet normal 1.710101e-01 -2.961981e-01 9.396926e-01
    outer loop
      vertex   4.717487e+01 -8.347474e+01 7.115662e+01
      vertex   5.139834e+01 -8.179000e+01 7.091905e+01
      vertex   5.107199e+01 -8.122474e+01 7.115662e+01
    endloop
  endfacet
  facet normal 3.213938e-01 -5.566704e-01 7.660444e-01
    outer loop
      vertex   4.717487e+01 -8.347474e+01 7.115662e+01
      vertex   5.107199e+01 -8.122474e+01 7.115662e+01
      vertex   4.690883e+01 -8.301394e+01 7.160310e+01
    endloop
  endfacet
  facet normal 3.213938e-01 -5.566704e-01 7.660444e-01
    outer loop
      vertex   4.690883e+01 -8.301394e+01 7.160310e+01
      vertex   5.107199e+01 -8.122474e+01 7.115662e+01
      vertex   5.080594e+01 -8.076394e+01 7.160310e+01
    endloop
  endfacet
  facet normal 4.330127e-01 -7.500000e-01 5.000000e-01
    outer loop
      vertex   4.690883e+01 -8.301394e+01 7.160310e+01
      vertex   5.080594e+01 -8.076394e+01 7.160310e+01
      vertex   4.673518e+01 -8.271317e+01 7.220463e+01
    endloop
  endfacet
  facet normal 4.330127e-01 -7.500000e-01 5.000000e-01
    outer loop
      vertex   4.673518e+01 -8.271317e+01 7.220463e+01
      vertex   5.080594e+01 -8.076394e+01 7.160310e+01
      vertex   5.063230e+01 -8.046317e+01 7.220463e+01
    endloop
  endfacet
  facet normal 4.924039e-01 -8.528685e-01 1.736482e-01
    outer loop
      vertex   4.673518e+01 -8.271317e+01 7.220463e+01
      vertex   5.063230e+01 -8.046317e+01 7.220463e+01
      vertex   4.667487e+01 -8.260872e+01 7.288867e+01
    endloop
  endfacet
  facet normal 4.924039e-01 -8.528685e-01 1.736482e-01
    outer loop
      vertex   4.667487e+01 -8.260872e+01 7.288867e+01
      vertex   5.063230e+01 -8.046317e+01 7.220463e+01
      vertex   5.057199e+01 -8.035872e+01 7.288867e+01
    endloop
  endfacet
  facet normal 4.924039e-01 -8.528685e-01 -1.736482e-01
    outer loop
      vertex   4.667487e+01 -8.260872e+01 7.288867e+01
      vertex   5.057199e+01 -8.035872e+01 7.288867e+01
      vertex   4.673518e+01 -8.271317e+01 7.357271e+01
    endloop
  endfacet
  facet normal 4.924039e-01 -8.528685e-01 -1.736482e-01
    outer loop
      vertex   4.673518e+01 -8.271317e+01 7.357271e+01
      vertex   5.057199e+01 -8.035872e+01 7.288867e+01
      vertex   5.063230e+01 -8.046317e+01 7.357271e+01
    endloop
  endfacet
  facet normal 4.330127e-01 -7.500000e-01 -5.000000e-01
    outer loop
      vertex   4.673518e+01 -8.271317e+01 7.357271e+01
      vertex   5.063230e+01 -8.046317e+01 7.357271e+01
      vertex   4.690883e+01 -8.301394e+01 7.417425e+01
    endloop
  endfacet
  facet normal 4.330127e-01 -7.500000e-01 -5.000000e-01
    outer loop
      vertex   4.690883e+01 -8.301394e+01 7.417425e+01
      vertex   5.063230e+01 -8.046317e+01 7.357271e+01
      vertex   5.080594e+01 -8.076394e+01 7.417425e+01
    endloop
  endfacet
  facet normal 3.213938e-01 -5.566704e-01 -7.660444e-01
    outer loop
      vertex   4.690883e+01 -8.301394e+01 7.417425e+01
      vertex   5.080594e+01 -8.076394e+01 7.417425e+01
      vertex   4.717487e+01 -8.347474e+01 7.462072e+01
    endloop
  endfacet
  facet normal 3.213938e-01 -5.566704e-01 -7.660444e-01
    outer loop
      vertex   4.717487e+01 -8.347474e+01 7.462072e+01
      vertex   5.080594e+01 -8.076394e+01 7.417425e+01
      vertex   5.107199e+01 -8.122474e+01 7.462072e+01
    endloop
  endfacet
  facet normal 1.710101e-01 -2.961981e-01 -9.396926e-01
    outer loop
      vertex   4.717487e+01 -8.347474e+01 7.462072e+01
      vertex   5.107199e+01 -8.122474e+01 7.462072e+01
      vertex   4.750123e+01 -8.404000e+01 7.485829e+01
    endloop
  endfacet
  facet normal 1.710101e-01 -2.961981e-01 -9.396926e-01
    outer loop
      vertex   4.750123e+01 -8.404000e+01 7.485829e+01
      vertex   5.107199e+01 -8.122474e+01 7.462072e+01
      vertex   5.139834e+01 -8.179000e+01 7.485829e+01
    endloop
  endfacet
  facet normal 2.233409e-13 -8.367295e-14 -1.000000e+00
    outer loop
      vertex   4.750123e+01 -8.404000e+01 7.485829e+01
      vertex   5.139834e+01 -8.179000e+01 7.485829e+01
      vertex   4.784852e+01 -8.464153e+01 7.485829e+01
    endloop
  endfacet
  facet normal 2.233409e-13 -8.367295e-14 -1.000000e+00
    outer loop
      vertex   4.784852e+01 -8.464153e+01 7.485829e+01
      vertex   5.139834e+01 -8.179000e+01 7.485829e+01
      vertex   5.174564e+01 -8.239153e+01 7.485829e+01
    endloop
  endfacet
  facet normal -1.710101e-01 2.961981e-01 -9.396926e-01
    outer loop
      vertex   4.784852e+01 -8.464153e+01 7.485829e+01
      vertex   5.174564e+01 -8.239153e+01 7.485829e+01
      vertex   4.817487e+01 -8.520679e+01 7.462072e+01
    endloop
  endfacet
  facet normal -1.710101e-01 2.961981e-01 -9.396926e-01
    outer loop
      vertex   4.817487e+01 -8.520679e+01 7.462072e+01
      vertex   5.174564e+01 -8.239153e+01 7.485829e+01
      vertex   5.207199e+01 -8.295679e+01 7.462072e+01
    endloop
  endfacet
  facet normal -3.213938e-01 5.566704e-01 -7.660444e-01
    outer loop
      vertex   4.817487e+01 -8.520679e+01 7.462072e+01
      vertex   5.207199e+01 -8.295679e+01 7.462072e+01
      vertex   4.844092e+01 -8.566760e+01 7.417425e+01
    endloop
  endfacet
  facet normal -3.213938e-01 5.566704e-01 -7.660444e-01
    outer loop
      vertex   4.844092e+01 -8.566760e+01 7.417425e+01
      vertex   5.207199e+01 -8.295679e+01 7.462072e+01
      vertex   5.233803e+01 -8.341760e+01 7.417425e+01
    endloop
  endfacet
  facet normal -4.330127e-01 7.500000e-01 -5.000000e-01
    outer loop
      vertex   4.844092e+01 -8.566760e+01 7.417425e+01
      vertex   5.233803e+01 -8.341760e+01 7.417425e+01
      vertex   4.861457e+01 -8.596836e+01 7.357271e+01
    endloop
  endfacet
  facet normal -4.330127e-01 7.500000e-01 -5.000000e-01
    outer loop
      vertex   4.861457e+01 -8.596836e+01 7.357271e+01
      vertex   5.233803e+01 -8.341760e+01 7.417425e+01
      vertex   5.251168e+01 -8.371836e+01 7.357271e+01
    endloop
  endfacet
  facet normal -4.924039e-01 8.528685e-01 -1.736482e-01
    outer loop
      vertex   4.861457e+01 -8.596836e+01 7.357271e+01
      vertex   5.251168e+01 -8.371836e+01 7.357271e+01
      vertex   4.867487e+01 -8.607282e+01 7.288867e+01
    endloop
  endfacet
  facet normal -4.924039e-01 8.528685e-01 -1.736482e-01
    outer loop
      vertex   4.867487e+01 -8.607282e+01 7.288867e+01
      vertex   5.251168e+01 -8.371836e+01 7.357271e+01
      vertex   5.257199e+01 -8.382282e+01 7.288867e+01
    endloop
  endfacet
  facet normal -4.924039e-01 8.528685e-01 1.736482e-01
    outer loop
      vertex   4.867487e+01 -8.607282e+01 7.288867e+01
      vertex   5.257199e+01 -8.382282e+01 7.288867e+01
      vertex   4.861457e+01 -8.596836e+01 7.220463e+01
    endloop
  endfacet
  facet normal -4.924039e-01 8.528685e-01 1.736482e-01
    outer loop
      vertex   4.861457e+01 -8.596836e+01 7.220463e+01
      vertex   5.257199e+01 -8.382282e+01 7.288867e+01
      vertex   5.251168e+01 -8.371836e+01 7.220463e+01
    endloop
  endfacet
  facet normal -4.330127e-01 7.500000e-01 5.000000e-01
    outer loop
      vertex   4.861457e+01 -8.596836e+01 7.220463e+01
      vertex   5.251168e+01 -8.371836e+01 7.220463e+01
      vertex   4.844092e+01 -8.566760e+01 7.160310e+01
    endloop
  endfacet
  facet normal -4.330127e-01 7.500000e-01 5.000000e-01
    outer loop
      vertex   4.844092e+01 -8.566760e+01 7.160310e+01
      vertex   5.251168e+01 -8.371836e+01 7.220463e+01
      vertex   5.233803e+01 -8.341760e+01 7.160310e+01
    endloop
  endfacet
  facet normal -3.213938e-01 5.566704e-01 7.660444e-01
    outer loop
      vertex   4.844092e+01 -8.566760e+01 7.160310e+01
      vertex   5.233803e+01 -8.341760e+01 7.160310e+01
      vertex   4.817487e+01 -8.520679e+01 7.115662e+01
    endloop
  endfacet
  facet normal -3.213938e-01 5.566704e-01 7.660444e-01
    outer loop
      vertex   4.817487e+01 -8.520679e+01 7.115662e+01
      vertex   5.233803e+01 -8.341760e+01 7.160310e+01
      vertex   5.207199e+01 -8.295679e+01 7.115662e+01
    endloop
  endfacet
  facet normal -1.710101e-01 2.961981e-01 9.396926e-01
    outer loop
      vertex   4.817487e+01 -8.520679e+01 7.115662e+01
      vertex   5.207199e+01 -8.295679e+01 7.115662e+01
      vertex   4.784852e+01 -8.464153e+01 7.091905e+01
    endloop
  endfacet
  facet normal -1.710101e-01 2.961981e-01 9.396926e-01
    outer loop
      vertex   4.784852e+01 -8.464153e+01 7.091905e+01
      vertex   5.207199e+01 -8.295679e+01 7.115662e+01
      vertex   5.174564e+01 -8.239153e+01 7.091905e+01
    endloop
  endfacet
  facet normal -3.814199e-02 6.606386e-02 -9.970861e-01
    outer loop
      vertex   4.712354e+01 -8.338583e+01 6.663514e+01
      vertex   5.102065e+01 -8.113583e+01 6.663514e+01
      vertex   4.774414e+01 -8.446073e+01 6.654018e+01
    endloop
  endfacet
  facet normal -3.814199e-02 6.606386e-02 -9.970861e-01
    outer loop
      vertex   4.774414e+01 -8.446073e+01 6.654018e+01
      vertex   5.102065e+01 -8.113583e+01 6.663514e+01
      vertex   5.164125e+01 -8.221073e+01 6.654018e+01
    endloop
  endfacet
  facet normal 5.985183e-02 -1.036664e-01 -9.928097e-01
    outer loop
      vertex   4.774414e+01 -8.446073e+01 6.654018e+01
      vertex   5.164125e+01 -8.221073e+01 6.654018e+01
      vertex   4.836207e+01 -8.553103e+01 6.668919e+01
    endloop
  endfacet
  facet normal 5.985183e-02 -1.036664e-01 -9.928097e-01
    outer loop
      vertex   4.836207e+01 -8.553103e+01 6.668919e+01
      vertex   5.164125e+01 -8.221073e+01 6.654018e+01
      vertex   5.225918e+01 -8.328103e+01 6.668919e+01
    endloop
  endfacet
  facet normal 1.555456e-01 -2.694128e-01 -9.503801e-01
    outer loop
      vertex   4.836207e+01 -8.553103e+01 6.668919e+01
      vertex   5.225918e+01 -8.328103e+01 6.668919e+01
      vertex   4.895359e+01 -8.655558e+01 6.707644e+01
    endloop
  endfacet
  facet normal 1.555456e-01 -2.694128e-01 -9.503801e-01
    outer loop
      vertex   4.895359e+01 -8.655558e+01 6.707644e+01
      vertex   5.225918e+01 -8.328103e+01 6.668919e+01
      vertex   5.285071e+01 -8.430558e+01 6.707644e+01
    endloop
  endfacet
  facet normal 2.452618e-01 -4.248059e-01 -8.714279e-01
    outer loop
      vertex   4.895359e+01 -8.655558e+01 6.707644e+01
      vertex   5.285071e+01 -8.430558e+01 6.707644e+01
      vertex   4.949598e+01 -8.749501e+01 6.768705e+01
    endloop
  endfacet
  facet normal 2.452618e-01 -4.248059e-01 -8.714279e-01
    outer loop
      vertex   4.949598e+01 -8.749501e+01 6.768705e+01
      vertex   5.285071e+01 -8.430558e+01 6.707644e+01
      vertex   5.339309e+01 -8.524501e+01 6.768705e+01
    endloop
  endfacet
  facet normal 3.255527e-01 -5.638739e-01 -7.589873e-01
    outer loop
      vertex   4.949598e+01 -8.749501e+01 6.768705e+01
      vertex   5.339309e+01 -8.524501e+01 6.768705e+01
      vertex   4.996838e+01 -8.831324e+01 6.849756e+01
    endloop
  endfacet
  facet normal 3.255527e-01 -5.638739e-01 -7.589873e-01
    outer loop
      vertex   4.996838e+01 -8.831324e+01 6.849756e+01
      vertex   5.339309e+01 -8.524501e+01 6.768705e+01
      vertex   5.386549e+01 -8.606324e+01 6.849756e+01
    endloop
  endfacet
  facet normal 3.933329e-01 -6.812725e-01 -6.173792e-01
    outer loop
      vertex   4.996838e+01 -8.831324e+01 6.849756e+01
      vertex   5.386549e+01 -8.606324e+01 6.849756e+01
      vertex   5.035264e+01 -8.897880e+01 6.947682e+01
    endloop
  endfacet
  facet normal 3.933329e-01 -6.812725e-01 -6.173792e-01
    outer loop
      vertex   5.035264e+01 -8.897880e+01 6.947682e+01
      vertex   5.386549e+01 -8.606324e+01 6.849756e+01
      vertex   5.424976e+01 -8.672880e+01 6.947682e+01
    endloop
  endfacet
  facet normal 4.459974e-01 -7.724902e-01 -4.520455e-01
    outer loop
      vertex   5.035264e+01 -8.897880e+01 6.947682e+01
      vertex   5.424976e+01 -8.672880e+01 6.947682e+01
      vertex   5.063400e+01 -8.946612e+01 7.058719e+01
    endloop
  endfacet
  facet normal 4.459974e-01 -7.724902e-01 -4.520455e-01
    outer loop
      vertex   5.063400e+01 -8.946612e+01 7.058719e+01
      vertex   5.424976e+01 -8.672880e+01 6.947682e+01
      vertex   5.453111e+01 -8.721612e+01 7.058719e+01
    endloop
  endfacet
  facet normal 4.815226e-01 -8.340216e-01 -2.693401e-01
    outer loop
      vertex   5.063400e+01 -8.946612e+01 7.058719e+01
      vertex   5.453111e+01 -8.721612e+01 7.058719e+01
      vertex   5.080164e+01 -8.975648e+01 7.178600e+01
    endloop
  endfacet
  facet normal 4.815226e-01 -8.340216e-01 -2.693401e-01
    outer loop
      vertex   5.080164e+01 -8.975648e+01 7.178600e+01
      vertex   5.453111e+01 -8.721612e+01 7.058719e+01
      vertex   5.469875e+01 -8.750648e+01 7.178600e+01
    endloop
  endfacet
  facet normal 4.985431e-01 -8.635019e-01 -7.628397e-02
    outer loop
      vertex   5.080164e+01 -8.975648e+01 7.178600e+01
      vertex   5.469875e+01 -8.750648e+01 7.178600e+01
      vertex   5.084912e+01 -8.983872e+01 7.302719e+01
    endloop
  endfacet
  facet normal 4.985431e-01 -8.635019e-01 -7.628397e-02
    outer loop
      vertex   5.084912e+01 -8.983872e+01 7.302719e+01
      vertex   5.469875e+01 -8.750648e+01 7.178600e+01
      vertex   5.474623e+01 -8.758872e+01 7.302719e+01
    endloop
  endfacet
  facet normal 4.964048e-01 -8.597984e-01 1.197037e-01
    outer loop
      vertex   5.084912e+01 -8.983872e+01 7.302719e+01
      vertex   5.474623e+01 -8.758872e+01 7.302719e+01
      vertex   5.077461e+01 -8.970967e+01 7.426306e+01
    endloop
  endfacet
  facet normal 4.964048e-01 -8.597984e-01 1.197037e-01
    outer loop
      vertex   5.077461e+01 -8.970967e+01 7.426306e+01
      vertex   5.474623e+01 -8.758872e+01 7.302719e+01
      vertex   5.467173e+01 -8.745967e+01 7.426306e+01
    endloop
  endfacet
  facet normal 4.751900e-01 -8.230533e-01 3.110911e-01
    outer loop
      vertex   5.077461e+01 -8.970967e+01 7.426306e+01
      vertex   5.467173e+01 -8.745967e+01 7.426306e+01
      vertex   5.058099e+01 -8.937430e+01 7.544611e+01
    endloop
  endfacet
  facet normal 4.751900e-01 -8.230533e-01 3.110911e-01
    outer loop
      vertex   5.058099e+01 -8.937430e+01 7.544611e+01
      vertex   5.467173e+01 -8.745967e+01 7.426306e+01
      vertex   5.447810e+01 -8.712430e+01 7.544611e+01
    endloop
  endfacet
  facet normal 4.357140e-01 -7.546787e-01 4.905236e-01
    outer loop
      vertex   5.058099e+01 -8.937430e+01 7.544611e+01
      vertex   5.447810e+01 -8.712430e+01 7.544611e+01
      vertex   5.027568e+01 -8.884550e+01 7.653088e+01
    endloop
  endfacet
  facet normal 4.357140e-01 -7.546787e-01 4.905236e-01
    outer loop
      vertex   5.027568e+01 -8.884550e+01 7.653088e+01
      vertex   5.447810e+01 -8.712430e+01 7.544611e+01
      vertex   5.417280e+01 -8.659550e+01 7.653088e+01
    endloop
  endfacet
  facet normal 3.794936e-01 -6.573023e-01 6.511054e-01
    outer loop
      vertex   5.027568e+01 -8.884550e+01 7.653088e+01
      vertex   5.417280e+01 -8.659550e+01 7.653088e+01
      vertex   4.987043e+01 -8.814358e+01 7.747568e+01
    endloop
  endfacet
  facet normal 3.794936e-01 -6.573023e-01 6.511054e-01
    outer loop
      vertex   4.987043e+01 -8.814358e+01 7.747568e+01
      vertex   5.417280e+01 -8.659550e+01 7.653088e+01
      vertex   5.376754e+01 -8.589358e+01 7.747568e+01
    endloop
  endfacet
  facet normal 3.086896e-01 -5.346661e-01 7.866657e-01
    outer loop
      vertex   4.987043e+01 -8.814358e+01 7.747568e+01
      vertex   5.376754e+01 -8.589358e+01 7.747568e+01
      vertex   4.938080e+01 -8.729552e+01 7.824421e+01
    endloop
  endfacet
  facet normal 3.086896e-01 -5.346661e-01 7.866657e-01
    outer loop
      vertex   4.938080e+01 -8.729552e+01 7.824421e+01
      vertex   5.376754e+01 -8.589358e+01 7.747568e+01
      vertex   5.327791e+01 -8.504552e+01 7.824421e+01
    endloop
  endfacet
  facet normal 2.260228e-01 -3.914829e-01 8.919949e-01
    outer loop
      vertex   4.938080e+01 -8.729552e+01 7.824421e+01
      vertex   5.327791e+01 -8.504552e+01 7.824421e+01
      vertex   4.882561e+01 -8.633391e+01 7.880692e+01
    endloop
  endfacet
  facet normal 2.260228e-01 -3.914829e-01 8.919949e-01
    outer loop
      vertex   4.882561e+01 -8.633391e+01 7.880692e+01
      vertex   5.327791e+01 -8.504552e+01 7.824421e+01
      vertex   5.272273e+01 -8.408391e+01 7.880692e+01
    endloop
  endfacet
  facet normal 1.346700e-01 -2.332553e-01 9.630451e-01
    outer loop
      vertex   4.882561e+01 -8.633391e+01 7.880692e+01
      vertex   5.272273e+01 -8.408391e+01 7.880692e+01
      vertex   4.822621e+01 -8.529570e+01 7.914220e+01
    endloop
  endfacet
  facet normal 1.346700e-01 -2.332553e-01 9.630451e-01
    outer loop
      vertex   4.822621e+01 -8.529570e+01 7.914220e+01
      vertex   5.272273e+01 -8.408391e+01 7.880692e+01
      vertex   5.212332e+01 -8.304570e+01 7.914220e+01
    endloop
  endfacet
  facet normal 8.660254e-01 5.000000e-01 1.494500e-13
    outer loop
      vertex   5.139834e+01 -8.179000e+01 7.485829e+01
      vertex   5.212332e+01 -8.304570e+01 7.914220e+01
      vertex   5.174564e+01 -8.239153e+01 7.485829e+01
    endloop
  endfacet
  facet normal 8.660254e-01 5.000000e-01 1.497773e-13
    outer loop
      vertex   5.174564e+01 -8.239153e+01 7.485829e+01
      vertex   5.212332e+01 -8.304570e+01 7.914220e+01
      vertex   5.272273e+01 -8.408391e+01 7.880692e+01
    endloop
  endfacet
  facet normal 8.660254e-01 5.000000e-01 1.511852e-13
    outer loop
      vertex   5.174564e+01 -8.239153e+01 7.485829e+01
      vertex   5.272273e+01 -8.408391e+01 7.880692e+01
      vertex   5.327791e+01 -8.504552e+01 7.824421e+01
    endloop
  endfacet
  facet normal 8.660254e-01 5.000000e-01 1.522462e-13
    outer loop
      vertex   5.139834e+01 -8.179000e+01 7.485829e+01
      vertex   5.107199e+01 -8.122474e+01 7.462072e+01
      vertex   5.212332e+01 -8.304570e+01 7.914220e+01
    endloop
  endfacet
  facet normal 8.660254e-01 5.000000e-01 1.502774e-13
    outer loop
      vertex   5.212332e+01 -8.304570e+01 7.914220e+01
      vertex   5.107199e+01 -8.122474e+01 7.462072e+01
      vertex   4.589441e+01 -7.225692e+01 8.133885e+01
    endloop
  endfacet
  facet normal 8.660254e-01 5.000000e-01 1.551448e-13
    outer loop
      vertex   4.589441e+01 -7.225692e+01 8.133885e+01
      vertex   5.107199e+01 -8.122474e+01 7.462072e+01
      vertex   5.080594e+01 -8.076394e+01 7.417425e+01
    endloop
  endfacet
  facet normal 8.660254e-01 5.000000e-01 1.421567e-13
    outer loop
      vertex   4.589441e+01 -7.225692e+01 8.133885e+01
      vertex   5.080594e+01 -8.076394e+01 7.417425e+01
      vertex   5.063230e+01 -8.046317e+01 7.357271e+01
    endloop
  endfacet
  facet normal 8.660254e-01 5.000000e-01 1.607152e-13
    outer loop
      vertex   5.063230e+01 -8.046317e+01 7.357271e+01
      vertex   5.057199e+01 -8.035872e+01 7.288867e+01
      vertex   4.589441e+01 -7.225692e+01 8.133885e+01
    endloop
  endfacet
  facet normal 8.660254e-01 5.000000e-01 1.506591e-13
    outer loop
      vertex   4.589441e+01 -7.225692e+01 8.133885e+01
      vertex   5.057199e+01 -8.035872e+01 7.288867e+01
      vertex   4.897718e+01 -7.759643e+01 6.735578e+01
    endloop
  endfacet
  facet normal 8.660254e-01 5.000000e-01 1.446435e-13
    outer loop
      vertex   4.897718e+01 -7.759643e+01 6.735578e+01
      vertex   5.057199e+01 -8.035872e+01 7.288867e+01
      vertex   5.063230e+01 -8.046317e+01 7.220463e+01
    endloop
  endfacet
  facet normal 8.660254e-01 5.000000e-01 1.590172e-13
    outer loop
      vertex   4.897718e+01 -7.759643e+01 6.735578e+01
      vertex   5.063230e+01 -8.046317e+01 7.220463e+01
      vertex   5.080594e+01 -8.076394e+01 7.160310e+01
    endloop
  endfacet
  facet normal 8.660254e-01 5.000000e-01 1.358067e-13
    outer loop
      vertex   5.080594e+01 -8.076394e+01 7.160310e+01
      vertex   5.107199e+01 -8.122474e+01 7.115662e+01
      vertex   4.897718e+01 -7.759643e+01 6.735578e+01
    endloop
  endfacet
  facet normal 8.660254e-01 5.000000e-01 1.539096e-13
    outer loop
      vertex   4.897718e+01 -7.759643e+01 6.735578e+01
      vertex   5.107199e+01 -8.122474e+01 7.115662e+01
      vertex   5.102065e+01 -8.113583e+01 6.663514e+01
    endloop
  endfacet
  facet normal 8.660254e-01 5.000000e-01 1.541792e-13
    outer loop
      vertex   5.102065e+01 -8.113583e+01 6.663514e+01
      vertex   5.107199e+01 -8.122474e+01 7.115662e+01
      vertex   5.139834e+01 -8.179000e+01 7.091905e+01
    endloop
  endfacet
  facet normal 8.660254e-01 5.000000e-01 1.527646e-13
    outer loop
      vertex   5.102065e+01 -8.113583e+01 6.663514e+01
      vertex   5.139834e+01 -8.179000e+01 7.091905e+01
      vertex   5.164125e+01 -8.221073e+01 6.654018e+01
    endloop
  endfacet
  facet normal 8.660254e-01 5.000000e-01 1.541409e-13
    outer loop
      vertex   5.164125e+01 -8.221073e+01 6.654018e+01
      vertex   5.139834e+01 -8.179000e+01 7.091905e+01
      vertex   5.225918e+01 -8.328103e+01 6.668919e+01
    endloop
  endfacet
  facet normal 8.660254e-01 5.000000e-01 1.502977e-13
    outer loop
      vertex   5.225918e+01 -8.328103e+01 6.668919e+01
      vertex   5.139834e+01 -8.179000e+01 7.091905e+01
      vertex   5.285071e+01 -8.430558e+01 6.707644e+01
    endloop
  endfacet
  facet normal 8.660254e-01 5.000000e-01 1.510773e-13
    outer loop
      vertex   5.285071e+01 -8.430558e+01 6.707644e+01
      vertex   5.139834e+01 -8.179000e+01 7.091905e+01
      vertex   5.174564e+01 -8.239153e+01 7.091905e+01
    endloop
  endfacet
  facet normal 8.660254e-01 5.000000e-01 1.490119e-13
    outer loop
      vertex   5.285071e+01 -8.430558e+01 6.707644e+01
      vertex   5.174564e+01 -8.239153e+01 7.091905e+01
      vertex   5.339309e+01 -8.524501e+01 6.768705e+01
    endloop
  endfacet
  facet normal 8.660254e-01 5.000000e-01 1.536506e-13
    outer loop
      vertex   5.339309e+01 -8.524501e+01 6.768705e+01
      vertex   5.174564e+01 -8.239153e+01 7.091905e+01
      vertex   5.386549e+01 -8.606324e+01 6.849756e+01
    endloop
  endfacet
  facet normal 8.660254e-01 5.000000e-01 1.462150e-13
    outer loop
      vertex   5.386549e+01 -8.606324e+01 6.849756e+01
      vertex   5.174564e+01 -8.239153e+01 7.091905e+01
      vertex   5.207199e+01 -8.295679e+01 7.115662e+01
    endloop
  endfacet
  facet normal 8.660254e-01 5.000000e-01 1.506234e-13
    outer loop
      vertex   5.386549e+01 -8.606324e+01 6.849756e+01
      vertex   5.207199e+01 -8.295679e+01 7.115662e+01
      vertex   5.424976e+01 -8.672880e+01 6.947682e+01
    endloop
  endfacet
  facet normal 8.660254e-01 5.000000e-01 1.464420e-13
    outer loop
      vertex   5.424976e+01 -8.672880e+01 6.947682e+01
      vertex   5.207199e+01 -8.295679e+01 7.115662e+01
      vertex   5.233803e+01 -8.341760e+01 7.160310e+01
    endloop
  endfacet
  facet normal 8.660254e-01 5.000000e-01 1.444410e-13
    outer loop
      vertex   5.424976e+01 -8.672880e+01 6.947682e+01
      vertex   5.233803e+01 -8.341760e+01 7.160310e+01
      vertex   5.453111e+01 -8.721612e+01 7.058719e+01
    endloop
  endfacet
  facet normal 8.660254e-01 5.000000e-01 1.585582e-13
    outer loop
      vertex   5.453111e+01 -8.721612e+01 7.058719e+01
      vertex   5.233803e+01 -8.341760e+01 7.160310e+01
      vertex   5.251168e+01 -8.371836e+01 7.220463e+01
    endloop
  endfacet
  facet normal 8.660254e-01 5.000000e-01 1.573529e-13
    outer loop
      vertex   5.453111e+01 -8.721612e+01 7.058719e+01
      vertex   5.251168e+01 -8.371836e+01 7.220463e+01
      vertex   5.469875e+01 -8.750648e+01 7.178600e+01
    endloop
  endfacet
  facet normal 8.660254e-01 5.000000e-01 1.325298e-13
    outer loop
      vertex   5.469875e+01 -8.750648e+01 7.178600e+01
      vertex   5.251168e+01 -8.371836e+01 7.220463e+01
      vertex   5.257199e+01 -8.382282e+01 7.288867e+01
    endloop
  endfacet
  facet normal 8.660254e-01 5.000000e-01 1.473314e-13
    outer loop
      vertex   5.469875e+01 -8.750648e+01 7.178600e+01
      vertex   5.257199e+01 -8.382282e+01 7.288867e+01
      vertex   5.474623e+01 -8.758872e+01 7.302719e+01
    endloop
  endfacet
  facet normal 8.660254e-01 5.000000e-01 1.716230e-13
    outer loop
      vertex   5.474623e+01 -8.758872e+01 7.302719e+01
      vertex   5.257199e+01 -8.382282e+01 7.288867e+01
      vertex   5.251168e+01 -8.371836e+01 7.357271e+01
    endloop
  endfacet
  facet normal 8.660254e-01 5.000000e-01 1.515202e-13
    outer loop
      vertex   5.474623e+01 -8.758872e+01 7.302719e+01
      vertex   5.251168e+01 -8.371836e+01 7.357271e+01
      vertex   5.467173e+01 -8.745967e+01 7.426306e+01
    endloop
  endfacet
  facet normal 8.660254e-01 5.000000e-01 1.539519e-13
    outer loop
      vertex   5.467173e+01 -8.745967e+01 7.426306e+01
      vertex   5.251168e+01 -8.371836e+01 7.357271e+01
      vertex   5.233803e+01 -8.341760e+01 7.417425e+01
    endloop
  endfacet
  facet normal 8.660254e-01 5.000000e-01 1.385144e-13
    outer loop
      vertex   5.467173e+01 -8.745967e+01 7.426306e+01
      vertex   5.233803e+01 -8.341760e+01 7.417425e+01
      vertex   5.447810e+01 -8.712430e+01 7.544611e+01
    endloop
  endfacet
  facet normal 8.660254e-01 5.000000e-01 1.215026e-13
    outer loop
      vertex   5.447810e+01 -8.712430e+01 7.544611e+01
      vertex   5.233803e+01 -8.341760e+01 7.417425e+01
      vertex   5.207199e+01 -8.295679e+01 7.462072e+01
    endloop
  endfacet
  facet normal 8.660254e-01 5.000000e-01 1.657145e-13
    outer loop
      vertex   5.447810e+01 -8.712430e+01 7.544611e+01
      vertex   5.207199e+01 -8.295679e+01 7.462072e+01
      vertex   5.417280e+01 -8.659550e+01 7.653088e+01
    endloop
  endfacet
  facet normal 8.660254e-01 5.000000e-01 1.473620e-13
    outer loop
      vertex   5.417280e+01 -8.659550e+01 7.653088e+01
      vertex   5.207199e+01 -8.295679e+01 7.462072e+01
      vertex   5.376754e+01 -8.589358e+01 7.747568e+01
    endloop
  endfacet
  facet normal 8.660254e-01 5.000000e-01 1.650536e-13
    outer loop
      vertex   5.376754e+01 -8.589358e+01 7.747568e+01
      vertex   5.207199e+01 -8.295679e+01 7.462072e+01
      vertex   5.174564e+01 -8.239153e+01 7.485829e+01
    endloop
  endfacet
  facet normal 8.660254e-01 5.000000e-01 1.516485e-13
    outer loop
      vertex   5.376754e+01 -8.589358e+01 7.747568e+01
      vertex   5.174564e+01 -8.239153e+01 7.485829e+01
      vertex   5.327791e+01 -8.504552e+01 7.824421e+01
    endloop
  endfacet
  facet normal -8.660254e-01 -5.000000e-01 -1.515164e-13
    outer loop
      vertex   4.201677e+01 -7.454065e+01 6.843606e+01
      vertex   4.667487e+01 -8.260872e+01 7.288867e+01
      vertex   4.311944e+01 -7.645052e+01 8.094312e+01
    endloop
  endfacet
  facet normal -8.660254e-01 -5.000000e-01 -1.442854e-13
    outer loop
      vertex   4.311944e+01 -7.645052e+01 8.094312e+01
      vertex   4.667487e+01 -8.260872e+01 7.288867e+01
      vertex   4.673518e+01 -8.271317e+01 7.357271e+01
    endloop
  endfacet
  facet normal -8.660254e-01 -5.000000e-01 -1.568196e-13
    outer loop
      vertex   4.311944e+01 -7.645052e+01 8.094312e+01
      vertex   4.673518e+01 -8.271317e+01 7.357271e+01
      vertex   4.690883e+01 -8.301394e+01 7.417425e+01
    endloop
  endfacet
  facet normal -8.660254e-01 -5.000000e-01 -1.506011e-13
    outer loop
      vertex   4.712354e+01 -8.338583e+01 6.663514e+01
      vertex   4.690883e+01 -8.301394e+01 7.160310e+01
      vertex   4.201677e+01 -7.454065e+01 6.843606e+01
    endloop
  endfacet
  facet normal -8.660254e-01 -5.000000e-01 -1.627496e-13
    outer loop
      vertex   4.201677e+01 -7.454065e+01 6.843606e+01
      vertex   4.690883e+01 -8.301394e+01 7.160310e+01
      vertex   4.673518e+01 -8.271317e+01 7.220463e+01
    endloop
  endfacet
  facet normal -8.660254e-01 -5.000000e-01 -1.521921e-13
    outer loop
      vertex   4.201677e+01 -7.454065e+01 6.843606e+01
      vertex   4.673518e+01 -8.271317e+01 7.220463e+01
      vertex   4.667487e+01 -8.260872e+01 7.288867e+01
    endloop
  endfacet
  facet normal -8.660254e-01 -5.000000e-01 -1.539595e-13
    outer loop
      vertex   4.774414e+01 -8.446073e+01 6.654018e+01
      vertex   4.750123e+01 -8.404000e+01 7.091905e+01
      vertex   4.712354e+01 -8.338583e+01 6.663514e+01
    endloop
  endfacet
  facet normal -8.660254e-01 -5.000000e-01 -1.539997e-13
    outer loop
      vertex   4.712354e+01 -8.338583e+01 6.663514e+01
      vertex   4.750123e+01 -8.404000e+01 7.091905e+01
      vertex   4.717487e+01 -8.347474e+01 7.115662e+01
    endloop
  endfacet
  facet normal -8.660254e-01 -5.000000e-01 -1.532340e-13
    outer loop
      vertex   4.712354e+01 -8.338583e+01 6.663514e+01
      vertex   4.717487e+01 -8.347474e+01 7.115662e+01
      vertex   4.690883e+01 -8.301394e+01 7.160310e+01
    endloop
  endfacet
  facet normal -8.660254e-01 -5.000000e-01 -1.546875e-13
    outer loop
      vertex   4.774414e+01 -8.446073e+01 6.654018e+01
      vertex   4.836207e+01 -8.553103e+01 6.668919e+01
      vertex   4.750123e+01 -8.404000e+01 7.091905e+01
    endloop
  endfacet
  facet normal -8.660254e-01 -5.000000e-01 -1.505851e-13
    outer loop
      vertex   4.750123e+01 -8.404000e+01 7.091905e+01
      vertex   4.836207e+01 -8.553103e+01 6.668919e+01
      vertex   4.784852e+01 -8.464153e+01 7.091905e+01
    endloop
  endfacet
  facet normal -8.660254e-01 -5.000000e-01 -1.520064e-13
    outer loop
      vertex   4.784852e+01 -8.464153e+01 7.091905e+01
      vertex   4.836207e+01 -8.553103e+01 6.668919e+01
      vertex   4.895359e+01 -8.655558e+01 6.707644e+01
    endloop
  endfacet
  facet normal -8.660254e-01 -5.000000e-01 -1.528348e-13
    outer loop
      vertex   4.784852e+01 -8.464153e+01 7.091905e+01
      vertex   4.895359e+01 -8.655558e+01 6.707644e+01
      vertex   4.949598e+01 -8.749501e+01 6.768705e+01
    endloop
  endfacet
  facet normal -8.660254e-01 -5.000000e-01 -1.487057e-13
    outer loop
      vertex   4.784852e+01 -8.464153e+01 7.091905e+01
      vertex   4.949598e+01 -8.749501e+01 6.768705e+01
      vertex   4.817487e+01 -8.520679e+01 7.115662e+01
    endloop
  endfacet
  facet normal -8.660254e-01 -5.000000e-01 -1.533948e-13
    outer loop
      vertex   4.817487e+01 -8.520679e+01 7.115662e+01
      vertex   4.949598e+01 -8.749501e+01 6.768705e+01
      vertex   4.996838e+01 -8.831324e+01 6.849756e+01
    endloop
  endfacet
  facet normal -8.660254e-01 -5.000000e-01 -1.414717e-13
    outer loop
      vertex   4.817487e+01 -8.520679e+01 7.115662e+01
      vertex   4.996838e+01 -8.831324e+01 6.849756e+01
      vertex   5.035264e+01 -8.897880e+01 6.947682e+01
    endloop
  endfacet
  facet normal -8.660254e-01 -5.000000e-01 -1.587237e-13
    outer loop
      vertex   4.817487e+01 -8.520679e+01 7.115662e+01
      vertex   5.035264e+01 -8.897880e+01 6.947682e+01
      vertex   4.844092e+01 -8.566760e+01 7.160310e+01
    endloop
  endfacet
  facet normal -8.660254e-01 -5.000000e-01 -1.609252e-13
    outer loop
      vertex   4.844092e+01 -8.566760e+01 7.160310e+01
      vertex   5.035264e+01 -8.897880e+01 6.947682e+01
      vertex   5.063400e+01 -8.946612e+01 7.058719e+01
    endloop
  endfacet
  facet normal -8.660254e-01 -5.000000e-01 -1.391838e-13
    outer loop
      vertex   4.844092e+01 -8.566760e+01 7.160310e+01
      vertex   5.063400e+01 -8.946612e+01 7.058719e+01
      vertex   4.861457e+01 -8.596836e+01 7.220463e+01
    endloop
  endfacet
  facet normal -8.660254e-01 -5.000000e-01 -1.519297e-13
    outer loop
      vertex   4.861457e+01 -8.596836e+01 7.220463e+01
      vertex   5.063400e+01 -8.946612e+01 7.058719e+01
      vertex   5.080164e+01 -8.975648e+01 7.178600e+01
    endloop
  endfacet
  facet normal -8.660254e-01 -5.000000e-01 -1.514952e-13
    outer loop
      vertex   4.861457e+01 -8.596836e+01 7.220463e+01
      vertex   5.080164e+01 -8.975648e+01 7.178600e+01
      vertex   4.867487e+01 -8.607282e+01 7.288867e+01
    endloop
  endfacet
  facet normal -8.660254e-01 -5.000000e-01 -1.474758e-13
    outer loop
      vertex   4.867487e+01 -8.607282e+01 7.288867e+01
      vertex   5.080164e+01 -8.975648e+01 7.178600e+01
      vertex   5.084912e+01 -8.983872e+01 7.302719e+01
    endloop
  endfacet
  facet normal -8.660254e-01 -5.000000e-01 -1.506340e-13
    outer loop
      vertex   4.867487e+01 -8.607282e+01 7.288867e+01
      vertex   5.084912e+01 -8.983872e+01 7.302719e+01
      vertex   4.861457e+01 -8.596836e+01 7.357271e+01
    endloop
  endfacet
  facet normal -8.660254e-01 -5.000000e-01 -1.459099e-13
    outer loop
      vertex   4.861457e+01 -8.596836e+01 7.357271e+01
      vertex   5.084912e+01 -8.983872e+01 7.302719e+01
      vertex   5.077461e+01 -8.970967e+01 7.426306e+01
    endloop
  endfacet
  facet normal -8.660254e-01 -5.000000e-01 -1.668203e-13
    outer loop
      vertex   4.861457e+01 -8.596836e+01 7.357271e+01
      vertex   5.077461e+01 -8.970967e+01 7.426306e+01
      vertex   4.844092e+01 -8.566760e+01 7.417425e+01
    endloop
  endfacet
  facet normal -8.660254e-01 -5.000000e-01 -1.493046e-13
    outer loop
      vertex   4.844092e+01 -8.566760e+01 7.417425e+01
      vertex   5.077461e+01 -8.970967e+01 7.426306e+01
      vertex   5.058099e+01 -8.937430e+01 7.544611e+01
    endloop
  endfacet
  facet normal -8.660254e-01 -5.000000e-01 -1.588029e-13
    outer loop
      vertex   4.844092e+01 -8.566760e+01 7.417425e+01
      vertex   5.058099e+01 -8.937430e+01 7.544611e+01
      vertex   5.027568e+01 -8.884550e+01 7.653088e+01
    endloop
  endfacet
  facet normal -8.660254e-01 -5.000000e-01 -1.222964e-13
    outer loop
      vertex   4.844092e+01 -8.566760e+01 7.417425e+01
      vertex   5.027568e+01 -8.884550e+01 7.653088e+01
      vertex   4.817487e+01 -8.520679e+01 7.462072e+01
    endloop
  endfacet
  facet normal -8.660254e-01 -5.000000e-01 -1.530763e-13
    outer loop
      vertex   4.817487e+01 -8.520679e+01 7.462072e+01
      vertex   5.027568e+01 -8.884550e+01 7.653088e+01
      vertex   4.987043e+01 -8.814358e+01 7.747568e+01
    endloop
  endfacet
  facet normal -8.660254e-01 -5.000000e-01 -1.517597e-13
    outer loop
      vertex   4.817487e+01 -8.520679e+01 7.462072e+01
      vertex   4.987043e+01 -8.814358e+01 7.747568e+01
      vertex   4.938080e+01 -8.729552e+01 7.824421e+01
    endloop
  endfacet
  facet normal -8.660254e-01 -5.000000e-01 -1.667583e-13
    outer loop
      vertex   4.817487e+01 -8.520679e+01 7.462072e+01
      vertex   4.938080e+01 -8.729552e+01 7.824421e+01
      vertex   4.784852e+01 -8.464153e+01 7.485829e+01
    endloop
  endfacet
  facet normal -8.660254e-01 -5.000000e-01 -1.515092e-13
    outer loop
      vertex   4.784852e+01 -8.464153e+01 7.485829e+01
      vertex   4.938080e+01 -8.729552e+01 7.824421e+01
      vertex   4.882561e+01 -8.633391e+01 7.880692e+01
    endloop
  endfacet
  facet normal -8.660254e-01 -5.000000e-01 -1.553398e-13
    outer loop
      vertex   4.784852e+01 -8.464153e+01 7.485829e+01
      vertex   4.882561e+01 -8.633391e+01 7.880692e+01
      vertex   4.822621e+01 -8.529570e+01 7.914220e+01
    endloop
  endfacet
  facet normal -8.660254e-01 -5.000000e-01 -1.528675e-13
    outer loop
      vertex   4.311944e+01 -7.645052e+01 8.094312e+01
      vertex   4.717487e+01 -8.347474e+01 7.462072e+01
      vertex   4.822621e+01 -8.529570e+01 7.914220e+01
    endloop
  endfacet
  facet normal -8.660254e-01 -5.000000e-01 -1.559596e-13
    outer loop
      vertex   4.822621e+01 -8.529570e+01 7.914220e+01
      vertex   4.717487e+01 -8.347474e+01 7.462072e+01
      vertex   4.750123e+01 -8.404000e+01 7.485829e+01
    endloop
  endfacet
  facet normal -8.660254e-01 -5.000000e-01 -1.537035e-13
    outer loop
      vertex   4.822621e+01 -8.529570e+01 7.914220e+01
      vertex   4.750123e+01 -8.404000e+01 7.485829e+01
      vertex   4.784852e+01 -8.464153e+01 7.485829e+01
    endloop
  endfacet
  facet normal -8.660254e-01 -5.000000e-01 -1.486043e-13
    outer loop
      vertex   4.690883e+01 -8.301394e+01 7.417425e+01
      vertex   4.717487e+01 -8.347474e+01 7.462072e+01
      vertex   4.311944e+01 -7.645052e+01 8.094312e+01
    endloop
  endfacet
  facet normal -9.928752e-01 6.792006e-02 9.790698e-02
    outer loop
      vertex   4.065747e+01 -6.783627e+01 6.946833e+01
      vertex   4.178679e+01 -6.979231e+01 8.227777e+01
      vertex   4.072473e+01 -6.695386e+01 6.953828e+01
    endloop
  endfacet
  facet normal -9.928789e-01 6.787795e-02 9.789791e-02
    outer loop
      vertex   4.072473e+01 -6.695386e+01 6.953828e+01
      vertex   4.178679e+01 -6.979231e+01 8.227777e+01
      vertex   4.186556e+01 -6.892880e+01 8.247790e+01
    endloop
  endfacet
  facet normal -9.962222e-01 -1.160251e-02 8.606175e-02
    outer loop
      vertex   4.072473e+01 -6.695386e+01 6.953828e+01
      vertex   4.186556e+01 -6.892880e+01 8.247790e+01
      vertex   4.071959e+01 -6.605985e+01 6.959929e+01
    endloop
  endfacet
  facet normal -9.962231e-01 -1.171845e-02 8.603600e-02
    outer loop
      vertex   4.071959e+01 -6.605985e+01 6.959929e+01
      vertex   4.186556e+01 -6.892880e+01 8.247790e+01
      vertex   4.187474e+01 -6.805911e+01 8.270269e+01
    endloop
  endfacet
  facet normal -9.930917e-01 -9.138535e-02 7.360472e-02
    outer loop
      vertex   4.071959e+01 -6.605985e+01 6.959929e+01
      vertex   4.187474e+01 -6.805911e+01 8.270269e+01
      vertex   4.064086e+01 -6.516468e+01 6.964852e+01
    endloop
  endfacet
  facet normal -9.930792e-01 -9.155120e-02 7.356677e-02
    outer loop
      vertex   4.064086e+01 -6.516468e+01 6.964852e+01
      vertex   4.187474e+01 -6.805911e+01 8.270269e+01
      vertex   4.181343e+01 -6.719403e+01 8.295162e+01
    endloop
  endfacet
  facet normal -9.831318e-01 -1.726666e-01 6.031602e-02
    outer loop
      vertex   4.064086e+01 -6.516468e+01 6.964852e+01
      vertex   4.181343e+01 -6.719403e+01 8.295162e+01
      vertex   4.048732e+01 -6.427839e+01 6.968300e+01
    endloop
  endfacet
  facet normal -9.831017e-01 -1.728538e-01 6.027187e-02
    outer loop
      vertex   4.048732e+01 -6.427839e+01 6.968300e+01
      vertex   4.181343e+01 -6.719403e+01 8.295162e+01
      vertex   4.168071e+01 -6.634406e+01 8.322447e+01
    endloop
  endfacet
  facet normal -9.667475e-01 -2.514052e-01 4.684808e-02
    outer loop
      vertex   4.048732e+01 -6.427839e+01 6.968300e+01
      vertex   4.168071e+01 -6.634406e+01 8.322447e+01
      vertex   4.026240e+01 -6.341009e+01 6.970129e+01
    endloop
  endfacet
  facet normal -9.667038e-01 -2.515812e-01 4.680530e-02
    outer loop
      vertex   4.026240e+01 -6.341009e+01 6.970129e+01
      vertex   4.168071e+01 -6.634406e+01 8.322447e+01
      vertex   4.148004e+01 -6.551815e+01 8.351906e+01
    endloop
  endfacet
  facet normal -9.449041e-01 -3.256195e-01 3.358889e-02
    outer loop
      vertex   4.026240e+01 -6.341009e+01 6.970129e+01
      vertex   4.148004e+01 -6.551815e+01 8.351906e+01
      vertex   3.997254e+01 -6.256876e+01 6.970317e+01
    endloop
  endfacet
  facet normal -9.448536e-01 -3.257697e-01 3.355132e-02
    outer loop
      vertex   3.997254e+01 -6.256876e+01 6.970317e+01
      vertex   4.148004e+01 -6.551815e+01 8.351906e+01
      vertex   4.121757e+01 -6.472472e+01 8.383162e+01
    endloop
  endfacet
  facet normal -9.177625e-01 -3.966078e-01 2.035433e-02
    outer loop
      vertex   3.997254e+01 -6.256876e+01 6.970317e+01
      vertex   4.121757e+01 -6.472472e+01 8.383162e+01
      vertex   3.962419e+01 -6.176342e+01 6.968845e+01
    endloop
  endfacet
  facet normal -9.177178e-01 -3.967125e-01 2.032738e-02
    outer loop
      vertex   3.962419e+01 -6.176342e+01 6.968845e+01
      vertex   4.121757e+01 -6.472472e+01 8.383162e+01
      vertex   4.089950e+01 -6.397218e+01 8.415835e+01
    endloop
  endfacet
  facet normal -8.849138e-01 -4.657037e-01 6.904967e-03
    outer loop
      vertex   3.962419e+01 -6.176342e+01 6.968845e+01
      vertex   4.089950e+01 -6.397218e+01 8.415835e+01
      vertex   3.922379e+01 -6.100305e+01 6.965694e+01
    endloop
  endfacet
  facet normal -8.848937e-01 -4.657420e-01 6.894813e-03
    outer loop
      vertex   3.922379e+01 -6.100305e+01 6.965694e+01
      vertex   4.089950e+01 -6.397218e+01 8.415835e+01
      vertex   4.053200e+01 -6.326895e+01 8.449548e+01
    endloop
  endfacet
  facet normal -8.828449e-01 -4.696248e-01 6.121268e-03
    outer loop
      vertex   4.311944e+01 -7.645052e+01 8.094312e+01
      vertex   4.276148e+01 -7.577585e+01 8.107771e+01
      vertex   4.201677e+01 -7.454065e+01 6.843606e+01
    endloop
  endfacet
  facet normal -8.911509e-01 -4.536335e-01 8.173058e-03
    outer loop
      vertex   4.201677e+01 -7.454065e+01 6.843606e+01
      vertex   4.276148e+01 -7.577585e+01 8.107771e+01
      vertex   4.149401e+01 -7.351004e+01 6.863953e+01
    endloop
  endfacet
  facet normal -9.131253e-01 -4.072424e-01 1.886313e-02
    outer loop
      vertex   4.149401e+01 -7.351004e+01 6.863953e+01
      vertex   4.276148e+01 -7.577585e+01 8.107771e+01
      vertex   4.245265e+01 -7.507719e+01 8.121162e+01
    endloop
  endfacet
  facet normal -9.335346e-01 -3.574976e-01 2.662021e-02
    outer loop
      vertex   4.149401e+01 -7.351004e+01 6.863953e+01
      vertex   4.245265e+01 -7.507719e+01 8.121162e+01
      vertex   4.108560e+01 -7.242857e+01 6.884068e+01
    endloop
  endfacet
  facet normal -9.389656e-01 -3.426657e-01 3.039587e-02
    outer loop
      vertex   4.108560e+01 -7.242857e+01 6.884068e+01
      vertex   4.245265e+01 -7.507719e+01 8.121162e+01
      vertex   4.219449e+01 -7.435801e+01 8.134420e+01
    endloop
  endfacet
  facet normal -9.650023e-01 -2.582225e-01 4.573556e-02
    outer loop
      vertex   4.108560e+01 -7.242857e+01 6.884068e+01
      vertex   4.219449e+01 -7.435801e+01 8.134420e+01
      vertex   4.190443e+01 -7.323656e+01 8.155571e+01
    endloop
  endfacet
  facet normal -9.856478e-01 -1.562113e-01 6.400300e-02
    outer loop
      vertex   4.173739e+01 -7.208802e+01 8.178650e+01
      vertex   4.065829e+01 -7.044725e+01 6.917303e+01
      vertex   4.190443e+01 -7.323656e+01 8.155571e+01
    endloop
  endfacet
  facet normal -9.840102e-01 -1.672084e-01 6.136101e-02
    outer loop
      vertex   4.190443e+01 -7.323656e+01 8.155571e+01
      vertex   4.065829e+01 -7.044725e+01 6.917303e+01
      vertex   4.079618e+01 -7.130855e+01 6.903723e+01
    endloop
  endfacet
  facet normal -9.652052e-01 -2.574518e-01 4.579761e-02
    outer loop
      vertex   4.190443e+01 -7.323656e+01 8.155571e+01
      vertex   4.079618e+01 -7.130855e+01 6.903723e+01
      vertex   4.108560e+01 -7.242857e+01 6.884068e+01
    endloop
  endfacet
  facet normal -9.934860e-01 -8.692487e-02 7.368639e-02
    outer loop
      vertex   4.065829e+01 -7.044725e+01 6.917303e+01
      vertex   4.173739e+01 -7.208802e+01 8.178650e+01
      vertex   4.059060e+01 -6.957493e+01 6.928940e+01
    endloop
  endfacet
  facet normal -9.954939e-01 -4.821117e-02 8.165572e-02
    outer loop
      vertex   4.059060e+01 -6.957493e+01 6.928940e+01
      vertex   4.173739e+01 -7.208802e+01 8.178650e+01
      vertex   4.170143e+01 -7.093267e+01 8.203029e+01
    endloop
  endfacet
  facet normal -9.962621e-01 -7.841649e-03 8.602471e-02
    outer loop
      vertex   4.059060e+01 -6.957493e+01 6.928940e+01
      vertex   4.170143e+01 -7.093267e+01 8.203029e+01
      vertex   4.059217e+01 -6.870131e+01 6.938718e+01
    endloop
  endfacet
  facet normal -9.938854e-01 5.342734e-02 9.662944e-02
    outer loop
      vertex   4.059217e+01 -6.870131e+01 6.938718e+01
      vertex   4.170143e+01 -7.093267e+01 8.203029e+01
      vertex   4.178679e+01 -6.979231e+01 8.227777e+01
    endloop
  endfacet
  facet normal -9.930477e-01 6.580764e-02 9.759961e-02
    outer loop
      vertex   4.059217e+01 -6.870131e+01 6.938718e+01
      vertex   4.178679e+01 -6.979231e+01 8.227777e+01
      vertex   4.065747e+01 -6.783627e+01 6.946833e+01
    endloop
  endfacet
endsolid
