solid ASCII
  facet normal -9.706618e-01 -1.242540e-15 -2.404490e-01
    outer loop
      vertex   -6.362162e+01 -7.172678e-01 7.736472e+01
      vertex   -6.362162e+01 -3.467268e+00 7.736472e+01
      vertex   -6.401133e+01 -7.172678e-01 7.893793e+01
    endloop
  endfacet
  facet normal -9.706618e-01 -0.000000e+00 -2.404490e-01
    outer loop
      vertex   -6.401133e+01 -7.172678e-01 7.893793e+01
      vertex   -6.362162e+01 -3.467268e+00 7.736472e+01
      vertex   -6.401133e+01 -3.467268e+00 7.893793e+01
    endloop
  endfacet
  facet normal -9.943621e-01 -0.000000e+00 -1.060377e-01
    outer loop
      vertex   -6.401133e+01 -7.172678e-01 7.893793e+01
      vertex   -6.401133e+01 -3.467268e+00 7.893793e+01
      vertex   -6.418319e+01 -7.172678e-01 8.054955e+01
    endloop
  endfacet
  facet normal -9.943621e-01 -0.000000e+00 -1.060377e-01
    outer loop
      vertex   -6.418319e+01 -7.172678e-01 8.054955e+01
      vertex   -6.401133e+01 -3.467268e+00 7.893793e+01
      vertex   -6.418319e+01 -3.467268e+00 8.054955e+01
    endloop
  endfacet
  facet normal -9.995394e-01 0.000000e+00 3.034889e-02
    outer loop
      vertex   -6.418319e+01 -7.172678e-01 8.054955e+01
      vertex   -6.418319e+01 -3.467268e+00 8.054955e+01
      vertex   -6.413400e+01 -7.172678e-01 8.216956e+01
    endloop
  endfacet
  facet normal -9.995394e-01 0.000000e+00 3.034889e-02
    outer loop
      vertex   -6.413400e+01 -7.172678e-01 8.216956e+01
      vertex   -6.418319e+01 -3.467268e+00 8.054955e+01
      vertex   -6.413400e+01 -3.467268e+00 8.216956e+01
    endloop
  endfacet
  facet normal -9.860971e-01 0.000000e+00 1.661701e-01
    outer loop
      vertex   -6.413400e+01 -7.172678e-01 8.216956e+01
      vertex   -6.413400e+01 -3.467268e+00 8.216956e+01
      vertex   -6.386468e+01 -7.172678e-01 8.376778e+01
    endloop
  endfacet
  facet normal -9.860971e-01 -8.304733e-16 1.661701e-01
    outer loop
      vertex   -6.386468e+01 -7.172678e-01 8.376778e+01
      vertex   -6.413400e+01 -3.467268e+00 8.216956e+01
      vertex   -6.386468e+01 -3.467268e+00 8.376778e+01
    endloop
  endfacet
  facet normal -9.542857e-01 6.234642e-16 2.988960e-01
    outer loop
      vertex   -6.386468e+01 -7.172678e-01 8.376778e+01
      vertex   -6.386468e+01 -3.467268e+00 8.376778e+01
      vertex   -6.338025e+01 -7.172678e-01 8.531445e+01
    endloop
  endfacet
  facet normal -9.542857e-01 0.000000e+00 2.988960e-01
    outer loop
      vertex   -6.338025e+01 -7.172678e-01 8.531445e+01
      vertex   -6.386468e+01 -3.467268e+00 8.376778e+01
      vertex   -6.338025e+01 -3.467268e+00 8.531445e+01
    endloop
  endfacet
  facet normal -9.046978e-01 0.000000e+00 4.260539e-01
    outer loop
      vertex   -6.338025e+01 -7.172678e-01 8.531445e+01
      vertex   -6.338025e+01 -3.467268e+00 8.531445e+01
      vertex   -6.268972e+01 -7.172678e-01 8.678074e+01
    endloop
  endfacet
  facet normal -9.046978e-01 0.000000e+00 4.260539e-01
    outer loop
      vertex   -6.268972e+01 -7.172678e-01 8.678074e+01
      vertex   -6.338025e+01 -3.467268e+00 8.531445e+01
      vertex   -6.268972e+01 -3.467268e+00 8.678074e+01
    endloop
  endfacet
  facet normal -8.382570e-01 0.000000e+00 5.452753e-01
    outer loop
      vertex   -6.268972e+01 -7.172678e-01 8.678074e+01
      vertex   -6.268972e+01 -3.467268e+00 8.678074e+01
      vertex   -6.180596e+01 -7.172678e-01 8.813935e+01
    endloop
  endfacet
  facet normal -8.382570e-01 -2.165882e-15 5.452753e-01
    outer loop
      vertex   -6.180596e+01 -7.172678e-01 8.813935e+01
      vertex   -6.268972e+01 -3.467268e+00 8.678074e+01
      vertex   -6.180596e+01 -3.467268e+00 8.813935e+01
    endloop
  endfacet
  facet normal -7.562012e-01 -1.953866e-15 6.543392e-01
    outer loop
      vertex   -6.180596e+01 -7.172678e-01 8.813935e+01
      vertex   -6.180596e+01 -3.467268e+00 8.813935e+01
      vertex   -6.074543e+01 -7.172678e-01 8.936497e+01
    endloop
  endfacet
  facet normal -7.562012e-01 0.000000e+00 6.543392e-01
    outer loop
      vertex   -6.074543e+01 -7.172678e-01 8.936497e+01
      vertex   -6.180596e+01 -3.467268e+00 8.813935e+01
      vertex   -6.074543e+01 -3.467268e+00 8.936497e+01
    endloop
  endfacet
  facet normal -6.600587e-01 0.000000e+00 7.512140e-01
    outer loop
      vertex   -6.074543e+01 -7.172678e-01 8.936497e+01
      vertex   -6.074543e+01 -3.467268e+00 8.936497e+01
      vertex   -5.952790e+01 -7.172678e-01 9.043477e+01
    endloop
  endfacet
  facet normal -6.600587e-01 7.763923e-15 7.512140e-01
    outer loop
      vertex   -5.952790e+01 -7.172678e-01 9.043477e+01
      vertex   -6.074543e+01 -3.467268e+00 8.936497e+01
      vertex   -5.952790e+01 -3.467268e+00 9.043477e+01
    endloop
  endfacet
  facet normal -5.516206e-01 8.620513e-15 8.340952e-01
    outer loop
      vertex   -5.952790e+01 -7.172678e-01 9.043477e+01
      vertex   -5.952790e+01 -3.467268e+00 9.043477e+01
      vertex   -5.817603e+01 -7.172678e-01 9.132881e+01
    endloop
  endfacet
  facet normal -5.516206e-01 0.000000e+00 8.340952e-01
    outer loop
      vertex   -5.817603e+01 -7.172678e-01 9.132881e+01
      vertex   -5.952790e+01 -3.467268e+00 9.043477e+01
      vertex   -5.817603e+01 -3.467268e+00 9.132881e+01
    endloop
  endfacet
  facet normal -4.329068e-01 0.000000e+00 9.014387e-01
    outer loop
      vertex   -5.817603e+01 -7.172678e-01 9.132881e+01
      vertex   -5.817603e+01 -3.467268e+00 9.132881e+01
      vertex   -5.671502e+01 -7.172678e-01 9.203045e+01
    endloop
  endfacet
  facet normal -4.329068e-01 -1.118541e-15 9.014387e-01
    outer loop
      vertex   -5.671502e+01 -7.172678e-01 9.203045e+01
      vertex   -5.817603e+01 -3.467268e+00 9.132881e+01
      vertex   -5.671502e+01 -3.467268e+00 9.203045e+01
    endloop
  endfacet
  facet normal -3.061288e-01 -7.909730e-16 9.519901e-01
    outer loop
      vertex   -5.671502e+01 -7.172678e-01 9.203045e+01
      vertex   -5.671502e+01 -3.467268e+00 9.203045e+01
      vertex   -5.517207e+01 -7.172678e-01 9.252661e+01
    endloop
  endfacet
  facet normal -3.061288e-01 0.000000e+00 9.519901e-01
    outer loop
      vertex   -5.517207e+01 -7.172678e-01 9.252661e+01
      vertex   -5.671502e+01 -3.467268e+00 9.203045e+01
      vertex   -5.517207e+01 -3.467268e+00 9.252661e+01
    endloop
  endfacet
  facet normal -1.736482e-01 0.000000e+00 9.848078e-01
    outer loop
      vertex   -5.517207e+01 -7.172678e-01 9.252661e+01
      vertex   -5.517207e+01 -3.467268e+00 9.252661e+01
      vertex   -5.357594e+01 -7.172678e-01 9.280805e+01
    endloop
  endfacet
  facet normal -1.736482e-01 -8.973415e-16 9.848078e-01
    outer loop
      vertex   -5.357594e+01 -7.172678e-01 9.280805e+01
      vertex   -5.517207e+01 -3.467268e+00 9.252661e+01
      vertex   -5.357594e+01 -3.467268e+00 9.280805e+01
    endloop
  endfacet
  facet normal -3.793284e-02 -1.960211e-16 9.992803e-01
    outer loop
      vertex   -5.357594e+01 -7.172678e-01 9.280805e+01
      vertex   -5.357594e+01 -3.467268e+00 9.280805e+01
      vertex   -5.195635e+01 -7.172678e-01 9.286953e+01
    endloop
  endfacet
  facet normal -3.793284e-02 0.000000e+00 9.992803e-01
    outer loop
      vertex   -5.195635e+01 -7.172678e-01 9.286953e+01
      vertex   -5.357594e+01 -3.467268e+00 9.280805e+01
      vertex   -5.195635e+01 -3.467268e+00 9.286953e+01
    endloop
  endfacet
  facet normal 9.848912e-02 0.000000e+00 9.951381e-01
    outer loop
      vertex   -5.195635e+01 -7.172678e-01 9.286953e+01
      vertex   -5.195635e+01 -3.467268e+00 9.286953e+01
      vertex   -5.034347e+01 -7.172678e-01 9.270990e+01
    endloop
  endfacet
  facet normal 9.848912e-02 0.000000e+00 9.951381e-01
    outer loop
      vertex   -5.034347e+01 -7.172678e-01 9.270990e+01
      vertex   -5.195635e+01 -3.467268e+00 9.286953e+01
      vertex   -5.034347e+01 -3.467268e+00 9.270990e+01
    endloop
  endfacet
  facet normal 2.330764e-01 0.000000e+00 9.724584e-01
    outer loop
      vertex   -5.034347e+01 -7.172678e-01 9.270990e+01
      vertex   -5.034347e+01 -3.467268e+00 9.270990e+01
      vertex   -4.876735e+01 -7.172678e-01 9.233214e+01
    endloop
  endfacet
  facet normal 2.330764e-01 1.204442e-15 9.724584e-01
    outer loop
      vertex   -4.876735e+01 -7.172678e-01 9.233214e+01
      vertex   -5.034347e+01 -3.467268e+00 9.270990e+01
      vertex   -4.876735e+01 -3.467268e+00 9.233214e+01
    endloop
  endfacet
  facet normal 3.633219e-01 1.877496e-15 9.316637e-01
    outer loop
      vertex   -4.876735e+01 -7.172678e-01 9.233214e+01
      vertex   -4.876735e+01 -3.467268e+00 9.233214e+01
      vertex   -4.725735e+01 -7.172678e-01 9.174329e+01
    endloop
  endfacet
  facet normal 3.633219e-01 0.000000e+00 9.316637e-01
    outer loop
      vertex   -4.725735e+01 -7.172678e-01 9.174329e+01
      vertex   -4.876735e+01 -3.467268e+00 9.233214e+01
      vertex   -4.725735e+01 -3.467268e+00 9.174329e+01
    endloop
  endfacet
  facet normal 4.867994e-01 0.000000e+00 8.735138e-01
    outer loop
      vertex   -4.725735e+01 -7.172678e-01 9.174329e+01
      vertex   -4.725735e+01 -3.467268e+00 9.174329e+01
      vertex   -4.584160e+01 -7.172678e-01 9.095430e+01
    endloop
  endfacet
  facet normal 4.867994e-01 0.000000e+00 8.735138e-01
    outer loop
      vertex   -4.584160e+01 -7.172678e-01 9.095430e+01
      vertex   -4.725735e+01 -3.467268e+00 9.174329e+01
      vertex   -4.584160e+01 -3.467268e+00 9.095430e+01
    endloop
  endfacet
  facet normal 6.012088e-01 0.000000e+00 7.990920e-01
    outer loop
      vertex   -4.584160e+01 -7.172678e-01 9.095430e+01
      vertex   -4.584160e+01 -3.467268e+00 9.095430e+01
      vertex   -4.454646e+01 -7.172678e-01 8.997989e+01
    endloop
  endfacet
  facet normal 6.012088e-01 0.000000e+00 7.990920e-01
    outer loop
      vertex   -4.454646e+01 -7.172678e-01 8.997989e+01
      vertex   -4.584160e+01 -3.467268e+00 9.095430e+01
      vertex   -4.454646e+01 -3.467268e+00 8.997989e+01
    endloop
  endfacet
  facet normal 7.044188e-01 0.000000e+00 7.097846e-01
    outer loop
      vertex   -4.454646e+01 -7.172678e-01 8.997989e+01
      vertex   -4.454646e+01 -3.467268e+00 8.997989e+01
      vertex   -4.339607e+01 -7.172678e-01 8.883820e+01
    endloop
  endfacet
  facet normal 7.044188e-01 0.000000e+00 7.097846e-01
    outer loop
      vertex   -4.339607e+01 -7.172678e-01 8.883820e+01
      vertex   -4.454646e+01 -3.467268e+00 8.997989e+01
      vertex   -4.339607e+01 -3.467268e+00 8.883820e+01
    endloop
  endfacet
  facet normal 7.945068e-01 0.000000e+00 6.072553e-01
    outer loop
      vertex   -4.339607e+01 -7.172678e-01 8.883820e+01
      vertex   -4.339607e+01 -3.467268e+00 8.883820e+01
      vertex   -4.241186e+01 -7.172678e-01 8.755049e+01
    endloop
  endfacet
  facet normal 7.945068e-01 0.000000e+00 6.072553e-01
    outer loop
      vertex   -4.241186e+01 -7.172678e-01 8.755049e+01
      vertex   -4.339607e+01 -3.467268e+00 8.883820e+01
      vertex   -4.241186e+01 -3.467268e+00 8.755049e+01
    endloop
  endfacet
  facet normal 8.697946e-01 0.000000e+00 4.934139e-01
    outer loop
      vertex   -4.241186e+01 -7.172678e-01 8.755049e+01
      vertex   -4.241186e+01 -3.467268e+00 8.755049e+01
      vertex   -4.161215e+01 -7.172678e-01 8.614077e+01
    endloop
  endfacet
  facet normal 8.697946e-01 0.000000e+00 4.934139e-01
    outer loop
      vertex   -4.161215e+01 -7.172678e-01 8.614077e+01
      vertex   -4.241186e+01 -3.467268e+00 8.755049e+01
      vertex   -4.161215e+01 -3.467268e+00 8.614077e+01
    endloop
  endfacet
  facet normal 9.288798e-01 0.000000e+00 3.703812e-01
    outer loop
      vertex   -4.161215e+01 -7.172678e-01 8.614077e+01
      vertex   -4.161215e+01 -3.467268e+00 8.614077e+01
      vertex   -4.101186e+01 -7.172678e-01 8.463528e+01
    endloop
  endfacet
  facet normal 9.288798e-01 0.000000e+00 3.703812e-01
    outer loop
      vertex   -4.101186e+01 -7.172678e-01 8.463528e+01
      vertex   -4.161215e+01 -3.467268e+00 8.614077e+01
      vertex   -4.101186e+01 -3.467268e+00 8.463528e+01
    endloop
  endfacet
  facet normal 9.706618e-01 0.000000e+00 2.404490e-01
    outer loop
      vertex   -4.101186e+01 -7.172678e-01 8.463528e+01
      vertex   -4.101186e+01 -3.467268e+00 8.463528e+01
      vertex   -4.062215e+01 -7.172678e-01 8.306207e+01
    endloop
  endfacet
  facet normal 9.706618e-01 0.000000e+00 2.404490e-01
    outer loop
      vertex   -4.062215e+01 -7.172678e-01 8.306207e+01
      vertex   -4.101186e+01 -3.467268e+00 8.463528e+01
      vertex   -4.062215e+01 -3.467268e+00 8.306207e+01
    endloop
  endfacet
  facet normal 9.943621e-01 0.000000e+00 1.060377e-01
    outer loop
      vertex   -4.062215e+01 -7.172678e-01 8.306207e+01
      vertex   -4.062215e+01 -3.467268e+00 8.306207e+01
      vertex   -4.045029e+01 -7.172678e-01 8.145045e+01
    endloop
  endfacet
  facet normal 9.943621e-01 0.000000e+00 1.060377e-01
    outer loop
      vertex   -4.045029e+01 -7.172678e-01 8.145045e+01
      vertex   -4.062215e+01 -3.467268e+00 8.306207e+01
      vertex   -4.045029e+01 -3.467268e+00 8.145045e+01
    endloop
  endfacet
  facet normal 9.995394e-01 0.000000e+00 -3.034889e-02
    outer loop
      vertex   -4.045029e+01 -7.172678e-01 8.145045e+01
      vertex   -4.045029e+01 -3.467268e+00 8.145045e+01
      vertex   -4.049947e+01 -7.172678e-01 7.983044e+01
    endloop
  endfacet
  facet normal 9.995394e-01 0.000000e+00 -3.034889e-02
    outer loop
      vertex   -4.049947e+01 -7.172678e-01 7.983044e+01
      vertex   -4.045029e+01 -3.467268e+00 8.145045e+01
      vertex   -4.049947e+01 -3.467268e+00 7.983044e+01
    endloop
  endfacet
  facet normal 9.860971e-01 0.000000e+00 -1.661701e-01
    outer loop
      vertex   -4.049947e+01 -7.172678e-01 7.983044e+01
      vertex   -4.049947e+01 -3.467268e+00 7.983044e+01
      vertex   -4.076880e+01 -7.172678e-01 7.823222e+01
    endloop
  endfacet
  facet normal 9.860971e-01 0.000000e+00 -1.661701e-01
    outer loop
      vertex   -4.076880e+01 -7.172678e-01 7.823222e+01
      vertex   -4.049947e+01 -3.467268e+00 7.983044e+01
      vertex   -4.076880e+01 -3.467268e+00 7.823222e+01
    endloop
  endfacet
  facet normal 9.542857e-01 0.000000e+00 -2.988960e-01
    outer loop
      vertex   -4.076880e+01 -7.172678e-01 7.823222e+01
      vertex   -4.076880e+01 -3.467268e+00 7.823222e+01
      vertex   -4.125323e+01 -7.172678e-01 7.668555e+01
    endloop
  endfacet
  facet normal 9.542857e-01 0.000000e+00 -2.988960e-01
    outer loop
      vertex   -4.125323e+01 -7.172678e-01 7.668555e+01
      vertex   -4.076880e+01 -3.467268e+00 7.823222e+01
      vertex   -4.125323e+01 -3.467268e+00 7.668555e+01
    endloop
  endfacet
  facet normal 9.046978e-01 0.000000e+00 -4.260539e-01
    outer loop
      vertex   -4.125323e+01 -7.172678e-01 7.668555e+01
      vertex   -4.125323e+01 -3.467268e+00 7.668555e+01
      vertex   -4.194376e+01 -7.172678e-01 7.521926e+01
    endloop
  endfacet
  facet normal 9.046978e-01 0.000000e+00 -4.260539e-01
    outer loop
      vertex   -4.194376e+01 -7.172678e-01 7.521926e+01
      vertex   -4.125323e+01 -3.467268e+00 7.668555e+01
      vertex   -4.194376e+01 -3.467268e+00 7.521926e+01
    endloop
  endfacet
  facet normal 8.382570e-01 0.000000e+00 -5.452753e-01
    outer loop
      vertex   -4.194376e+01 -7.172678e-01 7.521926e+01
      vertex   -4.194376e+01 -3.467268e+00 7.521926e+01
      vertex   -4.282752e+01 -7.172678e-01 7.386065e+01
    endloop
  endfacet
  facet normal 8.382570e-01 0.000000e+00 -5.452753e-01
    outer loop
      vertex   -4.282752e+01 -7.172678e-01 7.386065e+01
      vertex   -4.194376e+01 -3.467268e+00 7.521926e+01
      vertex   -4.282752e+01 -3.467268e+00 7.386065e+01
    endloop
  endfacet
  facet normal 7.562012e-01 0.000000e+00 -6.543392e-01
    outer loop
      vertex   -4.282752e+01 -7.172678e-01 7.386065e+01
      vertex   -4.282752e+01 -3.467268e+00 7.386065e+01
      vertex   -4.388805e+01 -7.172678e-01 7.263503e+01
    endloop
  endfacet
  facet normal 7.562012e-01 0.000000e+00 -6.543392e-01
    outer loop
      vertex   -4.388805e+01 -7.172678e-01 7.263503e+01
      vertex   -4.282752e+01 -3.467268e+00 7.386065e+01
      vertex   -4.388805e+01 -3.467268e+00 7.263503e+01
    endloop
  endfacet
  facet normal 6.600587e-01 0.000000e+00 -7.512140e-01
    outer loop
      vertex   -4.388805e+01 -7.172678e-01 7.263503e+01
      vertex   -4.388805e+01 -3.467268e+00 7.263503e+01
      vertex   -4.510558e+01 -7.172678e-01 7.156523e+01
    endloop
  endfacet
  facet normal 6.600587e-01 2.176507e-15 -7.512140e-01
    outer loop
      vertex   -4.510558e+01 -7.172678e-01 7.156523e+01
      vertex   -4.388805e+01 -3.467268e+00 7.263503e+01
      vertex   -4.510558e+01 -3.467268e+00 7.156523e+01
    endloop
  endfacet
  facet normal 5.516206e-01 2.884984e-15 -8.340952e-01
    outer loop
      vertex   -4.510558e+01 -7.172678e-01 7.156523e+01
      vertex   -4.510558e+01 -3.467268e+00 7.156523e+01
      vertex   -4.645745e+01 -7.172678e-01 7.067119e+01
    endloop
  endfacet
  facet normal 5.516206e-01 0.000000e+00 -8.340952e-01
    outer loop
      vertex   -4.645745e+01 -7.172678e-01 7.067119e+01
      vertex   -4.510558e+01 -3.467268e+00 7.156523e+01
      vertex   -4.645745e+01 -3.467268e+00 7.067119e+01
    endloop
  endfacet
  facet normal 4.329068e-01 0.000000e+00 -9.014387e-01
    outer loop
      vertex   -4.645745e+01 -7.172678e-01 7.067119e+01
      vertex   -4.645745e+01 -3.467268e+00 7.067119e+01
      vertex   -4.791846e+01 -7.172678e-01 6.996955e+01
    endloop
  endfacet
  facet normal 4.329068e-01 0.000000e+00 -9.014387e-01
    outer loop
      vertex   -4.791846e+01 -7.172678e-01 6.996955e+01
      vertex   -4.645745e+01 -3.467268e+00 7.067119e+01
      vertex   -4.791846e+01 -3.467268e+00 6.996955e+01
    endloop
  endfacet
  facet normal 3.061288e-01 0.000000e+00 -9.519901e-01
    outer loop
      vertex   -4.791846e+01 -7.172678e-01 6.996955e+01
      vertex   -4.791846e+01 -3.467268e+00 6.996955e+01
      vertex   -4.946141e+01 -7.172678e-01 6.947339e+01
    endloop
  endfacet
  facet normal 3.061288e-01 -7.909730e-16 -9.519901e-01
    outer loop
      vertex   -4.946141e+01 -7.172678e-01 6.947339e+01
      vertex   -4.791846e+01 -3.467268e+00 6.996955e+01
      vertex   -4.946141e+01 -3.467268e+00 6.947339e+01
    endloop
  endfacet
  facet normal 1.736482e-01 -4.486707e-16 -9.848078e-01
    outer loop
      vertex   -4.946141e+01 -7.172678e-01 6.947339e+01
      vertex   -4.946141e+01 -3.467268e+00 6.947339e+01
      vertex   -5.105754e+01 -7.172678e-01 6.919195e+01
    endloop
  endfacet
  facet normal 1.736482e-01 0.000000e+00 -9.848078e-01
    outer loop
      vertex   -5.105754e+01 -7.172678e-01 6.919195e+01
      vertex   -4.946141e+01 -3.467268e+00 6.947339e+01
      vertex   -5.105754e+01 -3.467268e+00 6.919195e+01
    endloop
  endfacet
  facet normal 3.793284e-02 0.000000e+00 -9.992803e-01
    outer loop
      vertex   -5.105754e+01 -7.172678e-01 6.919195e+01
      vertex   -5.105754e+01 -3.467268e+00 6.919195e+01
      vertex   -5.267713e+01 -7.172678e-01 6.913047e+01
    endloop
  endfacet
  facet normal 3.793284e-02 -1.960211e-16 -9.992803e-01
    outer loop
      vertex   -5.267713e+01 -7.172678e-01 6.913047e+01
      vertex   -5.105754e+01 -3.467268e+00 6.919195e+01
      vertex   -5.267713e+01 -3.467268e+00 6.913047e+01
    endloop
  endfacet
  facet normal -9.848912e-02 5.089508e-16 -9.951381e-01
    outer loop
      vertex   -5.267713e+01 -7.172678e-01 6.913047e+01
      vertex   -5.267713e+01 -3.467268e+00 6.913047e+01
      vertex   -5.429001e+01 -7.172678e-01 6.929010e+01
    endloop
  endfacet
  facet normal -9.848912e-02 -0.000000e+00 -9.951381e-01
    outer loop
      vertex   -5.429001e+01 -7.172678e-01 6.929010e+01
      vertex   -5.267713e+01 -3.467268e+00 6.913047e+01
      vertex   -5.429001e+01 -3.467268e+00 6.929010e+01
    endloop
  endfacet
  facet normal -2.330764e-01 -0.000000e+00 -9.724584e-01
    outer loop
      vertex   -5.429001e+01 -7.172678e-01 6.929010e+01
      vertex   -5.429001e+01 -3.467268e+00 6.929010e+01
      vertex   -5.586613e+01 -7.172678e-01 6.966786e+01
    endloop
  endfacet
  facet normal -2.330764e-01 6.229702e-15 -9.724584e-01
    outer loop
      vertex   -5.586613e+01 -7.172678e-01 6.966786e+01
      vertex   -5.429001e+01 -3.467268e+00 6.929010e+01
      vertex   -5.586613e+01 -3.467268e+00 6.966786e+01
    endloop
  endfacet
  facet normal -3.633219e-01 6.691946e-15 -9.316637e-01
    outer loop
      vertex   -5.586613e+01 -7.172678e-01 6.966786e+01
      vertex   -5.586613e+01 -3.467268e+00 6.966786e+01
      vertex   -5.737613e+01 -7.172678e-01 7.025671e+01
    endloop
  endfacet
  facet normal -3.633219e-01 -0.000000e+00 -9.316637e-01
    outer loop
      vertex   -5.737613e+01 -7.172678e-01 7.025671e+01
      vertex   -5.586613e+01 -3.467268e+00 6.966786e+01
      vertex   -5.737613e+01 -3.467268e+00 7.025671e+01
    endloop
  endfacet
  facet normal -4.867994e-01 -0.000000e+00 -8.735138e-01
    outer loop
      vertex   -5.737613e+01 -7.172678e-01 7.025671e+01
      vertex   -5.737613e+01 -3.467268e+00 7.025671e+01
      vertex   -5.879188e+01 -7.172678e-01 7.104570e+01
    endloop
  endfacet
  facet normal -4.867994e-01 5.771744e-15 -8.735138e-01
    outer loop
      vertex   -5.879188e+01 -7.172678e-01 7.104570e+01
      vertex   -5.737613e+01 -3.467268e+00 7.025671e+01
      vertex   -5.879188e+01 -3.467268e+00 7.104570e+01
    endloop
  endfacet
  facet normal -6.012088e-01 5.682773e-15 -7.990920e-01
    outer loop
      vertex   -5.879188e+01 -7.172678e-01 7.104570e+01
      vertex   -5.879188e+01 -3.467268e+00 7.104570e+01
      vertex   -6.008702e+01 -7.172678e-01 7.202011e+01
    endloop
  endfacet
  facet normal -6.012088e-01 -0.000000e+00 -7.990920e-01
    outer loop
      vertex   -6.008702e+01 -7.172678e-01 7.202011e+01
      vertex   -5.879188e+01 -3.467268e+00 7.104570e+01
      vertex   -6.008702e+01 -3.467268e+00 7.202011e+01
    endloop
  endfacet
  facet normal -7.044188e-01 -0.000000e+00 -7.097846e-01
    outer loop
      vertex   -6.008702e+01 -7.172678e-01 7.202011e+01
      vertex   -6.008702e+01 -3.467268e+00 7.202011e+01
      vertex   -6.123741e+01 -7.172678e-01 7.316180e+01
    endloop
  endfacet
  facet normal -7.044188e-01 -0.000000e+00 -7.097846e-01
    outer loop
      vertex   -6.123741e+01 -7.172678e-01 7.316180e+01
      vertex   -6.008702e+01 -3.467268e+00 7.202011e+01
      vertex   -6.123741e+01 -3.467268e+00 7.316180e+01
    endloop
  endfacet
  facet normal -7.945068e-01 -0.000000e+00 -6.072553e-01
    outer loop
      vertex   -6.123741e+01 -7.172678e-01 7.316180e+01
      vertex   -6.123741e+01 -3.467268e+00 7.316180e+01
      vertex   -6.222162e+01 -7.172678e-01 7.444951e+01
    endloop
  endfacet
  facet normal -7.945068e-01 2.052840e-15 -6.072553e-01
    outer loop
      vertex   -6.222162e+01 -7.172678e-01 7.444951e+01
      vertex   -6.123741e+01 -3.467268e+00 7.316180e+01
      vertex   -6.222162e+01 -3.467268e+00 7.444951e+01
    endloop
  endfacet
  facet normal -8.697946e-01 2.247368e-15 -4.934139e-01
    outer loop
      vertex   -6.222162e+01 -7.172678e-01 7.444951e+01
      vertex   -6.222162e+01 -3.467268e+00 7.444951e+01
      vertex   -6.302132e+01 -7.172678e-01 7.585923e+01
    endloop
  endfacet
  facet normal -8.697946e-01 -0.000000e+00 -4.934139e-01
    outer loop
      vertex   -6.302132e+01 -7.172678e-01 7.585923e+01
      vertex   -6.222162e+01 -3.467268e+00 7.444951e+01
      vertex   -6.302132e+01 -3.467268e+00 7.585923e+01
    endloop
  endfacet
  facet normal -9.288798e-01 -0.000000e+00 -3.703812e-01
    outer loop
      vertex   -6.302132e+01 -7.172678e-01 7.585923e+01
      vertex   -6.302132e+01 -3.467268e+00 7.585923e+01
      vertex   -6.362162e+01 -7.172678e-01 7.736472e+01
    endloop
  endfacet
  facet normal -9.288798e-01 -1.913976e-15 -3.703812e-01
    outer loop
      vertex   -6.362162e+01 -7.172678e-01 7.736472e+01
      vertex   -6.302132e+01 -3.467268e+00 7.585923e+01
      vertex   -6.362162e+01 -3.467268e+00 7.736472e+01
    endloop
  endfacet
  facet normal -4.453086e-16 1.000000e+00 -4.683430e-16
    outer loop
      vertex   -6.300504e+01 -7.172678e-01 7.748962e+01
      vertex   -6.362162e+01 -7.172678e-01 7.736472e+01
      vertex   -6.339583e+01 -7.172678e-01 7.904646e+01
    endloop
  endfacet
  facet normal 9.538192e-17 1.000000e+00 -5.409378e-16
    outer loop
      vertex   -6.339583e+01 -7.172678e-01 7.904646e+01
      vertex   -6.362162e+01 -7.172678e-01 7.736472e+01
      vertex   -6.401133e+01 -7.172678e-01 7.893793e+01
    endloop
  endfacet
  facet normal 5.961370e-17 1.000000e+00 -3.380861e-16
    outer loop
      vertex   -6.339583e+01 -7.172678e-01 7.904646e+01
      vertex   -6.401133e+01 -7.172678e-01 7.893793e+01
      vertex   -6.418319e+01 -7.172678e-01 8.054955e+01
    endloop
  endfacet
  facet normal -4.445215e-16 1.000000e+00 -4.722284e-16
    outer loop
      vertex   -6.362162e+01 -7.172678e-01 7.736472e+01
      vertex   -6.300504e+01 -7.172678e-01 7.748962e+01
      vertex   -6.302132e+01 -7.172678e-01 7.585923e+01
    endloop
  endfacet
  facet normal -6.722736e-17 1.000000e+00 -4.759969e-16
    outer loop
      vertex   -6.302132e+01 -7.172678e-01 7.585923e+01
      vertex   -6.300504e+01 -7.172678e-01 7.748962e+01
      vertex   -6.239667e+01 -7.172678e-01 7.600425e+01
    endloop
  endfacet
  facet normal -9.242740e-17 1.000000e+00 -3.674500e-16
    outer loop
      vertex   -6.302132e+01 -7.172678e-01 7.585923e+01
      vertex   -6.239667e+01 -7.172678e-01 7.600425e+01
      vertex   -6.222162e+01 -7.172678e-01 7.444951e+01
    endloop
  endfacet
  facet normal -2.447095e-16 1.000000e+00 -3.845955e-16
    outer loop
      vertex   -6.222162e+01 -7.172678e-01 7.444951e+01
      vertex   -6.239667e+01 -7.172678e-01 7.600425e+01
      vertex   -6.158310e+01 -7.172678e-01 7.462058e+01
    endloop
  endfacet
  facet normal -2.119508e-16 1.000000e+00 -5.068670e-16
    outer loop
      vertex   -6.222162e+01 -7.172678e-01 7.444951e+01
      vertex   -6.158310e+01 -7.172678e-01 7.462058e+01
      vertex   -6.123741e+01 -7.172678e-01 7.316180e+01
    endloop
  endfacet
  facet normal -4.970962e-16 1.000000e+00 -5.744397e-16
    outer loop
      vertex   -6.123741e+01 -7.172678e-01 7.316180e+01
      vertex   -6.158310e+01 -7.172678e-01 7.462058e+01
      vertex   -6.058090e+01 -7.172678e-01 7.336677e+01
    endloop
  endfacet
  facet normal -4.914708e-16 1.000000e+00 -5.924581e-16
    outer loop
      vertex   -6.123741e+01 -7.172678e-01 7.316180e+01
      vertex   -6.058090e+01 -7.172678e-01 7.336677e+01
      vertex   -6.008702e+01 -7.172678e-01 7.202011e+01
    endloop
  endfacet
  facet normal -3.005966e-16 1.000000e+00 -5.224562e-16
    outer loop
      vertex   -6.008702e+01 -7.172678e-01 7.202011e+01
      vertex   -6.058090e+01 -7.172678e-01 7.336677e+01
      vertex   -5.941046e+01 -7.172678e-01 7.226835e+01
    endloop
  endfacet
  facet normal -3.309132e-16 1.000000e+00 -4.398307e-16
    outer loop
      vertex   -6.008702e+01 -7.172678e-01 7.202011e+01
      vertex   -5.941046e+01 -7.172678e-01 7.226835e+01
      vertex   -5.879188e+01 -7.172678e-01 7.104570e+01
    endloop
  endfacet
  facet normal -1.646283e-16 1.000000e+00 -3.557028e-16
    outer loop
      vertex   -5.879188e+01 -7.172678e-01 7.104570e+01
      vertex   -5.941046e+01 -7.172678e-01 7.226835e+01
      vertex   -5.809561e+01 -7.172678e-01 7.134769e+01
    endloop
  endfacet
  facet normal -2.136546e-16 1.000000e+00 -2.426666e-16
    outer loop
      vertex   -5.879188e+01 -7.172678e-01 7.104570e+01
      vertex   -5.809561e+01 -7.172678e-01 7.134769e+01
      vertex   -5.737613e+01 -7.172678e-01 7.025671e+01
    endloop
  endfacet
  facet normal -1.934402e-16 1.000000e+00 -2.293354e-16
    outer loop
      vertex   -5.737613e+01 -7.172678e-01 7.025671e+01
      vertex   -5.809561e+01 -7.172678e-01 7.134769e+01
      vertex   -5.666312e+01 -7.172678e-01 7.062351e+01
    endloop
  endfacet
  facet normal -1.761020e-16 1.000000e+00 -2.630383e-16
    outer loop
      vertex   -5.737613e+01 -7.172678e-01 7.025671e+01
      vertex   -5.666312e+01 -7.172678e-01 7.062351e+01
      vertex   -5.586613e+01 -7.172678e-01 6.966786e+01
    endloop
  endfacet
  facet normal -3.591838e-16 1.000000e+00 -4.157238e-16
    outer loop
      vertex   -5.586613e+01 -7.172678e-01 6.966786e+01
      vertex   -5.666312e+01 -7.172678e-01 7.062351e+01
      vertex   -5.514215e+01 -7.172678e-01 7.011058e+01
    endloop
  endfacet
  facet normal -3.245392e-16 1.000000e+00 -4.723778e-16
    outer loop
      vertex   -5.586613e+01 -7.172678e-01 6.966786e+01
      vertex   -5.514215e+01 -7.172678e-01 7.011058e+01
      vertex   -5.429001e+01 -7.172678e-01 6.929010e+01
    endloop
  endfacet
  facet normal -2.919144e-16 1.000000e+00 -4.384939e-16
    outer loop
      vertex   -5.429001e+01 -7.172678e-01 6.929010e+01
      vertex   -5.514215e+01 -7.172678e-01 7.011058e+01
      vertex   -5.356367e+01 -7.172678e-01 6.981932e+01
    endloop
  endfacet
  facet normal -3.155298e-16 1.000000e+00 -4.060824e-16
    outer loop
      vertex   -5.429001e+01 -7.172678e-01 6.929010e+01
      vertex   -5.356367e+01 -7.172678e-01 6.981932e+01
      vertex   -5.267713e+01 -7.172678e-01 6.913047e+01
    endloop
  endfacet
  facet normal -2.188425e-16 1.000000e+00 -2.816472e-16
    outer loop
      vertex   -5.267713e+01 -7.172678e-01 6.913047e+01
      vertex   -5.356367e+01 -7.172678e-01 6.981932e+01
      vertex   -5.195980e+01 -7.172678e-01 6.975566e+01
    endloop
  endfacet
  facet normal -2.655410e-16 1.000000e+00 -2.280665e-16
    outer loop
      vertex   -5.267713e+01 -7.172678e-01 6.913047e+01
      vertex   -5.195980e+01 -7.172678e-01 6.975566e+01
      vertex   -5.105754e+01 -7.172678e-01 6.919195e+01
    endloop
  endfacet
  facet normal -4.350676e-16 1.000000e+00 -4.994042e-16
    outer loop
      vertex   -5.105754e+01 -7.172678e-01 6.919195e+01
      vertex   -5.195980e+01 -7.172678e-01 6.975566e+01
      vertex   -5.036320e+01 -7.172678e-01 6.992091e+01
    endloop
  endfacet
  facet normal -3.079304e-16 1.000000e+00 -6.205037e-16
    outer loop
      vertex   -5.105754e+01 -7.172678e-01 6.919195e+01
      vertex   -5.036320e+01 -7.172678e-01 6.992091e+01
      vertex   -4.946141e+01 -7.172678e-01 6.947339e+01
    endloop
  endfacet
  facet normal -2.841503e-16 1.000000e+00 -5.725850e-16
    outer loop
      vertex   -4.946141e+01 -7.172678e-01 6.947339e+01
      vertex   -5.036320e+01 -7.172678e-01 6.992091e+01
      vertex   -4.880636e+01 -7.172678e-01 7.031170e+01
    endloop
  endfacet
  facet normal -3.314420e-16 1.000000e+00 -5.356318e-16
    outer loop
      vertex   -4.946141e+01 -7.172678e-01 6.947339e+01
      vertex   -4.880636e+01 -7.172678e-01 7.031170e+01
      vertex   -4.791846e+01 -7.172678e-01 6.996955e+01
    endloop
  endfacet
  facet normal -2.818217e-16 1.000000e+00 -4.068632e-16
    outer loop
      vertex   -4.791846e+01 -7.172678e-01 6.996955e+01
      vertex   -4.880636e+01 -7.172678e-01 7.031170e+01
      vertex   -4.732099e+01 -7.172678e-01 7.092007e+01
    endloop
  endfacet
  facet normal -2.513489e-16 1.000000e+00 -4.260177e-16
    outer loop
      vertex   -4.791846e+01 -7.172678e-01 6.996955e+01
      vertex   -4.732099e+01 -7.172678e-01 7.092007e+01
      vertex   -4.645745e+01 -7.172678e-01 7.067119e+01
    endloop
  endfacet
  facet normal -2.974202e-16 1.000000e+00 -5.858706e-16
    outer loop
      vertex   -4.645745e+01 -7.172678e-01 7.067119e+01
      vertex   -4.732099e+01 -7.172678e-01 7.092007e+01
      vertex   -4.593732e+01 -7.172678e-01 7.173364e+01
    endloop
  endfacet
  facet normal -2.561948e-16 1.000000e+00 -6.060529e-16
    outer loop
      vertex   -4.645745e+01 -7.172678e-01 7.067119e+01
      vertex   -4.593732e+01 -7.172678e-01 7.173364e+01
      vertex   -4.510558e+01 -7.172678e-01 7.156523e+01
    endloop
  endfacet
  facet normal -2.317810e-16 1.000000e+00 -4.854770e-16
    outer loop
      vertex   -4.510558e+01 -7.172678e-01 7.156523e+01
      vertex   -4.593732e+01 -7.172678e-01 7.173364e+01
      vertex   -4.468351e+01 -7.172678e-01 7.273584e+01
    endloop
  endfacet
  facet normal -4.693808e-16 1.000000e+00 -3.998082e-16
    outer loop
      vertex   -4.510558e+01 -7.172678e-01 7.156523e+01
      vertex   -4.468351e+01 -7.172678e-01 7.273584e+01
      vertex   -4.388805e+01 -7.172678e-01 7.263503e+01
    endloop
  endfacet
  facet normal -4.708976e-16 1.000000e+00 -4.117761e-16
    outer loop
      vertex   -4.388805e+01 -7.172678e-01 7.263503e+01
      vertex   -4.468351e+01 -7.172678e-01 7.273584e+01
      vertex   -4.358509e+01 -7.172678e-01 7.390628e+01
    endloop
  endfacet
  facet normal -3.200727e-16 1.000000e+00 -4.477195e-16
    outer loop
      vertex   -4.388805e+01 -7.172678e-01 7.263503e+01
      vertex   -4.358509e+01 -7.172678e-01 7.390628e+01
      vertex   -4.282752e+01 -7.172678e-01 7.386065e+01
    endloop
  endfacet
  facet normal -3.202844e-16 1.000000e+00 -4.512340e-16
    outer loop
      vertex   -4.282752e+01 -7.172678e-01 7.386065e+01
      vertex   -4.358509e+01 -7.172678e-01 7.390628e+01
      vertex   -4.266443e+01 -7.172678e-01 7.522113e+01
    endloop
  endfacet
  facet normal -3.092878e-16 1.000000e+00 -4.525522e-16
    outer loop
      vertex   -4.282752e+01 -7.172678e-01 7.386065e+01
      vertex   -4.266443e+01 -7.172678e-01 7.522113e+01
      vertex   -4.194376e+01 -7.172678e-01 7.521926e+01
    endloop
  endfacet
  facet normal -3.095178e-16 1.000000e+00 -5.410562e-16
    outer loop
      vertex   -4.194376e+01 -7.172678e-01 7.521926e+01
      vertex   -4.266443e+01 -7.172678e-01 7.522113e+01
      vertex   -4.194025e+01 -7.172678e-01 7.665362e+01
    endloop
  endfacet
  facet normal -1.364302e-16 1.000000e+00 -5.414797e-16
    outer loop
      vertex   -4.194376e+01 -7.172678e-01 7.521926e+01
      vertex   -4.194025e+01 -7.172678e-01 7.665362e+01
      vertex   -4.125323e+01 -7.172678e-01 7.668555e+01
    endloop
  endfacet
  facet normal -1.365971e-16 1.000000e+00 -5.378896e-16
    outer loop
      vertex   -4.125323e+01 -7.172678e-01 7.668555e+01
      vertex   -4.194025e+01 -7.172678e-01 7.665362e+01
      vertex   -4.142732e+01 -7.172678e-01 7.817459e+01
    endloop
  endfacet
  facet normal -2.885570e-16 1.000000e+00 -5.556552e-16
    outer loop
      vertex   -4.125323e+01 -7.172678e-01 7.668555e+01
      vertex   -4.142732e+01 -7.172678e-01 7.817459e+01
      vertex   -4.076880e+01 -7.172678e-01 7.823222e+01
    endloop
  endfacet
  facet normal -2.989252e-16 1.000000e+00 -4.371858e-16
    outer loop
      vertex   -4.076880e+01 -7.172678e-01 7.823222e+01
      vertex   -4.142732e+01 -7.172678e-01 7.817459e+01
      vertex   -4.113606e+01 -7.172678e-01 7.975307e+01
    endloop
  endfacet
  facet normal -2.957637e-16 1.000000e+00 -4.364223e-16
    outer loop
      vertex   -4.076880e+01 -7.172678e-01 7.823222e+01
      vertex   -4.113606e+01 -7.172678e-01 7.975307e+01
      vertex   -4.049947e+01 -7.172678e-01 7.983044e+01
    endloop
  endfacet
  facet normal -2.997733e-16 1.000000e+00 -4.034321e-16
    outer loop
      vertex   -4.049947e+01 -7.172678e-01 7.983044e+01
      vertex   -4.113606e+01 -7.172678e-01 7.975307e+01
      vertex   -4.107240e+01 -7.172678e-01 8.135694e+01
    endloop
  endfacet
  facet normal -4.653911e-16 1.000000e+00 -4.655922e-16
    outer loop
      vertex   -4.049947e+01 -7.172678e-01 7.983044e+01
      vertex   -4.107240e+01 -7.172678e-01 8.135694e+01
      vertex   -4.045029e+01 -7.172678e-01 8.145045e+01
    endloop
  endfacet
  facet normal -4.448369e-16 1.000000e+00 -6.023334e-16
    outer loop
      vertex   -4.045029e+01 -7.172678e-01 8.145045e+01
      vertex   -4.107240e+01 -7.172678e-01 8.135694e+01
      vertex   -4.123765e+01 -7.172678e-01 8.295354e+01
    endloop
  endfacet
  facet normal -2.706347e-16 1.000000e+00 -5.110807e-16
    outer loop
      vertex   -4.045029e+01 -7.172678e-01 8.145045e+01
      vertex   -4.123765e+01 -7.172678e-01 8.295354e+01
      vertex   -4.062215e+01 -7.172678e-01 8.306207e+01
    endloop
  endfacet
  facet normal -2.741177e-16 1.000000e+00 -4.913276e-16
    outer loop
      vertex   -4.062215e+01 -7.172678e-01 8.306207e+01
      vertex   -4.123765e+01 -7.172678e-01 8.295354e+01
      vertex   -4.101186e+01 -7.172678e-01 8.463528e+01
    endloop
  endfacet
  facet normal -4.453086e-16 1.000000e+00 -4.683430e-16
    outer loop
      vertex   -4.101186e+01 -7.172678e-01 8.463528e+01
      vertex   -4.123765e+01 -7.172678e-01 8.295354e+01
      vertex   -4.162844e+01 -7.172678e-01 8.451038e+01
    endloop
  endfacet
  facet normal -4.445215e-16 1.000000e+00 -4.722284e-16
    outer loop
      vertex   -4.101186e+01 -7.172678e-01 8.463528e+01
      vertex   -4.162844e+01 -7.172678e-01 8.451038e+01
      vertex   -4.161215e+01 -7.172678e-01 8.614077e+01
    endloop
  endfacet
  facet normal -6.722736e-17 1.000000e+00 -4.759969e-16
    outer loop
      vertex   -4.161215e+01 -7.172678e-01 8.614077e+01
      vertex   -4.162844e+01 -7.172678e-01 8.451038e+01
      vertex   -4.223681e+01 -7.172678e-01 8.599575e+01
    endloop
  endfacet
  facet normal -9.242740e-17 1.000000e+00 -3.674500e-16
    outer loop
      vertex   -4.161215e+01 -7.172678e-01 8.614077e+01
      vertex   -4.223681e+01 -7.172678e-01 8.599575e+01
      vertex   -4.241186e+01 -7.172678e-01 8.755049e+01
    endloop
  endfacet
  facet normal -2.447095e-16 1.000000e+00 -3.845955e-16
    outer loop
      vertex   -4.241186e+01 -7.172678e-01 8.755049e+01
      vertex   -4.223681e+01 -7.172678e-01 8.599575e+01
      vertex   -4.305038e+01 -7.172678e-01 8.737942e+01
    endloop
  endfacet
  facet normal -2.119508e-16 1.000000e+00 -5.068670e-16
    outer loop
      vertex   -4.241186e+01 -7.172678e-01 8.755049e+01
      vertex   -4.305038e+01 -7.172678e-01 8.737942e+01
      vertex   -4.339607e+01 -7.172678e-01 8.883820e+01
    endloop
  endfacet
  facet normal -4.970962e-16 1.000000e+00 -5.744397e-16
    outer loop
      vertex   -4.339607e+01 -7.172678e-01 8.883820e+01
      vertex   -4.305038e+01 -7.172678e-01 8.737942e+01
      vertex   -4.405258e+01 -7.172678e-01 8.863323e+01
    endloop
  endfacet
  facet normal -4.914708e-16 1.000000e+00 -5.924581e-16
    outer loop
      vertex   -4.339607e+01 -7.172678e-01 8.883820e+01
      vertex   -4.405258e+01 -7.172678e-01 8.863323e+01
      vertex   -4.454646e+01 -7.172678e-01 8.997989e+01
    endloop
  endfacet
  facet normal -3.005966e-16 1.000000e+00 -5.224562e-16
    outer loop
      vertex   -4.454646e+01 -7.172678e-01 8.997989e+01
      vertex   -4.405258e+01 -7.172678e-01 8.863323e+01
      vertex   -4.522302e+01 -7.172678e-01 8.973165e+01
    endloop
  endfacet
  facet normal -3.309132e-16 1.000000e+00 -4.398307e-16
    outer loop
      vertex   -4.454646e+01 -7.172678e-01 8.997989e+01
      vertex   -4.522302e+01 -7.172678e-01 8.973165e+01
      vertex   -4.584160e+01 -7.172678e-01 9.095430e+01
    endloop
  endfacet
  facet normal -1.646283e-16 1.000000e+00 -3.557028e-16
    outer loop
      vertex   -4.584160e+01 -7.172678e-01 9.095430e+01
      vertex   -4.522302e+01 -7.172678e-01 8.973165e+01
      vertex   -4.653787e+01 -7.172678e-01 9.065231e+01
    endloop
  endfacet
  facet normal -2.136546e-16 1.000000e+00 -2.426666e-16
    outer loop
      vertex   -4.584160e+01 -7.172678e-01 9.095430e+01
      vertex   -4.653787e+01 -7.172678e-01 9.065231e+01
      vertex   -4.725735e+01 -7.172678e-01 9.174329e+01
    endloop
  endfacet
  facet normal -1.934402e-16 1.000000e+00 -2.293354e-16
    outer loop
      vertex   -4.725735e+01 -7.172678e-01 9.174329e+01
      vertex   -4.653787e+01 -7.172678e-01 9.065231e+01
      vertex   -4.797036e+01 -7.172678e-01 9.137649e+01
    endloop
  endfacet
  facet normal -1.761020e-16 1.000000e+00 -2.630383e-16
    outer loop
      vertex   -4.725735e+01 -7.172678e-01 9.174329e+01
      vertex   -4.797036e+01 -7.172678e-01 9.137649e+01
      vertex   -4.876735e+01 -7.172678e-01 9.233214e+01
    endloop
  endfacet
  facet normal -3.591838e-16 1.000000e+00 -4.157238e-16
    outer loop
      vertex   -4.876735e+01 -7.172678e-01 9.233214e+01
      vertex   -4.797036e+01 -7.172678e-01 9.137649e+01
      vertex   -4.949132e+01 -7.172678e-01 9.188942e+01
    endloop
  endfacet
  facet normal -3.245392e-16 1.000000e+00 -4.723778e-16
    outer loop
      vertex   -4.876735e+01 -7.172678e-01 9.233214e+01
      vertex   -4.949132e+01 -7.172678e-01 9.188942e+01
      vertex   -5.034347e+01 -7.172678e-01 9.270990e+01
    endloop
  endfacet
  facet normal -2.919144e-16 1.000000e+00 -4.384939e-16
    outer loop
      vertex   -5.034347e+01 -7.172678e-01 9.270990e+01
      vertex   -4.949132e+01 -7.172678e-01 9.188942e+01
      vertex   -5.106981e+01 -7.172678e-01 9.218068e+01
    endloop
  endfacet
  facet normal -3.155298e-16 1.000000e+00 -4.060824e-16
    outer loop
      vertex   -5.034347e+01 -7.172678e-01 9.270990e+01
      vertex   -5.106981e+01 -7.172678e-01 9.218068e+01
      vertex   -5.195635e+01 -7.172678e-01 9.286953e+01
    endloop
  endfacet
  facet normal -2.188425e-16 1.000000e+00 -2.816472e-16
    outer loop
      vertex   -5.195635e+01 -7.172678e-01 9.286953e+01
      vertex   -5.106981e+01 -7.172678e-01 9.218068e+01
      vertex   -5.267368e+01 -7.172678e-01 9.224434e+01
    endloop
  endfacet
  facet normal -2.655410e-16 1.000000e+00 -2.280665e-16
    outer loop
      vertex   -5.195635e+01 -7.172678e-01 9.286953e+01
      vertex   -5.267368e+01 -7.172678e-01 9.224434e+01
      vertex   -5.357594e+01 -7.172678e-01 9.280805e+01
    endloop
  endfacet
  facet normal -4.350676e-16 1.000000e+00 -4.994042e-16
    outer loop
      vertex   -5.357594e+01 -7.172678e-01 9.280805e+01
      vertex   -5.267368e+01 -7.172678e-01 9.224434e+01
      vertex   -5.427028e+01 -7.172678e-01 9.207909e+01
    endloop
  endfacet
  facet normal -3.079304e-16 1.000000e+00 -6.205037e-16
    outer loop
      vertex   -5.357594e+01 -7.172678e-01 9.280805e+01
      vertex   -5.427028e+01 -7.172678e-01 9.207909e+01
      vertex   -5.517207e+01 -7.172678e-01 9.252661e+01
    endloop
  endfacet
  facet normal -2.841503e-16 1.000000e+00 -5.725850e-16
    outer loop
      vertex   -5.517207e+01 -7.172678e-01 9.252661e+01
      vertex   -5.427028e+01 -7.172678e-01 9.207909e+01
      vertex   -5.582712e+01 -7.172678e-01 9.168830e+01
    endloop
  endfacet
  facet normal -3.314420e-16 1.000000e+00 -5.356318e-16
    outer loop
      vertex   -5.517207e+01 -7.172678e-01 9.252661e+01
      vertex   -5.582712e+01 -7.172678e-01 9.168830e+01
      vertex   -5.671502e+01 -7.172678e-01 9.203045e+01
    endloop
  endfacet
  facet normal -2.818217e-16 1.000000e+00 -4.068632e-16
    outer loop
      vertex   -5.671502e+01 -7.172678e-01 9.203045e+01
      vertex   -5.582712e+01 -7.172678e-01 9.168830e+01
      vertex   -5.731249e+01 -7.172678e-01 9.107993e+01
    endloop
  endfacet
  facet normal -2.513489e-16 1.000000e+00 -4.260177e-16
    outer loop
      vertex   -5.671502e+01 -7.172678e-01 9.203045e+01
      vertex   -5.731249e+01 -7.172678e-01 9.107993e+01
      vertex   -5.817603e+01 -7.172678e-01 9.132881e+01
    endloop
  endfacet
  facet normal -2.974202e-16 1.000000e+00 -5.858706e-16
    outer loop
      vertex   -5.817603e+01 -7.172678e-01 9.132881e+01
      vertex   -5.731249e+01 -7.172678e-01 9.107993e+01
      vertex   -5.869616e+01 -7.172678e-01 9.026636e+01
    endloop
  endfacet
  facet normal -2.561948e-16 1.000000e+00 -6.060529e-16
    outer loop
      vertex   -5.817603e+01 -7.172678e-01 9.132881e+01
      vertex   -5.869616e+01 -7.172678e-01 9.026636e+01
      vertex   -5.952790e+01 -7.172678e-01 9.043477e+01
    endloop
  endfacet
  facet normal -2.317810e-16 1.000000e+00 -4.854770e-16
    outer loop
      vertex   -5.952790e+01 -7.172678e-01 9.043477e+01
      vertex   -5.869616e+01 -7.172678e-01 9.026636e+01
      vertex   -5.994997e+01 -7.172678e-01 8.926416e+01
    endloop
  endfacet
  facet normal -4.693808e-16 1.000000e+00 -3.998082e-16
    outer loop
      vertex   -5.952790e+01 -7.172678e-01 9.043477e+01
      vertex   -5.994997e+01 -7.172678e-01 8.926416e+01
      vertex   -6.074543e+01 -7.172678e-01 8.936497e+01
    endloop
  endfacet
  facet normal -4.708976e-16 1.000000e+00 -4.117761e-16
    outer loop
      vertex   -6.074543e+01 -7.172678e-01 8.936497e+01
      vertex   -5.994997e+01 -7.172678e-01 8.926416e+01
      vertex   -6.104839e+01 -7.172678e-01 8.809372e+01
    endloop
  endfacet
  facet normal -3.200727e-16 1.000000e+00 -4.477195e-16
    outer loop
      vertex   -6.074543e+01 -7.172678e-01 8.936497e+01
      vertex   -6.104839e+01 -7.172678e-01 8.809372e+01
      vertex   -6.180596e+01 -7.172678e-01 8.813935e+01
    endloop
  endfacet
  facet normal -3.202844e-16 1.000000e+00 -4.512340e-16
    outer loop
      vertex   -6.180596e+01 -7.172678e-01 8.813935e+01
      vertex   -6.104839e+01 -7.172678e-01 8.809372e+01
      vertex   -6.196905e+01 -7.172678e-01 8.677887e+01
    endloop
  endfacet
  facet normal -3.092878e-16 1.000000e+00 -4.525522e-16
    outer loop
      vertex   -6.180596e+01 -7.172678e-01 8.813935e+01
      vertex   -6.196905e+01 -7.172678e-01 8.677887e+01
      vertex   -6.268972e+01 -7.172678e-01 8.678074e+01
    endloop
  endfacet
  facet normal -3.095178e-16 1.000000e+00 -5.410562e-16
    outer loop
      vertex   -6.268972e+01 -7.172678e-01 8.678074e+01
      vertex   -6.196905e+01 -7.172678e-01 8.677887e+01
      vertex   -6.269323e+01 -7.172678e-01 8.534638e+01
    endloop
  endfacet
  facet normal -1.364302e-16 1.000000e+00 -5.414797e-16
    outer loop
      vertex   -6.268972e+01 -7.172678e-01 8.678074e+01
      vertex   -6.269323e+01 -7.172678e-01 8.534638e+01
      vertex   -6.338025e+01 -7.172678e-01 8.531445e+01
    endloop
  endfacet
  facet normal -1.365971e-16 1.000000e+00 -5.378896e-16
    outer loop
      vertex   -6.338025e+01 -7.172678e-01 8.531445e+01
      vertex   -6.269323e+01 -7.172678e-01 8.534638e+01
      vertex   -6.320616e+01 -7.172678e-01 8.382541e+01
    endloop
  endfacet
  facet normal -2.885570e-16 1.000000e+00 -5.556552e-16
    outer loop
      vertex   -6.338025e+01 -7.172678e-01 8.531445e+01
      vertex   -6.320616e+01 -7.172678e-01 8.382541e+01
      vertex   -6.386468e+01 -7.172678e-01 8.376778e+01
    endloop
  endfacet
  facet normal -2.989252e-16 1.000000e+00 -4.371858e-16
    outer loop
      vertex   -6.386468e+01 -7.172678e-01 8.376778e+01
      vertex   -6.320616e+01 -7.172678e-01 8.382541e+01
      vertex   -6.349742e+01 -7.172678e-01 8.224693e+01
    endloop
  endfacet
  facet normal -2.957637e-16 1.000000e+00 -4.364223e-16
    outer loop
      vertex   -6.386468e+01 -7.172678e-01 8.376778e+01
      vertex   -6.349742e+01 -7.172678e-01 8.224693e+01
      vertex   -6.413400e+01 -7.172678e-01 8.216956e+01
    endloop
  endfacet
  facet normal -2.997733e-16 1.000000e+00 -4.034321e-16
    outer loop
      vertex   -6.413400e+01 -7.172678e-01 8.216956e+01
      vertex   -6.349742e+01 -7.172678e-01 8.224693e+01
      vertex   -6.356108e+01 -7.172678e-01 8.064306e+01
    endloop
  endfacet
  facet normal -4.653911e-16 1.000000e+00 -4.655922e-16
    outer loop
      vertex   -6.413400e+01 -7.172678e-01 8.216956e+01
      vertex   -6.356108e+01 -7.172678e-01 8.064306e+01
      vertex   -6.418319e+01 -7.172678e-01 8.054955e+01
    endloop
  endfacet
  facet normal -4.448369e-16 1.000000e+00 -6.023334e-16
    outer loop
      vertex   -6.418319e+01 -7.172678e-01 8.054955e+01
      vertex   -6.356108e+01 -7.172678e-01 8.064306e+01
      vertex   -6.339583e+01 -7.172678e-01 7.904646e+01
    endloop
  endfacet
  facet normal -9.946865e-01 0.000000e+00 -1.029504e-01
    outer loop
      vertex   -6.356108e+01 -7.172678e-01 8.064306e+01
      vertex   -6.356108e+01 2.032732e+00 8.064306e+01
      vertex   -6.339583e+01 -7.172678e-01 7.904646e+01
    endloop
  endfacet
  facet normal -9.946865e-01 -5.320046e-16 -1.029504e-01
    outer loop
      vertex   -6.339583e+01 -7.172678e-01 7.904646e+01
      vertex   -6.356108e+01 2.032732e+00 8.064306e+01
      vertex   -6.339583e+01 2.032732e+00 7.904646e+01
    endloop
  endfacet
  facet normal -9.699107e-01 -1.258106e-15 -2.434611e-01
    outer loop
      vertex   -6.339583e+01 -7.172678e-01 7.904646e+01
      vertex   -6.339583e+01 2.032732e+00 7.904646e+01
      vertex   -6.300504e+01 -7.172678e-01 7.748962e+01
    endloop
  endfacet
  facet normal -9.699107e-01 0.000000e+00 -2.434611e-01
    outer loop
      vertex   -6.300504e+01 -7.172678e-01 7.748962e+01
      vertex   -6.339583e+01 2.032732e+00 7.904646e+01
      vertex   -6.300504e+01 2.032732e+00 7.748962e+01
    endloop
  endfacet
  facet normal -9.253902e-01 0.000000e+00 -3.790157e-01
    outer loop
      vertex   -6.300504e+01 -7.172678e-01 7.748962e+01
      vertex   -6.300504e+01 2.032732e+00 7.748962e+01
      vertex   -6.239667e+01 -7.172678e-01 7.600425e+01
    endloop
  endfacet
  facet normal -9.253902e-01 0.000000e+00 -3.790157e-01
    outer loop
      vertex   -6.239667e+01 -7.172678e-01 7.600425e+01
      vertex   -6.300504e+01 2.032732e+00 7.748962e+01
      vertex   -6.239667e+01 2.032732e+00 7.600425e+01
    endloop
  endfacet
  facet normal -8.620315e-01 0.000000e+00 -5.068546e-01
    outer loop
      vertex   -6.239667e+01 -7.172678e-01 7.600425e+01
      vertex   -6.239667e+01 2.032732e+00 7.600425e+01
      vertex   -6.158310e+01 -7.172678e-01 7.462058e+01
    endloop
  endfacet
  facet normal -8.620315e-01 0.000000e+00 -5.068546e-01
    outer loop
      vertex   -6.158310e+01 -7.172678e-01 7.462058e+01
      vertex   -6.239667e+01 2.032732e+00 7.600425e+01
      vertex   -6.158310e+01 2.032732e+00 7.462058e+01
    endloop
  endfacet
  facet normal -7.811244e-01 0.000000e+00 -6.243755e-01
    outer loop
      vertex   -6.158310e+01 -7.172678e-01 7.462058e+01
      vertex   -6.158310e+01 2.032732e+00 7.462058e+01
      vertex   -6.058090e+01 -7.172678e-01 7.336677e+01
    endloop
  endfacet
  facet normal -7.811244e-01 0.000000e+00 -6.243755e-01
    outer loop
      vertex   -6.058090e+01 -7.172678e-01 7.336677e+01
      vertex   -6.158310e+01 2.032732e+00 7.462058e+01
      vertex   -6.058090e+01 2.032732e+00 7.336677e+01
    endloop
  endfacet
  facet normal -6.843157e-01 0.000000e+00 -7.291858e-01
    outer loop
      vertex   -6.058090e+01 -7.172678e-01 7.336677e+01
      vertex   -6.058090e+01 2.032732e+00 7.336677e+01
      vertex   -5.941046e+01 -7.172678e-01 7.226835e+01
    endloop
  endfacet
  facet normal -6.843157e-01 0.000000e+00 -7.291858e-01
    outer loop
      vertex   -5.941046e+01 -7.172678e-01 7.226835e+01
      vertex   -6.058090e+01 2.032732e+00 7.336677e+01
      vertex   -5.941046e+01 2.032732e+00 7.226835e+01
    endloop
  endfacet
  facet normal -5.735764e-01 0.000000e+00 -8.191520e-01
    outer loop
      vertex   -5.941046e+01 -7.172678e-01 7.226835e+01
      vertex   -5.941046e+01 2.032732e+00 7.226835e+01
      vertex   -5.809561e+01 -7.172678e-01 7.134769e+01
    endloop
  endfacet
  facet normal -5.735764e-01 0.000000e+00 -8.191520e-01
    outer loop
      vertex   -5.809561e+01 -7.172678e-01 7.134769e+01
      vertex   -5.941046e+01 2.032732e+00 7.226835e+01
      vertex   -5.809561e+01 2.032732e+00 7.134769e+01
    endloop
  endfacet
  facet normal -4.511608e-01 0.000000e+00 -8.924427e-01
    outer loop
      vertex   -5.809561e+01 -7.172678e-01 7.134769e+01
      vertex   -5.809561e+01 2.032732e+00 7.134769e+01
      vertex   -5.666312e+01 -7.172678e-01 7.062351e+01
    endloop
  endfacet
  facet normal -4.511608e-01 0.000000e+00 -8.924427e-01
    outer loop
      vertex   -5.666312e+01 -7.172678e-01 7.062351e+01
      vertex   -5.809561e+01 2.032732e+00 7.134769e+01
      vertex   -5.666312e+01 2.032732e+00 7.062351e+01
    endloop
  endfacet
  facet normal -3.195608e-01 0.000000e+00 -9.475658e-01
    outer loop
      vertex   -5.666312e+01 -7.172678e-01 7.062351e+01
      vertex   -5.666312e+01 2.032732e+00 7.062351e+01
      vertex   -5.514215e+01 -7.172678e-01 7.011058e+01
    endloop
  endfacet
  facet normal -3.195608e-01 0.000000e+00 -9.475658e-01
    outer loop
      vertex   -5.514215e+01 -7.172678e-01 7.011058e+01
      vertex   -5.666312e+01 2.032732e+00 7.062351e+01
      vertex   -5.514215e+01 2.032732e+00 7.011058e+01
    endloop
  endfacet
  facet normal -1.814554e-01 0.000000e+00 -9.833992e-01
    outer loop
      vertex   -5.514215e+01 -7.172678e-01 7.011058e+01
      vertex   -5.514215e+01 2.032732e+00 7.011058e+01
      vertex   -5.356367e+01 -7.172678e-01 6.981932e+01
    endloop
  endfacet
  facet normal -1.814554e-01 0.000000e+00 -9.833992e-01
    outer loop
      vertex   -5.356367e+01 -7.172678e-01 6.981932e+01
      vertex   -5.514215e+01 2.032732e+00 7.011058e+01
      vertex   -5.356367e+01 2.032732e+00 6.981932e+01
    endloop
  endfacet
  facet normal -3.965617e-02 0.000000e+00 -9.992134e-01
    outer loop
      vertex   -5.356367e+01 -7.172678e-01 6.981932e+01
      vertex   -5.356367e+01 2.032732e+00 6.981932e+01
      vertex   -5.195980e+01 -7.172678e-01 6.975566e+01
    endloop
  endfacet
  facet normal -3.965617e-02 0.000000e+00 -9.992134e-01
    outer loop
      vertex   -5.195980e+01 -7.172678e-01 6.975566e+01
      vertex   -5.356367e+01 2.032732e+00 6.981932e+01
      vertex   -5.195980e+01 2.032732e+00 6.975566e+01
    endloop
  endfacet
  facet normal 1.029504e-01 0.000000e+00 -9.946865e-01
    outer loop
      vertex   -5.195980e+01 -7.172678e-01 6.975566e+01
      vertex   -5.195980e+01 2.032732e+00 6.975566e+01
      vertex   -5.036320e+01 -7.172678e-01 6.992091e+01
    endloop
  endfacet
  facet normal 1.029504e-01 0.000000e+00 -9.946865e-01
    outer loop
      vertex   -5.036320e+01 -7.172678e-01 6.992091e+01
      vertex   -5.195980e+01 2.032732e+00 6.975566e+01
      vertex   -5.036320e+01 2.032732e+00 6.992091e+01
    endloop
  endfacet
  facet normal 2.434611e-01 0.000000e+00 -9.699107e-01
    outer loop
      vertex   -5.036320e+01 -7.172678e-01 6.992091e+01
      vertex   -5.036320e+01 2.032732e+00 6.992091e+01
      vertex   -4.880636e+01 -7.172678e-01 7.031170e+01
    endloop
  endfacet
  facet normal 2.434611e-01 0.000000e+00 -9.699107e-01
    outer loop
      vertex   -4.880636e+01 -7.172678e-01 7.031170e+01
      vertex   -5.036320e+01 2.032732e+00 6.992091e+01
      vertex   -4.880636e+01 2.032732e+00 7.031170e+01
    endloop
  endfacet
  facet normal 3.790157e-01 0.000000e+00 -9.253902e-01
    outer loop
      vertex   -4.880636e+01 -7.172678e-01 7.031170e+01
      vertex   -4.880636e+01 2.032732e+00 7.031170e+01
      vertex   -4.732099e+01 -7.172678e-01 7.092007e+01
    endloop
  endfacet
  facet normal 3.790157e-01 0.000000e+00 -9.253902e-01
    outer loop
      vertex   -4.732099e+01 -7.172678e-01 7.092007e+01
      vertex   -4.880636e+01 2.032732e+00 7.031170e+01
      vertex   -4.732099e+01 2.032732e+00 7.092007e+01
    endloop
  endfacet
  facet normal 5.068546e-01 0.000000e+00 -8.620315e-01
    outer loop
      vertex   -4.732099e+01 -7.172678e-01 7.092007e+01
      vertex   -4.732099e+01 2.032732e+00 7.092007e+01
      vertex   -4.593732e+01 -7.172678e-01 7.173364e+01
    endloop
  endfacet
  facet normal 5.068546e-01 0.000000e+00 -8.620315e-01
    outer loop
      vertex   -4.593732e+01 -7.172678e-01 7.173364e+01
      vertex   -4.732099e+01 2.032732e+00 7.092007e+01
      vertex   -4.593732e+01 2.032732e+00 7.173364e+01
    endloop
  endfacet
  facet normal 6.243755e-01 0.000000e+00 -7.811244e-01
    outer loop
      vertex   -4.593732e+01 -7.172678e-01 7.173364e+01
      vertex   -4.593732e+01 2.032732e+00 7.173364e+01
      vertex   -4.468351e+01 -7.172678e-01 7.273584e+01
    endloop
  endfacet
  facet normal 6.243755e-01 0.000000e+00 -7.811244e-01
    outer loop
      vertex   -4.468351e+01 -7.172678e-01 7.273584e+01
      vertex   -4.593732e+01 2.032732e+00 7.173364e+01
      vertex   -4.468351e+01 2.032732e+00 7.273584e+01
    endloop
  endfacet
  facet normal 7.291858e-01 0.000000e+00 -6.843157e-01
    outer loop
      vertex   -4.468351e+01 -7.172678e-01 7.273584e+01
      vertex   -4.468351e+01 2.032732e+00 7.273584e+01
      vertex   -4.358509e+01 -7.172678e-01 7.390628e+01
    endloop
  endfacet
  facet normal 7.291858e-01 0.000000e+00 -6.843157e-01
    outer loop
      vertex   -4.358509e+01 -7.172678e-01 7.390628e+01
      vertex   -4.468351e+01 2.032732e+00 7.273584e+01
      vertex   -4.358509e+01 2.032732e+00 7.390628e+01
    endloop
  endfacet
  facet normal 8.191520e-01 0.000000e+00 -5.735764e-01
    outer loop
      vertex   -4.358509e+01 -7.172678e-01 7.390628e+01
      vertex   -4.358509e+01 2.032732e+00 7.390628e+01
      vertex   -4.266443e+01 -7.172678e-01 7.522113e+01
    endloop
  endfacet
  facet normal 8.191520e-01 0.000000e+00 -5.735764e-01
    outer loop
      vertex   -4.266443e+01 -7.172678e-01 7.522113e+01
      vertex   -4.358509e+01 2.032732e+00 7.390628e+01
      vertex   -4.266443e+01 2.032732e+00 7.522113e+01
    endloop
  endfacet
  facet normal 8.924427e-01 0.000000e+00 -4.511608e-01
    outer loop
      vertex   -4.266443e+01 -7.172678e-01 7.522113e+01
      vertex   -4.266443e+01 2.032732e+00 7.522113e+01
      vertex   -4.194025e+01 -7.172678e-01 7.665362e+01
    endloop
  endfacet
  facet normal 8.924427e-01 0.000000e+00 -4.511608e-01
    outer loop
      vertex   -4.194025e+01 -7.172678e-01 7.665362e+01
      vertex   -4.266443e+01 2.032732e+00 7.522113e+01
      vertex   -4.194025e+01 2.032732e+00 7.665362e+01
    endloop
  endfacet
  facet normal 9.475658e-01 0.000000e+00 -3.195608e-01
    outer loop
      vertex   -4.194025e+01 -7.172678e-01 7.665362e+01
      vertex   -4.194025e+01 2.032732e+00 7.665362e+01
      vertex   -4.142732e+01 -7.172678e-01 7.817459e+01
    endloop
  endfacet
  facet normal 9.475658e-01 0.000000e+00 -3.195608e-01
    outer loop
      vertex   -4.142732e+01 -7.172678e-01 7.817459e+01
      vertex   -4.194025e+01 2.032732e+00 7.665362e+01
      vertex   -4.142732e+01 2.032732e+00 7.817459e+01
    endloop
  endfacet
  facet normal 9.833992e-01 0.000000e+00 -1.814554e-01
    outer loop
      vertex   -4.142732e+01 -7.172678e-01 7.817459e+01
      vertex   -4.142732e+01 2.032732e+00 7.817459e+01
      vertex   -4.113606e+01 -7.172678e-01 7.975307e+01
    endloop
  endfacet
  facet normal 9.833992e-01 0.000000e+00 -1.814554e-01
    outer loop
      vertex   -4.113606e+01 -7.172678e-01 7.975307e+01
      vertex   -4.142732e+01 2.032732e+00 7.817459e+01
      vertex   -4.113606e+01 2.032732e+00 7.975307e+01
    endloop
  endfacet
  facet normal 9.992134e-01 0.000000e+00 -3.965617e-02
    outer loop
      vertex   -4.113606e+01 -7.172678e-01 7.975307e+01
      vertex   -4.113606e+01 2.032732e+00 7.975307e+01
      vertex   -4.107240e+01 -7.172678e-01 8.135694e+01
    endloop
  endfacet
  facet normal 9.992134e-01 0.000000e+00 -3.965617e-02
    outer loop
      vertex   -4.107240e+01 -7.172678e-01 8.135694e+01
      vertex   -4.113606e+01 2.032732e+00 7.975307e+01
      vertex   -4.107240e+01 2.032732e+00 8.135694e+01
    endloop
  endfacet
  facet normal 9.946865e-01 -0.000000e+00 1.029504e-01
    outer loop
      vertex   -4.107240e+01 -7.172678e-01 8.135694e+01
      vertex   -4.107240e+01 2.032732e+00 8.135694e+01
      vertex   -4.123765e+01 -7.172678e-01 8.295354e+01
    endloop
  endfacet
  facet normal 9.946865e-01 -0.000000e+00 1.029504e-01
    outer loop
      vertex   -4.123765e+01 -7.172678e-01 8.295354e+01
      vertex   -4.107240e+01 2.032732e+00 8.135694e+01
      vertex   -4.123765e+01 2.032732e+00 8.295354e+01
    endloop
  endfacet
  facet normal 9.699107e-01 -0.000000e+00 2.434611e-01
    outer loop
      vertex   -4.123765e+01 -7.172678e-01 8.295354e+01
      vertex   -4.123765e+01 2.032732e+00 8.295354e+01
      vertex   -4.162844e+01 -7.172678e-01 8.451038e+01
    endloop
  endfacet
  facet normal 9.699107e-01 -0.000000e+00 2.434611e-01
    outer loop
      vertex   -4.162844e+01 -7.172678e-01 8.451038e+01
      vertex   -4.123765e+01 2.032732e+00 8.295354e+01
      vertex   -4.162844e+01 2.032732e+00 8.451038e+01
    endloop
  endfacet
  facet normal 9.253902e-01 -0.000000e+00 3.790157e-01
    outer loop
      vertex   -4.162844e+01 -7.172678e-01 8.451038e+01
      vertex   -4.162844e+01 2.032732e+00 8.451038e+01
      vertex   -4.223681e+01 -7.172678e-01 8.599575e+01
    endloop
  endfacet
  facet normal 9.253902e-01 -0.000000e+00 3.790157e-01
    outer loop
      vertex   -4.223681e+01 -7.172678e-01 8.599575e+01
      vertex   -4.162844e+01 2.032732e+00 8.451038e+01
      vertex   -4.223681e+01 2.032732e+00 8.599575e+01
    endloop
  endfacet
  facet normal 8.620315e-01 -0.000000e+00 5.068546e-01
    outer loop
      vertex   -4.223681e+01 -7.172678e-01 8.599575e+01
      vertex   -4.223681e+01 2.032732e+00 8.599575e+01
      vertex   -4.305038e+01 -7.172678e-01 8.737942e+01
    endloop
  endfacet
  facet normal 8.620315e-01 -0.000000e+00 5.068546e-01
    outer loop
      vertex   -4.305038e+01 -7.172678e-01 8.737942e+01
      vertex   -4.223681e+01 2.032732e+00 8.599575e+01
      vertex   -4.305038e+01 2.032732e+00 8.737942e+01
    endloop
  endfacet
  facet normal 7.811244e-01 -0.000000e+00 6.243755e-01
    outer loop
      vertex   -4.305038e+01 -7.172678e-01 8.737942e+01
      vertex   -4.305038e+01 2.032732e+00 8.737942e+01
      vertex   -4.405258e+01 -7.172678e-01 8.863323e+01
    endloop
  endfacet
  facet normal 7.811244e-01 -0.000000e+00 6.243755e-01
    outer loop
      vertex   -4.405258e+01 -7.172678e-01 8.863323e+01
      vertex   -4.305038e+01 2.032732e+00 8.737942e+01
      vertex   -4.405258e+01 2.032732e+00 8.863323e+01
    endloop
  endfacet
  facet normal 6.843157e-01 -0.000000e+00 7.291858e-01
    outer loop
      vertex   -4.405258e+01 -7.172678e-01 8.863323e+01
      vertex   -4.405258e+01 2.032732e+00 8.863323e+01
      vertex   -4.522302e+01 -7.172678e-01 8.973165e+01
    endloop
  endfacet
  facet normal 6.843157e-01 -0.000000e+00 7.291858e-01
    outer loop
      vertex   -4.522302e+01 -7.172678e-01 8.973165e+01
      vertex   -4.405258e+01 2.032732e+00 8.863323e+01
      vertex   -4.522302e+01 2.032732e+00 8.973165e+01
    endloop
  endfacet
  facet normal 5.735764e-01 -0.000000e+00 8.191520e-01
    outer loop
      vertex   -4.522302e+01 -7.172678e-01 8.973165e+01
      vertex   -4.522302e+01 2.032732e+00 8.973165e+01
      vertex   -4.653787e+01 -7.172678e-01 9.065231e+01
    endloop
  endfacet
  facet normal 5.735764e-01 -0.000000e+00 8.191520e-01
    outer loop
      vertex   -4.653787e+01 -7.172678e-01 9.065231e+01
      vertex   -4.522302e+01 2.032732e+00 8.973165e+01
      vertex   -4.653787e+01 2.032732e+00 9.065231e+01
    endloop
  endfacet
  facet normal 4.511608e-01 -0.000000e+00 8.924427e-01
    outer loop
      vertex   -4.653787e+01 -7.172678e-01 9.065231e+01
      vertex   -4.653787e+01 2.032732e+00 9.065231e+01
      vertex   -4.797036e+01 -7.172678e-01 9.137649e+01
    endloop
  endfacet
  facet normal 4.511608e-01 -0.000000e+00 8.924427e-01
    outer loop
      vertex   -4.797036e+01 -7.172678e-01 9.137649e+01
      vertex   -4.653787e+01 2.032732e+00 9.065231e+01
      vertex   -4.797036e+01 2.032732e+00 9.137649e+01
    endloop
  endfacet
  facet normal 3.195608e-01 -0.000000e+00 9.475658e-01
    outer loop
      vertex   -4.797036e+01 -7.172678e-01 9.137649e+01
      vertex   -4.797036e+01 2.032732e+00 9.137649e+01
      vertex   -4.949132e+01 -7.172678e-01 9.188942e+01
    endloop
  endfacet
  facet normal 3.195608e-01 -0.000000e+00 9.475658e-01
    outer loop
      vertex   -4.949132e+01 -7.172678e-01 9.188942e+01
      vertex   -4.797036e+01 2.032732e+00 9.137649e+01
      vertex   -4.949132e+01 2.032732e+00 9.188942e+01
    endloop
  endfacet
  facet normal 1.814554e-01 -0.000000e+00 9.833992e-01
    outer loop
      vertex   -4.949132e+01 -7.172678e-01 9.188942e+01
      vertex   -4.949132e+01 2.032732e+00 9.188942e+01
      vertex   -5.106981e+01 -7.172678e-01 9.218068e+01
    endloop
  endfacet
  facet normal 1.814554e-01 -0.000000e+00 9.833992e-01
    outer loop
      vertex   -5.106981e+01 -7.172678e-01 9.218068e+01
      vertex   -4.949132e+01 2.032732e+00 9.188942e+01
      vertex   -5.106981e+01 2.032732e+00 9.218068e+01
    endloop
  endfacet
  facet normal 3.965617e-02 -0.000000e+00 9.992134e-01
    outer loop
      vertex   -5.106981e+01 -7.172678e-01 9.218068e+01
      vertex   -5.106981e+01 2.032732e+00 9.218068e+01
      vertex   -5.267368e+01 -7.172678e-01 9.224434e+01
    endloop
  endfacet
  facet normal 3.965617e-02 -0.000000e+00 9.992134e-01
    outer loop
      vertex   -5.267368e+01 -7.172678e-01 9.224434e+01
      vertex   -5.106981e+01 2.032732e+00 9.218068e+01
      vertex   -5.267368e+01 2.032732e+00 9.224434e+01
    endloop
  endfacet
  facet normal -1.029504e-01 0.000000e+00 9.946865e-01
    outer loop
      vertex   -5.267368e+01 -7.172678e-01 9.224434e+01
      vertex   -5.267368e+01 2.032732e+00 9.224434e+01
      vertex   -5.427028e+01 -7.172678e-01 9.207909e+01
    endloop
  endfacet
  facet normal -1.029504e-01 0.000000e+00 9.946865e-01
    outer loop
      vertex   -5.427028e+01 -7.172678e-01 9.207909e+01
      vertex   -5.267368e+01 2.032732e+00 9.224434e+01
      vertex   -5.427028e+01 2.032732e+00 9.207909e+01
    endloop
  endfacet
  facet normal -2.434611e-01 0.000000e+00 9.699107e-01
    outer loop
      vertex   -5.427028e+01 -7.172678e-01 9.207909e+01
      vertex   -5.427028e+01 2.032732e+00 9.207909e+01
      vertex   -5.582712e+01 -7.172678e-01 9.168830e+01
    endloop
  endfacet
  facet normal -2.434611e-01 0.000000e+00 9.699107e-01
    outer loop
      vertex   -5.582712e+01 -7.172678e-01 9.168830e+01
      vertex   -5.427028e+01 2.032732e+00 9.207909e+01
      vertex   -5.582712e+01 2.032732e+00 9.168830e+01
    endloop
  endfacet
  facet normal -3.790157e-01 0.000000e+00 9.253902e-01
    outer loop
      vertex   -5.582712e+01 -7.172678e-01 9.168830e+01
      vertex   -5.582712e+01 2.032732e+00 9.168830e+01
      vertex   -5.731249e+01 -7.172678e-01 9.107993e+01
    endloop
  endfacet
  facet normal -3.790157e-01 0.000000e+00 9.253902e-01
    outer loop
      vertex   -5.731249e+01 -7.172678e-01 9.107993e+01
      vertex   -5.582712e+01 2.032732e+00 9.168830e+01
      vertex   -5.731249e+01 2.032732e+00 9.107993e+01
    endloop
  endfacet
  facet normal -5.068546e-01 0.000000e+00 8.620315e-01
    outer loop
      vertex   -5.731249e+01 -7.172678e-01 9.107993e+01
      vertex   -5.731249e+01 2.032732e+00 9.107993e+01
      vertex   -5.869616e+01 -7.172678e-01 9.026636e+01
    endloop
  endfacet
  facet normal -5.068546e-01 0.000000e+00 8.620315e-01
    outer loop
      vertex   -5.869616e+01 -7.172678e-01 9.026636e+01
      vertex   -5.731249e+01 2.032732e+00 9.107993e+01
      vertex   -5.869616e+01 2.032732e+00 9.026636e+01
    endloop
  endfacet
  facet normal -6.243755e-01 0.000000e+00 7.811244e-01
    outer loop
      vertex   -5.869616e+01 -7.172678e-01 9.026636e+01
      vertex   -5.869616e+01 2.032732e+00 9.026636e+01
      vertex   -5.994997e+01 -7.172678e-01 8.926416e+01
    endloop
  endfacet
  facet normal -6.243755e-01 0.000000e+00 7.811244e-01
    outer loop
      vertex   -5.994997e+01 -7.172678e-01 8.926416e+01
      vertex   -5.869616e+01 2.032732e+00 9.026636e+01
      vertex   -5.994997e+01 2.032732e+00 8.926416e+01
    endloop
  endfacet
  facet normal -7.291858e-01 0.000000e+00 6.843157e-01
    outer loop
      vertex   -5.994997e+01 -7.172678e-01 8.926416e+01
      vertex   -5.994997e+01 2.032732e+00 8.926416e+01
      vertex   -6.104839e+01 -7.172678e-01 8.809372e+01
    endloop
  endfacet
  facet normal -7.291858e-01 0.000000e+00 6.843157e-01
    outer loop
      vertex   -6.104839e+01 -7.172678e-01 8.809372e+01
      vertex   -5.994997e+01 2.032732e+00 8.926416e+01
      vertex   -6.104839e+01 2.032732e+00 8.809372e+01
    endloop
  endfacet
  facet normal -8.191520e-01 0.000000e+00 5.735764e-01
    outer loop
      vertex   -6.104839e+01 -7.172678e-01 8.809372e+01
      vertex   -6.104839e+01 2.032732e+00 8.809372e+01
      vertex   -6.196905e+01 -7.172678e-01 8.677887e+01
    endloop
  endfacet
  facet normal -8.191520e-01 0.000000e+00 5.735764e-01
    outer loop
      vertex   -6.196905e+01 -7.172678e-01 8.677887e+01
      vertex   -6.104839e+01 2.032732e+00 8.809372e+01
      vertex   -6.196905e+01 2.032732e+00 8.677887e+01
    endloop
  endfacet
  facet normal -8.924427e-01 0.000000e+00 4.511608e-01
    outer loop
      vertex   -6.196905e+01 -7.172678e-01 8.677887e+01
      vertex   -6.196905e+01 2.032732e+00 8.677887e+01
      vertex   -6.269323e+01 -7.172678e-01 8.534638e+01
    endloop
  endfacet
  facet normal -8.924427e-01 0.000000e+00 4.511608e-01
    outer loop
      vertex   -6.269323e+01 -7.172678e-01 8.534638e+01
      vertex   -6.196905e+01 2.032732e+00 8.677887e+01
      vertex   -6.269323e+01 2.032732e+00 8.534638e+01
    endloop
  endfacet
  facet normal -9.475658e-01 0.000000e+00 3.195608e-01
    outer loop
      vertex   -6.269323e+01 -7.172678e-01 8.534638e+01
      vertex   -6.269323e+01 2.032732e+00 8.534638e+01
      vertex   -6.320616e+01 -7.172678e-01 8.382541e+01
    endloop
  endfacet
  facet normal -9.475658e-01 0.000000e+00 3.195608e-01
    outer loop
      vertex   -6.320616e+01 -7.172678e-01 8.382541e+01
      vertex   -6.269323e+01 2.032732e+00 8.534638e+01
      vertex   -6.320616e+01 2.032732e+00 8.382541e+01
    endloop
  endfacet
  facet normal -9.833992e-01 0.000000e+00 1.814554e-01
    outer loop
      vertex   -6.320616e+01 -7.172678e-01 8.382541e+01
      vertex   -6.320616e+01 2.032732e+00 8.382541e+01
      vertex   -6.349742e+01 -7.172678e-01 8.224693e+01
    endloop
  endfacet
  facet normal -9.833992e-01 0.000000e+00 1.814554e-01
    outer loop
      vertex   -6.349742e+01 -7.172678e-01 8.224693e+01
      vertex   -6.320616e+01 2.032732e+00 8.382541e+01
      vertex   -6.349742e+01 2.032732e+00 8.224693e+01
    endloop
  endfacet
  facet normal -9.992134e-01 0.000000e+00 3.965617e-02
    outer loop
      vertex   -6.349742e+01 -7.172678e-01 8.224693e+01
      vertex   -6.349742e+01 2.032732e+00 8.224693e+01
      vertex   -6.356108e+01 -7.172678e-01 8.064306e+01
    endloop
  endfacet
  facet normal -9.992134e-01 0.000000e+00 3.965617e-02
    outer loop
      vertex   -6.356108e+01 -7.172678e-01 8.064306e+01
      vertex   -6.349742e+01 2.032732e+00 8.224693e+01
      vertex   -6.356108e+01 2.032732e+00 8.064306e+01
    endloop
  endfacet
  facet normal -6.874917e-16 1.000000e+00 -1.750569e-16
    outer loop
      vertex   -6.179601e+01 2.032732e+00 7.781513e+01
      vertex   -6.300504e+01 2.032732e+00 7.748962e+01
      vertex   -6.216482e+01 2.032732e+00 7.926352e+01
    endloop
  endfacet
  facet normal 9.633137e-17 1.000000e+00 -5.463224e-16
    outer loop
      vertex   -6.216482e+01 2.032732e+00 7.926352e+01
      vertex   -6.300504e+01 2.032732e+00 7.748962e+01
      vertex   -6.339583e+01 2.032732e+00 7.904646e+01
    endloop
  endfacet
  facet normal 4.816569e-17 1.000000e+00 -2.731612e-16
    outer loop
      vertex   -6.216482e+01 2.032732e+00 7.926352e+01
      vertex   -6.339583e+01 2.032732e+00 7.904646e+01
      vertex   -6.356108e+01 2.032732e+00 8.064306e+01
    endloop
  endfacet
  facet normal -5.891616e-16 1.000000e+00 -5.402801e-16
    outer loop
      vertex   -6.300504e+01 2.032732e+00 7.748962e+01
      vertex   -6.179601e+01 2.032732e+00 7.781513e+01
      vertex   -6.239667e+01 2.032732e+00 7.600425e+01
    endloop
  endfacet
  facet normal -1.205522e-16 1.000000e+00 -6.957143e-16
    outer loop
      vertex   -6.239667e+01 2.032732e+00 7.600425e+01
      vertex   -6.179601e+01 2.032732e+00 7.781513e+01
      vertex   -6.121546e+01 2.032732e+00 7.643789e+01
    endloop
  endfacet
  facet normal -2.123070e-16 1.000000e+00 -4.457809e-16
    outer loop
      vertex   -6.239667e+01 2.032732e+00 7.600425e+01
      vertex   -6.121546e+01 2.032732e+00 7.643789e+01
      vertex   -6.158310e+01 2.032732e+00 7.462058e+01
    endloop
  endfacet
  facet normal -1.727535e-16 1.000000e+00 -4.537826e-16
    outer loop
      vertex   -6.158310e+01 2.032732e+00 7.462058e+01
      vertex   -6.121546e+01 2.032732e+00 7.643789e+01
      vertex   -6.043612e+01 2.032732e+00 7.516256e+01
    endloop
  endfacet
  facet normal -2.810323e-16 1.000000e+00 -2.246373e-16
    outer loop
      vertex   -6.158310e+01 2.032732e+00 7.462058e+01
      vertex   -6.043612e+01 2.032732e+00 7.516256e+01
      vertex   -6.058090e+01 2.032732e+00 7.336677e+01
    endloop
  endfacet
  facet normal 1.528510e-16 1.000000e+00 -2.596169e-16
    outer loop
      vertex   -6.058090e+01 2.032732e+00 7.336677e+01
      vertex   -6.043612e+01 2.032732e+00 7.516256e+01
      vertex   -5.947541e+01 2.032732e+00 7.401763e+01
    endloop
  endfacet
  facet normal 1.462698e-16 1.000000e+00 -2.484388e-16
    outer loop
      vertex   -6.058090e+01 2.032732e+00 7.336677e+01
      vertex   -5.947541e+01 2.032732e+00 7.401763e+01
      vertex   -5.941046e+01 2.032732e+00 7.226835e+01
    endloop
  endfacet
  facet normal -6.413440e-16 1.000000e+00 -2.776830e-16
    outer loop
      vertex   -5.941046e+01 2.032732e+00 7.226835e+01
      vertex   -5.947541e+01 2.032732e+00 7.401763e+01
      vertex   -5.835478e+01 2.032732e+00 7.302867e+01
    endloop
  endfacet
  facet normal -4.147408e-16 1.000000e+00 -5.923113e-16
    outer loop
      vertex   -5.941046e+01 2.032732e+00 7.226835e+01
      vertex   -5.835478e+01 2.032732e+00 7.302867e+01
      vertex   -5.809561e+01 2.032732e+00 7.134769e+01
    endloop
  endfacet
  facet normal 1.383611e-17 1.000000e+00 -5.262336e-16
    outer loop
      vertex   -5.809561e+01 2.032732e+00 7.134769e+01
      vertex   -5.835478e+01 2.032732e+00 7.302867e+01
      vertex   -5.709928e+01 2.032732e+00 7.221778e+01
    endloop
  endfacet
  facet normal -1.634199e-16 1.000000e+00 -3.232614e-16
    outer loop
      vertex   -5.809561e+01 2.032732e+00 7.134769e+01
      vertex   -5.709928e+01 2.032732e+00 7.221778e+01
      vertex   -5.666312e+01 2.032732e+00 7.062351e+01
    endloop
  endfacet
  facet normal -5.152703e-16 1.000000e+00 -4.195200e-16
    outer loop
      vertex   -5.666312e+01 2.032732e+00 7.062351e+01
      vertex   -5.709928e+01 2.032732e+00 7.221778e+01
      vertex   -5.573694e+01 2.032732e+00 7.160307e+01
    endloop
  endfacet
  facet normal -4.532385e-16 1.000000e+00 -4.781716e-16
    outer loop
      vertex   -5.666312e+01 2.032732e+00 7.062351e+01
      vertex   -5.573694e+01 2.032732e+00 7.160307e+01
      vertex   -5.514215e+01 2.032732e+00 7.011058e+01
    endloop
  endfacet
  facet normal -4.419345e-16 1.000000e+00 -4.736667e-16
    outer loop
      vertex   -5.514215e+01 2.032732e+00 7.011058e+01
      vertex   -5.573694e+01 2.032732e+00 7.160307e+01
      vertex   -5.429820e+01 2.032732e+00 7.119828e+01
    endloop
  endfacet
  facet normal -3.779061e-16 1.000000e+00 -5.233469e-16
    outer loop
      vertex   -5.514215e+01 2.032732e+00 7.011058e+01
      vertex   -5.429820e+01 2.032732e+00 7.119828e+01
      vertex   -5.356367e+01 2.032732e+00 6.981932e+01
    endloop
  endfacet
  facet normal -4.324439e-17 1.000000e+00 -3.450821e-16
    outer loop
      vertex   -5.356367e+01 2.032732e+00 6.981932e+01
      vertex   -5.429820e+01 2.032732e+00 7.119828e+01
      vertex   -5.281520e+01 2.032732e+00 7.101243e+01
    endloop
  endfacet
  facet normal -2.845733e-16 1.000000e+00 -1.936902e-16
    outer loop
      vertex   -5.356367e+01 2.032732e+00 6.981932e+01
      vertex   -5.281520e+01 2.032732e+00 7.101243e+01
      vertex   -5.195980e+01 2.032732e+00 6.975566e+01
    endloop
  endfacet
  facet normal -5.845207e-16 1.000000e+00 -3.978446e-16
    outer loop
      vertex   -5.195980e+01 2.032732e+00 6.975566e+01
      vertex   -5.281520e+01 2.032732e+00 7.101243e+01
      vertex   -5.132106e+01 2.032732e+00 7.104969e+01
    endloop
  endfacet
  facet normal -2.182575e-16 1.000000e+00 -5.786340e-16
    outer loop
      vertex   -5.195980e+01 2.032732e+00 6.975566e+01
      vertex   -5.132106e+01 2.032732e+00 7.104969e+01
      vertex   -5.036320e+01 2.032732e+00 6.992091e+01
    endloop
  endfacet
  facet normal -2.021011e-16 1.000000e+00 -5.649240e-16
    outer loop
      vertex   -5.036320e+01 2.032732e+00 6.992091e+01
      vertex   -5.132106e+01 2.032732e+00 7.104969e+01
      vertex   -4.984917e+01 2.032732e+00 7.130923e+01
    endloop
  endfacet
  facet normal -1.374379e-16 1.000000e+00 -5.888659e-16
    outer loop
      vertex   -5.036320e+01 2.032732e+00 6.992091e+01
      vertex   -4.984917e+01 2.032732e+00 7.130923e+01
      vertex   -4.880636e+01 2.032732e+00 7.031170e+01
    endloop
  endfacet
  facet normal -1.212783e-16 1.000000e+00 -5.719729e-16
    outer loop
      vertex   -4.880636e+01 2.032732e+00 7.031170e+01
      vertex   -4.984917e+01 2.032732e+00 7.130923e+01
      vertex   -4.843239e+01 2.032732e+00 7.178524e+01
    endloop
  endfacet
  facet normal -3.918048e-16 1.000000e+00 -5.033156e-16
    outer loop
      vertex   -4.880636e+01 2.032732e+00 7.031170e+01
      vertex   -4.843239e+01 2.032732e+00 7.178524e+01
      vertex   -4.732099e+01 2.032732e+00 7.092007e+01
    endloop
  endfacet
  facet normal -4.026343e-16 1.000000e+00 -5.172273e-16
    outer loop
      vertex   -4.732099e+01 2.032732e+00 7.092007e+01
      vertex   -4.843239e+01 2.032732e+00 7.178524e+01
      vertex   -4.710239e+01 2.032732e+00 7.246709e+01
    endloop
  endfacet
  facet normal -3.319043e-16 1.000000e+00 -5.272218e-16
    outer loop
      vertex   -4.732099e+01 2.032732e+00 7.092007e+01
      vertex   -4.710239e+01 2.032732e+00 7.246709e+01
      vertex   -4.593732e+01 2.032732e+00 7.173364e+01
    endloop
  endfacet
  facet normal -3.416843e-16 1.000000e+00 -5.427571e-16
    outer loop
      vertex   -4.593732e+01 2.032732e+00 7.173364e+01
      vertex   -4.710239e+01 2.032732e+00 7.246709e+01
      vertex   -4.588886e+01 2.032732e+00 7.333956e+01
    endloop
  endfacet
  facet normal -2.728842e-16 1.000000e+00 -5.448329e-16
    outer loop
      vertex   -4.593732e+01 2.032732e+00 7.173364e+01
      vertex   -4.588886e+01 2.032732e+00 7.333956e+01
      vertex   -4.468351e+01 2.032732e+00 7.273584e+01
    endloop
  endfacet
  facet normal -2.816457e-16 1.000000e+00 -5.623259e-16
    outer loop
      vertex   -4.468351e+01 2.032732e+00 7.273584e+01
      vertex   -4.588886e+01 2.032732e+00 7.333956e+01
      vertex   -4.481893e+01 2.032732e+00 7.438314e+01
    endloop
  endfacet
  facet normal -2.152201e-16 1.000000e+00 -5.568653e-16
    outer loop
      vertex   -4.468351e+01 2.032732e+00 7.273584e+01
      vertex   -4.481893e+01 2.032732e+00 7.438314e+01
      vertex   -4.358509e+01 2.032732e+00 7.390628e+01
    endloop
  endfacet
  facet normal -2.228753e-16 1.000000e+00 -5.766725e-16
    outer loop
      vertex   -4.358509e+01 2.032732e+00 7.390628e+01
      vertex   -4.481893e+01 2.032732e+00 7.438314e+01
      vertex   -4.391648e+01 2.032732e+00 7.557454e+01
    endloop
  endfacet
  facet normal -1.592030e-16 1.000000e+00 -5.640244e-16
    outer loop
      vertex   -4.358509e+01 2.032732e+00 7.390628e+01
      vertex   -4.391648e+01 2.032732e+00 7.557454e+01
      vertex   -4.266443e+01 2.032732e+00 7.522113e+01
    endloop
  endfacet
  facet normal -8.277447e-17 1.000000e+00 -2.932535e-16
    outer loop
      vertex   -4.266443e+01 2.032732e+00 7.522113e+01
      vertex   -4.391648e+01 2.032732e+00 7.557454e+01
      vertex   -4.320168e+01 2.032732e+00 7.688713e+01
    endloop
  endfacet
  facet normal -4.268813e-16 1.000000e+00 -4.042217e-16
    outer loop
      vertex   -4.266443e+01 2.032732e+00 7.522113e+01
      vertex   -4.320168e+01 2.032732e+00 7.688713e+01
      vertex   -4.194025e+01 2.032732e+00 7.665362e+01
    endloop
  endfacet
  facet normal -4.395074e-16 1.000000e+00 -4.724280e-16
    outer loop
      vertex   -4.194025e+01 2.032732e+00 7.665362e+01
      vertex   -4.320168e+01 2.032732e+00 7.688713e+01
      vertex   -4.269050e+01 2.032732e+00 7.829160e+01
    endloop
  endfacet
  facet normal -3.933685e-16 1.000000e+00 -4.512950e-16
    outer loop
      vertex   -4.194025e+01 2.032732e+00 7.665362e+01
      vertex   -4.269050e+01 2.032732e+00 7.829160e+01
      vertex   -4.142732e+01 2.032732e+00 7.817459e+01
    endloop
  endfacet
  facet normal -4.277942e-16 1.000000e+00 -8.229373e-16
    outer loop
      vertex   -4.142732e+01 2.032732e+00 7.817459e+01
      vertex   -4.269050e+01 2.032732e+00 7.829160e+01
      vertex   -4.239435e+01 2.032732e+00 7.975656e+01
    endloop
  endfacet
  facet normal -1.561046e-18 1.000000e+00 -5.623897e-16
    outer loop
      vertex   -4.142732e+01 2.032732e+00 7.817459e+01
      vertex   -4.239435e+01 2.032732e+00 7.975656e+01
      vertex   -4.113606e+01 2.032732e+00 7.975307e+01
    endloop
  endfacet
  facet normal -8.256635e-19 1.000000e+00 -2.974574e-16
    outer loop
      vertex   -4.113606e+01 2.032732e+00 7.975307e+01
      vertex   -4.239435e+01 2.032732e+00 7.975656e+01
      vertex   -4.231985e+01 2.032732e+00 8.124931e+01
    endloop
  endfacet
  facet normal -3.092776e-16 1.000000e+00 -5.414980e-16
    outer loop
      vertex   -4.113606e+01 2.032732e+00 7.975307e+01
      vertex   -4.231985e+01 2.032732e+00 8.124931e+01
      vertex   -4.107240e+01 2.032732e+00 8.135694e+01
    endloop
  endfacet
  facet normal -3.274075e-16 1.000000e+00 -3.313747e-16
    outer loop
      vertex   -4.107240e+01 2.032732e+00 8.135694e+01
      vertex   -4.231985e+01 2.032732e+00 8.124931e+01
      vertex   -4.246866e+01 2.032732e+00 8.273648e+01
    endloop
  endfacet
  facet normal -6.122413e-16 1.000000e+00 -6.196598e-16
    outer loop
      vertex   -4.107240e+01 2.032732e+00 8.135694e+01
      vertex   -4.246866e+01 2.032732e+00 8.273648e+01
      vertex   -4.123765e+01 2.032732e+00 8.295354e+01
    endloop
  endfacet
  facet normal -6.427578e-16 1.000000e+00 -4.465926e-16
    outer loop
      vertex   -4.123765e+01 2.032732e+00 8.295354e+01
      vertex   -4.246866e+01 2.032732e+00 8.273648e+01
      vertex   -4.162844e+01 2.032732e+00 8.451038e+01
    endloop
  endfacet
  facet normal -1.892391e-16 1.000000e+00 -6.614061e-16
    outer loop
      vertex   -4.162844e+01 2.032732e+00 8.451038e+01
      vertex   -4.246866e+01 2.032732e+00 8.273648e+01
      vertex   -4.283747e+01 2.032732e+00 8.418487e+01
    endloop
  endfacet
  facet normal -2.583312e-16 1.000000e+00 -4.047806e-16
    outer loop
      vertex   -4.162844e+01 2.032732e+00 8.451038e+01
      vertex   -4.283747e+01 2.032732e+00 8.418487e+01
      vertex   -4.223681e+01 2.032732e+00 8.599575e+01
    endloop
  endfacet
  facet normal -2.230645e-16 1.000000e+00 -4.164782e-16
    outer loop
      vertex   -4.223681e+01 2.032732e+00 8.599575e+01
      vertex   -4.283747e+01 2.032732e+00 8.418487e+01
      vertex   -4.341802e+01 2.032732e+00 8.556211e+01
    endloop
  endfacet
  facet normal -2.123070e-16 1.000000e+00 -4.457809e-16
    outer loop
      vertex   -4.223681e+01 2.032732e+00 8.599575e+01
      vertex   -4.341802e+01 2.032732e+00 8.556211e+01
      vertex   -4.305038e+01 2.032732e+00 8.737942e+01
    endloop
  endfacet
  facet normal -1.727535e-16 1.000000e+00 -4.537826e-16
    outer loop
      vertex   -4.305038e+01 2.032732e+00 8.737942e+01
      vertex   -4.341802e+01 2.032732e+00 8.556211e+01
      vertex   -4.419736e+01 2.032732e+00 8.683744e+01
    endloop
  endfacet
  facet normal -2.810323e-16 1.000000e+00 -2.246373e-16
    outer loop
      vertex   -4.305038e+01 2.032732e+00 8.737942e+01
      vertex   -4.419736e+01 2.032732e+00 8.683744e+01
      vertex   -4.405258e+01 2.032732e+00 8.863323e+01
    endloop
  endfacet
  facet normal 1.528510e-16 1.000000e+00 -2.596169e-16
    outer loop
      vertex   -4.405258e+01 2.032732e+00 8.863323e+01
      vertex   -4.419736e+01 2.032732e+00 8.683744e+01
      vertex   -4.515807e+01 2.032732e+00 8.798237e+01
    endloop
  endfacet
  facet normal 1.462698e-16 1.000000e+00 -2.484388e-16
    outer loop
      vertex   -4.405258e+01 2.032732e+00 8.863323e+01
      vertex   -4.515807e+01 2.032732e+00 8.798237e+01
      vertex   -4.522302e+01 2.032732e+00 8.973165e+01
    endloop
  endfacet
  facet normal -6.413440e-16 1.000000e+00 -2.776830e-16
    outer loop
      vertex   -4.522302e+01 2.032732e+00 8.973165e+01
      vertex   -4.515807e+01 2.032732e+00 8.798237e+01
      vertex   -4.627870e+01 2.032732e+00 8.897133e+01
    endloop
  endfacet
  facet normal -4.147408e-16 1.000000e+00 -5.923113e-16
    outer loop
      vertex   -4.522302e+01 2.032732e+00 8.973165e+01
      vertex   -4.627870e+01 2.032732e+00 8.897133e+01
      vertex   -4.653787e+01 2.032732e+00 9.065231e+01
    endloop
  endfacet
  facet normal 1.383611e-17 1.000000e+00 -5.262336e-16
    outer loop
      vertex   -4.653787e+01 2.032732e+00 9.065231e+01
      vertex   -4.627870e+01 2.032732e+00 8.897133e+01
      vertex   -4.753420e+01 2.032732e+00 8.978222e+01
    endloop
  endfacet
  facet normal -1.634199e-16 1.000000e+00 -3.232614e-16
    outer loop
      vertex   -4.653787e+01 2.032732e+00 9.065231e+01
      vertex   -4.753420e+01 2.032732e+00 8.978222e+01
      vertex   -4.797036e+01 2.032732e+00 9.137649e+01
    endloop
  endfacet
  facet normal -5.152703e-16 1.000000e+00 -4.195200e-16
    outer loop
      vertex   -4.797036e+01 2.032732e+00 9.137649e+01
      vertex   -4.753420e+01 2.032732e+00 8.978222e+01
      vertex   -4.889654e+01 2.032732e+00 9.039693e+01
    endloop
  endfacet
  facet normal -4.532385e-16 1.000000e+00 -4.781716e-16
    outer loop
      vertex   -4.797036e+01 2.032732e+00 9.137649e+01
      vertex   -4.889654e+01 2.032732e+00 9.039693e+01
      vertex   -4.949132e+01 2.032732e+00 9.188942e+01
    endloop
  endfacet
  facet normal -4.419345e-16 1.000000e+00 -4.736667e-16
    outer loop
      vertex   -4.949132e+01 2.032732e+00 9.188942e+01
      vertex   -4.889654e+01 2.032732e+00 9.039693e+01
      vertex   -5.033528e+01 2.032732e+00 9.080173e+01
    endloop
  endfacet
  facet normal -3.779061e-16 1.000000e+00 -5.233469e-16
    outer loop
      vertex   -4.949132e+01 2.032732e+00 9.188942e+01
      vertex   -5.033528e+01 2.032732e+00 9.080173e+01
      vertex   -5.106981e+01 2.032732e+00 9.218068e+01
    endloop
  endfacet
  facet normal -4.324439e-17 1.000000e+00 -3.450821e-16
    outer loop
      vertex   -5.106981e+01 2.032732e+00 9.218068e+01
      vertex   -5.033528e+01 2.032732e+00 9.080173e+01
      vertex   -5.181828e+01 2.032732e+00 9.098757e+01
    endloop
  endfacet
  facet normal -2.845733e-16 1.000000e+00 -1.936902e-16
    outer loop
      vertex   -5.106981e+01 2.032732e+00 9.218068e+01
      vertex   -5.181828e+01 2.032732e+00 9.098757e+01
      vertex   -5.267368e+01 2.032732e+00 9.224434e+01
    endloop
  endfacet
  facet normal -2.922603e-16 1.000000e+00 -1.989223e-16
    outer loop
      vertex   -5.267368e+01 2.032732e+00 9.224434e+01
      vertex   -5.181828e+01 2.032732e+00 9.098757e+01
      vertex   -5.331242e+01 2.032732e+00 9.095031e+01
    endloop
  endfacet
  facet normal -2.556895e-16 1.000000e+00 -2.169739e-16
    outer loop
      vertex   -5.267368e+01 2.032732e+00 9.224434e+01
      vertex   -5.331242e+01 2.032732e+00 9.095031e+01
      vertex   -5.427028e+01 2.032732e+00 9.207909e+01
    endloop
  endfacet
  facet normal -5.248870e-16 1.000000e+00 -4.454105e-16
    outer loop
      vertex   -5.427028e+01 2.032732e+00 9.207909e+01
      vertex   -5.331242e+01 2.032732e+00 9.095031e+01
      vertex   -5.478431e+01 2.032732e+00 9.069077e+01
    endloop
  endfacet
  facet normal -1.374379e-16 1.000000e+00 -5.888659e-16
    outer loop
      vertex   -5.427028e+01 2.032732e+00 9.207909e+01
      vertex   -5.478431e+01 2.032732e+00 9.069077e+01
      vertex   -5.582712e+01 2.032732e+00 9.168830e+01
    endloop
  endfacet
  facet normal -1.212783e-16 1.000000e+00 -5.719729e-16
    outer loop
      vertex   -5.582712e+01 2.032732e+00 9.168830e+01
      vertex   -5.478431e+01 2.032732e+00 9.069077e+01
      vertex   -5.620109e+01 2.032732e+00 9.021476e+01
    endloop
  endfacet
  facet normal -3.918048e-16 1.000000e+00 -5.033156e-16
    outer loop
      vertex   -5.582712e+01 2.032732e+00 9.168830e+01
      vertex   -5.620109e+01 2.032732e+00 9.021476e+01
      vertex   -5.731249e+01 2.032732e+00 9.107993e+01
    endloop
  endfacet
  facet normal -4.026343e-16 1.000000e+00 -5.172273e-16
    outer loop
      vertex   -5.731249e+01 2.032732e+00 9.107993e+01
      vertex   -5.620109e+01 2.032732e+00 9.021476e+01
      vertex   -5.753109e+01 2.032732e+00 8.953291e+01
    endloop
  endfacet
  facet normal -6.819358e-16 1.000000e+00 -4.777604e-16
    outer loop
      vertex   -5.731249e+01 2.032732e+00 9.107993e+01
      vertex   -5.753109e+01 2.032732e+00 8.953291e+01
      vertex   -5.869616e+01 2.032732e+00 9.026636e+01
    endloop
  endfacet
  facet normal -5.449063e-16 1.000000e+00 -2.600925e-16
    outer loop
      vertex   -5.869616e+01 2.032732e+00 9.026636e+01
      vertex   -5.753109e+01 2.032732e+00 8.953291e+01
      vertex   -5.874462e+01 2.032732e+00 8.866044e+01
    endloop
  endfacet
  facet normal -1.364421e-16 1.000000e+00 -2.724165e-16
    outer loop
      vertex   -5.869616e+01 2.032732e+00 9.026636e+01
      vertex   -5.874462e+01 2.032732e+00 8.866044e+01
      vertex   -5.994997e+01 2.032732e+00 8.926416e+01
    endloop
  endfacet
  facet normal -2.816457e-16 1.000000e+00 -5.623259e-16
    outer loop
      vertex   -5.994997e+01 2.032732e+00 8.926416e+01
      vertex   -5.874462e+01 2.032732e+00 8.866044e+01
      vertex   -5.981455e+01 2.032732e+00 8.761686e+01
    endloop
  endfacet
  facet normal -2.152201e-16 1.000000e+00 -5.568653e-16
    outer loop
      vertex   -5.994997e+01 2.032732e+00 8.926416e+01
      vertex   -5.981455e+01 2.032732e+00 8.761686e+01
      vertex   -6.104839e+01 2.032732e+00 8.809372e+01
    endloop
  endfacet
  facet normal -1.114377e-16 1.000000e+00 -2.883363e-16
    outer loop
      vertex   -6.104839e+01 2.032732e+00 8.809372e+01
      vertex   -5.981455e+01 2.032732e+00 8.761686e+01
      vertex   -6.071700e+01 2.032732e+00 8.642546e+01
    endloop
  endfacet
  facet normal -4.553586e-16 1.000000e+00 -3.566540e-16
    outer loop
      vertex   -6.104839e+01 2.032732e+00 8.809372e+01
      vertex   -6.071700e+01 2.032732e+00 8.642546e+01
      vertex   -6.196905e+01 2.032732e+00 8.677887e+01
    endloop
  endfacet
  facet normal -4.729814e-16 1.000000e+00 -4.190882e-16
    outer loop
      vertex   -6.196905e+01 2.032732e+00 8.677887e+01
      vertex   -6.071700e+01 2.032732e+00 8.642546e+01
      vertex   -6.143180e+01 2.032732e+00 8.511287e+01
    endloop
  endfacet
  facet normal -4.268813e-16 1.000000e+00 -4.042217e-16
    outer loop
      vertex   -6.196905e+01 2.032732e+00 8.677887e+01
      vertex   -6.143180e+01 2.032732e+00 8.511287e+01
      vertex   -6.269323e+01 2.032732e+00 8.534638e+01
    endloop
  endfacet
  facet normal -4.395074e-16 1.000000e+00 -4.724280e-16
    outer loop
      vertex   -6.269323e+01 2.032732e+00 8.534638e+01
      vertex   -6.143180e+01 2.032732e+00 8.511287e+01
      vertex   -6.194298e+01 2.032732e+00 8.370840e+01
    endloop
  endfacet
  facet normal -3.933685e-16 1.000000e+00 -4.512950e-16
    outer loop
      vertex   -6.269323e+01 2.032732e+00 8.534638e+01
      vertex   -6.194298e+01 2.032732e+00 8.370840e+01
      vertex   -6.320616e+01 2.032732e+00 8.382541e+01
    endloop
  endfacet
  facet normal -4.277942e-16 1.000000e+00 -8.229373e-16
    outer loop
      vertex   -6.320616e+01 2.032732e+00 8.382541e+01
      vertex   -6.194298e+01 2.032732e+00 8.370840e+01
      vertex   -6.223913e+01 2.032732e+00 8.224344e+01
    endloop
  endfacet
  facet normal -1.561046e-18 1.000000e+00 -5.623897e-16
    outer loop
      vertex   -6.320616e+01 2.032732e+00 8.382541e+01
      vertex   -6.223913e+01 2.032732e+00 8.224344e+01
      vertex   -6.349742e+01 2.032732e+00 8.224693e+01
    endloop
  endfacet
  facet normal -8.256635e-19 1.000000e+00 -2.974574e-16
    outer loop
      vertex   -6.349742e+01 2.032732e+00 8.224693e+01
      vertex   -6.223913e+01 2.032732e+00 8.224344e+01
      vertex   -6.231363e+01 2.032732e+00 8.075069e+01
    endloop
  endfacet
  facet normal -3.092776e-16 1.000000e+00 -5.414980e-16
    outer loop
      vertex   -6.349742e+01 2.032732e+00 8.224693e+01
      vertex   -6.231363e+01 2.032732e+00 8.075069e+01
      vertex   -6.356108e+01 2.032732e+00 8.064306e+01
    endloop
  endfacet
  facet normal -3.018631e-16 1.000000e+00 -6.274312e-16
    outer loop
      vertex   -6.356108e+01 2.032732e+00 8.064306e+01
      vertex   -6.231363e+01 2.032732e+00 8.075069e+01
      vertex   -6.216482e+01 2.032732e+00 7.926352e+01
    endloop
  endfacet
  facet normal -9.950308e-01 0.000000e+00 -9.956785e-02
    outer loop
      vertex   -6.231363e+01 2.032732e+00 8.075069e+01
      vertex   -6.231363e+01 7.532732e+00 8.075069e+01
      vertex   -6.216482e+01 2.032732e+00 7.926352e+01
    endloop
  endfacet
  facet normal -9.950308e-01 -2.572626e-16 -9.956785e-02
    outer loop
      vertex   -6.216482e+01 2.032732e+00 7.926352e+01
      vertex   -6.231363e+01 7.532732e+00 8.075069e+01
      vertex   -6.216482e+01 7.532732e+00 7.926352e+01
    endloop
  endfacet
  facet normal -9.690773e-01 -6.375697e-16 -2.467574e-01
    outer loop
      vertex   -6.216482e+01 2.032732e+00 7.926352e+01
      vertex   -6.216482e+01 7.532732e+00 7.926352e+01
      vertex   -6.179601e+01 2.032732e+00 7.781513e+01
    endloop
  endfacet
  facet normal -9.690773e-01 0.000000e+00 -2.467574e-01
    outer loop
      vertex   -6.179601e+01 2.032732e+00 7.781513e+01
      vertex   -6.216482e+01 7.532732e+00 7.926352e+01
      vertex   -6.179601e+01 7.532732e+00 7.781513e+01
    endloop
  endfacet
  facet normal -9.214762e-01 0.000000e+00 -3.884348e-01
    outer loop
      vertex   -6.179601e+01 2.032732e+00 7.781513e+01
      vertex   -6.179601e+01 7.532732e+00 7.781513e+01
      vertex   -6.121546e+01 2.032732e+00 7.643789e+01
    endloop
  endfacet
  facet normal -9.214762e-01 0.000000e+00 -3.884348e-01
    outer loop
      vertex   -6.121546e+01 2.032732e+00 7.643789e+01
      vertex   -6.179601e+01 7.532732e+00 7.781513e+01
      vertex   -6.121546e+01 7.532732e+00 7.643789e+01
    endloop
  endfacet
  facet normal -8.532909e-01 0.000000e+00 -5.214352e-01
    outer loop
      vertex   -6.121546e+01 2.032732e+00 7.643789e+01
      vertex   -6.121546e+01 7.532732e+00 7.643789e+01
      vertex   -6.043612e+01 2.032732e+00 7.516256e+01
    endloop
  endfacet
  facet normal -8.532909e-01 0.000000e+00 -5.214352e-01
    outer loop
      vertex   -6.043612e+01 2.032732e+00 7.516256e+01
      vertex   -6.121546e+01 7.532732e+00 7.643789e+01
      vertex   -6.043612e+01 7.532732e+00 7.516256e+01
    endloop
  endfacet
  facet normal -7.660444e-01 0.000000e+00 -6.427876e-01
    outer loop
      vertex   -6.043612e+01 2.032732e+00 7.516256e+01
      vertex   -6.043612e+01 7.532732e+00 7.516256e+01
      vertex   -5.947541e+01 2.032732e+00 7.401763e+01
    endloop
  endfacet
  facet normal -7.660444e-01 0.000000e+00 -6.427876e-01
    outer loop
      vertex   -5.947541e+01 2.032732e+00 7.401763e+01
      vertex   -6.043612e+01 7.532732e+00 7.516256e+01
      vertex   -5.947541e+01 7.532732e+00 7.401763e+01
    endloop
  endfacet
  facet normal -6.616858e-01 0.000000e+00 -7.497812e-01
    outer loop
      vertex   -5.947541e+01 2.032732e+00 7.401763e+01
      vertex   -5.947541e+01 7.532732e+00 7.401763e+01
      vertex   -5.835478e+01 2.032732e+00 7.302867e+01
    endloop
  endfacet
  facet normal -6.616858e-01 0.000000e+00 -7.497812e-01
    outer loop
      vertex   -5.835478e+01 2.032732e+00 7.302867e+01
      vertex   -5.947541e+01 7.532732e+00 7.401763e+01
      vertex   -5.835478e+01 7.532732e+00 7.302867e+01
    endloop
  endfacet
  facet normal -5.425463e-01 0.000000e+00 -8.400259e-01
    outer loop
      vertex   -5.835478e+01 2.032732e+00 7.302867e+01
      vertex   -5.835478e+01 7.532732e+00 7.302867e+01
      vertex   -5.709928e+01 2.032732e+00 7.221778e+01
    endloop
  endfacet
  facet normal -5.425463e-01 0.000000e+00 -8.400259e-01
    outer loop
      vertex   -5.709928e+01 2.032732e+00 7.221778e+01
      vertex   -5.835478e+01 7.532732e+00 7.302867e+01
      vertex   -5.709928e+01 7.532732e+00 7.221778e+01
    endloop
  endfacet
  facet normal -4.112871e-01 0.000000e+00 -9.115059e-01
    outer loop
      vertex   -5.709928e+01 2.032732e+00 7.221778e+01
      vertex   -5.709928e+01 7.532732e+00 7.221778e+01
      vertex   -5.573694e+01 2.032732e+00 7.160307e+01
    endloop
  endfacet
  facet normal -4.112871e-01 0.000000e+00 -9.115059e-01
    outer loop
      vertex   -5.573694e+01 2.032732e+00 7.160307e+01
      vertex   -5.709928e+01 7.532732e+00 7.221778e+01
      vertex   -5.573694e+01 7.532732e+00 7.160307e+01
    endloop
  endfacet
  facet normal -2.708405e-01 0.000000e+00 -9.626242e-01
    outer loop
      vertex   -5.573694e+01 2.032732e+00 7.160307e+01
      vertex   -5.573694e+01 7.532732e+00 7.160307e+01
      vertex   -5.429820e+01 2.032732e+00 7.119828e+01
    endloop
  endfacet
  facet normal -2.708405e-01 0.000000e+00 -9.626242e-01
    outer loop
      vertex   -5.429820e+01 2.032732e+00 7.119828e+01
      vertex   -5.573694e+01 7.532732e+00 7.160307e+01
      vertex   -5.429820e+01 7.532732e+00 7.119828e+01
    endloop
  endfacet
  facet normal -1.243437e-01 0.000000e+00 -9.922392e-01
    outer loop
      vertex   -5.429820e+01 2.032732e+00 7.119828e+01
      vertex   -5.429820e+01 7.532732e+00 7.119828e+01
      vertex   -5.281520e+01 2.032732e+00 7.101243e+01
    endloop
  endfacet
  facet normal -1.243437e-01 0.000000e+00 -9.922392e-01
    outer loop
      vertex   -5.281520e+01 2.032732e+00 7.101243e+01
      vertex   -5.429820e+01 7.532732e+00 7.119828e+01
      vertex   -5.281520e+01 7.532732e+00 7.101243e+01
    endloop
  endfacet
  facet normal 2.493069e-02 0.000000e+00 -9.996892e-01
    outer loop
      vertex   -5.281520e+01 2.032732e+00 7.101243e+01
      vertex   -5.281520e+01 7.532732e+00 7.101243e+01
      vertex   -5.132106e+01 2.032732e+00 7.104969e+01
    endloop
  endfacet
  facet normal 2.493069e-02 0.000000e+00 -9.996892e-01
    outer loop
      vertex   -5.132106e+01 2.032732e+00 7.104969e+01
      vertex   -5.281520e+01 7.532732e+00 7.101243e+01
      vertex   -5.132106e+01 7.532732e+00 7.104969e+01
    endloop
  endfacet
  facet normal 1.736482e-01 0.000000e+00 -9.848078e-01
    outer loop
      vertex   -5.132106e+01 2.032732e+00 7.104969e+01
      vertex   -5.132106e+01 7.532732e+00 7.104969e+01
      vertex   -4.984917e+01 2.032732e+00 7.130923e+01
    endloop
  endfacet
  facet normal 1.736482e-01 0.000000e+00 -9.848078e-01
    outer loop
      vertex   -4.984917e+01 2.032732e+00 7.130923e+01
      vertex   -5.132106e+01 7.532732e+00 7.104969e+01
      vertex   -4.984917e+01 7.532732e+00 7.130923e+01
    endloop
  endfacet
  facet normal 3.184867e-01 0.000000e+00 -9.479273e-01
    outer loop
      vertex   -4.984917e+01 2.032732e+00 7.130923e+01
      vertex   -4.984917e+01 7.532732e+00 7.130923e+01
      vertex   -4.843239e+01 2.032732e+00 7.178524e+01
    endloop
  endfacet
  facet normal 3.184867e-01 0.000000e+00 -9.479273e-01
    outer loop
      vertex   -4.843239e+01 2.032732e+00 7.178524e+01
      vertex   -4.984917e+01 7.532732e+00 7.130923e+01
      vertex   -4.843239e+01 7.532732e+00 7.178524e+01
    endloop
  endfacet
  facet normal 4.562107e-01 0.000000e+00 -8.898718e-01
    outer loop
      vertex   -4.843239e+01 2.032732e+00 7.178524e+01
      vertex   -4.843239e+01 7.532732e+00 7.178524e+01
      vertex   -4.710239e+01 2.032732e+00 7.246709e+01
    endloop
  endfacet
  facet normal 4.562107e-01 0.000000e+00 -8.898718e-01
    outer loop
      vertex   -4.710239e+01 2.032732e+00 7.246709e+01
      vertex   -4.843239e+01 7.532732e+00 7.178524e+01
      vertex   -4.710239e+01 7.532732e+00 7.246709e+01
    endloop
  endfacet
  facet normal 5.837437e-01 0.000000e+00 -8.119380e-01
    outer loop
      vertex   -4.710239e+01 2.032732e+00 7.246709e+01
      vertex   -4.710239e+01 7.532732e+00 7.246709e+01
      vertex   -4.588886e+01 2.032732e+00 7.333956e+01
    endloop
  endfacet
  facet normal 5.837437e-01 0.000000e+00 -8.119380e-01
    outer loop
      vertex   -4.588886e+01 2.032732e+00 7.333956e+01
      vertex   -4.710239e+01 7.532732e+00 7.246709e+01
      vertex   -4.588886e+01 7.532732e+00 7.333956e+01
    endloop
  endfacet
  facet normal 6.982368e-01 0.000000e+00 -7.158668e-01
    outer loop
      vertex   -4.588886e+01 2.032732e+00 7.333956e+01
      vertex   -4.588886e+01 7.532732e+00 7.333956e+01
      vertex   -4.481893e+01 2.032732e+00 7.438314e+01
    endloop
  endfacet
  facet normal 6.982368e-01 0.000000e+00 -7.158668e-01
    outer loop
      vertex   -4.481893e+01 2.032732e+00 7.438314e+01
      vertex   -4.588886e+01 7.532732e+00 7.333956e+01
      vertex   -4.481893e+01 7.532732e+00 7.438314e+01
    endloop
  endfacet
  facet normal 7.971325e-01 0.000000e+00 -6.038044e-01
    outer loop
      vertex   -4.481893e+01 2.032732e+00 7.438314e+01
      vertex   -4.481893e+01 7.532732e+00 7.438314e+01
      vertex   -4.391648e+01 2.032732e+00 7.557454e+01
    endloop
  endfacet
  facet normal 7.971325e-01 0.000000e+00 -6.038044e-01
    outer loop
      vertex   -4.391648e+01 2.032732e+00 7.557454e+01
      vertex   -4.481893e+01 7.532732e+00 7.438314e+01
      vertex   -4.391648e+01 7.532732e+00 7.557454e+01
    endloop
  endfacet
  facet normal 8.782216e-01 0.000000e+00 -4.782540e-01
    outer loop
      vertex   -4.391648e+01 2.032732e+00 7.557454e+01
      vertex   -4.391648e+01 7.532732e+00 7.557454e+01
      vertex   -4.320168e+01 2.032732e+00 7.688713e+01
    endloop
  endfacet
  facet normal 8.782216e-01 0.000000e+00 -4.782540e-01
    outer loop
      vertex   -4.320168e+01 2.032732e+00 7.688713e+01
      vertex   -4.391648e+01 7.532732e+00 7.557454e+01
      vertex   -4.320168e+01 7.532732e+00 7.688713e+01
    endloop
  endfacet
  facet normal 9.396926e-01 0.000000e+00 -3.420201e-01
    outer loop
      vertex   -4.320168e+01 2.032732e+00 7.688713e+01
      vertex   -4.320168e+01 7.532732e+00 7.688713e+01
      vertex   -4.269050e+01 2.032732e+00 7.829160e+01
    endloop
  endfacet
  facet normal 9.396926e-01 0.000000e+00 -3.420201e-01
    outer loop
      vertex   -4.269050e+01 2.032732e+00 7.829160e+01
      vertex   -4.320168e+01 7.532732e+00 7.688713e+01
      vertex   -4.269050e+01 7.532732e+00 7.829160e+01
    endloop
  endfacet
  facet normal 9.801725e-01 0.000000e+00 -1.981461e-01
    outer loop
      vertex   -4.269050e+01 2.032732e+00 7.829160e+01
      vertex   -4.269050e+01 7.532732e+00 7.829160e+01
      vertex   -4.239435e+01 2.032732e+00 7.975656e+01
    endloop
  endfacet
  facet normal 9.801725e-01 0.000000e+00 -1.981461e-01
    outer loop
      vertex   -4.239435e+01 2.032732e+00 7.975656e+01
      vertex   -4.269050e+01 7.532732e+00 7.829160e+01
      vertex   -4.239435e+01 7.532732e+00 7.975656e+01
    endloop
  endfacet
  facet normal 9.987569e-01 0.000000e+00 -4.984589e-02
    outer loop
      vertex   -4.239435e+01 2.032732e+00 7.975656e+01
      vertex   -4.239435e+01 7.532732e+00 7.975656e+01
      vertex   -4.231985e+01 2.032732e+00 8.124931e+01
    endloop
  endfacet
  facet normal 9.987569e-01 0.000000e+00 -4.984589e-02
    outer loop
      vertex   -4.231985e+01 2.032732e+00 8.124931e+01
      vertex   -4.239435e+01 7.532732e+00 7.975656e+01
      vertex   -4.231985e+01 7.532732e+00 8.124931e+01
    endloop
  endfacet
  facet normal 9.950308e-01 -0.000000e+00 9.956785e-02
    outer loop
      vertex   -4.231985e+01 2.032732e+00 8.124931e+01
      vertex   -4.231985e+01 7.532732e+00 8.124931e+01
      vertex   -4.246866e+01 2.032732e+00 8.273648e+01
    endloop
  endfacet
  facet normal 9.950308e-01 -0.000000e+00 9.956785e-02
    outer loop
      vertex   -4.246866e+01 2.032732e+00 8.273648e+01
      vertex   -4.231985e+01 7.532732e+00 8.124931e+01
      vertex   -4.246866e+01 7.532732e+00 8.273648e+01
    endloop
  endfacet
  facet normal 9.690773e-01 -0.000000e+00 2.467574e-01
    outer loop
      vertex   -4.246866e+01 2.032732e+00 8.273648e+01
      vertex   -4.246866e+01 7.532732e+00 8.273648e+01
      vertex   -4.283747e+01 2.032732e+00 8.418487e+01
    endloop
  endfacet
  facet normal 9.690773e-01 -0.000000e+00 2.467574e-01
    outer loop
      vertex   -4.283747e+01 2.032732e+00 8.418487e+01
      vertex   -4.246866e+01 7.532732e+00 8.273648e+01
      vertex   -4.283747e+01 7.532732e+00 8.418487e+01
    endloop
  endfacet
  facet normal 9.214762e-01 -0.000000e+00 3.884348e-01
    outer loop
      vertex   -4.283747e+01 2.032732e+00 8.418487e+01
      vertex   -4.283747e+01 7.532732e+00 8.418487e+01
      vertex   -4.341802e+01 2.032732e+00 8.556211e+01
    endloop
  endfacet
  facet normal 9.214762e-01 -0.000000e+00 3.884348e-01
    outer loop
      vertex   -4.341802e+01 2.032732e+00 8.556211e+01
      vertex   -4.283747e+01 7.532732e+00 8.418487e+01
      vertex   -4.341802e+01 7.532732e+00 8.556211e+01
    endloop
  endfacet
  facet normal 8.532909e-01 -0.000000e+00 5.214352e-01
    outer loop
      vertex   -4.341802e+01 2.032732e+00 8.556211e+01
      vertex   -4.341802e+01 7.532732e+00 8.556211e+01
      vertex   -4.419736e+01 2.032732e+00 8.683744e+01
    endloop
  endfacet
  facet normal 8.532909e-01 -0.000000e+00 5.214352e-01
    outer loop
      vertex   -4.419736e+01 2.032732e+00 8.683744e+01
      vertex   -4.341802e+01 7.532732e+00 8.556211e+01
      vertex   -4.419736e+01 7.532732e+00 8.683744e+01
    endloop
  endfacet
  facet normal 7.660444e-01 -0.000000e+00 6.427876e-01
    outer loop
      vertex   -4.419736e+01 2.032732e+00 8.683744e+01
      vertex   -4.419736e+01 7.532732e+00 8.683744e+01
      vertex   -4.515807e+01 2.032732e+00 8.798237e+01
    endloop
  endfacet
  facet normal 7.660444e-01 -0.000000e+00 6.427876e-01
    outer loop
      vertex   -4.515807e+01 2.032732e+00 8.798237e+01
      vertex   -4.419736e+01 7.532732e+00 8.683744e+01
      vertex   -4.515807e+01 7.532732e+00 8.798237e+01
    endloop
  endfacet
  facet normal 6.616858e-01 -0.000000e+00 7.497812e-01
    outer loop
      vertex   -4.515807e+01 2.032732e+00 8.798237e+01
      vertex   -4.515807e+01 7.532732e+00 8.798237e+01
      vertex   -4.627870e+01 2.032732e+00 8.897133e+01
    endloop
  endfacet
  facet normal 6.616858e-01 -0.000000e+00 7.497812e-01
    outer loop
      vertex   -4.627870e+01 2.032732e+00 8.897133e+01
      vertex   -4.515807e+01 7.532732e+00 8.798237e+01
      vertex   -4.627870e+01 7.532732e+00 8.897133e+01
    endloop
  endfacet
  facet normal 5.425463e-01 -0.000000e+00 8.400259e-01
    outer loop
      vertex   -4.627870e+01 2.032732e+00 8.897133e+01
      vertex   -4.627870e+01 7.532732e+00 8.897133e+01
      vertex   -4.753420e+01 2.032732e+00 8.978222e+01
    endloop
  endfacet
  facet normal 5.425463e-01 -0.000000e+00 8.400259e-01
    outer loop
      vertex   -4.753420e+01 2.032732e+00 8.978222e+01
      vertex   -4.627870e+01 7.532732e+00 8.897133e+01
      vertex   -4.753420e+01 7.532732e+00 8.978222e+01
    endloop
  endfacet
  facet normal 4.112871e-01 -0.000000e+00 9.115059e-01
    outer loop
      vertex   -4.753420e+01 2.032732e+00 8.978222e+01
      vertex   -4.753420e+01 7.532732e+00 8.978222e+01
      vertex   -4.889654e+01 2.032732e+00 9.039693e+01
    endloop
  endfacet
  facet normal 4.112871e-01 -0.000000e+00 9.115059e-01
    outer loop
      vertex   -4.889654e+01 2.032732e+00 9.039693e+01
      vertex   -4.753420e+01 7.532732e+00 8.978222e+01
      vertex   -4.889654e+01 7.532732e+00 9.039693e+01
    endloop
  endfacet
  facet normal 2.708405e-01 -0.000000e+00 9.626242e-01
    outer loop
      vertex   -4.889654e+01 2.032732e+00 9.039693e+01
      vertex   -4.889654e+01 7.532732e+00 9.039693e+01
      vertex   -5.033528e+01 2.032732e+00 9.080173e+01
    endloop
  endfacet
  facet normal 2.708405e-01 -0.000000e+00 9.626242e-01
    outer loop
      vertex   -5.033528e+01 2.032732e+00 9.080173e+01
      vertex   -4.889654e+01 7.532732e+00 9.039693e+01
      vertex   -5.033528e+01 7.532732e+00 9.080173e+01
    endloop
  endfacet
  facet normal 1.243437e-01 -0.000000e+00 9.922392e-01
    outer loop
      vertex   -5.033528e+01 2.032732e+00 9.080173e+01
      vertex   -5.033528e+01 7.532732e+00 9.080173e+01
      vertex   -5.181828e+01 2.032732e+00 9.098757e+01
    endloop
  endfacet
  facet normal 1.243437e-01 -0.000000e+00 9.922392e-01
    outer loop
      vertex   -5.181828e+01 2.032732e+00 9.098757e+01
      vertex   -5.033528e+01 7.532732e+00 9.080173e+01
      vertex   -5.181828e+01 7.532732e+00 9.098757e+01
    endloop
  endfacet
  facet normal -2.493069e-02 0.000000e+00 9.996892e-01
    outer loop
      vertex   -5.181828e+01 2.032732e+00 9.098757e+01
      vertex   -5.181828e+01 7.532732e+00 9.098757e+01
      vertex   -5.331242e+01 2.032732e+00 9.095031e+01
    endloop
  endfacet
  facet normal -2.493069e-02 0.000000e+00 9.996892e-01
    outer loop
      vertex   -5.331242e+01 2.032732e+00 9.095031e+01
      vertex   -5.181828e+01 7.532732e+00 9.098757e+01
      vertex   -5.331242e+01 7.532732e+00 9.095031e+01
    endloop
  endfacet
  facet normal -1.736482e-01 0.000000e+00 9.848078e-01
    outer loop
      vertex   -5.331242e+01 2.032732e+00 9.095031e+01
      vertex   -5.331242e+01 7.532732e+00 9.095031e+01
      vertex   -5.478431e+01 2.032732e+00 9.069077e+01
    endloop
  endfacet
  facet normal -1.736482e-01 0.000000e+00 9.848078e-01
    outer loop
      vertex   -5.478431e+01 2.032732e+00 9.069077e+01
      vertex   -5.331242e+01 7.532732e+00 9.095031e+01
      vertex   -5.478431e+01 7.532732e+00 9.069077e+01
    endloop
  endfacet
  facet normal -3.184867e-01 0.000000e+00 9.479273e-01
    outer loop
      vertex   -5.478431e+01 2.032732e+00 9.069077e+01
      vertex   -5.478431e+01 7.532732e+00 9.069077e+01
      vertex   -5.620109e+01 2.032732e+00 9.021476e+01
    endloop
  endfacet
  facet normal -3.184867e-01 0.000000e+00 9.479273e-01
    outer loop
      vertex   -5.620109e+01 2.032732e+00 9.021476e+01
      vertex   -5.478431e+01 7.532732e+00 9.069077e+01
      vertex   -5.620109e+01 7.532732e+00 9.021476e+01
    endloop
  endfacet
  facet normal -4.562107e-01 0.000000e+00 8.898718e-01
    outer loop
      vertex   -5.620109e+01 2.032732e+00 9.021476e+01
      vertex   -5.620109e+01 7.532732e+00 9.021476e+01
      vertex   -5.753109e+01 2.032732e+00 8.953291e+01
    endloop
  endfacet
  facet normal -4.562107e-01 0.000000e+00 8.898718e-01
    outer loop
      vertex   -5.753109e+01 2.032732e+00 8.953291e+01
      vertex   -5.620109e+01 7.532732e+00 9.021476e+01
      vertex   -5.753109e+01 7.532732e+00 8.953291e+01
    endloop
  endfacet
  facet normal -5.837437e-01 0.000000e+00 8.119380e-01
    outer loop
      vertex   -5.753109e+01 2.032732e+00 8.953291e+01
      vertex   -5.753109e+01 7.532732e+00 8.953291e+01
      vertex   -5.874462e+01 2.032732e+00 8.866044e+01
    endloop
  endfacet
  facet normal -5.837437e-01 0.000000e+00 8.119380e-01
    outer loop
      vertex   -5.874462e+01 2.032732e+00 8.866044e+01
      vertex   -5.753109e+01 7.532732e+00 8.953291e+01
      vertex   -5.874462e+01 7.532732e+00 8.866044e+01
    endloop
  endfacet
  facet normal -6.982368e-01 0.000000e+00 7.158668e-01
    outer loop
      vertex   -5.874462e+01 2.032732e+00 8.866044e+01
      vertex   -5.874462e+01 7.532732e+00 8.866044e+01
      vertex   -5.981455e+01 2.032732e+00 8.761686e+01
    endloop
  endfacet
  facet normal -6.982368e-01 0.000000e+00 7.158668e-01
    outer loop
      vertex   -5.981455e+01 2.032732e+00 8.761686e+01
      vertex   -5.874462e+01 7.532732e+00 8.866044e+01
      vertex   -5.981455e+01 7.532732e+00 8.761686e+01
    endloop
  endfacet
  facet normal -7.971325e-01 0.000000e+00 6.038044e-01
    outer loop
      vertex   -5.981455e+01 2.032732e+00 8.761686e+01
      vertex   -5.981455e+01 7.532732e+00 8.761686e+01
      vertex   -6.071700e+01 2.032732e+00 8.642546e+01
    endloop
  endfacet
  facet normal -7.971325e-01 0.000000e+00 6.038044e-01
    outer loop
      vertex   -6.071700e+01 2.032732e+00 8.642546e+01
      vertex   -5.981455e+01 7.532732e+00 8.761686e+01
      vertex   -6.071700e+01 7.532732e+00 8.642546e+01
    endloop
  endfacet
  facet normal -8.782216e-01 0.000000e+00 4.782540e-01
    outer loop
      vertex   -6.071700e+01 2.032732e+00 8.642546e+01
      vertex   -6.071700e+01 7.532732e+00 8.642546e+01
      vertex   -6.143180e+01 2.032732e+00 8.511287e+01
    endloop
  endfacet
  facet normal -8.782216e-01 0.000000e+00 4.782540e-01
    outer loop
      vertex   -6.143180e+01 2.032732e+00 8.511287e+01
      vertex   -6.071700e+01 7.532732e+00 8.642546e+01
      vertex   -6.143180e+01 7.532732e+00 8.511287e+01
    endloop
  endfacet
  facet normal -9.396926e-01 0.000000e+00 3.420201e-01
    outer loop
      vertex   -6.143180e+01 2.032732e+00 8.511287e+01
      vertex   -6.143180e+01 7.532732e+00 8.511287e+01
      vertex   -6.194298e+01 2.032732e+00 8.370840e+01
    endloop
  endfacet
  facet normal -9.396926e-01 0.000000e+00 3.420201e-01
    outer loop
      vertex   -6.194298e+01 2.032732e+00 8.370840e+01
      vertex   -6.143180e+01 7.532732e+00 8.511287e+01
      vertex   -6.194298e+01 7.532732e+00 8.370840e+01
    endloop
  endfacet
  facet normal -9.801725e-01 0.000000e+00 1.981461e-01
    outer loop
      vertex   -6.194298e+01 2.032732e+00 8.370840e+01
      vertex   -6.194298e+01 7.532732e+00 8.370840e+01
      vertex   -6.223913e+01 2.032732e+00 8.224344e+01
    endloop
  endfacet
  facet normal -9.801725e-01 0.000000e+00 1.981461e-01
    outer loop
      vertex   -6.223913e+01 2.032732e+00 8.224344e+01
      vertex   -6.194298e+01 7.532732e+00 8.370840e+01
      vertex   -6.223913e+01 7.532732e+00 8.224344e+01
    endloop
  endfacet
  facet normal -9.987569e-01 0.000000e+00 4.984589e-02
    outer loop
      vertex   -6.223913e+01 2.032732e+00 8.224344e+01
      vertex   -6.223913e+01 7.532732e+00 8.224344e+01
      vertex   -6.231363e+01 2.032732e+00 8.075069e+01
    endloop
  endfacet
  facet normal -9.987569e-01 0.000000e+00 4.984589e-02
    outer loop
      vertex   -6.231363e+01 2.032732e+00 8.075069e+01
      vertex   -6.223913e+01 7.532732e+00 8.224344e+01
      vertex   -6.231363e+01 7.532732e+00 8.075069e+01
    endloop
  endfacet
  facet normal 2.376859e-01 -1.535327e-16 -9.713421e-01
    outer loop
      vertex   -5.014614e+01 -1.446727e+01 6.868990e+01
      vertex   -5.014614e+01 -3.467268e+00 6.868990e+01
      vertex   -4.855792e+01 -1.446727e+01 6.907854e+01
    endloop
  endfacet
  facet normal 2.376859e-01 0.000000e+00 -9.713421e-01
    outer loop
      vertex   -4.855792e+01 -1.446727e+01 6.907854e+01
      vertex   -5.014614e+01 -3.467268e+00 6.868990e+01
      vertex   -4.855792e+01 -3.467268e+00 6.907854e+01
    endloop
  endfacet
  facet normal 3.624380e-01 0.000000e+00 -9.320079e-01
    outer loop
      vertex   -4.855792e+01 -1.446727e+01 6.907854e+01
      vertex   -4.855792e+01 -3.467268e+00 6.907854e+01
      vertex   -4.703401e+01 -1.446727e+01 6.967115e+01
    endloop
  endfacet
  facet normal 3.624380e-01 0.000000e+00 -9.320079e-01
    outer loop
      vertex   -4.703401e+01 -1.446727e+01 6.967115e+01
      vertex   -4.855792e+01 -3.467268e+00 6.907854e+01
      vertex   -4.703401e+01 -3.467268e+00 6.967115e+01
    endloop
  endfacet
  facet normal 4.809888e-01 0.000000e+00 -8.767268e-01
    outer loop
      vertex   -4.703401e+01 -1.446727e+01 6.967115e+01
      vertex   -4.703401e+01 -3.467268e+00 6.967115e+01
      vertex   -4.560049e+01 -1.446727e+01 7.045761e+01
    endloop
  endfacet
  facet normal 4.809888e-01 0.000000e+00 -8.767268e-01
    outer loop
      vertex   -4.560049e+01 -1.446727e+01 7.045761e+01
      vertex   -4.703401e+01 -3.467268e+00 6.967115e+01
      vertex   -4.560049e+01 -3.467268e+00 7.045761e+01
    endloop
  endfacet
  facet normal 5.913096e-01 0.000000e+00 -8.064446e-01
    outer loop
      vertex   -4.560049e+01 -1.446727e+01 7.045761e+01
      vertex   -4.560049e+01 -3.467268e+00 7.045761e+01
      vertex   -4.428189e+01 -1.446727e+01 7.142444e+01
    endloop
  endfacet
  facet normal 5.913096e-01 -1.701730e-15 -8.064446e-01
    outer loop
      vertex   -4.428189e+01 -1.446727e+01 7.142444e+01
      vertex   -4.560049e+01 -3.467268e+00 7.045761e+01
      vertex   -4.428189e+01 -3.467268e+00 7.142444e+01
    endloop
  endfacet
  facet normal 6.915131e-01 -1.419757e-15 -7.223640e-01
    outer loop
      vertex   -4.428189e+01 -1.446727e+01 7.142444e+01
      vertex   -4.428189e+01 -3.467268e+00 7.142444e+01
      vertex   -4.310077e+01 -1.446727e+01 7.255512e+01
    endloop
  endfacet
  facet normal 6.915131e-01 0.000000e+00 -7.223640e-01
    outer loop
      vertex   -4.310077e+01 -1.446727e+01 7.255512e+01
      vertex   -4.428189e+01 -3.467268e+00 7.142444e+01
      vertex   -4.310077e+01 -3.467268e+00 7.255512e+01
    endloop
  endfacet
  facet normal 7.798845e-01 0.000000e+00 -6.259235e-01
    outer loop
      vertex   -4.310077e+01 -1.446727e+01 7.255512e+01
      vertex   -4.310077e+01 -3.467268e+00 7.255512e+01
      vertex   -4.207734e+01 -1.446727e+01 7.383029e+01
    endloop
  endfacet
  facet normal 7.798845e-01 -5.037648e-16 -6.259235e-01
    outer loop
      vertex   -4.207734e+01 -1.446727e+01 7.383029e+01
      vertex   -4.310077e+01 -3.467268e+00 7.255512e+01
      vertex   -4.207734e+01 -3.467268e+00 7.383029e+01
    endloop
  endfacet
  facet normal 8.549119e-01 -5.522286e-16 -5.187733e-01
    outer loop
      vertex   -4.207734e+01 -1.446727e+01 7.383029e+01
      vertex   -4.207734e+01 -3.467268e+00 7.383029e+01
      vertex   -4.122910e+01 -1.446727e+01 7.522814e+01
    endloop
  endfacet
  facet normal 8.549119e-01 0.000000e+00 -5.187733e-01
    outer loop
      vertex   -4.122910e+01 -1.446727e+01 7.522814e+01
      vertex   -4.207734e+01 -3.467268e+00 7.383029e+01
      vertex   -4.122910e+01 -3.467268e+00 7.522814e+01
    endloop
  endfacet
  facet normal 9.153115e-01 0.000000e+00 -4.027467e-01
    outer loop
      vertex   -4.122910e+01 -1.446727e+01 7.522814e+01
      vertex   -4.122910e+01 -3.467268e+00 7.522814e+01
      vertex   -4.057058e+01 -1.446727e+01 7.672475e+01
    endloop
  endfacet
  facet normal 9.153115e-01 0.000000e+00 -4.027467e-01
    outer loop
      vertex   -4.057058e+01 -1.446727e+01 7.672475e+01
      vertex   -4.122910e+01 -3.467268e+00 7.522814e+01
      vertex   -4.057058e+01 -3.467268e+00 7.672475e+01
    endloop
  endfacet
  facet normal 9.600499e-01 0.000000e+00 -2.798290e-01
    outer loop
      vertex   -4.057058e+01 -1.446727e+01 7.672475e+01
      vertex   -4.057058e+01 -3.467268e+00 7.672475e+01
      vertex   -4.011304e+01 -1.446727e+01 7.829450e+01
    endloop
  endfacet
  facet normal 9.600499e-01 0.000000e+00 -2.798290e-01
    outer loop
      vertex   -4.011304e+01 -1.446727e+01 7.829450e+01
      vertex   -4.057058e+01 -3.467268e+00 7.672475e+01
      vertex   -4.011304e+01 -3.467268e+00 7.829450e+01
    endloop
  endfacet
  facet normal 9.883615e-01 0.000000e+00 -1.521234e-01
    outer loop
      vertex   -4.011304e+01 -1.446727e+01 7.829450e+01
      vertex   -4.011304e+01 -3.467268e+00 7.829450e+01
      vertex   -3.986431e+01 -1.446727e+01 7.991055e+01
    endloop
  endfacet
  facet normal 9.883615e-01 -1.965276e-16 -1.521234e-01
    outer loop
      vertex   -3.986431e+01 -1.446727e+01 7.991055e+01
      vertex   -4.011304e+01 -3.467268e+00 7.829450e+01
      vertex   -3.986431e+01 -3.467268e+00 7.991055e+01
    endloop
  endfacet
  facet normal 9.997620e-01 -2.818256e-17 -2.181489e-02
    outer loop
      vertex   -3.986431e+01 -1.446727e+01 7.991055e+01
      vertex   -3.986431e+01 -3.467268e+00 7.991055e+01
      vertex   -3.982864e+01 -1.446727e+01 8.154524e+01
    endloop
  endfacet
  facet normal 9.997620e-01 0.000000e+00 -2.181489e-02
    outer loop
      vertex   -3.982864e+01 -1.446727e+01 8.154524e+01
      vertex   -3.986431e+01 -3.467268e+00 7.991055e+01
      vertex   -3.982864e+01 -3.467268e+00 8.154524e+01
    endloop
  endfacet
  facet normal 9.940563e-01 -0.000000e+00 1.088669e-01
    outer loop
      vertex   -3.982864e+01 -1.446727e+01 8.154524e+01
      vertex   -3.982864e+01 -3.467268e+00 8.154524e+01
      vertex   -4.000664e+01 -1.446727e+01 8.317060e+01
    endloop
  endfacet
  facet normal 9.940563e-01 -0.000000e+00 1.088669e-01
    outer loop
      vertex   -4.000664e+01 -1.446727e+01 8.317060e+01
      vertex   -3.982864e+01 -3.467268e+00 8.154524e+01
      vertex   -4.000664e+01 -3.467268e+00 8.317060e+01
    endloop
  endfacet
  facet normal 9.713421e-01 -0.000000e+00 2.376859e-01
    outer loop
      vertex   -4.000664e+01 -1.446727e+01 8.317060e+01
      vertex   -4.000664e+01 -3.467268e+00 8.317060e+01
      vertex   -4.039528e+01 -1.446727e+01 8.475882e+01
    endloop
  endfacet
  facet normal 9.713421e-01 -0.000000e+00 2.376859e-01
    outer loop
      vertex   -4.039528e+01 -1.446727e+01 8.475882e+01
      vertex   -4.000664e+01 -3.467268e+00 8.317060e+01
      vertex   -4.039528e+01 -3.467268e+00 8.475882e+01
    endloop
  endfacet
  facet normal 9.320079e-01 -0.000000e+00 3.624380e-01
    outer loop
      vertex   -4.039528e+01 -1.446727e+01 8.475882e+01
      vertex   -4.039528e+01 -3.467268e+00 8.475882e+01
      vertex   -4.098789e+01 -1.446727e+01 8.628273e+01
    endloop
  endfacet
  facet normal 9.320079e-01 -0.000000e+00 3.624380e-01
    outer loop
      vertex   -4.098789e+01 -1.446727e+01 8.628273e+01
      vertex   -4.039528e+01 -3.467268e+00 8.475882e+01
      vertex   -4.098789e+01 -3.467268e+00 8.628273e+01
    endloop
  endfacet
  facet normal 8.767268e-01 -0.000000e+00 4.809888e-01
    outer loop
      vertex   -4.098789e+01 -1.446727e+01 8.628273e+01
      vertex   -4.098789e+01 -3.467268e+00 8.628273e+01
      vertex   -4.177435e+01 -1.446727e+01 8.771625e+01
    endloop
  endfacet
  facet normal 8.767268e-01 -0.000000e+00 4.809888e-01
    outer loop
      vertex   -4.177435e+01 -1.446727e+01 8.771625e+01
      vertex   -4.098789e+01 -3.467268e+00 8.628273e+01
      vertex   -4.177435e+01 -3.467268e+00 8.771625e+01
    endloop
  endfacet
  facet normal 8.064446e-01 -0.000000e+00 5.913096e-01
    outer loop
      vertex   -4.177435e+01 -1.446727e+01 8.771625e+01
      vertex   -4.177435e+01 -3.467268e+00 8.771625e+01
      vertex   -4.274118e+01 -1.446727e+01 8.903485e+01
    endloop
  endfacet
  facet normal 8.064446e-01 -0.000000e+00 5.913096e-01
    outer loop
      vertex   -4.274118e+01 -1.446727e+01 8.903485e+01
      vertex   -4.177435e+01 -3.467268e+00 8.771625e+01
      vertex   -4.274118e+01 -3.467268e+00 8.903485e+01
    endloop
  endfacet
  facet normal 7.223640e-01 -0.000000e+00 6.915131e-01
    outer loop
      vertex   -4.274118e+01 -1.446727e+01 8.903485e+01
      vertex   -4.274118e+01 -3.467268e+00 8.903485e+01
      vertex   -4.387186e+01 -1.446727e+01 9.021597e+01
    endloop
  endfacet
  facet normal 7.223640e-01 8.933629e-16 6.915131e-01
    outer loop
      vertex   -4.387186e+01 -1.446727e+01 9.021597e+01
      vertex   -4.274118e+01 -3.467268e+00 8.903485e+01
      vertex   -4.387186e+01 -3.467268e+00 9.021597e+01
    endloop
  endfacet
  facet normal 6.259235e-01 1.007530e-15 7.798845e-01
    outer loop
      vertex   -4.387186e+01 -1.446727e+01 9.021597e+01
      vertex   -4.387186e+01 -3.467268e+00 9.021597e+01
      vertex   -4.514703e+01 -1.446727e+01 9.123940e+01
    endloop
  endfacet
  facet normal 6.259235e-01 -0.000000e+00 7.798845e-01
    outer loop
      vertex   -4.514703e+01 -1.446727e+01 9.123940e+01
      vertex   -4.387186e+01 -3.467268e+00 9.021597e+01
      vertex   -4.514703e+01 -3.467268e+00 9.123940e+01
    endloop
  endfacet
  facet normal 5.187733e-01 -0.000000e+00 8.549119e-01
    outer loop
      vertex   -4.514703e+01 -1.446727e+01 9.123940e+01
      vertex   -4.514703e+01 -3.467268e+00 9.123940e+01
      vertex   -4.654488e+01 -1.446727e+01 9.208764e+01
    endloop
  endfacet
  facet normal 5.187733e-01 -0.000000e+00 8.549119e-01
    outer loop
      vertex   -4.654488e+01 -1.446727e+01 9.208764e+01
      vertex   -4.514703e+01 -3.467268e+00 9.123940e+01
      vertex   -4.654488e+01 -3.467268e+00 9.208764e+01
    endloop
  endfacet
  facet normal 4.027467e-01 -0.000000e+00 9.153115e-01
    outer loop
      vertex   -4.654488e+01 -1.446727e+01 9.208764e+01
      vertex   -4.654488e+01 -3.467268e+00 9.208764e+01
      vertex   -4.804149e+01 -1.446727e+01 9.274616e+01
    endloop
  endfacet
  facet normal 4.027467e-01 -1.702794e-15 9.153115e-01
    outer loop
      vertex   -4.804149e+01 -1.446727e+01 9.274616e+01
      vertex   -4.654488e+01 -3.467268e+00 9.208764e+01
      vertex   -4.804149e+01 -3.467268e+00 9.274616e+01
    endloop
  endfacet
  facet normal 2.798290e-01 -1.601794e-15 9.600499e-01
    outer loop
      vertex   -4.804149e+01 -1.446727e+01 9.274616e+01
      vertex   -4.804149e+01 -3.467268e+00 9.274616e+01
      vertex   -4.961124e+01 -1.446727e+01 9.320370e+01
    endloop
  endfacet
  facet normal 2.798290e-01 -1.807550e-16 9.600499e-01
    outer loop
      vertex   -4.961124e+01 -1.446727e+01 9.320370e+01
      vertex   -4.804149e+01 -3.467268e+00 9.274616e+01
      vertex   -4.961124e+01 -3.467268e+00 9.320370e+01
    endloop
  endfacet
  facet normal 1.521234e-01 -9.826379e-17 9.883615e-01
    outer loop
      vertex   -4.961124e+01 -1.446727e+01 9.320370e+01
      vertex   -4.961124e+01 -3.467268e+00 9.320370e+01
      vertex   -5.122729e+01 -1.446727e+01 9.345243e+01
    endloop
  endfacet
  facet normal 1.521234e-01 -0.000000e+00 9.883615e-01
    outer loop
      vertex   -5.122729e+01 -1.446727e+01 9.345243e+01
      vertex   -4.961124e+01 -3.467268e+00 9.320370e+01
      vertex   -5.122729e+01 -3.467268e+00 9.345243e+01
    endloop
  endfacet
  facet normal 2.181489e-02 -0.000000e+00 9.997620e-01
    outer loop
      vertex   -5.122729e+01 -1.446727e+01 9.345243e+01
      vertex   -5.122729e+01 -3.467268e+00 9.345243e+01
      vertex   -5.286198e+01 -1.446727e+01 9.348810e+01
    endloop
  endfacet
  facet normal 2.181489e-02 -0.000000e+00 9.997620e-01
    outer loop
      vertex   -5.286198e+01 -1.446727e+01 9.348810e+01
      vertex   -5.122729e+01 -3.467268e+00 9.345243e+01
      vertex   -5.286198e+01 -3.467268e+00 9.348810e+01
    endloop
  endfacet
  facet normal -1.088669e-01 0.000000e+00 9.940563e-01
    outer loop
      vertex   -5.286198e+01 -1.446727e+01 9.348810e+01
      vertex   -5.286198e+01 -3.467268e+00 9.348810e+01
      vertex   -5.448734e+01 -1.446727e+01 9.331010e+01
    endloop
  endfacet
  facet normal -1.088669e-01 0.000000e+00 9.940563e-01
    outer loop
      vertex   -5.448734e+01 -1.446727e+01 9.331010e+01
      vertex   -5.286198e+01 -3.467268e+00 9.348810e+01
      vertex   -5.448734e+01 -3.467268e+00 9.331010e+01
    endloop
  endfacet
  facet normal 1.719248e-16 -1.000000e+00 2.445163e-15
    outer loop
      vertex   -5.674641e+01 4.532732e+00 8.100565e+01
      vertex   -5.771258e+01 4.532732e+00 8.034710e+01
      vertex   -5.650217e+01 4.532732e+00 8.026200e+01
    endloop
  endfacet
  facet normal -0.000000e+00 -1.000000e+00 0.000000e+00
    outer loop
      vertex   -5.650217e+01 4.532732e+00 8.026200e+01
      vertex   -5.771258e+01 4.532732e+00 8.034710e+01
      vertex   -5.761048e+01 4.532732e+00 7.976804e+01
    endloop
  endfacet
  facet normal 0.000000e+00 -1.000000e+00 -0.000000e+00
    outer loop
      vertex   -5.650217e+01 4.532732e+00 8.026200e+01
      vertex   -5.761048e+01 4.532732e+00 7.976804e+01
      vertex   -5.647734e+01 4.532732e+00 7.947966e+01
    endloop
  endfacet
  facet normal -0.000000e+00 -1.000000e+00 0.000000e+00
    outer loop
      vertex   -5.647734e+01 4.532732e+00 7.947966e+01
      vertex   -5.761048e+01 4.532732e+00 7.976804e+01
      vertex   -5.772445e+01 4.532732e+00 7.919119e+01
    endloop
  endfacet
  facet normal 0.000000e+00 -1.000000e+00 0.000000e+00
    outer loop
      vertex   -5.647734e+01 4.532732e+00 7.947966e+01
      vertex   -5.772445e+01 4.532732e+00 7.919119e+01
      vertex   -5.667392e+01 4.532732e+00 7.872201e+01
    endloop
  endfacet
  facet normal 4.660433e-16 -1.000000e+00 1.043517e-15
    outer loop
      vertex   -5.667392e+01 4.532732e+00 7.872201e+01
      vertex   -5.772445e+01 4.532732e+00 7.919119e+01
      vertex   -5.707599e+01 4.532732e+00 7.805044e+01
    endloop
  endfacet
  facet normal -6.477920e-16 -1.000000e+00 4.103553e-16
    outer loop
      vertex   -5.707599e+01 4.532732e+00 7.805044e+01
      vertex   -5.772445e+01 4.532732e+00 7.919119e+01
      vertex   -5.803911e+01 4.532732e+00 7.869447e+01
    endloop
  endfacet
  facet normal -5.349269e-16 -1.000000e+00 5.791413e-16
    outer loop
      vertex   -5.707599e+01 4.532732e+00 7.805044e+01
      vertex   -5.803911e+01 4.532732e+00 7.869447e+01
      vertex   -5.765098e+01 4.532732e+00 7.751935e+01
    endloop
  endfacet
  facet normal 1.060723e-15 -1.000000e+00 1.106169e-15
    outer loop
      vertex   -5.765098e+01 4.532732e+00 7.751935e+01
      vertex   -5.803911e+01 4.532732e+00 7.869447e+01
      vertex   -5.851195e+01 4.532732e+00 7.834496e+01
    endloop
  endfacet
  facet normal -0.000000e+00 -1.000000e+00 0.000000e+00
    outer loop
      vertex   -5.765098e+01 4.532732e+00 7.751935e+01
      vertex   -5.851195e+01 4.532732e+00 7.834496e+01
      vertex   -5.835230e+01 4.532732e+00 7.717177e+01
    endloop
  endfacet
  facet normal 0.000000e+00 -1.000000e+00 0.000000e+00
    outer loop
      vertex   -5.835230e+01 4.532732e+00 7.717177e+01
      vertex   -5.851195e+01 4.532732e+00 7.834496e+01
      vertex   -5.907913e+01 4.532732e+00 7.818986e+01
    endloop
  endfacet
  facet normal -0.000000e+00 -1.000000e+00 0.000000e+00
    outer loop
      vertex   -5.835230e+01 4.532732e+00 7.717177e+01
      vertex   -5.907913e+01 4.532732e+00 7.818986e+01
      vertex   -5.912314e+01 4.532732e+00 7.703585e+01
    endloop
  endfacet
  facet normal 0.000000e+00 -1.000000e+00 0.000000e+00
    outer loop
      vertex   -5.912314e+01 4.532732e+00 7.703585e+01
      vertex   -5.907913e+01 4.532732e+00 7.818986e+01
      vertex   -5.966403e+01 4.532732e+00 7.825012e+01
    endloop
  endfacet
  facet normal 1.201437e-15 -1.000000e+00 5.351719e-16
    outer loop
      vertex   -5.912314e+01 4.532732e+00 7.703585e+01
      vertex   -5.966403e+01 4.532732e+00 7.825012e+01
      vertex   -5.990105e+01 4.532732e+00 7.712260e+01
    endloop
  endfacet
  facet normal 3.032537e-16 -1.000000e+00 7.239831e-16
    outer loop
      vertex   -5.990105e+01 4.532732e+00 7.712260e+01
      vertex   -5.966403e+01 4.532732e+00 7.825012e+01
      vertex   -6.062301e+01 4.532732e+00 7.742501e+01
    endloop
  endfacet
  facet normal 3.450251e-16 -1.000000e+00 6.754346e-16
    outer loop
      vertex   -6.062301e+01 4.532732e+00 7.742501e+01
      vertex   -5.966403e+01 4.532732e+00 7.825012e+01
      vertex   -6.018767e+01 4.532732e+00 7.851760e+01
    endloop
  endfacet
  facet normal 4.989174e-16 -1.000000e+00 6.141168e-16
    outer loop
      vertex   -6.062301e+01 4.532732e+00 7.742501e+01
      vertex   -6.018767e+01 4.532732e+00 7.851760e+01
      vertex   -6.123052e+01 4.532732e+00 7.791856e+01
    endloop
  endfacet
  facet normal 5.629243e-16 -1.000000e+00 5.026888e-16
    outer loop
      vertex   -6.123052e+01 4.532732e+00 7.791856e+01
      vertex   -6.018767e+01 4.532732e+00 7.851760e+01
      vertex   -6.057932e+01 4.532732e+00 7.895618e+01
    endloop
  endfacet
  facet normal 6.504166e-16 -1.000000e+00 4.477791e-16
    outer loop
      vertex   -6.123052e+01 4.532732e+00 7.791856e+01
      vertex   -6.057932e+01 4.532732e+00 7.895618e+01
      vertex   -6.167438e+01 4.532732e+00 7.856328e+01
    endloop
  endfacet
  facet normal 7.147455e-16 -1.000000e+00 2.684877e-16
    outer loop
      vertex   -6.167438e+01 4.532732e+00 7.856328e+01
      vertex   -6.057932e+01 4.532732e+00 7.895618e+01
      vertex   -6.078609e+01 4.532732e+00 7.950663e+01
    endloop
  endfacet
  facet normal -1.990677e-16 -1.000000e+00 1.128969e-15
    outer loop
      vertex   -6.167438e+01 4.532732e+00 7.856328e+01
      vertex   -6.078609e+01 4.532732e+00 7.950663e+01
      vertex   -6.191862e+01 4.532732e+00 7.930693e+01
    endloop
  endfacet
  facet normal 0.000000e+00 -1.000000e+00 0.000000e+00
    outer loop
      vertex   -6.191862e+01 4.532732e+00 7.930693e+01
      vertex   -6.078609e+01 4.532732e+00 7.950663e+01
      vertex   -6.194345e+01 4.532732e+00 8.008927e+01
    endloop
  endfacet
  facet normal 0.000000e+00 -1.000000e+00 0.000000e+00
    outer loop
      vertex   -6.194345e+01 4.532732e+00 8.008927e+01
      vertex   -6.078609e+01 4.532732e+00 7.950663e+01
      vertex   -6.078005e+01 4.532732e+00 8.009459e+01
    endloop
  endfacet
  facet normal 0.000000e+00 -1.000000e+00 0.000000e+00
    outer loop
      vertex   -6.194345e+01 4.532732e+00 8.008927e+01
      vertex   -6.078005e+01 4.532732e+00 8.009459e+01
      vertex   -6.174687e+01 4.532732e+00 8.084691e+01
    endloop
  endfacet
  facet normal 9.656127e-16 -1.000000e+00 1.240927e-15
    outer loop
      vertex   -6.174687e+01 4.532732e+00 8.084691e+01
      vertex   -6.078005e+01 4.532732e+00 8.009459e+01
      vertex   -6.056202e+01 4.532732e+00 8.064068e+01
    endloop
  endfacet
  facet normal 8.873468e-16 -1.000000e+00 7.912816e-16
    outer loop
      vertex   -6.174687e+01 4.532732e+00 8.084691e+01
      vertex   -6.056202e+01 4.532732e+00 8.064068e+01
      vertex   -6.134480e+01 4.532732e+00 8.151848e+01
    endloop
  endfacet
  facet normal 0.000000e+00 -1.000000e+00 0.000000e+00
    outer loop
      vertex   -6.134480e+01 4.532732e+00 8.151848e+01
      vertex   -6.056202e+01 4.532732e+00 8.064068e+01
      vertex   -6.016145e+01 4.532732e+00 8.107112e+01
    endloop
  endfacet
  facet normal 0.000000e+00 -1.000000e+00 0.000000e+00
    outer loop
      vertex   -6.134480e+01 4.532732e+00 8.151848e+01
      vertex   -6.016145e+01 4.532732e+00 8.107112e+01
      vertex   -6.076981e+01 4.532732e+00 8.204957e+01
    endloop
  endfacet
  facet normal 9.681095e-16 -1.000000e+00 6.019285e-16
    outer loop
      vertex   -6.076981e+01 4.532732e+00 8.204957e+01
      vertex   -6.016145e+01 4.532732e+00 8.107112e+01
      vertex   -6.006849e+01 4.532732e+00 8.239716e+01
    endloop
  endfacet
  facet normal -3.364259e-16 -1.000000e+00 6.933853e-16
    outer loop
      vertex   -6.006849e+01 4.532732e+00 8.239716e+01
      vertex   -6.016145e+01 4.532732e+00 8.107112e+01
      vertex   -5.963243e+01 4.532732e+00 8.132780e+01
    endloop
  endfacet
  facet normal -1.366282e-16 -1.000000e+00 7.748569e-16
    outer loop
      vertex   -6.006849e+01 4.532732e+00 8.239716e+01
      vertex   -5.963243e+01 4.532732e+00 8.132780e+01
      vertex   -5.929765e+01 4.532732e+00 8.253308e+01
    endloop
  endfacet
  facet normal -6.208036e-17 -1.000000e+00 7.541500e-16
    outer loop
      vertex   -5.929765e+01 4.532732e+00 8.253308e+01
      vertex   -5.963243e+01 4.532732e+00 8.132780e+01
      vertex   -5.904642e+01 4.532732e+00 8.137604e+01
    endloop
  endfacet
  facet normal 1.257820e-15 -1.000000e+00 1.040742e-15
    outer loop
      vertex   -5.929765e+01 4.532732e+00 8.253308e+01
      vertex   -5.904642e+01 4.532732e+00 8.137604e+01
      vertex   -5.851974e+01 4.532732e+00 8.244632e+01
    endloop
  endfacet
  facet normal 1.803462e-15 -1.000000e+00 7.722352e-16
    outer loop
      vertex   -5.851974e+01 4.532732e+00 8.244632e+01
      vertex   -5.904642e+01 4.532732e+00 8.137604e+01
      vertex   -5.848255e+01 4.532732e+00 8.120933e+01
    endloop
  endfacet
  facet normal 3.045888e-16 -1.000000e+00 7.271706e-16
    outer loop
      vertex   -5.851974e+01 4.532732e+00 8.244632e+01
      vertex   -5.848255e+01 4.532732e+00 8.120933e+01
      vertex   -5.779778e+01 4.532732e+00 8.214392e+01
    endloop
  endfacet
  facet normal 4.683755e-16 -1.000000e+00 6.071658e-16
    outer loop
      vertex   -5.779778e+01 4.532732e+00 8.214392e+01
      vertex   -5.848255e+01 4.532732e+00 8.120933e+01
      vertex   -5.801698e+01 4.532732e+00 8.085018e+01
    endloop
  endfacet
  facet normal 4.902583e-16 -1.000000e+00 6.034583e-16
    outer loop
      vertex   -5.779778e+01 4.532732e+00 8.214392e+01
      vertex   -5.801698e+01 4.532732e+00 8.085018e+01
      vertex   -5.719027e+01 4.532732e+00 8.165036e+01
    endloop
  endfacet
  facet normal 6.447311e-16 -1.000000e+00 4.438649e-16
    outer loop
      vertex   -5.719027e+01 4.532732e+00 8.165036e+01
      vertex   -5.801698e+01 4.532732e+00 8.085018e+01
      vertex   -5.674641e+01 4.532732e+00 8.100565e+01
    endloop
  endfacet
  facet normal 4.497220e-16 -1.000000e+00 2.037598e-15
    outer loop
      vertex   -5.674641e+01 4.532732e+00 8.100565e+01
      vertex   -5.801698e+01 4.532732e+00 8.085018e+01
      vertex   -5.771258e+01 4.532732e+00 8.034710e+01
    endloop
  endfacet
  facet normal 8.370908e-16 -1.000000e+00 1.469276e-15
    outer loop
      vertex   -4.295910e+01 4.532732e+00 8.343672e+01
      vertex   -4.392527e+01 4.532732e+00 8.277818e+01
      vertex   -4.271486e+01 4.532732e+00 8.269307e+01
    endloop
  endfacet
  facet normal 7.429944e-16 -1.000000e+00 1.310100e-16
    outer loop
      vertex   -4.271486e+01 4.532732e+00 8.269307e+01
      vertex   -4.392527e+01 4.532732e+00 8.277818e+01
      vertex   -4.382317e+01 4.532732e+00 8.219911e+01
    endloop
  endfacet
  facet normal 2.912785e-16 -1.000000e+00 1.144534e-15
    outer loop
      vertex   -4.271486e+01 4.532732e+00 8.269307e+01
      vertex   -4.382317e+01 4.532732e+00 8.219911e+01
      vertex   -4.269003e+01 4.532732e+00 8.191073e+01
    endloop
  endfacet
  facet normal -0.000000e+00 -1.000000e+00 0.000000e+00
    outer loop
      vertex   -4.269003e+01 4.532732e+00 8.191073e+01
      vertex   -4.382317e+01 4.532732e+00 8.219911e+01
      vertex   -4.393714e+01 4.532732e+00 8.162226e+01
    endloop
  endfacet
  facet normal 0.000000e+00 -1.000000e+00 0.000000e+00
    outer loop
      vertex   -4.269003e+01 4.532732e+00 8.191073e+01
      vertex   -4.393714e+01 4.532732e+00 8.162226e+01
      vertex   -4.288661e+01 4.532732e+00 8.115309e+01
    endloop
  endfacet
  facet normal 4.660433e-16 -1.000000e+00 1.043517e-15
    outer loop
      vertex   -4.288661e+01 4.532732e+00 8.115309e+01
      vertex   -4.393714e+01 4.532732e+00 8.162226e+01
      vertex   -4.328868e+01 4.532732e+00 8.048152e+01
    endloop
  endfacet
  facet normal -6.477920e-16 -1.000000e+00 4.103553e-16
    outer loop
      vertex   -4.328868e+01 4.532732e+00 8.048152e+01
      vertex   -4.393714e+01 4.532732e+00 8.162226e+01
      vertex   -4.425180e+01 4.532732e+00 8.112554e+01
    endloop
  endfacet
  facet normal -5.349269e-16 -1.000000e+00 5.791413e-16
    outer loop
      vertex   -4.328868e+01 4.532732e+00 8.048152e+01
      vertex   -4.425180e+01 4.532732e+00 8.112554e+01
      vertex   -4.386367e+01 4.532732e+00 7.995043e+01
    endloop
  endfacet
  facet normal 1.060723e-15 -1.000000e+00 1.106169e-15
    outer loop
      vertex   -4.386367e+01 4.532732e+00 7.995043e+01
      vertex   -4.425180e+01 4.532732e+00 8.112554e+01
      vertex   -4.472465e+01 4.532732e+00 8.077603e+01
    endloop
  endfacet
  facet normal 8.349114e-16 -1.000000e+00 8.706824e-16
    outer loop
      vertex   -4.386367e+01 4.532732e+00 7.995043e+01
      vertex   -4.472465e+01 4.532732e+00 8.077603e+01
      vertex   -4.456499e+01 4.532732e+00 7.960284e+01
    endloop
  endfacet
  facet normal -1.995980e-16 -1.000000e+00 7.299019e-16
    outer loop
      vertex   -4.456499e+01 4.532732e+00 7.960284e+01
      vertex   -4.472465e+01 4.532732e+00 8.077603e+01
      vertex   -4.529182e+01 4.532732e+00 8.062093e+01
    endloop
  endfacet
  facet normal -1.366282e-16 -1.000000e+00 7.748569e-16
    outer loop
      vertex   -4.456499e+01 4.532732e+00 7.960284e+01
      vertex   -4.529182e+01 4.532732e+00 8.062093e+01
      vertex   -4.533583e+01 4.532732e+00 7.946692e+01
    endloop
  endfacet
  facet normal 1.591549e-15 -1.000000e+00 7.089448e-16
    outer loop
      vertex   -4.533583e+01 4.532732e+00 7.946692e+01
      vertex   -4.529182e+01 4.532732e+00 8.062093e+01
      vertex   -4.587672e+01 4.532732e+00 8.068119e+01
    endloop
  endfacet
  facet normal 0.000000e+00 -1.000000e+00 0.000000e+00
    outer loop
      vertex   -4.533583e+01 4.532732e+00 7.946692e+01
      vertex   -4.587672e+01 4.532732e+00 8.068119e+01
      vertex   -4.611374e+01 4.532732e+00 7.955368e+01
    endloop
  endfacet
  facet normal 0.000000e+00 -1.000000e+00 0.000000e+00
    outer loop
      vertex   -4.611374e+01 4.532732e+00 7.955368e+01
      vertex   -4.587672e+01 4.532732e+00 8.068119e+01
      vertex   -4.683570e+01 4.532732e+00 7.985608e+01
    endloop
  endfacet
  facet normal 0.000000e+00 -1.000000e+00 0.000000e+00
    outer loop
      vertex   -4.683570e+01 4.532732e+00 7.985608e+01
      vertex   -4.587672e+01 4.532732e+00 8.068119e+01
      vertex   -4.640036e+01 4.532732e+00 8.094868e+01
    endloop
  endfacet
  facet normal 0.000000e+00 -1.000000e+00 0.000000e+00
    outer loop
      vertex   -4.683570e+01 4.532732e+00 7.985608e+01
      vertex   -4.640036e+01 4.532732e+00 8.094868e+01
      vertex   -4.744321e+01 4.532732e+00 8.034964e+01
    endloop
  endfacet
  facet normal -7.688767e-16 -1.000000e+00 1.338519e-15
    outer loop
      vertex   -4.744321e+01 4.532732e+00 8.034964e+01
      vertex   -4.640036e+01 4.532732e+00 8.094868e+01
      vertex   -4.679201e+01 4.532732e+00 8.138726e+01
    endloop
  endfacet
  facet normal 6.504166e-16 -1.000000e+00 4.477791e-16
    outer loop
      vertex   -4.744321e+01 4.532732e+00 8.034964e+01
      vertex   -4.679201e+01 4.532732e+00 8.138726e+01
      vertex   -4.788707e+01 4.532732e+00 8.099435e+01
    endloop
  endfacet
  facet normal 2.045665e-16 -1.000000e+00 1.690411e-15
    outer loop
      vertex   -4.788707e+01 4.532732e+00 8.099435e+01
      vertex   -4.679201e+01 4.532732e+00 8.138726e+01
      vertex   -4.699878e+01 4.532732e+00 8.193770e+01
    endloop
  endfacet
  facet normal 1.482626e-15 -1.000000e+00 4.869414e-16
    outer loop
      vertex   -4.788707e+01 4.532732e+00 8.099435e+01
      vertex   -4.699878e+01 4.532732e+00 8.193770e+01
      vertex   -4.813131e+01 4.532732e+00 8.173800e+01
    endloop
  endfacet
  facet normal 1.360689e-15 -1.000000e+00 1.178482e-15
    outer loop
      vertex   -4.813131e+01 4.532732e+00 8.173800e+01
      vertex   -4.699878e+01 4.532732e+00 8.193770e+01
      vertex   -4.815614e+01 4.532732e+00 8.252034e+01
    endloop
  endfacet
  facet normal 6.914888e-18 -1.000000e+00 -1.510662e-15
    outer loop
      vertex   -4.815614e+01 4.532732e+00 8.252034e+01
      vertex   -4.699878e+01 4.532732e+00 8.193770e+01
      vertex   -4.699274e+01 4.532732e+00 8.252567e+01
    endloop
  endfacet
  facet normal 0.000000e+00 -1.000000e+00 0.000000e+00
    outer loop
      vertex   -4.815614e+01 4.532732e+00 8.252034e+01
      vertex   -4.699274e+01 4.532732e+00 8.252567e+01
      vertex   -4.795956e+01 4.532732e+00 8.327799e+01
    endloop
  endfacet
  facet normal 9.656127e-16 -1.000000e+00 1.240927e-15
    outer loop
      vertex   -4.795956e+01 4.532732e+00 8.327799e+01
      vertex   -4.699274e+01 4.532732e+00 8.252567e+01
      vertex   -4.677471e+01 4.532732e+00 8.307175e+01
    endloop
  endfacet
  facet normal 8.873468e-16 -1.000000e+00 7.912816e-16
    outer loop
      vertex   -4.795956e+01 4.532732e+00 8.327799e+01
      vertex   -4.677471e+01 4.532732e+00 8.307175e+01
      vertex   -4.755749e+01 4.532732e+00 8.394956e+01
    endloop
  endfacet
  facet normal 0.000000e+00 -1.000000e+00 0.000000e+00
    outer loop
      vertex   -4.755749e+01 4.532732e+00 8.394956e+01
      vertex   -4.677471e+01 4.532732e+00 8.307175e+01
      vertex   -4.637414e+01 4.532732e+00 8.350220e+01
    endloop
  endfacet
  facet normal 0.000000e+00 -1.000000e+00 0.000000e+00
    outer loop
      vertex   -4.755749e+01 4.532732e+00 8.394956e+01
      vertex   -4.637414e+01 4.532732e+00 8.350220e+01
      vertex   -4.698250e+01 4.532732e+00 8.448065e+01
    endloop
  endfacet
  facet normal 9.681095e-16 -1.000000e+00 6.019285e-16
    outer loop
      vertex   -4.698250e+01 4.532732e+00 8.448065e+01
      vertex   -4.637414e+01 4.532732e+00 8.350220e+01
      vertex   -4.628118e+01 4.532732e+00 8.482823e+01
    endloop
  endfacet
  facet normal -3.364259e-16 -1.000000e+00 6.933853e-16
    outer loop
      vertex   -4.628118e+01 4.532732e+00 8.482823e+01
      vertex   -4.637414e+01 4.532732e+00 8.350220e+01
      vertex   -4.584512e+01 4.532732e+00 8.375887e+01
    endloop
  endfacet
  facet normal -1.366282e-16 -1.000000e+00 7.748569e-16
    outer loop
      vertex   -4.628118e+01 4.532732e+00 8.482823e+01
      vertex   -4.584512e+01 4.532732e+00 8.375887e+01
      vertex   -4.551034e+01 4.532732e+00 8.496415e+01
    endloop
  endfacet
  facet normal -6.208036e-17 -1.000000e+00 7.541500e-16
    outer loop
      vertex   -4.551034e+01 4.532732e+00 8.496415e+01
      vertex   -4.584512e+01 4.532732e+00 8.375887e+01
      vertex   -4.525911e+01 4.532732e+00 8.380711e+01
    endloop
  endfacet
  facet normal 1.257820e-15 -1.000000e+00 1.040742e-15
    outer loop
      vertex   -4.551034e+01 4.532732e+00 8.496415e+01
      vertex   -4.525911e+01 4.532732e+00 8.380711e+01
      vertex   -4.473243e+01 4.532732e+00 8.487740e+01
    endloop
  endfacet
  facet normal 1.803462e-15 -1.000000e+00 7.722352e-16
    outer loop
      vertex   -4.473243e+01 4.532732e+00 8.487740e+01
      vertex   -4.525911e+01 4.532732e+00 8.380711e+01
      vertex   -4.469524e+01 4.532732e+00 8.364040e+01
    endloop
  endfacet
  facet normal 3.045888e-16 -1.000000e+00 7.271706e-16
    outer loop
      vertex   -4.473243e+01 4.532732e+00 8.487740e+01
      vertex   -4.469524e+01 4.532732e+00 8.364040e+01
      vertex   -4.401047e+01 4.532732e+00 8.457499e+01
    endloop
  endfacet
  facet normal 4.683755e-16 -1.000000e+00 6.071658e-16
    outer loop
      vertex   -4.401047e+01 4.532732e+00 8.457499e+01
      vertex   -4.469524e+01 4.532732e+00 8.364040e+01
      vertex   -4.422967e+01 4.532732e+00 8.328125e+01
    endloop
  endfacet
  facet normal 4.902583e-16 -1.000000e+00 6.034583e-16
    outer loop
      vertex   -4.401047e+01 4.532732e+00 8.457499e+01
      vertex   -4.422967e+01 4.532732e+00 8.328125e+01
      vertex   -4.340296e+01 4.532732e+00 8.408144e+01
    endloop
  endfacet
  facet normal 6.447311e-16 -1.000000e+00 4.438649e-16
    outer loop
      vertex   -4.340296e+01 4.532732e+00 8.408144e+01
      vertex   -4.422967e+01 4.532732e+00 8.328125e+01
      vertex   -4.295910e+01 4.532732e+00 8.343672e+01
    endloop
  endfacet
  facet normal 4.497220e-16 -1.000000e+00 2.037598e-15
    outer loop
      vertex   -4.295910e+01 4.532732e+00 8.343672e+01
      vertex   -4.422967e+01 4.532732e+00 8.328125e+01
      vertex   -4.392527e+01 4.532732e+00 8.277818e+01
    endloop
  endfacet
  facet normal 8.596240e-17 -1.000000e+00 1.222582e-15
    outer loop
      vertex   -5.106829e+01 4.532732e+00 8.911484e+01
      vertex   -5.203447e+01 4.532732e+00 8.845629e+01
      vertex   -5.082406e+01 4.532732e+00 8.837119e+01
    endloop
  endfacet
  facet normal -0.000000e+00 -1.000000e+00 0.000000e+00
    outer loop
      vertex   -5.082406e+01 4.532732e+00 8.837119e+01
      vertex   -5.203447e+01 4.532732e+00 8.845629e+01
      vertex   -5.193236e+01 4.532732e+00 8.787723e+01
    endloop
  endfacet
  facet normal 0.000000e+00 -1.000000e+00 -0.000000e+00
    outer loop
      vertex   -5.082406e+01 4.532732e+00 8.837119e+01
      vertex   -5.193236e+01 4.532732e+00 8.787723e+01
      vertex   -5.079922e+01 4.532732e+00 8.758885e+01
    endloop
  endfacet
  facet normal 3.730894e-16 -1.000000e+00 1.465998e-15
    outer loop
      vertex   -5.079922e+01 4.532732e+00 8.758885e+01
      vertex   -5.193236e+01 4.532732e+00 8.787723e+01
      vertex   -5.204633e+01 4.532732e+00 8.730038e+01
    endloop
  endfacet
  facet normal 7.576598e-16 -1.000000e+00 -1.965855e-16
    outer loop
      vertex   -5.079922e+01 4.532732e+00 8.758885e+01
      vertex   -5.204633e+01 4.532732e+00 8.730038e+01
      vertex   -5.099580e+01 4.532732e+00 8.683121e+01
    endloop
  endfacet
  facet normal 1.599174e-15 -1.000000e+00 1.687648e-15
    outer loop
      vertex   -5.099580e+01 4.532732e+00 8.683121e+01
      vertex   -5.204633e+01 4.532732e+00 8.730038e+01
      vertex   -5.139787e+01 4.532732e+00 8.615963e+01
    endloop
  endfacet
  facet normal -6.477920e-16 -1.000000e+00 4.103553e-16
    outer loop
      vertex   -5.139787e+01 4.532732e+00 8.615963e+01
      vertex   -5.204633e+01 4.532732e+00 8.730038e+01
      vertex   -5.236099e+01 4.532732e+00 8.680366e+01
    endloop
  endfacet
  facet normal -5.349269e-16 -1.000000e+00 5.791413e-16
    outer loop
      vertex   -5.139787e+01 4.532732e+00 8.615963e+01
      vertex   -5.236099e+01 4.532732e+00 8.680366e+01
      vertex   -5.197286e+01 4.532732e+00 8.562854e+01
    endloop
  endfacet
  facet normal 1.060723e-15 -1.000000e+00 1.106169e-15
    outer loop
      vertex   -5.197286e+01 4.532732e+00 8.562854e+01
      vertex   -5.236099e+01 4.532732e+00 8.680366e+01
      vertex   -5.283384e+01 4.532732e+00 8.645415e+01
    endloop
  endfacet
  facet normal -0.000000e+00 -1.000000e+00 0.000000e+00
    outer loop
      vertex   -5.197286e+01 4.532732e+00 8.562854e+01
      vertex   -5.283384e+01 4.532732e+00 8.645415e+01
      vertex   -5.267418e+01 4.532732e+00 8.528096e+01
    endloop
  endfacet
  facet normal 0.000000e+00 -1.000000e+00 0.000000e+00
    outer loop
      vertex   -5.267418e+01 4.532732e+00 8.528096e+01
      vertex   -5.283384e+01 4.532732e+00 8.645415e+01
      vertex   -5.340101e+01 4.532732e+00 8.629905e+01
    endloop
  endfacet
  facet normal -0.000000e+00 -1.000000e+00 0.000000e+00
    outer loop
      vertex   -5.267418e+01 4.532732e+00 8.528096e+01
      vertex   -5.340101e+01 4.532732e+00 8.629905e+01
      vertex   -5.344502e+01 4.532732e+00 8.514504e+01
    endloop
  endfacet
  facet normal 0.000000e+00 -1.000000e+00 0.000000e+00
    outer loop
      vertex   -5.344502e+01 4.532732e+00 8.514504e+01
      vertex   -5.340101e+01 4.532732e+00 8.629905e+01
      vertex   -5.398591e+01 4.532732e+00 8.635931e+01
    endloop
  endfacet
  facet normal 1.201437e-15 -1.000000e+00 5.351719e-16
    outer loop
      vertex   -5.344502e+01 4.532732e+00 8.514504e+01
      vertex   -5.398591e+01 4.532732e+00 8.635931e+01
      vertex   -5.422293e+01 4.532732e+00 8.523180e+01
    endloop
  endfacet
  facet normal 3.032537e-16 -1.000000e+00 7.239831e-16
    outer loop
      vertex   -5.422293e+01 4.532732e+00 8.523180e+01
      vertex   -5.398591e+01 4.532732e+00 8.635931e+01
      vertex   -5.494489e+01 4.532732e+00 8.553420e+01
    endloop
  endfacet
  facet normal 3.450251e-16 -1.000000e+00 6.754346e-16
    outer loop
      vertex   -5.494489e+01 4.532732e+00 8.553420e+01
      vertex   -5.398591e+01 4.532732e+00 8.635931e+01
      vertex   -5.450955e+01 4.532732e+00 8.662679e+01
    endloop
  endfacet
  facet normal 4.989174e-16 -1.000000e+00 6.141168e-16
    outer loop
      vertex   -5.494489e+01 4.532732e+00 8.553420e+01
      vertex   -5.450955e+01 4.532732e+00 8.662679e+01
      vertex   -5.555240e+01 4.532732e+00 8.602775e+01
    endloop
  endfacet
  facet normal 5.629243e-16 -1.000000e+00 5.026888e-16
    outer loop
      vertex   -5.555240e+01 4.532732e+00 8.602775e+01
      vertex   -5.450955e+01 4.532732e+00 8.662679e+01
      vertex   -5.490120e+01 4.532732e+00 8.706537e+01
    endloop
  endfacet
  facet normal 6.504166e-16 -1.000000e+00 4.477791e-16
    outer loop
      vertex   -5.555240e+01 4.532732e+00 8.602775e+01
      vertex   -5.490120e+01 4.532732e+00 8.706537e+01
      vertex   -5.599626e+01 4.532732e+00 8.667247e+01
    endloop
  endfacet
  facet normal 7.147455e-16 -1.000000e+00 2.684877e-16
    outer loop
      vertex   -5.599626e+01 4.532732e+00 8.667247e+01
      vertex   -5.490120e+01 4.532732e+00 8.706537e+01
      vertex   -5.510797e+01 4.532732e+00 8.761582e+01
    endloop
  endfacet
  facet normal -1.990677e-16 -1.000000e+00 1.128969e-15
    outer loop
      vertex   -5.599626e+01 4.532732e+00 8.667247e+01
      vertex   -5.510797e+01 4.532732e+00 8.761582e+01
      vertex   -5.624050e+01 4.532732e+00 8.741612e+01
    endloop
  endfacet
  facet normal 0.000000e+00 -1.000000e+00 0.000000e+00
    outer loop
      vertex   -5.624050e+01 4.532732e+00 8.741612e+01
      vertex   -5.510797e+01 4.532732e+00 8.761582e+01
      vertex   -5.626533e+01 4.532732e+00 8.819846e+01
    endloop
  endfacet
  facet normal 0.000000e+00 -1.000000e+00 0.000000e+00
    outer loop
      vertex   -5.626533e+01 4.532732e+00 8.819846e+01
      vertex   -5.510797e+01 4.532732e+00 8.761582e+01
      vertex   -5.510193e+01 4.532732e+00 8.820378e+01
    endloop
  endfacet
  facet normal 0.000000e+00 -1.000000e+00 0.000000e+00
    outer loop
      vertex   -5.626533e+01 4.532732e+00 8.819846e+01
      vertex   -5.510193e+01 4.532732e+00 8.820378e+01
      vertex   -5.606875e+01 4.532732e+00 8.895610e+01
    endloop
  endfacet
  facet normal 9.656127e-16 -1.000000e+00 1.240927e-15
    outer loop
      vertex   -5.606875e+01 4.532732e+00 8.895610e+01
      vertex   -5.510193e+01 4.532732e+00 8.820378e+01
      vertex   -5.488391e+01 4.532732e+00 8.874987e+01
    endloop
  endfacet
  facet normal 1.095824e-15 -1.000000e+00 1.989004e-15
    outer loop
      vertex   -5.606875e+01 4.532732e+00 8.895610e+01
      vertex   -5.488391e+01 4.532732e+00 8.874987e+01
      vertex   -5.566668e+01 4.532732e+00 8.962767e+01
    endloop
  endfacet
  facet normal -5.552298e-16 -1.000000e+00 5.166954e-16
    outer loop
      vertex   -5.566668e+01 4.532732e+00 8.962767e+01
      vertex   -5.488391e+01 4.532732e+00 8.874987e+01
      vertex   -5.448333e+01 4.532732e+00 8.918031e+01
    endloop
  endfacet
  facet normal -5.325820e-16 -1.000000e+00 5.766027e-16
    outer loop
      vertex   -5.566668e+01 4.532732e+00 8.962767e+01
      vertex   -5.448333e+01 4.532732e+00 8.918031e+01
      vertex   -5.509169e+01 4.532732e+00 9.015877e+01
    endloop
  endfacet
  facet normal -3.439112e-16 -1.000000e+00 6.939100e-16
    outer loop
      vertex   -5.509169e+01 4.532732e+00 9.015877e+01
      vertex   -5.448333e+01 4.532732e+00 8.918031e+01
      vertex   -5.439037e+01 4.532732e+00 9.050635e+01
    endloop
  endfacet
  facet normal 1.401614e-15 -1.000000e+00 5.715369e-16
    outer loop
      vertex   -5.439037e+01 4.532732e+00 9.050635e+01
      vertex   -5.448333e+01 4.532732e+00 8.918031e+01
      vertex   -5.395432e+01 4.532732e+00 8.943699e+01
    endloop
  endfacet
  facet normal 0.000000e+00 -1.000000e+00 0.000000e+00
    outer loop
      vertex   -5.439037e+01 4.532732e+00 9.050635e+01
      vertex   -5.395432e+01 4.532732e+00 8.943699e+01
      vertex   -5.361953e+01 4.532732e+00 9.064227e+01
    endloop
  endfacet
  facet normal 0.000000e+00 -1.000000e+00 -0.000000e+00
    outer loop
      vertex   -5.361953e+01 4.532732e+00 9.064227e+01
      vertex   -5.395432e+01 4.532732e+00 8.943699e+01
      vertex   -5.336830e+01 4.532732e+00 8.948523e+01
    endloop
  endfacet
  facet normal 1.170086e-15 -1.000000e+00 2.540622e-16
    outer loop
      vertex   -5.361953e+01 4.532732e+00 9.064227e+01
      vertex   -5.336830e+01 4.532732e+00 8.948523e+01
      vertex   -5.284162e+01 4.532732e+00 9.055551e+01
    endloop
  endfacet
  facet normal 2.141882e-16 -1.000000e+00 7.244527e-16
    outer loop
      vertex   -5.284162e+01 4.532732e+00 9.055551e+01
      vertex   -5.336830e+01 4.532732e+00 8.948523e+01
      vertex   -5.280443e+01 4.532732e+00 8.931852e+01
    endloop
  endfacet
  facet normal 3.045888e-16 -1.000000e+00 7.271706e-16
    outer loop
      vertex   -5.284162e+01 4.532732e+00 9.055551e+01
      vertex   -5.280443e+01 4.532732e+00 8.931852e+01
      vertex   -5.211966e+01 4.532732e+00 9.025311e+01
    endloop
  endfacet
  facet normal 4.683755e-16 -1.000000e+00 6.071658e-16
    outer loop
      vertex   -5.211966e+01 4.532732e+00 9.025311e+01
      vertex   -5.280443e+01 4.532732e+00 8.931852e+01
      vertex   -5.233886e+01 4.532732e+00 8.895937e+01
    endloop
  endfacet
  facet normal 4.902583e-16 -1.000000e+00 6.034583e-16
    outer loop
      vertex   -5.211966e+01 4.532732e+00 9.025311e+01
      vertex   -5.233886e+01 4.532732e+00 8.895937e+01
      vertex   -5.151215e+01 4.532732e+00 8.975956e+01
    endloop
  endfacet
  facet normal 6.447311e-16 -1.000000e+00 4.438649e-16
    outer loop
      vertex   -5.151215e+01 4.532732e+00 8.975956e+01
      vertex   -5.233886e+01 4.532732e+00 8.895937e+01
      vertex   -5.106829e+01 4.532732e+00 8.911484e+01
    endloop
  endfacet
  facet normal 6.508561e-16 -1.000000e+00 3.938072e-16
    outer loop
      vertex   -5.106829e+01 4.532732e+00 8.911484e+01
      vertex   -5.233886e+01 4.532732e+00 8.895937e+01
      vertex   -5.203447e+01 4.532732e+00 8.845629e+01
    endloop
  endfacet
  facet normal 7.511284e-16 -1.000000e+00 2.466944e-16
    outer loop
      vertex   -4.863722e+01 4.532732e+00 7.532753e+01
      vertex   -4.960339e+01 4.532732e+00 7.466898e+01
      vertex   -4.839298e+01 4.532732e+00 7.458388e+01
    endloop
  endfacet
  facet normal 7.429944e-16 -1.000000e+00 1.310100e-16
    outer loop
      vertex   -4.839298e+01 4.532732e+00 7.458388e+01
      vertex   -4.960339e+01 4.532732e+00 7.466898e+01
      vertex   -4.950129e+01 4.532732e+00 7.408992e+01
    endloop
  endfacet
  facet normal 2.912785e-16 -1.000000e+00 1.144534e-15
    outer loop
      vertex   -4.839298e+01 4.532732e+00 7.458388e+01
      vertex   -4.950129e+01 4.532732e+00 7.408992e+01
      vertex   -4.836815e+01 4.532732e+00 7.380154e+01
    endloop
  endfacet
  facet normal -0.000000e+00 -1.000000e+00 0.000000e+00
    outer loop
      vertex   -4.836815e+01 4.532732e+00 7.380154e+01
      vertex   -4.950129e+01 4.532732e+00 7.408992e+01
      vertex   -4.961526e+01 4.532732e+00 7.351307e+01
    endloop
  endfacet
  facet normal 0.000000e+00 -1.000000e+00 0.000000e+00
    outer loop
      vertex   -4.836815e+01 4.532732e+00 7.380154e+01
      vertex   -4.961526e+01 4.532732e+00 7.351307e+01
      vertex   -4.856473e+01 4.532732e+00 7.304390e+01
    endloop
  endfacet
  facet normal 4.660433e-16 -1.000000e+00 1.043517e-15
    outer loop
      vertex   -4.856473e+01 4.532732e+00 7.304390e+01
      vertex   -4.961526e+01 4.532732e+00 7.351307e+01
      vertex   -4.896680e+01 4.532732e+00 7.237233e+01
    endloop
  endfacet
  facet normal -6.477920e-16 -1.000000e+00 4.103553e-16
    outer loop
      vertex   -4.896680e+01 4.532732e+00 7.237233e+01
      vertex   -4.961526e+01 4.532732e+00 7.351307e+01
      vertex   -4.992992e+01 4.532732e+00 7.301635e+01
    endloop
  endfacet
  facet normal -5.349269e-16 -1.000000e+00 5.791413e-16
    outer loop
      vertex   -4.896680e+01 4.532732e+00 7.237233e+01
      vertex   -4.992992e+01 4.532732e+00 7.301635e+01
      vertex   -4.954179e+01 4.532732e+00 7.184124e+01
    endloop
  endfacet
  facet normal 1.060723e-15 -1.000000e+00 1.106169e-15
    outer loop
      vertex   -4.954179e+01 4.532732e+00 7.184124e+01
      vertex   -4.992992e+01 4.532732e+00 7.301635e+01
      vertex   -5.040276e+01 4.532732e+00 7.266684e+01
    endloop
  endfacet
  facet normal 8.349114e-16 -1.000000e+00 8.706824e-16
    outer loop
      vertex   -4.954179e+01 4.532732e+00 7.184124e+01
      vertex   -5.040276e+01 4.532732e+00 7.266684e+01
      vertex   -5.024311e+01 4.532732e+00 7.149365e+01
    endloop
  endfacet
  facet normal -1.995980e-16 -1.000000e+00 7.299019e-16
    outer loop
      vertex   -5.024311e+01 4.532732e+00 7.149365e+01
      vertex   -5.040276e+01 4.532732e+00 7.266684e+01
      vertex   -5.096994e+01 4.532732e+00 7.251174e+01
    endloop
  endfacet
  facet normal -1.366282e-16 -1.000000e+00 7.748569e-16
    outer loop
      vertex   -5.024311e+01 4.532732e+00 7.149365e+01
      vertex   -5.096994e+01 4.532732e+00 7.251174e+01
      vertex   -5.101395e+01 4.532732e+00 7.135773e+01
    endloop
  endfacet
  facet normal 1.591549e-15 -1.000000e+00 7.089448e-16
    outer loop
      vertex   -5.101395e+01 4.532732e+00 7.135773e+01
      vertex   -5.096994e+01 4.532732e+00 7.251174e+01
      vertex   -5.155484e+01 4.532732e+00 7.257200e+01
    endloop
  endfacet
  facet normal 0.000000e+00 -1.000000e+00 0.000000e+00
    outer loop
      vertex   -5.101395e+01 4.532732e+00 7.135773e+01
      vertex   -5.155484e+01 4.532732e+00 7.257200e+01
      vertex   -5.179186e+01 4.532732e+00 7.144449e+01
    endloop
  endfacet
  facet normal 0.000000e+00 -1.000000e+00 0.000000e+00
    outer loop
      vertex   -5.179186e+01 4.532732e+00 7.144449e+01
      vertex   -5.155484e+01 4.532732e+00 7.257200e+01
      vertex   -5.251382e+01 4.532732e+00 7.174689e+01
    endloop
  endfacet
  facet normal 0.000000e+00 -1.000000e+00 0.000000e+00
    outer loop
      vertex   -5.251382e+01 4.532732e+00 7.174689e+01
      vertex   -5.155484e+01 4.532732e+00 7.257200e+01
      vertex   -5.207848e+01 4.532732e+00 7.283948e+01
    endloop
  endfacet
  facet normal 0.000000e+00 -1.000000e+00 0.000000e+00
    outer loop
      vertex   -5.251382e+01 4.532732e+00 7.174689e+01
      vertex   -5.207848e+01 4.532732e+00 7.283948e+01
      vertex   -5.312133e+01 4.532732e+00 7.224044e+01
    endloop
  endfacet
  facet normal -7.688767e-16 -1.000000e+00 1.338519e-15
    outer loop
      vertex   -5.312133e+01 4.532732e+00 7.224044e+01
      vertex   -5.207848e+01 4.532732e+00 7.283948e+01
      vertex   -5.247013e+01 4.532732e+00 7.327806e+01
    endloop
  endfacet
  facet normal 6.504166e-16 -1.000000e+00 4.477791e-16
    outer loop
      vertex   -5.312133e+01 4.532732e+00 7.224044e+01
      vertex   -5.247013e+01 4.532732e+00 7.327806e+01
      vertex   -5.356519e+01 4.532732e+00 7.288516e+01
    endloop
  endfacet
  facet normal 1.224924e-15 -1.000000e+00 -1.153435e-15
    outer loop
      vertex   -5.356519e+01 4.532732e+00 7.288516e+01
      vertex   -5.247013e+01 4.532732e+00 7.327806e+01
      vertex   -5.267689e+01 4.532732e+00 7.382851e+01
    endloop
  endfacet
  facet normal 0.000000e+00 -1.000000e+00 0.000000e+00
    outer loop
      vertex   -5.356519e+01 4.532732e+00 7.288516e+01
      vertex   -5.267689e+01 4.532732e+00 7.382851e+01
      vertex   -5.380942e+01 4.532732e+00 7.362881e+01
    endloop
  endfacet
  facet normal -1.990677e-16 -1.000000e+00 1.128969e-15
    outer loop
      vertex   -5.380942e+01 4.532732e+00 7.362881e+01
      vertex   -5.267689e+01 4.532732e+00 7.382851e+01
      vertex   -5.383426e+01 4.532732e+00 7.441115e+01
    endloop
  endfacet
  facet normal -6.914888e-18 -1.000000e+00 1.510662e-15
    outer loop
      vertex   -5.383426e+01 4.532732e+00 7.441115e+01
      vertex   -5.267689e+01 4.532732e+00 7.382851e+01
      vertex   -5.267086e+01 4.532732e+00 7.441648e+01
    endloop
  endfacet
  facet normal 0.000000e+00 -1.000000e+00 0.000000e+00
    outer loop
      vertex   -5.383426e+01 4.532732e+00 7.441115e+01
      vertex   -5.267086e+01 4.532732e+00 7.441648e+01
      vertex   -5.363768e+01 4.532732e+00 7.516879e+01
    endloop
  endfacet
  facet normal 9.656127e-16 -1.000000e+00 1.240927e-15
    outer loop
      vertex   -5.363768e+01 4.532732e+00 7.516879e+01
      vertex   -5.267086e+01 4.532732e+00 7.441648e+01
      vertex   -5.245283e+01 4.532732e+00 7.496256e+01
    endloop
  endfacet
  facet normal 8.873468e-16 -1.000000e+00 7.912816e-16
    outer loop
      vertex   -5.363768e+01 4.532732e+00 7.516879e+01
      vertex   -5.245283e+01 4.532732e+00 7.496256e+01
      vertex   -5.323560e+01 4.532732e+00 7.584037e+01
    endloop
  endfacet
  facet normal 0.000000e+00 -1.000000e+00 0.000000e+00
    outer loop
      vertex   -5.323560e+01 4.532732e+00 7.584037e+01
      vertex   -5.245283e+01 4.532732e+00 7.496256e+01
      vertex   -5.205226e+01 4.532732e+00 7.539301e+01
    endloop
  endfacet
  facet normal 0.000000e+00 -1.000000e+00 0.000000e+00
    outer loop
      vertex   -5.323560e+01 4.532732e+00 7.584037e+01
      vertex   -5.205226e+01 4.532732e+00 7.539301e+01
      vertex   -5.266062e+01 4.532732e+00 7.637146e+01
    endloop
  endfacet
  facet normal 9.681095e-16 -1.000000e+00 6.019285e-16
    outer loop
      vertex   -5.266062e+01 4.532732e+00 7.637146e+01
      vertex   -5.205226e+01 4.532732e+00 7.539301e+01
      vertex   -5.195929e+01 4.532732e+00 7.671904e+01
    endloop
  endfacet
  facet normal -3.364259e-16 -1.000000e+00 6.933853e-16
    outer loop
      vertex   -5.195929e+01 4.532732e+00 7.671904e+01
      vertex   -5.205226e+01 4.532732e+00 7.539301e+01
      vertex   -5.152324e+01 4.532732e+00 7.564968e+01
    endloop
  endfacet
  facet normal -1.366282e-16 -1.000000e+00 7.748569e-16
    outer loop
      vertex   -5.195929e+01 4.532732e+00 7.671904e+01
      vertex   -5.152324e+01 4.532732e+00 7.564968e+01
      vertex   -5.118845e+01 4.532732e+00 7.685496e+01
    endloop
  endfacet
  facet normal -6.208036e-17 -1.000000e+00 7.541500e-16
    outer loop
      vertex   -5.118845e+01 4.532732e+00 7.685496e+01
      vertex   -5.152324e+01 4.532732e+00 7.564968e+01
      vertex   -5.093722e+01 4.532732e+00 7.569792e+01
    endloop
  endfacet
  facet normal 8.773472e-17 -1.000000e+00 7.866795e-16
    outer loop
      vertex   -5.118845e+01 4.532732e+00 7.685496e+01
      vertex   -5.093722e+01 4.532732e+00 7.569792e+01
      vertex   -5.041055e+01 4.532732e+00 7.676820e+01
    endloop
  endfacet
  facet normal 1.589274e-15 -1.000000e+00 4.778258e-17
    outer loop
      vertex   -5.041055e+01 4.532732e+00 7.676820e+01
      vertex   -5.093722e+01 4.532732e+00 7.569792e+01
      vertex   -5.037335e+01 4.532732e+00 7.553121e+01
    endloop
  endfacet
  facet normal 0.000000e+00 -1.000000e+00 0.000000e+00
    outer loop
      vertex   -5.041055e+01 4.532732e+00 7.676820e+01
      vertex   -5.037335e+01 4.532732e+00 7.553121e+01
      vertex   -4.968859e+01 4.532732e+00 7.646580e+01
    endloop
  endfacet
  facet normal 0.000000e+00 -1.000000e+00 0.000000e+00
    outer loop
      vertex   -4.968859e+01 4.532732e+00 7.646580e+01
      vertex   -5.037335e+01 4.532732e+00 7.553121e+01
      vertex   -4.990778e+01 4.532732e+00 7.517206e+01
    endloop
  endfacet
  facet normal 0.000000e+00 -1.000000e+00 -0.000000e+00
    outer loop
      vertex   -4.968859e+01 4.532732e+00 7.646580e+01
      vertex   -4.990778e+01 4.532732e+00 7.517206e+01
      vertex   -4.908108e+01 4.532732e+00 7.597225e+01
    endloop
  endfacet
  facet normal 0.000000e+00 -1.000000e+00 -0.000000e+00
    outer loop
      vertex   -4.908108e+01 4.532732e+00 7.597225e+01
      vertex   -4.990778e+01 4.532732e+00 7.517206e+01
      vertex   -4.863722e+01 4.532732e+00 7.532753e+01
    endloop
  endfacet
  facet normal -2.011341e-16 -1.000000e+00 1.643791e-15
    outer loop
      vertex   -4.863722e+01 4.532732e+00 7.532753e+01
      vertex   -4.990778e+01 4.532732e+00 7.517206e+01
      vertex   -4.960339e+01 4.532732e+00 7.466898e+01
    endloop
  endfacet
  facet normal -5.098488e-16 1.000000e+00 -1.618460e-17
    outer loop
      vertex   -4.958368e+01 4.532732e+00 8.069520e+01
      vertex   -5.478072e+01 4.532732e+00 7.977882e+01
      vertex   -4.960852e+01 4.532732e+00 8.147753e+01
    endloop
  endfacet
  facet normal -1.109360e-16 1.000000e+00 -1.230784e-15
    outer loop
      vertex   -4.960852e+01 4.532732e+00 8.147753e+01
      vertex   -5.478072e+01 4.532732e+00 7.977882e+01
      vertex   -5.502496e+01 4.532732e+00 8.052247e+01
    endloop
  endfacet
  facet normal -1.109360e-16 1.000000e+00 -1.230784e-15
    outer loop
      vertex   -4.960852e+01 4.532732e+00 8.147753e+01
      vertex   -5.502496e+01 4.532732e+00 8.052247e+01
      vertex   -4.985276e+01 4.532732e+00 8.222118e+01
    endloop
  endfacet
  facet normal -1.408316e-16 1.000000e+00 -1.139759e-15
    outer loop
      vertex   -4.985276e+01 4.532732e+00 8.222118e+01
      vertex   -5.502496e+01 4.532732e+00 8.052247e+01
      vertex   -5.504980e+01 4.532732e+00 8.130481e+01
    endloop
  endfacet
  facet normal -3.048012e-16 1.000000e+00 -2.098403e-16
    outer loop
      vertex   -4.985276e+01 4.532732e+00 8.222118e+01
      vertex   -5.504980e+01 4.532732e+00 8.130481e+01
      vertex   -5.029661e+01 4.532732e+00 8.286590e+01
    endloop
  endfacet
  facet normal -4.085331e-16 1.000000e+00 1.059997e-16
    outer loop
      vertex   -5.029661e+01 4.532732e+00 8.286590e+01
      vertex   -5.504980e+01 4.532732e+00 8.130481e+01
      vertex   -5.485321e+01 4.532732e+00 8.206245e+01
    endloop
  endfacet
  facet normal -3.203200e-16 1.000000e+00 -3.942815e-16
    outer loop
      vertex   -5.029661e+01 4.532732e+00 8.286590e+01
      vertex   -5.485321e+01 4.532732e+00 8.206245e+01
      vertex   -5.090413e+01 4.532732e+00 8.335945e+01
    endloop
  endfacet
  facet normal -1.923267e-17 1.000000e+00 -1.311024e-15
    outer loop
      vertex   -5.090413e+01 4.532732e+00 8.335945e+01
      vertex   -5.485321e+01 4.532732e+00 8.206245e+01
      vertex   -5.445114e+01 4.532732e+00 8.273402e+01
    endloop
  endfacet
  facet normal -1.762200e-16 1.000000e+00 -4.207049e-16
    outer loop
      vertex   -5.090413e+01 4.532732e+00 8.335945e+01
      vertex   -5.445114e+01 4.532732e+00 8.273402e+01
      vertex   -5.162608e+01 4.532732e+00 8.366186e+01
    endloop
  endfacet
  facet normal -4.878681e-16 1.000000e+00 5.281929e-16
    outer loop
      vertex   -5.162608e+01 4.532732e+00 8.366186e+01
      vertex   -5.445114e+01 4.532732e+00 8.273402e+01
      vertex   -5.387615e+01 4.532732e+00 8.326511e+01
    endloop
  endfacet
  facet normal -8.523271e-16 1.000000e+00 2.595143e-15
    outer loop
      vertex   -5.162608e+01 4.532732e+00 8.366186e+01
      vertex   -5.387615e+01 4.532732e+00 8.326511e+01
      vertex   -5.240399e+01 4.532732e+00 8.374862e+01
    endloop
  endfacet
  facet normal 0.000000e+00 1.000000e+00 0.000000e+00
    outer loop
      vertex   -5.240399e+01 4.532732e+00 8.374862e+01
      vertex   -5.387615e+01 4.532732e+00 8.326511e+01
      vertex   -5.317483e+01 4.532732e+00 8.361270e+01
    endloop
  endfacet
  facet normal -4.572018e-16 1.000000e+00 -3.147605e-16
    outer loop
      vertex   -5.478072e+01 4.532732e+00 7.977882e+01
      vertex   -4.958368e+01 4.532732e+00 8.069520e+01
      vertex   -5.433687e+01 4.532732e+00 7.913410e+01
    endloop
  endfacet
  facet normal -6.127996e-16 1.000000e+00 1.589995e-16
    outer loop
      vertex   -5.433687e+01 4.532732e+00 7.913410e+01
      vertex   -4.958368e+01 4.532732e+00 8.069520e+01
      vertex   -4.978027e+01 4.532732e+00 7.993755e+01
    endloop
  endfacet
  facet normal -4.804800e-16 1.000000e+00 -5.914222e-16
    outer loop
      vertex   -5.433687e+01 4.532732e+00 7.913410e+01
      vertex   -4.978027e+01 4.532732e+00 7.993755e+01
      vertex   -5.372935e+01 4.532732e+00 7.864055e+01
    endloop
  endfacet
  facet normal -2.991885e-16 1.000000e+00 -1.143414e-15
    outer loop
      vertex   -5.372935e+01 4.532732e+00 7.864055e+01
      vertex   -4.978027e+01 4.532732e+00 7.993755e+01
      vertex   -5.018234e+01 4.532732e+00 7.926598e+01
    endloop
  endfacet
  facet normal -3.524400e-16 1.000000e+00 -8.414097e-16
    outer loop
      vertex   -5.372935e+01 4.532732e+00 7.864055e+01
      vertex   -5.018234e+01 4.532732e+00 7.926598e+01
      vertex   -5.300740e+01 4.532732e+00 7.833814e+01
    endloop
  endfacet
  facet normal -9.757361e-16 1.000000e+00 1.056386e-15
    outer loop
      vertex   -5.300740e+01 4.532732e+00 7.833814e+01
      vertex   -5.018234e+01 4.532732e+00 7.926598e+01
      vertex   -5.075732e+01 4.532732e+00 7.873489e+01
    endloop
  endfacet
  facet normal -1.005262e-15 1.000000e+00 1.223838e-15
    outer loop
      vertex   -5.300740e+01 4.532732e+00 7.833814e+01
      vertex   -5.075732e+01 4.532732e+00 7.873489e+01
      vertex   -5.222949e+01 4.532732e+00 7.825138e+01
    endloop
  endfacet
  facet normal 6.993918e-16 1.000000e+00 -3.966448e-15
    outer loop
      vertex   -5.222949e+01 4.532732e+00 7.825138e+01
      vertex   -5.075732e+01 4.532732e+00 7.873489e+01
      vertex   -5.145865e+01 4.532732e+00 7.838730e+01
    endloop
  endfacet
  facet normal 4.093102e-16 1.000000e+00 -1.750718e-15
    outer loop
      vertex   -6.231363e+01 7.532732e+00 8.075069e+01
      vertex   -6.078005e+01 7.532732e+00 8.009459e+01
      vertex   -6.216482e+01 7.532732e+00 7.926352e+01
    endloop
  endfacet
  facet normal 2.668410e-16 1.000000e+00 -1.513331e-15
    outer loop
      vertex   -6.216482e+01 7.532732e+00 7.926352e+01
      vertex   -6.078005e+01 7.532732e+00 8.009459e+01
      vertex   -6.078609e+01 7.532732e+00 7.950663e+01
    endloop
  endfacet
  facet normal -2.668410e-16 1.000000e+00 1.513331e-15
    outer loop
      vertex   -6.216482e+01 7.532732e+00 7.926352e+01
      vertex   -6.078609e+01 7.532732e+00 7.950663e+01
      vertex   -6.057932e+01 7.532732e+00 7.895618e+01
    endloop
  endfacet
  facet normal -1.993146e-16 1.000000e+00 -3.173331e-15
    outer loop
      vertex   -6.078005e+01 7.532732e+00 8.009459e+01
      vertex   -6.231363e+01 7.532732e+00 8.075069e+01
      vertex   -6.056202e+01 7.532732e+00 8.064068e+01
    endloop
  endfacet
  facet normal 0.000000e+00 1.000000e+00 0.000000e+00
    outer loop
      vertex   -6.056202e+01 7.532732e+00 8.064068e+01
      vertex   -6.231363e+01 7.532732e+00 8.075069e+01
      vertex   -6.223913e+01 7.532732e+00 8.224344e+01
    endloop
  endfacet
  facet normal -1.043705e-15 1.000000e+00 -1.092120e-15
    outer loop
      vertex   -6.056202e+01 7.532732e+00 8.064068e+01
      vertex   -6.223913e+01 7.532732e+00 8.224344e+01
      vertex   -6.016145e+01 7.532732e+00 8.107112e+01
    endloop
  endfacet
  facet normal -6.907799e-16 1.000000e+00 -4.666343e-16
    outer loop
      vertex   -6.016145e+01 7.532732e+00 8.107112e+01
      vertex   -6.223913e+01 7.532732e+00 8.224344e+01
      vertex   -6.194298e+01 7.532732e+00 8.370840e+01
    endloop
  endfacet
  facet normal 0.000000e+00 1.000000e+00 -0.000000e+00
    outer loop
      vertex   -6.016145e+01 7.532732e+00 8.107112e+01
      vertex   -6.194298e+01 7.532732e+00 8.370840e+01
      vertex   -5.963243e+01 7.532732e+00 8.132780e+01
    endloop
  endfacet
  facet normal 0.000000e+00 1.000000e+00 0.000000e+00
    outer loop
      vertex   -5.963243e+01 7.532732e+00 8.132780e+01
      vertex   -6.194298e+01 7.532732e+00 8.370840e+01
      vertex   -6.143180e+01 7.532732e+00 8.511287e+01
    endloop
  endfacet
  facet normal 0.000000e+00 1.000000e+00 -0.000000e+00
    outer loop
      vertex   -5.963243e+01 7.532732e+00 8.132780e+01
      vertex   -6.143180e+01 7.532732e+00 8.511287e+01
      vertex   -5.904642e+01 7.532732e+00 8.137604e+01
    endloop
  endfacet
  facet normal -5.720281e-16 1.000000e+00 -3.651502e-16
    outer loop
      vertex   -5.904642e+01 7.532732e+00 8.137604e+01
      vertex   -6.143180e+01 7.532732e+00 8.511287e+01
      vertex   -6.071700e+01 7.532732e+00 8.642546e+01
    endloop
  endfacet
  facet normal 1.688284e-15 1.000000e+00 3.826653e-16
    outer loop
      vertex   -5.904642e+01 7.532732e+00 8.137604e+01
      vertex   -6.071700e+01 7.532732e+00 8.642546e+01
      vertex   -5.848255e+01 7.532732e+00 8.120933e+01
    endloop
  endfacet
  facet normal -2.683554e-16 1.000000e+00 -4.555066e-16
    outer loop
      vertex   -5.848255e+01 7.532732e+00 8.120933e+01
      vertex   -6.071700e+01 7.532732e+00 8.642546e+01
      vertex   -5.445114e+01 7.532732e+00 8.273402e+01
    endloop
  endfacet
  facet normal -5.696071e-16 1.000000e+00 3.410256e-16
    outer loop
      vertex   -5.848255e+01 7.532732e+00 8.120933e+01
      vertex   -5.445114e+01 7.532732e+00 8.273402e+01
      vertex   -5.485321e+01 7.532732e+00 8.206245e+01
    endloop
  endfacet
  facet normal -2.573690e-16 1.000000e+00 -4.368583e-16
    outer loop
      vertex   -5.445114e+01 7.532732e+00 8.273402e+01
      vertex   -6.071700e+01 7.532732e+00 8.642546e+01
      vertex   -5.490120e+01 7.532732e+00 8.706537e+01
    endloop
  endfacet
  facet normal -1.542384e-16 1.000000e+00 -1.374157e-15
    outer loop
      vertex   -5.490120e+01 7.532732e+00 8.706537e+01
      vertex   -6.071700e+01 7.532732e+00 8.642546e+01
      vertex   -5.981455e+01 7.532732e+00 8.761686e+01
    endloop
  endfacet
  facet normal 0.000000e+00 1.000000e+00 0.000000e+00
    outer loop
      vertex   -5.490120e+01 7.532732e+00 8.706537e+01
      vertex   -5.981455e+01 7.532732e+00 8.761686e+01
      vertex   -5.874462e+01 7.532732e+00 8.866044e+01
    endloop
  endfacet
  facet normal -7.933301e-16 1.000000e+00 -1.911574e-15
    outer loop
      vertex   -5.490120e+01 7.532732e+00 8.706537e+01
      vertex   -5.874462e+01 7.532732e+00 8.866044e+01
      vertex   -5.510797e+01 7.532732e+00 8.761582e+01
    endloop
  endfacet
  facet normal -5.923928e-16 1.000000e+00 -1.212054e-15
    outer loop
      vertex   -5.510797e+01 7.532732e+00 8.761582e+01
      vertex   -5.874462e+01 7.532732e+00 8.866044e+01
      vertex   -5.753109e+01 7.532732e+00 8.953291e+01
    endloop
  endfacet
  facet normal 1.549088e-15 1.000000e+00 1.494687e-15
    outer loop
      vertex   -5.510797e+01 7.532732e+00 8.761582e+01
      vertex   -5.753109e+01 7.532732e+00 8.953291e+01
      vertex   -5.510193e+01 7.532732e+00 8.820378e+01
    endloop
  endfacet
  facet normal 3.537353e-16 1.000000e+00 -6.899863e-16
    outer loop
      vertex   -5.510193e+01 7.532732e+00 8.820378e+01
      vertex   -5.753109e+01 7.532732e+00 8.953291e+01
      vertex   -5.620109e+01 7.532732e+00 9.021476e+01
    endloop
  endfacet
  facet normal -7.856809e-16 1.000000e+00 -1.312766e-15
    outer loop
      vertex   -5.510193e+01 7.532732e+00 8.820378e+01
      vertex   -5.620109e+01 7.532732e+00 9.021476e+01
      vertex   -5.488391e+01 7.532732e+00 8.874987e+01
    endloop
  endfacet
  facet normal -7.963223e-16 1.000000e+00 -1.322334e-15
    outer loop
      vertex   -5.488391e+01 7.532732e+00 8.874987e+01
      vertex   -5.620109e+01 7.532732e+00 9.021476e+01
      vertex   -5.448333e+01 7.532732e+00 8.918031e+01
    endloop
  endfacet
  facet normal -4.023979e-16 1.000000e+00 -6.682023e-16
    outer loop
      vertex   -5.448333e+01 7.532732e+00 8.918031e+01
      vertex   -5.620109e+01 7.532732e+00 9.021476e+01
      vertex   -5.478431e+01 7.532732e+00 9.069077e+01
    endloop
  endfacet
  facet normal 2.601510e-16 1.000000e+00 -5.361800e-16
    outer loop
      vertex   -5.448333e+01 7.532732e+00 8.918031e+01
      vertex   -5.478431e+01 7.532732e+00 9.069077e+01
      vertex   -5.395432e+01 7.532732e+00 8.943699e+01
    endloop
  endfacet
  facet normal 1.118534e-16 1.000000e+00 -6.343522e-16
    outer loop
      vertex   -5.395432e+01 7.532732e+00 8.943699e+01
      vertex   -5.478431e+01 7.532732e+00 9.069077e+01
      vertex   -5.331242e+01 7.532732e+00 9.095031e+01
    endloop
  endfacet
  facet normal 5.006124e-17 1.000000e+00 -6.081421e-16
    outer loop
      vertex   -5.395432e+01 7.532732e+00 8.943699e+01
      vertex   -5.331242e+01 7.532732e+00 9.095031e+01
      vertex   -5.336830e+01 7.532732e+00 8.948523e+01
    endloop
  endfacet
  facet normal 1.380345e-15 1.000000e+00 -6.588817e-16
    outer loop
      vertex   -5.336830e+01 7.532732e+00 8.948523e+01
      vertex   -5.331242e+01 7.532732e+00 9.095031e+01
      vertex   -5.280443e+01 7.532732e+00 8.931852e+01
    endloop
  endfacet
  facet normal -5.629242e-16 1.000000e+00 -1.263837e-15
    outer loop
      vertex   -5.280443e+01 7.532732e+00 8.931852e+01
      vertex   -5.331242e+01 7.532732e+00 9.095031e+01
      vertex   -5.181828e+01 7.532732e+00 9.098757e+01
    endloop
  endfacet
  facet normal -8.459442e-16 1.000000e+00 -1.096617e-15
    outer loop
      vertex   -5.280443e+01 7.532732e+00 8.931852e+01
      vertex   -5.181828e+01 7.532732e+00 9.098757e+01
      vertex   -5.233886e+01 7.532732e+00 8.895937e+01
    endloop
  endfacet
  facet normal -1.595032e-16 1.000000e+00 -1.272805e-15
    outer loop
      vertex   -5.233886e+01 7.532732e+00 8.895937e+01
      vertex   -5.181828e+01 7.532732e+00 9.098757e+01
      vertex   -5.033528e+01 7.532732e+00 9.080173e+01
    endloop
  endfacet
  facet normal -1.897560e-15 1.000000e+00 6.173506e-16
    outer loop
      vertex   -5.233886e+01 7.532732e+00 8.895937e+01
      vertex   -5.033528e+01 7.532732e+00 9.080173e+01
      vertex   -5.203447e+01 7.532732e+00 8.845629e+01
    endloop
  endfacet
  facet normal -1.770100e-16 1.000000e+00 -6.291310e-16
    outer loop
      vertex   -5.203447e+01 7.532732e+00 8.845629e+01
      vertex   -5.033528e+01 7.532732e+00 9.080173e+01
      vertex   -4.889654e+01 7.532732e+00 9.039693e+01
    endloop
  endfacet
  facet normal -5.104307e-16 1.000000e+00 -9.000270e-17
    outer loop
      vertex   -5.203447e+01 7.532732e+00 8.845629e+01
      vertex   -4.889654e+01 7.532732e+00 9.039693e+01
      vertex   -5.193236e+01 7.532732e+00 8.787723e+01
    endloop
  endfacet
  facet normal -2.060727e-16 1.000000e+00 -4.567041e-16
    outer loop
      vertex   -5.193236e+01 7.532732e+00 8.787723e+01
      vertex   -4.889654e+01 7.532732e+00 9.039693e+01
      vertex   -4.753420e+01 7.532732e+00 8.978222e+01
    endloop
  endfacet
  facet normal 2.876282e-16 1.000000e+00 -1.596542e-15
    outer loop
      vertex   -5.193236e+01 7.532732e+00 8.787723e+01
      vertex   -4.753420e+01 7.532732e+00 8.978222e+01
      vertex   -5.204633e+01 7.532732e+00 8.730038e+01
    endloop
  endfacet
  facet normal -9.696625e-16 1.000000e+00 6.892932e-16
    outer loop
      vertex   -5.204633e+01 7.532732e+00 8.730038e+01
      vertex   -4.753420e+01 7.532732e+00 8.978222e+01
      vertex   -4.627870e+01 7.532732e+00 8.897133e+01
    endloop
  endfacet
  facet normal -7.103232e-16 1.000000e+00 -2.058745e-16
    outer loop
      vertex   -5.204633e+01 7.532732e+00 8.730038e+01
      vertex   -4.627870e+01 7.532732e+00 8.897133e+01
      vertex   -5.090413e+01 7.532732e+00 8.335945e+01
    endloop
  endfacet
  facet normal -1.756941e-16 1.000000e+00 -6.465279e-16
    outer loop
      vertex   -5.090413e+01 7.532732e+00 8.335945e+01
      vertex   -4.627870e+01 7.532732e+00 8.897133e+01
      vertex   -4.637414e+01 7.532732e+00 8.350220e+01
    endloop
  endfacet
  facet normal -1.887458e-16 1.000000e+00 -2.323269e-16
    outer loop
      vertex   -5.090413e+01 7.532732e+00 8.335945e+01
      vertex   -4.637414e+01 7.532732e+00 8.350220e+01
      vertex   -5.029661e+01 7.532732e+00 8.286590e+01
    endloop
  endfacet
  facet normal 1.275389e-16 1.000000e+00 -2.182077e-15
    outer loop
      vertex   -5.029661e+01 7.532732e+00 8.286590e+01
      vertex   -4.637414e+01 7.532732e+00 8.350220e+01
      vertex   -4.677471e+01 7.532732e+00 8.307175e+01
    endloop
  endfacet
  facet normal 7.740523e-17 1.000000e+00 -1.324334e-15
    outer loop
      vertex   -5.029661e+01 7.532732e+00 8.286590e+01
      vertex   -4.677471e+01 7.532732e+00 8.307175e+01
      vertex   -4.985276e+01 7.532732e+00 8.222118e+01
    endloop
  endfacet
  facet normal 1.808433e-16 1.000000e+00 -1.698657e-15
    outer loop
      vertex   -4.985276e+01 7.532732e+00 8.222118e+01
      vertex   -4.677471e+01 7.532732e+00 8.307175e+01
      vertex   -4.699274e+01 7.532732e+00 8.252567e+01
    endloop
  endfacet
  facet normal -0.000000e+00 1.000000e+00 0.000000e+00
    outer loop
      vertex   -4.985276e+01 7.532732e+00 8.222118e+01
      vertex   -4.699274e+01 7.532732e+00 8.252567e+01
      vertex   -4.960852e+01 7.532732e+00 8.147753e+01
    endloop
  endfacet
  facet normal -6.077903e-16 1.000000e+00 1.516831e-15
    outer loop
      vertex   -4.960852e+01 7.532732e+00 8.147753e+01
      vertex   -4.699274e+01 7.532732e+00 8.252567e+01
      vertex   -4.699878e+01 7.532732e+00 8.193770e+01
    endloop
  endfacet
  facet normal -5.234925e-17 1.000000e+00 -1.633232e-15
    outer loop
      vertex   -4.960852e+01 7.532732e+00 8.147753e+01
      vertex   -4.699878e+01 7.532732e+00 8.193770e+01
      vertex   -4.679201e+01 7.532732e+00 8.138726e+01
    endloop
  endfacet
  facet normal 9.965311e-16 1.000000e+00 -6.669853e-16
    outer loop
      vertex   -4.627870e+01 7.532732e+00 8.897133e+01
      vertex   -4.515807e+01 7.532732e+00 8.798237e+01
      vertex   -4.637414e+01 7.532732e+00 8.350220e+01
    endloop
  endfacet
  facet normal 2.215540e-16 1.000000e+00 -4.566303e-16
    outer loop
      vertex   -4.637414e+01 7.532732e+00 8.350220e+01
      vertex   -4.515807e+01 7.532732e+00 8.798237e+01
      vertex   -4.584512e+01 7.532732e+00 8.375887e+01
    endloop
  endfacet
  facet normal -4.198446e-16 1.000000e+00 -3.522915e-16
    outer loop
      vertex   -4.584512e+01 7.532732e+00 8.375887e+01
      vertex   -4.515807e+01 7.532732e+00 8.798237e+01
      vertex   -4.419736e+01 7.532732e+00 8.683744e+01
    endloop
  endfacet
  facet normal 4.968758e-17 1.000000e+00 -6.036029e-16
    outer loop
      vertex   -4.584512e+01 7.532732e+00 8.375887e+01
      vertex   -4.419736e+01 7.532732e+00 8.683744e+01
      vertex   -4.525911e+01 7.532732e+00 8.380711e+01
    endloop
  endfacet
  facet normal 1.146552e-16 1.000000e+00 -6.263659e-16
    outer loop
      vertex   -4.525911e+01 7.532732e+00 8.380711e+01
      vertex   -4.419736e+01 7.532732e+00 8.683744e+01
      vertex   -4.341802e+01 7.532732e+00 8.556211e+01
    endloop
  endfacet
  facet normal 1.088051e-15 1.000000e+00 -1.647512e-15
    outer loop
      vertex   -4.525911e+01 7.532732e+00 8.380711e+01
      vertex   -4.341802e+01 7.532732e+00 8.556211e+01
      vertex   -4.469524e+01 7.532732e+00 8.364040e+01
    endloop
  endfacet
  facet normal -8.510380e-16 1.000000e+00 -3.587426e-16
    outer loop
      vertex   -4.469524e+01 7.532732e+00 8.364040e+01
      vertex   -4.341802e+01 7.532732e+00 8.556211e+01
      vertex   -4.283747e+01 7.532732e+00 8.418487e+01
    endloop
  endfacet
  facet normal -6.929220e-16 1.000000e+00 -8.982505e-16
    outer loop
      vertex   -4.469524e+01 7.532732e+00 8.364040e+01
      vertex   -4.283747e+01 7.532732e+00 8.418487e+01
      vertex   -4.422967e+01 7.532732e+00 8.328125e+01
    endloop
  endfacet
  facet normal -1.738926e-15 1.000000e+00 7.133338e-16
    outer loop
      vertex   -4.422967e+01 7.532732e+00 8.328125e+01
      vertex   -4.283747e+01 7.532732e+00 8.418487e+01
      vertex   -4.392527e+01 7.532732e+00 8.277818e+01
    endloop
  endfacet
  facet normal -6.142331e-16 1.000000e+00 -1.564030e-16
    outer loop
      vertex   -4.392527e+01 7.532732e+00 8.277818e+01
      vertex   -4.283747e+01 7.532732e+00 8.418487e+01
      vertex   -4.246866e+01 7.532732e+00 8.273648e+01
    endloop
  endfacet
  facet normal -6.128493e-16 1.000000e+00 -1.080619e-16
    outer loop
      vertex   -4.392527e+01 7.532732e+00 8.277818e+01
      vertex   -4.246866e+01 7.532732e+00 8.273648e+01
      vertex   -4.382317e+01 7.532732e+00 8.219911e+01
    endloop
  endfacet
  facet normal -1.749052e-16 1.000000e+00 -1.211952e-15
    outer loop
      vertex   -4.382317e+01 7.532732e+00 8.219911e+01
      vertex   -4.246866e+01 7.532732e+00 8.273648e+01
      vertex   -4.231985e+01 7.532732e+00 8.124931e+01
    endloop
  endfacet
  facet normal -3.395934e-16 1.000000e+00 -1.472616e-15
    outer loop
      vertex   -4.382317e+01 7.532732e+00 8.219911e+01
      vertex   -4.231985e+01 7.532732e+00 8.124931e+01
      vertex   -4.393714e+01 7.532732e+00 8.162226e+01
    endloop
  endfacet
  facet normal 0.000000e+00 1.000000e+00 0.000000e+00
    outer loop
      vertex   -4.393714e+01 7.532732e+00 8.162226e+01
      vertex   -4.231985e+01 7.532732e+00 8.124931e+01
      vertex   -4.425180e+01 7.532732e+00 8.112554e+01
    endloop
  endfacet
  facet normal -0.000000e+00 1.000000e+00 0.000000e+00
    outer loop
      vertex   -4.425180e+01 7.532732e+00 8.112554e+01
      vertex   -4.231985e+01 7.532732e+00 8.124931e+01
      vertex   -4.239435e+01 7.532732e+00 7.975656e+01
    endloop
  endfacet
  facet normal -9.378173e-16 1.000000e+00 -1.272445e-15
    outer loop
      vertex   -4.425180e+01 7.532732e+00 8.112554e+01
      vertex   -4.239435e+01 7.532732e+00 7.975656e+01
      vertex   -4.472465e+01 7.532732e+00 8.077603e+01
    endloop
  endfacet
  facet normal -5.938599e-16 1.000000e+00 -4.862271e-16
    outer loop
      vertex   -4.472465e+01 7.532732e+00 8.077603e+01
      vertex   -4.239435e+01 7.532732e+00 7.975656e+01
      vertex   -4.269050e+01 7.532732e+00 7.829160e+01
    endloop
  endfacet
  facet normal 0.000000e+00 1.000000e+00 0.000000e+00
    outer loop
      vertex   -4.472465e+01 7.532732e+00 8.077603e+01
      vertex   -4.269050e+01 7.532732e+00 7.829160e+01
      vertex   -4.529182e+01 7.532732e+00 8.062093e+01
    endloop
  endfacet
  facet normal 0.000000e+00 1.000000e+00 0.000000e+00
    outer loop
      vertex   -4.529182e+01 7.532732e+00 8.062093e+01
      vertex   -4.269050e+01 7.532732e+00 7.829160e+01
      vertex   -4.320168e+01 7.532732e+00 7.688713e+01
    endloop
  endfacet
  facet normal 0.000000e+00 1.000000e+00 0.000000e+00
    outer loop
      vertex   -4.529182e+01 7.532732e+00 8.062093e+01
      vertex   -4.320168e+01 7.532732e+00 7.688713e+01
      vertex   -4.587672e+01 7.532732e+00 8.068119e+01
    endloop
  endfacet
  facet normal -1.082976e-15 1.000000e+00 -7.635628e-16
    outer loop
      vertex   -4.587672e+01 7.532732e+00 8.068119e+01
      vertex   -4.320168e+01 7.532732e+00 7.688713e+01
      vertex   -4.391648e+01 7.532732e+00 7.557454e+01
    endloop
  endfacet
  facet normal -2.648197e-16 1.000000e+00 -4.495051e-16
    outer loop
      vertex   -4.587672e+01 7.532732e+00 8.068119e+01
      vertex   -4.391648e+01 7.532732e+00 7.557454e+01
      vertex   -5.018234e+01 7.532732e+00 7.926598e+01
    endloop
  endfacet
  facet normal -2.661422e-16 1.000000e+00 -4.517499e-16
    outer loop
      vertex   -5.018234e+01 7.532732e+00 7.926598e+01
      vertex   -4.391648e+01 7.532732e+00 7.557454e+01
      vertex   -4.990778e+01 7.532732e+00 7.517206e+01
    endloop
  endfacet
  facet normal -3.529781e-16 1.000000e+00 -4.575734e-16
    outer loop
      vertex   -5.018234e+01 7.532732e+00 7.926598e+01
      vertex   -4.990778e+01 7.532732e+00 7.517206e+01
      vertex   -5.037335e+01 7.532732e+00 7.553121e+01
    endloop
  endfacet
  facet normal -2.596201e-16 1.000000e+00 -5.488394e-16
    outer loop
      vertex   -4.391648e+01 7.532732e+00 7.557454e+01
      vertex   -4.481893e+01 7.532732e+00 7.438314e+01
      vertex   -4.990778e+01 7.532732e+00 7.517206e+01
    endloop
  endfacet
  facet normal 1.094333e-16 1.000000e+00 1.831703e-15
    outer loop
      vertex   -4.990778e+01 7.532732e+00 7.517206e+01
      vertex   -4.481893e+01 7.532732e+00 7.438314e+01
      vertex   -4.960339e+01 7.532732e+00 7.466898e+01
    endloop
  endfacet
  facet normal 0.000000e+00 1.000000e+00 0.000000e+00
    outer loop
      vertex   -4.960339e+01 7.532732e+00 7.466898e+01
      vertex   -4.481893e+01 7.532732e+00 7.438314e+01
      vertex   -4.588886e+01 7.532732e+00 7.333956e+01
    endloop
  endfacet
  facet normal 0.000000e+00 1.000000e+00 0.000000e+00
    outer loop
      vertex   -4.960339e+01 7.532732e+00 7.466898e+01
      vertex   -4.588886e+01 7.532732e+00 7.333956e+01
      vertex   -4.950129e+01 7.532732e+00 7.408992e+01
    endloop
  endfacet
  facet normal -4.921776e-16 1.000000e+00 -2.369456e-15
    outer loop
      vertex   -4.950129e+01 7.532732e+00 7.408992e+01
      vertex   -4.588886e+01 7.532732e+00 7.333956e+01
      vertex   -4.710239e+01 7.532732e+00 7.246709e+01
    endloop
  endfacet
  facet normal 6.098342e-17 1.000000e+00 -1.551761e-15
    outer loop
      vertex   -4.950129e+01 7.532732e+00 7.408992e+01
      vertex   -4.710239e+01 7.532732e+00 7.246709e+01
      vertex   -4.961526e+01 7.532732e+00 7.351307e+01
    endloop
  endfacet
  facet normal 3.901394e-16 1.000000e+00 -7.609950e-16
    outer loop
      vertex   -4.961526e+01 7.532732e+00 7.351307e+01
      vertex   -4.710239e+01 7.532732e+00 7.246709e+01
      vertex   -4.843239e+01 7.532732e+00 7.178524e+01
    endloop
  endfacet
  facet normal 7.799950e-16 1.000000e+00 -4.941017e-16
    outer loop
      vertex   -4.961526e+01 7.532732e+00 7.351307e+01
      vertex   -4.843239e+01 7.532732e+00 7.178524e+01
      vertex   -4.992992e+01 7.532732e+00 7.301635e+01
    endloop
  endfacet
  facet normal -1.008864e-16 1.000000e+00 -1.565606e-15
    outer loop
      vertex   -4.992992e+01 7.532732e+00 7.301635e+01
      vertex   -4.843239e+01 7.532732e+00 7.178524e+01
      vertex   -4.984917e+01 7.532732e+00 7.130923e+01
    endloop
  endfacet
  facet normal -2.515079e-15 1.000000e+00 -1.679803e-15
    outer loop
      vertex   -4.992992e+01 7.532732e+00 7.301635e+01
      vertex   -4.984917e+01 7.532732e+00 7.130923e+01
      vertex   -5.040276e+01 7.532732e+00 7.266684e+01
    endloop
  endfacet
  facet normal 1.609547e-16 1.000000e+00 -5.885886e-16
    outer loop
      vertex   -5.040276e+01 7.532732e+00 7.266684e+01
      vertex   -4.984917e+01 7.532732e+00 7.130923e+01
      vertex   -5.096994e+01 7.532732e+00 7.251174e+01
    endloop
  endfacet
  facet normal 1.118534e-16 1.000000e+00 -6.343522e-16
    outer loop
      vertex   -5.096994e+01 7.532732e+00 7.251174e+01
      vertex   -4.984917e+01 7.532732e+00 7.130923e+01
      vertex   -5.132106e+01 7.532732e+00 7.104969e+01
    endloop
  endfacet
  facet normal -6.107758e-17 1.000000e+00 -5.928212e-16
    outer loop
      vertex   -5.096994e+01 7.532732e+00 7.251174e+01
      vertex   -5.132106e+01 7.532732e+00 7.104969e+01
      vertex   -5.155484e+01 7.532732e+00 7.257200e+01
    endloop
  endfacet
  facet normal -5.776798e-16 1.000000e+00 -6.721549e-16
    outer loop
      vertex   -5.155484e+01 7.532732e+00 7.257200e+01
      vertex   -5.132106e+01 7.532732e+00 7.104969e+01
      vertex   -5.281520e+01 7.532732e+00 7.101243e+01
    endloop
  endfacet
  facet normal 1.989307e-15 1.000000e+00 -2.746652e-15
    outer loop
      vertex   -5.155484e+01 7.532732e+00 7.257200e+01
      vertex   -5.281520e+01 7.532732e+00 7.101243e+01
      vertex   -5.207848e+01 7.532732e+00 7.283948e+01
    endloop
  endfacet
  facet normal -4.624774e-15 1.000000e+00 -7.965633e-17
    outer loop
      vertex   -5.207848e+01 7.532732e+00 7.283948e+01
      vertex   -5.281520e+01 7.532732e+00 7.101243e+01
      vertex   -5.247013e+01 7.532732e+00 7.327806e+01
    endloop
  endfacet
  facet normal -9.641327e-17 1.000000e+00 -7.693596e-16
    outer loop
      vertex   -5.247013e+01 7.532732e+00 7.327806e+01
      vertex   -5.281520e+01 7.532732e+00 7.101243e+01
      vertex   -5.429820e+01 7.532732e+00 7.119828e+01
    endloop
  endfacet
  facet normal 1.891445e-15 1.000000e+00 -2.516630e-15
    outer loop
      vertex   -5.247013e+01 7.532732e+00 7.327806e+01
      vertex   -5.429820e+01 7.532732e+00 7.119828e+01
      vertex   -5.267689e+01 7.532732e+00 7.382851e+01
    endloop
  endfacet
  facet normal -3.238657e-16 1.000000e+00 -1.151087e-15
    outer loop
      vertex   -5.267689e+01 7.532732e+00 7.382851e+01
      vertex   -5.429820e+01 7.532732e+00 7.119828e+01
      vertex   -5.573694e+01 7.532732e+00 7.160307e+01
    endloop
  endfacet
  facet normal -3.383434e-15 1.000000e+00 3.055920e-15
    outer loop
      vertex   -5.267689e+01 7.532732e+00 7.382851e+01
      vertex   -5.573694e+01 7.532732e+00 7.160307e+01
      vertex   -5.267086e+01 7.532732e+00 7.441648e+01
    endloop
  endfacet
  facet normal -1.909810e-16 1.000000e+00 -4.232574e-16
    outer loop
      vertex   -5.267086e+01 7.532732e+00 7.441648e+01
      vertex   -5.573694e+01 7.532732e+00 7.160307e+01
      vertex   -5.709928e+01 7.532732e+00 7.221778e+01
    endloop
  endfacet
  facet normal -5.342514e-16 1.000000e+00 2.681292e-16
    outer loop
      vertex   -5.267086e+01 7.532732e+00 7.441648e+01
      vertex   -5.709928e+01 7.532732e+00 7.221778e+01
      vertex   -5.835478e+01 7.532732e+00 7.302867e+01
    endloop
  endfacet
  facet normal 3.596436e-16 1.000000e+00 -4.905704e-16
    outer loop
      vertex   -5.947541e+01 7.532732e+00 7.401763e+01
      vertex   -5.851195e+01 7.532732e+00 7.834496e+01
      vertex   -5.835478e+01 7.532732e+00 7.302867e+01
    endloop
  endfacet
  facet normal -3.313845e-15 1.000000e+00 -5.991735e-16
    outer loop
      vertex   -5.835478e+01 7.532732e+00 7.302867e+01
      vertex   -5.851195e+01 7.532732e+00 7.834496e+01
      vertex   -5.803911e+01 7.532732e+00 7.869447e+01
    endloop
  endfacet
  facet normal -9.799812e-18 1.000000e+00 -7.832617e-16
    outer loop
      vertex   -5.835478e+01 7.532732e+00 7.302867e+01
      vertex   -5.803911e+01 7.532732e+00 7.869447e+01
      vertex   -5.372935e+01 7.532732e+00 7.864055e+01
    endloop
  endfacet
  facet normal 0.000000e+00 1.000000e+00 0.000000e+00
    outer loop
      vertex   -5.372935e+01 7.532732e+00 7.864055e+01
      vertex   -5.803911e+01 7.532732e+00 7.869447e+01
      vertex   -5.433687e+01 7.532732e+00 7.913410e+01
    endloop
  endfacet
  facet normal 0.000000e+00 1.000000e+00 0.000000e+00
    outer loop
      vertex   -5.433687e+01 7.532732e+00 7.913410e+01
      vertex   -5.803911e+01 7.532732e+00 7.869447e+01
      vertex   -5.772445e+01 7.532732e+00 7.919119e+01
    endloop
  endfacet
  facet normal -2.348936e-17 1.000000e+00 -1.393795e-15
    outer loop
      vertex   -5.433687e+01 7.532732e+00 7.913410e+01
      vertex   -5.772445e+01 7.532732e+00 7.919119e+01
      vertex   -5.478072e+01 7.532732e+00 7.977882e+01
    endloop
  endfacet
  facet normal 5.870204e-18 1.000000e+00 -1.540872e-15
    outer loop
      vertex   -5.478072e+01 7.532732e+00 7.977882e+01
      vertex   -5.772445e+01 7.532732e+00 7.919119e+01
      vertex   -5.761048e+01 7.532732e+00 7.976804e+01
    endloop
  endfacet
  facet normal 4.544381e-18 1.000000e+00 -1.192856e-15
    outer loop
      vertex   -5.478072e+01 7.532732e+00 7.977882e+01
      vertex   -5.761048e+01 7.532732e+00 7.976804e+01
      vertex   -5.502496e+01 7.532732e+00 8.052247e+01
    endloop
  endfacet
  facet normal -3.267111e-16 1.000000e+00 -5.760798e-17
    outer loop
      vertex   -5.502496e+01 7.532732e+00 8.052247e+01
      vertex   -5.761048e+01 7.532732e+00 7.976804e+01
      vertex   -5.771258e+01 7.532732e+00 8.034710e+01
    endloop
  endfacet
  facet normal -4.037106e-16 1.000000e+00 1.122473e-15
    outer loop
      vertex   -5.502496e+01 7.532732e+00 8.052247e+01
      vertex   -5.771258e+01 7.532732e+00 8.034710e+01
      vertex   -5.504980e+01 7.532732e+00 8.130481e+01
    endloop
  endfacet
  facet normal -5.214931e-16 1.000000e+00 1.449954e-15
    outer loop
      vertex   -5.504980e+01 7.532732e+00 8.130481e+01
      vertex   -5.771258e+01 7.532732e+00 8.034710e+01
      vertex   -5.801698e+01 7.532732e+00 8.085018e+01
    endloop
  endfacet
  facet normal -1.246747e-16 1.000000e+00 -1.139941e-15
    outer loop
      vertex   -5.504980e+01 7.532732e+00 8.130481e+01
      vertex   -5.801698e+01 7.532732e+00 8.085018e+01
      vertex   -5.485321e+01 7.532732e+00 8.206245e+01
    endloop
  endfacet
  facet normal -3.751344e-16 1.000000e+00 -4.862953e-16
    outer loop
      vertex   -5.485321e+01 7.532732e+00 8.206245e+01
      vertex   -5.801698e+01 7.532732e+00 8.085018e+01
      vertex   -5.848255e+01 7.532732e+00 8.120933e+01
    endloop
  endfacet
  facet normal 1.195318e-16 1.000000e+00 -4.371109e-16
    outer loop
      vertex   -5.851195e+01 7.532732e+00 7.834496e+01
      vertex   -5.947541e+01 7.532732e+00 7.401763e+01
      vertex   -5.907913e+01 7.532732e+00 7.818986e+01
    endloop
  endfacet
  facet normal -4.558043e-16 1.000000e+00 -3.824652e-16
    outer loop
      vertex   -5.907913e+01 7.532732e+00 7.818986e+01
      vertex   -5.947541e+01 7.532732e+00 7.401763e+01
      vertex   -6.043612e+01 7.532732e+00 7.516256e+01
    endloop
  endfacet
  facet normal -5.778648e-17 1.000000e+00 -5.608777e-16
    outer loop
      vertex   -5.907913e+01 7.532732e+00 7.818986e+01
      vertex   -6.043612e+01 7.532732e+00 7.516256e+01
      vertex   -5.966403e+01 7.532732e+00 7.825012e+01
    endloop
  endfacet
  facet normal 1.406281e-16 1.000000e+00 -6.104942e-16
    outer loop
      vertex   -5.966403e+01 7.532732e+00 7.825012e+01
      vertex   -6.043612e+01 7.532732e+00 7.516256e+01
      vertex   -6.121546e+01 7.532732e+00 7.643789e+01
    endloop
  endfacet
  facet normal 2.186029e-15 1.000000e+00 -2.361541e-15
    outer loop
      vertex   -5.966403e+01 7.532732e+00 7.825012e+01
      vertex   -6.121546e+01 7.532732e+00 7.643789e+01
      vertex   -6.018767e+01 7.532732e+00 7.851760e+01
    endloop
  endfacet
  facet normal -1.399102e-15 1.000000e+00 -5.897709e-16
    outer loop
      vertex   -6.018767e+01 7.532732e+00 7.851760e+01
      vertex   -6.121546e+01 7.532732e+00 7.643789e+01
      vertex   -6.179601e+01 7.532732e+00 7.781513e+01
    endloop
  endfacet
  facet normal -2.464478e-15 1.000000e+00 1.849477e-15
    outer loop
      vertex   -6.018767e+01 7.532732e+00 7.851760e+01
      vertex   -6.179601e+01 7.532732e+00 7.781513e+01
      vertex   -6.057932e+01 7.532732e+00 7.895618e+01
    endloop
  endfacet
  facet normal -5.892737e-16 1.000000e+00 -1.500475e-16
    outer loop
      vertex   -6.057932e+01 7.532732e+00 7.895618e+01
      vertex   -6.179601e+01 7.532732e+00 7.781513e+01
      vertex   -6.216482e+01 7.532732e+00 7.926352e+01
    endloop
  endfacet
  facet normal -1.160183e-15 1.000000e+00 -4.162884e-16
    outer loop
      vertex   -5.018234e+01 7.532732e+00 7.926598e+01
      vertex   -5.037335e+01 7.532732e+00 7.553121e+01
      vertex   -5.075732e+01 7.532732e+00 7.873489e+01
    endloop
  endfacet
  facet normal 1.548035e-15 1.000000e+00 -9.170025e-17
    outer loop
      vertex   -5.075732e+01 7.532732e+00 7.873489e+01
      vertex   -5.037335e+01 7.532732e+00 7.553121e+01
      vertex   -5.093722e+01 7.532732e+00 7.569792e+01
    endloop
  endfacet
  facet normal 0.000000e+00 1.000000e+00 0.000000e+00
    outer loop
      vertex   -5.075732e+01 7.532732e+00 7.873489e+01
      vertex   -5.093722e+01 7.532732e+00 7.569792e+01
      vertex   -5.145865e+01 7.532732e+00 7.838730e+01
    endloop
  endfacet
  facet normal 0.000000e+00 1.000000e+00 0.000000e+00
    outer loop
      vertex   -5.145865e+01 7.532732e+00 7.838730e+01
      vertex   -5.093722e+01 7.532732e+00 7.569792e+01
      vertex   -5.152324e+01 7.532732e+00 7.564968e+01
    endloop
  endfacet
  facet normal 0.000000e+00 1.000000e+00 0.000000e+00
    outer loop
      vertex   -5.145865e+01 7.532732e+00 7.838730e+01
      vertex   -5.152324e+01 7.532732e+00 7.564968e+01
      vertex   -5.222949e+01 7.532732e+00 7.825138e+01
    endloop
  endfacet
  facet normal 0.000000e+00 1.000000e+00 0.000000e+00
    outer loop
      vertex   -5.222949e+01 7.532732e+00 7.825138e+01
      vertex   -5.152324e+01 7.532732e+00 7.564968e+01
      vertex   -5.205226e+01 7.532732e+00 7.539301e+01
    endloop
  endfacet
  facet normal 0.000000e+00 1.000000e+00 0.000000e+00
    outer loop
      vertex   -5.222949e+01 7.532732e+00 7.825138e+01
      vertex   -5.205226e+01 7.532732e+00 7.539301e+01
      vertex   -5.300740e+01 7.532732e+00 7.833814e+01
    endloop
  endfacet
  facet normal -1.644256e-15 1.000000e+00 -5.332492e-16
    outer loop
      vertex   -5.300740e+01 7.532732e+00 7.833814e+01
      vertex   -5.205226e+01 7.532732e+00 7.539301e+01
      vertex   -5.245283e+01 7.532732e+00 7.496256e+01
    endloop
  endfacet
  facet normal -1.439511e-15 1.000000e+00 -4.996122e-16
    outer loop
      vertex   -5.300740e+01 7.532732e+00 7.833814e+01
      vertex   -5.245283e+01 7.532732e+00 7.496256e+01
      vertex   -5.372935e+01 7.532732e+00 7.864055e+01
    endloop
  endfacet
  facet normal -4.358552e-15 1.000000e+00 -1.512726e-15
    outer loop
      vertex   -5.372935e+01 7.532732e+00 7.864055e+01
      vertex   -5.245283e+01 7.532732e+00 7.496256e+01
      vertex   -5.267086e+01 7.532732e+00 7.441648e+01
    endloop
  endfacet
  facet normal -3.449979e-16 1.000000e+00 -5.069839e-16
    outer loop
      vertex   -5.372935e+01 7.532732e+00 7.864055e+01
      vertex   -5.267086e+01 7.532732e+00 7.441648e+01
      vertex   -5.835478e+01 7.532732e+00 7.302867e+01
    endloop
  endfacet
  facet normal -5.136470e-16 1.000000e+00 3.075221e-16
    outer loop
      vertex   -5.018234e+01 7.532732e+00 7.926598e+01
      vertex   -4.978027e+01 7.532732e+00 7.993755e+01
      vertex   -4.587672e+01 7.532732e+00 8.068119e+01
    endloop
  endfacet
  facet normal 1.292895e-16 1.000000e+00 -3.067396e-15
    outer loop
      vertex   -4.587672e+01 7.532732e+00 8.068119e+01
      vertex   -4.978027e+01 7.532732e+00 7.993755e+01
      vertex   -4.640036e+01 7.532732e+00 8.094868e+01
    endloop
  endfacet
  facet normal -9.426349e-17 1.000000e+00 -2.320122e-15
    outer loop
      vertex   -4.640036e+01 7.532732e+00 8.094868e+01
      vertex   -4.978027e+01 7.532732e+00 7.993755e+01
      vertex   -4.958368e+01 7.532732e+00 8.069520e+01
    endloop
  endfacet
  facet normal -4.110379e-16 1.000000e+00 1.658068e-15
    outer loop
      vertex   -4.640036e+01 7.532732e+00 8.094868e+01
      vertex   -4.958368e+01 7.532732e+00 8.069520e+01
      vertex   -4.679201e+01 7.532732e+00 8.138726e+01
    endloop
  endfacet
  facet normal 0.000000e+00 1.000000e+00 0.000000e+00
    outer loop
      vertex   -4.679201e+01 7.532732e+00 8.138726e+01
      vertex   -4.958368e+01 7.532732e+00 8.069520e+01
      vertex   -4.960852e+01 7.532732e+00 8.147753e+01
    endloop
  endfacet
  facet normal 0.000000e+00 1.000000e+00 0.000000e+00
    outer loop
      vertex   -5.204633e+01 7.532732e+00 8.730038e+01
      vertex   -5.090413e+01 7.532732e+00 8.335945e+01
      vertex   -5.236099e+01 7.532732e+00 8.680366e+01
    endloop
  endfacet
  facet normal -1.495145e-15 1.000000e+00 -6.324315e-16
    outer loop
      vertex   -5.236099e+01 7.532732e+00 8.680366e+01
      vertex   -5.090413e+01 7.532732e+00 8.335945e+01
      vertex   -5.162608e+01 7.532732e+00 8.366186e+01
    endloop
  endfacet
  facet normal -1.423314e-15 1.000000e+00 -6.156293e-16
    outer loop
      vertex   -5.236099e+01 7.532732e+00 8.680366e+01
      vertex   -5.162608e+01 7.532732e+00 8.366186e+01
      vertex   -5.283384e+01 7.532732e+00 8.645415e+01
    endloop
  endfacet
  facet normal 0.000000e+00 1.000000e+00 0.000000e+00
    outer loop
      vertex   -5.283384e+01 7.532732e+00 8.645415e+01
      vertex   -5.162608e+01 7.532732e+00 8.366186e+01
      vertex   -5.240399e+01 7.532732e+00 8.374862e+01
    endloop
  endfacet
  facet normal 0.000000e+00 1.000000e+00 0.000000e+00
    outer loop
      vertex   -5.283384e+01 7.532732e+00 8.645415e+01
      vertex   -5.240399e+01 7.532732e+00 8.374862e+01
      vertex   -5.340101e+01 7.532732e+00 8.629905e+01
    endloop
  endfacet
  facet normal 0.000000e+00 1.000000e+00 0.000000e+00
    outer loop
      vertex   -5.340101e+01 7.532732e+00 8.629905e+01
      vertex   -5.240399e+01 7.532732e+00 8.374862e+01
      vertex   -5.317483e+01 7.532732e+00 8.361270e+01
    endloop
  endfacet
  facet normal 0.000000e+00 1.000000e+00 0.000000e+00
    outer loop
      vertex   -5.340101e+01 7.532732e+00 8.629905e+01
      vertex   -5.317483e+01 7.532732e+00 8.361270e+01
      vertex   -5.398591e+01 7.532732e+00 8.635931e+01
    endloop
  endfacet
  facet normal 0.000000e+00 1.000000e+00 0.000000e+00
    outer loop
      vertex   -5.398591e+01 7.532732e+00 8.635931e+01
      vertex   -5.317483e+01 7.532732e+00 8.361270e+01
      vertex   -5.387615e+01 7.532732e+00 8.326511e+01
    endloop
  endfacet
  facet normal 1.727477e-15 1.000000e+00 6.127828e-17
    outer loop
      vertex   -5.398591e+01 7.532732e+00 8.635931e+01
      vertex   -5.387615e+01 7.532732e+00 8.326511e+01
      vertex   -5.450955e+01 7.532732e+00 8.662679e+01
    endloop
  endfacet
  facet normal -2.423567e-15 1.000000e+00 -7.208460e-16
    outer loop
      vertex   -5.450955e+01 7.532732e+00 8.662679e+01
      vertex   -5.387615e+01 7.532732e+00 8.326511e+01
      vertex   -5.445114e+01 7.532732e+00 8.273402e+01
    endloop
  endfacet
  facet normal -3.086141e-15 1.000000e+00 -7.307873e-16
    outer loop
      vertex   -5.450955e+01 7.532732e+00 8.662679e+01
      vertex   -5.445114e+01 7.532732e+00 8.273402e+01
      vertex   -5.490120e+01 7.532732e+00 8.706537e+01
    endloop
  endfacet
  facet normal -9.110375e-17 1.000000e+00 -5.871334e-16
    outer loop
      vertex   -6.362162e+01 -3.467268e+00 7.736472e+01
      vertex   -7.244209e+01 -3.467268e+00 6.965694e+01
      vertex   -6.401133e+01 -3.467268e+00 7.893793e+01
    endloop
  endfacet
  facet normal -2.037116e-16 1.000000e+00 -4.848415e-16
    outer loop
      vertex   -6.401133e+01 -3.467268e+00 7.893793e+01
      vertex   -7.244209e+01 -3.467268e+00 6.965694e+01
      vertex   -7.505852e+01 -3.467268e+00 8.449548e+01
    endloop
  endfacet
  facet normal -2.504871e-16 1.000000e+00 -5.778209e-16
    outer loop
      vertex   -6.401133e+01 -3.467268e+00 7.893793e+01
      vertex   -7.505852e+01 -3.467268e+00 8.449548e+01
      vertex   -6.418319e+01 -3.467268e+00 8.054955e+01
    endloop
  endfacet
  facet normal -2.371469e-16 1.000000e+00 -5.410542e-16
    outer loop
      vertex   -6.418319e+01 -3.467268e+00 8.054955e+01
      vertex   -7.505852e+01 -3.467268e+00 8.449548e+01
      vertex   -6.413400e+01 -3.467268e+00 8.216956e+01
    endloop
  endfacet
  facet normal -2.838787e-16 1.000000e+00 -7.605473e-16
    outer loop
      vertex   -6.413400e+01 -3.467268e+00 8.216956e+01
      vertex   -7.505852e+01 -3.467268e+00 8.449548e+01
      vertex   -7.297425e+01 -3.467268e+00 8.546923e+01
    endloop
  endfacet
  facet normal -1.951540e-16 1.000000e+00 -5.228424e-16
    outer loop
      vertex   -6.413400e+01 -3.467268e+00 8.216956e+01
      vertex   -7.297425e+01 -3.467268e+00 8.546923e+01
      vertex   -6.386468e+01 -3.467268e+00 8.376778e+01
    endloop
  endfacet
  facet normal -1.859806e-16 1.000000e+00 -4.737281e-16
    outer loop
      vertex   -6.386468e+01 -3.467268e+00 8.376778e+01
      vertex   -7.297425e+01 -3.467268e+00 8.546923e+01
      vertex   -7.094126e+01 -3.467268e+00 8.654597e+01
    endloop
  endfacet
  facet normal -3.011394e-16 1.000000e+00 -7.670594e-16
    outer loop
      vertex   -6.386468e+01 -3.467268e+00 8.376778e+01
      vertex   -7.094126e+01 -3.467268e+00 8.654597e+01
      vertex   -6.338025e+01 -3.467268e+00 8.531445e+01
    endloop
  endfacet
  facet normal -1.248208e-15 1.000000e+00 -6.581646e-15
    outer loop
      vertex   -6.338025e+01 -3.467268e+00 8.531445e+01
      vertex   -7.094126e+01 -3.467268e+00 8.654597e+01
      vertex   -6.896466e+01 -3.467268e+00 8.772301e+01
    endloop
  endfacet
  facet normal 1.213380e-15 1.000000e+00 -8.742878e-16
    outer loop
      vertex   -6.338025e+01 -3.467268e+00 8.531445e+01
      vertex   -6.896466e+01 -3.467268e+00 8.772301e+01
      vertex   -6.268972e+01 -3.467268e+00 8.678074e+01
    endloop
  endfacet
  facet normal 1.675696e-15 1.000000e+00 2.204472e-15
    outer loop
      vertex   -6.268972e+01 -3.467268e+00 8.678074e+01
      vertex   -6.896466e+01 -3.467268e+00 8.772301e+01
      vertex   -6.671932e+01 -3.467268e+00 8.903799e+01
    endloop
  endfacet
  facet normal 5.469418e-17 1.000000e+00 -6.893178e-16
    outer loop
      vertex   -6.268972e+01 -3.467268e+00 8.678074e+01
      vertex   -6.671932e+01 -3.467268e+00 8.903799e+01
      vertex   -6.180596e+01 -3.467268e+00 8.813935e+01
    endloop
  endfacet
  facet normal -7.150275e-17 1.000000e+00 -1.379310e-15
    outer loop
      vertex   -6.180596e+01 -3.467268e+00 8.813935e+01
      vertex   -6.671932e+01 -3.467268e+00 8.903799e+01
      vertex   -6.439379e+01 -3.467268e+00 9.020530e+01
    endloop
  endfacet
  facet normal 9.572031e-17 1.000000e+00 -1.169843e-15
    outer loop
      vertex   -6.180596e+01 -3.467268e+00 8.813935e+01
      vertex   -6.439379e+01 -3.467268e+00 9.020530e+01
      vertex   -6.074543e+01 -3.467268e+00 8.936497e+01
    endloop
  endfacet
  facet normal 4.065954e-17 1.000000e+00 -1.408896e-15
    outer loop
      vertex   -6.074543e+01 -3.467268e+00 8.936497e+01
      vertex   -6.439379e+01 -3.467268e+00 9.020530e+01
      vertex   -6.199776e+01 -3.467268e+00 9.122005e+01
    endloop
  endfacet
  facet normal 1.053373e-16 1.000000e+00 -1.365233e-15
    outer loop
      vertex   -6.074543e+01 -3.467268e+00 8.936497e+01
      vertex   -6.199776e+01 -3.467268e+00 9.122005e+01
      vertex   -5.952790e+01 -3.467268e+00 9.043477e+01
    endloop
  endfacet
  facet normal 2.392364e-17 1.000000e+00 -1.621294e-15
    outer loop
      vertex   -5.952790e+01 -3.467268e+00 9.043477e+01
      vertex   -6.199776e+01 -3.467268e+00 9.122005e+01
      vertex   -5.954122e+01 -3.467268e+00 9.207803e+01
    endloop
  endfacet
  facet normal 4.131369e-16 1.000000e+00 -1.618137e-15
    outer loop
      vertex   -5.952790e+01 -3.467268e+00 9.043477e+01
      vertex   -5.954122e+01 -3.467268e+00 9.207803e+01
      vertex   -5.817603e+01 -3.467268e+00 9.132881e+01
    endloop
  endfacet
  facet normal -3.238299e-17 1.000000e+00 -2.429939e-15
    outer loop
      vertex   -5.817603e+01 -3.467268e+00 9.132881e+01
      vertex   -5.954122e+01 -3.467268e+00 9.207803e+01
      vertex   -5.703443e+01 -3.467268e+00 9.277566e+01
    endloop
  endfacet
  facet normal 1.409269e-15 1.000000e+00 -3.567444e-15
    outer loop
      vertex   -5.817603e+01 -3.467268e+00 9.132881e+01
      vertex   -5.703443e+01 -3.467268e+00 9.277566e+01
      vertex   -5.671502e+01 -3.467268e+00 9.203045e+01
    endloop
  endfacet
  facet normal 4.200583e-16 1.000000e+00 -3.991440e-15
    outer loop
      vertex   -5.671502e+01 -3.467268e+00 9.203045e+01
      vertex   -5.703443e+01 -3.467268e+00 9.277566e+01
      vertex   -5.517207e+01 -3.467268e+00 9.252661e+01
    endloop
  endfacet
  facet normal 1.193457e-15 1.000000e+00 1.791968e-15
    outer loop
      vertex   -5.517207e+01 -3.467268e+00 9.252661e+01
      vertex   -5.703443e+01 -3.467268e+00 9.277566e+01
      vertex   -5.448783e+01 -3.467268e+00 9.331001e+01
    endloop
  endfacet
  facet normal -5.907557e-16 1.000000e+00 3.350342e-15
    outer loop
      vertex   -5.517207e+01 -3.467268e+00 9.252661e+01
      vertex   -5.448783e+01 -3.467268e+00 9.331001e+01
      vertex   -5.448734e+01 -3.467268e+00 9.331010e+01
    endloop
  endfacet
  facet normal -4.577916e-17 1.000000e+00 -6.390010e-16
    outer loop
      vertex   -7.244209e+01 -3.467268e+00 6.965694e+01
      vertex   -6.362162e+01 -3.467268e+00 7.736472e+01
      vertex   -7.029661e+01 -3.467268e+00 6.950324e+01
    endloop
  endfacet
  facet normal -7.045176e-17 1.000000e+00 -6.180521e-16
    outer loop
      vertex   -7.029661e+01 -3.467268e+00 6.950324e+01
      vertex   -6.362162e+01 -3.467268e+00 7.736472e+01
      vertex   -6.302132e+01 -3.467268e+00 7.585923e+01
    endloop
  endfacet
  facet normal -4.395885e-16 1.000000e+00 -1.955256e-16
    outer loop
      vertex   -7.029661e+01 -3.467268e+00 6.950324e+01
      vertex   -6.302132e+01 -3.467268e+00 7.585923e+01
      vertex   -6.816121e+01 -3.467268e+00 6.924486e+01
    endloop
  endfacet
  facet normal 6.911529e-17 1.000000e+00 -5.908287e-16
    outer loop
      vertex   -6.816121e+01 -3.467268e+00 6.924486e+01
      vertex   -6.302132e+01 -3.467268e+00 7.585923e+01
      vertex   -6.222162e+01 -3.467268e+00 7.444951e+01
    endloop
  endfacet
  facet normal 1.504153e-15 1.000000e+00 -2.228509e-15
    outer loop
      vertex   -6.816121e+01 -3.467268e+00 6.924486e+01
      vertex   -6.222162e+01 -3.467268e+00 7.444951e+01
      vertex   -6.604099e+01 -3.467268e+00 6.888244e+01
    endloop
  endfacet
  facet normal -8.249973e-16 1.000000e+00 -6.305597e-16
    outer loop
      vertex   -6.604099e+01 -3.467268e+00 6.888244e+01
      vertex   -6.222162e+01 -3.467268e+00 7.444951e+01
      vertex   -6.123741e+01 -3.467268e+00 7.316180e+01
    endloop
  endfacet
  facet normal -1.927626e-15 1.000000e+00 6.071412e-16
    outer loop
      vertex   -6.604099e+01 -3.467268e+00 6.888244e+01
      vertex   -6.123741e+01 -3.467268e+00 7.316180e+01
      vertex   -6.341295e+01 -3.467268e+00 6.844895e+01
    endloop
  endfacet
  facet normal 3.370872e-16 1.000000e+00 -4.382944e-16
    outer loop
      vertex   -6.341295e+01 -3.467268e+00 6.844895e+01
      vertex   -6.123741e+01 -3.467268e+00 7.316180e+01
      vertex   -6.008702e+01 -3.467268e+00 7.202011e+01
    endloop
  endfacet
  facet normal -5.501257e-17 1.000000e+00 -7.311952e-17
    outer loop
      vertex   -6.341295e+01 -3.467268e+00 6.844895e+01
      vertex   -6.008702e+01 -3.467268e+00 7.202011e+01
      vertex   -5.879188e+01 -3.467268e+00 7.104570e+01
    endloop
  endfacet
  facet normal -4.396880e-16 1.000000e+00 6.114341e-16
    outer loop
      vertex   -6.341295e+01 -3.467268e+00 6.844895e+01
      vertex   -5.879188e+01 -3.467268e+00 7.104570e+01
      vertex   -6.076349e+01 -3.467268e+00 6.817528e+01
    endloop
  endfacet
  facet normal 1.247041e-16 1.000000e+00 2.237692e-16
    outer loop
      vertex   -6.076349e+01 -3.467268e+00 6.817528e+01
      vertex   -5.879188e+01 -3.467268e+00 7.104570e+01
      vertex   -5.737613e+01 -3.467268e+00 7.025671e+01
    endloop
  endfacet
  facet normal 1.692866e-17 1.000000e+00 3.991648e-16
    outer loop
      vertex   -6.076349e+01 -3.467268e+00 6.817528e+01
      vertex   -5.737613e+01 -3.467268e+00 7.025671e+01
      vertex   -5.810233e+01 -3.467268e+00 6.806242e+01
    endloop
  endfacet
  facet normal 1.398043e-16 1.000000e+00 3.584992e-16
    outer loop
      vertex   -5.810233e+01 -3.467268e+00 6.806242e+01
      vertex   -5.737613e+01 -3.467268e+00 7.025671e+01
      vertex   -5.586613e+01 -3.467268e+00 6.966786e+01
    endloop
  endfacet
  facet normal -3.524756e-16 1.000000e+00 1.044192e-15
    outer loop
      vertex   -5.810233e+01 -3.467268e+00 6.806242e+01
      vertex   -5.586613e+01 -3.467268e+00 6.966786e+01
      vertex   -5.543922e+01 -3.467268e+00 6.811079e+01
    endloop
  endfacet
  facet normal 2.926641e-16 1.000000e+00 1.221075e-15
    outer loop
      vertex   -5.543922e+01 -3.467268e+00 6.811079e+01
      vertex   -5.586613e+01 -3.467268e+00 6.966786e+01
      vertex   -5.429001e+01 -3.467268e+00 6.929010e+01
    endloop
  endfacet
  facet normal -6.721934e-16 1.000000e+00 2.161303e-15
    outer loop
      vertex   -5.543922e+01 -3.467268e+00 6.811079e+01
      vertex   -5.429001e+01 -3.467268e+00 6.929010e+01
      vertex   -5.278391e+01 -3.467268e+00 6.832020e+01
    endloop
  endfacet
  facet normal -2.758642e-16 1.000000e+00 2.776744e-15
    outer loop
      vertex   -5.278391e+01 -3.467268e+00 6.832020e+01
      vertex   -5.429001e+01 -3.467268e+00 6.929010e+01
      vertex   -5.267713e+01 -3.467268e+00 6.913047e+01
    endloop
  endfacet
  facet normal -1.045487e-16 1.000000e+00 2.754168e-15
    outer loop
      vertex   -5.278391e+01 -3.467268e+00 6.832020e+01
      vertex   -5.267713e+01 -3.467268e+00 6.913047e+01
      vertex   -5.105754e+01 -3.467268e+00 6.919195e+01
    endloop
  endfacet
  facet normal -9.602300e-16 1.000000e+00 4.448721e-15
    outer loop
      vertex   -5.278391e+01 -3.467268e+00 6.832020e+01
      vertex   -5.105754e+01 -3.467268e+00 6.919195e+01
      vertex   -5.014614e+01 -3.467268e+00 6.868990e+01
    endloop
  endfacet
  facet normal -1.248584e-15 1.000000e+00 3.925251e-15
    outer loop
      vertex   -5.014614e+01 -3.467268e+00 6.868990e+01
      vertex   -5.105754e+01 -3.467268e+00 6.919195e+01
      vertex   -4.946141e+01 -3.467268e+00 6.947339e+01
    endloop
  endfacet
  facet normal -1.237814e-15 1.000000e+00 3.915839e-15
    outer loop
      vertex   -5.014614e+01 -3.467268e+00 6.868990e+01
      vertex   -4.946141e+01 -3.467268e+00 6.947339e+01
      vertex   -4.855792e+01 -3.467268e+00 6.907854e+01
    endloop
  endfacet
  facet normal -1.747579e-15 1.000000e+00 2.749413e-15
    outer loop
      vertex   -4.855792e+01 -3.467268e+00 6.907854e+01
      vertex   -4.946141e+01 -3.467268e+00 6.947339e+01
      vertex   -4.791846e+01 -3.467268e+00 6.996955e+01
    endloop
  endfacet
  facet normal -1.615024e-15 1.000000e+00 2.654282e-15
    outer loop
      vertex   -4.855792e+01 -3.467268e+00 6.907854e+01
      vertex   -4.791846e+01 -3.467268e+00 6.996955e+01
      vertex   -4.703401e+01 -3.467268e+00 6.967115e+01
    endloop
  endfacet
  facet normal -1.600016e-15 1.000000e+00 2.698768e-15
    outer loop
      vertex   -4.703401e+01 -3.467268e+00 6.967115e+01
      vertex   -4.791846e+01 -3.467268e+00 6.996955e+01
      vertex   -4.645745e+01 -3.467268e+00 7.067119e+01
    endloop
  endfacet
  facet normal -1.878456e-15 1.000000e+00 2.859300e-15
    outer loop
      vertex   -4.703401e+01 -3.467268e+00 6.967115e+01
      vertex   -4.645745e+01 -3.467268e+00 7.067119e+01
      vertex   -4.560049e+01 -3.467268e+00 7.045761e+01
    endloop
  endfacet
  facet normal -2.061709e-15 1.000000e+00 2.124032e-15
    outer loop
      vertex   -4.560049e+01 -3.467268e+00 7.045761e+01
      vertex   -4.645745e+01 -3.467268e+00 7.067119e+01
      vertex   -4.510558e+01 -3.467268e+00 7.156523e+01
    endloop
  endfacet
  facet normal -2.814354e-15 1.000000e+00 2.460330e-15
    outer loop
      vertex   -4.560049e+01 -3.467268e+00 7.045761e+01
      vertex   -4.510558e+01 -3.467268e+00 7.156523e+01
      vertex   -4.428189e+01 -3.467268e+00 7.142444e+01
    endloop
  endfacet
  facet normal -2.886278e-15 1.000000e+00 2.039530e-15
    outer loop
      vertex   -4.428189e+01 -3.467268e+00 7.142444e+01
      vertex   -4.510558e+01 -3.467268e+00 7.156523e+01
      vertex   -4.388805e+01 -3.467268e+00 7.263503e+01
    endloop
  endfacet
  facet normal -2.076087e-15 1.000000e+00 1.775945e-15
    outer loop
      vertex   -4.428189e+01 -3.467268e+00 7.142444e+01
      vertex   -4.388805e+01 -3.467268e+00 7.263503e+01
      vertex   -4.310077e+01 -3.467268e+00 7.255512e+01
    endloop
  endfacet
  facet normal -2.175595e-15 1.000000e+00 7.955213e-16
    outer loop
      vertex   -4.310077e+01 -3.467268e+00 7.255512e+01
      vertex   -4.388805e+01 -3.467268e+00 7.263503e+01
      vertex   -4.282752e+01 -3.467268e+00 7.386065e+01
    endloop
  endfacet
  facet normal -1.747363e-15 1.000000e+00 7.058910e-16
    outer loop
      vertex   -4.310077e+01 -3.467268e+00 7.255512e+01
      vertex   -4.282752e+01 -3.467268e+00 7.386065e+01
      vertex   -4.207734e+01 -3.467268e+00 7.383029e+01
    endloop
  endfacet
  facet normal -1.756154e-15 1.000000e+00 4.886154e-16
    outer loop
      vertex   -4.207734e+01 -3.467268e+00 7.383029e+01
      vertex   -4.282752e+01 -3.467268e+00 7.386065e+01
      vertex   -4.194376e+01 -3.467268e+00 7.521926e+01
    endloop
  endfacet
  facet normal -2.492555e-15 1.000000e+00 5.594345e-16
    outer loop
      vertex   -4.207734e+01 -3.467268e+00 7.383029e+01
      vertex   -4.194376e+01 -3.467268e+00 7.521926e+01
      vertex   -4.122910e+01 -3.467268e+00 7.522814e+01
    endloop
  endfacet
  facet normal -2.496451e-15 1.000000e+00 8.728016e-16
    outer loop
      vertex   -4.122910e+01 -3.467268e+00 7.522814e+01
      vertex   -4.194376e+01 -3.467268e+00 7.521926e+01
      vertex   -4.125323e+01 -3.467268e+00 7.668555e+01
    endloop
  endfacet
  facet normal -3.302026e-15 1.000000e+00 8.594642e-16
    outer loop
      vertex   -4.122910e+01 -3.467268e+00 7.522814e+01
      vertex   -4.125323e+01 -3.467268e+00 7.668555e+01
      vertex   -4.057058e+01 -3.467268e+00 7.672475e+01
    endloop
  endfacet
  facet normal -3.261881e-15 1.000000e+00 1.602872e-16
    outer loop
      vertex   -4.057058e+01 -3.467268e+00 7.672475e+01
      vertex   -4.125323e+01 -3.467268e+00 7.668555e+01
      vertex   -4.076880e+01 -3.467268e+00 7.823222e+01
    endloop
  endfacet
  facet normal -2.730726e-15 1.000000e+00 2.301276e-16
    outer loop
      vertex   -4.057058e+01 -3.467268e+00 7.672475e+01
      vertex   -4.076880e+01 -3.467268e+00 7.823222e+01
      vertex   -4.011304e+01 -3.467268e+00 7.829450e+01
    endloop
  endfacet
  facet normal -2.699287e-15 1.000000e+00 -1.008635e-16
    outer loop
      vertex   -4.011304e+01 -3.467268e+00 7.829450e+01
      vertex   -4.076880e+01 -3.467268e+00 7.823222e+01
      vertex   -4.049947e+01 -3.467268e+00 7.983044e+01
    endloop
  endfacet
  facet normal -3.459008e-15 1.000000e+00 -2.920060e-16
    outer loop
      vertex   -4.011304e+01 -3.467268e+00 7.829450e+01
      vertex   -4.049947e+01 -3.467268e+00 7.983044e+01
      vertex   -3.986431e+01 -3.467268e+00 7.991055e+01
    endloop
  endfacet
  facet normal -3.439862e-15 1.000000e+00 -4.438105e-16
    outer loop
      vertex   -3.986431e+01 -3.467268e+00 7.991055e+01
      vertex   -4.049947e+01 -3.467268e+00 7.983044e+01
      vertex   -4.045029e+01 -3.467268e+00 8.145045e+01
    endloop
  endfacet
  facet normal -2.825467e-15 1.000000e+00 -2.100139e-16
    outer loop
      vertex   -3.986431e+01 -3.467268e+00 7.991055e+01
      vertex   -4.045029e+01 -3.467268e+00 8.145045e+01
      vertex   -3.982864e+01 -3.467268e+00 8.154524e+01
    endloop
  endfacet
  facet normal -2.729080e-15 1.000000e+00 -8.421354e-16
    outer loop
      vertex   -3.982864e+01 -3.467268e+00 8.154524e+01
      vertex   -4.045029e+01 -3.467268e+00 8.145045e+01
      vertex   -4.062215e+01 -3.467268e+00 8.306207e+01
    endloop
  endfacet
  facet normal -2.736812e-15 1.000000e+00 -8.461799e-16
    outer loop
      vertex   -3.982864e+01 -3.467268e+00 8.154524e+01
      vertex   -4.062215e+01 -3.467268e+00 8.306207e+01
      vertex   -4.000664e+01 -3.467268e+00 8.317060e+01
    endloop
  endfacet
  facet normal -2.719380e-15 1.000000e+00 -9.450423e-16
    outer loop
      vertex   -4.000664e+01 -3.467268e+00 8.317060e+01
      vertex   -4.062215e+01 -3.467268e+00 8.306207e+01
      vertex   -4.039528e+01 -3.467268e+00 8.475882e+01
    endloop
  endfacet
  facet normal -1.950792e-15 1.000000e+00 -1.047809e-15
    outer loop
      vertex   -4.039528e+01 -3.467268e+00 8.475882e+01
      vertex   -4.062215e+01 -3.467268e+00 8.306207e+01
      vertex   -4.101186e+01 -3.467268e+00 8.463528e+01
    endloop
  endfacet
  facet normal -1.950378e-15 1.000000e+00 -1.049876e-15
    outer loop
      vertex   -4.039528e+01 -3.467268e+00 8.475882e+01
      vertex   -4.101186e+01 -3.467268e+00 8.463528e+01
      vertex   -4.098789e+01 -3.467268e+00 8.628273e+01
    endloop
  endfacet
  facet normal -1.181474e-15 1.000000e+00 -1.061061e-15
    outer loop
      vertex   -4.098789e+01 -3.467268e+00 8.628273e+01
      vertex   -4.101186e+01 -3.467268e+00 8.463528e+01
      vertex   -4.161215e+01 -3.467268e+00 8.614077e+01
    endloop
  endfacet
  facet normal -1.139683e-15 1.000000e+00 -1.244832e-15
    outer loop
      vertex   -4.098789e+01 -3.467268e+00 8.628273e+01
      vertex   -4.161215e+01 -3.467268e+00 8.614077e+01
      vertex   -4.177435e+01 -3.467268e+00 8.771625e+01
    endloop
  endfacet
  facet normal -1.071370e-15 1.000000e+00 -1.237799e-15
    outer loop
      vertex   -4.177435e+01 -3.467268e+00 8.771625e+01
      vertex   -4.161215e+01 -3.467268e+00 8.614077e+01
      vertex   -4.241186e+01 -3.467268e+00 8.755049e+01
    endloop
  endfacet
  facet normal -1.096580e-15 1.000000e+00 -1.140834e-15
    outer loop
      vertex   -4.177435e+01 -3.467268e+00 8.771625e+01
      vertex   -4.241186e+01 -3.467268e+00 8.755049e+01
      vertex   -4.274118e+01 -3.467268e+00 8.903485e+01
    endloop
  endfacet
  facet normal -1.654599e-15 1.000000e+00 -1.264639e-15
    outer loop
      vertex   -4.274118e+01 -3.467268e+00 8.903485e+01
      vertex   -4.241186e+01 -3.467268e+00 8.755049e+01
      vertex   -4.339607e+01 -3.467268e+00 8.883820e+01
    endloop
  endfacet
  facet normal -1.580129e-15 1.000000e+00 -1.512644e-15
    outer loop
      vertex   -4.274118e+01 -3.467268e+00 8.903485e+01
      vertex   -4.339607e+01 -3.467268e+00 8.883820e+01
      vertex   -4.387186e+01 -3.467268e+00 9.021597e+01
    endloop
  endfacet
  facet normal -2.854131e-16 1.000000e+00 -1.065536e-15
    outer loop
      vertex   -4.387186e+01 -3.467268e+00 9.021597e+01
      vertex   -4.339607e+01 -3.467268e+00 8.883820e+01
      vertex   -4.454646e+01 -3.467268e+00 8.997989e+01
    endloop
  endfacet
  facet normal -4.584163e-16 1.000000e+00 -5.711749e-16
    outer loop
      vertex   -4.387186e+01 -3.467268e+00 9.021597e+01
      vertex   -4.454646e+01 -3.467268e+00 8.997989e+01
      vertex   -4.514703e+01 -3.467268e+00 9.123940e+01
    endloop
  endfacet
  facet normal -4.136844e-16 1.000000e+00 -5.498454e-16
    outer loop
      vertex   -4.514703e+01 -3.467268e+00 9.123940e+01
      vertex   -4.454646e+01 -3.467268e+00 8.997989e+01
      vertex   -4.584160e+01 -3.467268e+00 9.095430e+01
    endloop
  endfacet
  facet normal -3.813926e-16 1.000000e+00 -6.285155e-16
    outer loop
      vertex   -4.514703e+01 -3.467268e+00 9.123940e+01
      vertex   -4.584160e+01 -3.467268e+00 9.095430e+01
      vertex   -4.654488e+01 -3.467268e+00 9.208764e+01
    endloop
  endfacet
  facet normal -3.338092e-16 1.000000e+00 -5.989878e-16
    outer loop
      vertex   -4.654488e+01 -3.467268e+00 9.208764e+01
      vertex   -4.584160e+01 -3.467268e+00 9.095430e+01
      vertex   -4.725735e+01 -3.467268e+00 9.174329e+01
    endloop
  endfacet
  facet normal -4.523621e-16 1.000000e+00 -3.536988e-16
    outer loop
      vertex   -4.654488e+01 -3.467268e+00 9.208764e+01
      vertex   -4.725735e+01 -3.467268e+00 9.174329e+01
      vertex   -4.804149e+01 -3.467268e+00 9.274616e+01
    endloop
  endfacet
  facet normal 0.000000e+00 1.000000e+00 0.000000e+00
    outer loop
      vertex   -4.804149e+01 -3.467268e+00 9.274616e+01
      vertex   -4.725735e+01 -3.467268e+00 9.174329e+01
      vertex   -4.876735e+01 -3.467268e+00 9.233214e+01
    endloop
  endfacet
  facet normal 0.000000e+00 1.000000e+00 0.000000e+00
    outer loop
      vertex   -4.804149e+01 -3.467268e+00 9.274616e+01
      vertex   -4.876735e+01 -3.467268e+00 9.233214e+01
      vertex   -4.961124e+01 -3.467268e+00 9.320370e+01
    endloop
  endfacet
  facet normal 0.000000e+00 1.000000e+00 0.000000e+00
    outer loop
      vertex   -4.961124e+01 -3.467268e+00 9.320370e+01
      vertex   -4.876735e+01 -3.467268e+00 9.233214e+01
      vertex   -5.034347e+01 -3.467268e+00 9.270990e+01
    endloop
  endfacet
  facet normal -4.474717e-16 1.000000e+00 6.635313e-16
    outer loop
      vertex   -4.961124e+01 -3.467268e+00 9.320370e+01
      vertex   -5.034347e+01 -3.467268e+00 9.270990e+01
      vertex   -5.122729e+01 -3.467268e+00 9.345243e+01
    endloop
  endfacet
  facet normal -4.900221e-16 1.000000e+00 6.128841e-16
    outer loop
      vertex   -5.122729e+01 -3.467268e+00 9.345243e+01
      vertex   -5.034347e+01 -3.467268e+00 9.270990e+01
      vertex   -5.195635e+01 -3.467268e+00 9.286953e+01
    endloop
  endfacet
  facet normal -2.644488e-16 1.000000e+00 3.307533e-16
    outer loop
      vertex   -5.122729e+01 -3.467268e+00 9.345243e+01
      vertex   -5.195635e+01 -3.467268e+00 9.286953e+01
      vertex   -5.286198e+01 -3.467268e+00 9.348810e+01
    endloop
  endfacet
  facet normal -2.581771e-17 1.000000e+00 6.801265e-16
    outer loop
      vertex   -5.286198e+01 -3.467268e+00 9.348810e+01
      vertex   -5.195635e+01 -3.467268e+00 9.286953e+01
      vertex   -5.357594e+01 -3.467268e+00 9.280805e+01
    endloop
  endfacet
  facet normal -1.933136e-15 1.000000e+00 2.682530e-15
    outer loop
      vertex   -5.286198e+01 -3.467268e+00 9.348810e+01
      vertex   -5.357594e+01 -3.467268e+00 9.280805e+01
      vertex   -5.448734e+01 -3.467268e+00 9.331010e+01
    endloop
  endfacet
  facet normal -1.248584e-15 1.000000e+00 3.925251e-15
    outer loop
      vertex   -5.448734e+01 -3.467268e+00 9.331010e+01
      vertex   -5.357594e+01 -3.467268e+00 9.280805e+01
      vertex   -5.517207e+01 -3.467268e+00 9.252661e+01
    endloop
  endfacet
  facet normal -7.145857e-02 -1.194519e-03 -9.974429e-01
    outer loop
      vertex   -7.029661e+01 -3.467268e+00 6.950324e+01
      vertex   -7.139181e+01 -1.446727e+01 6.959487e+01
      vertex   -7.244209e+01 -3.467268e+00 6.965694e+01
    endloop
  endfacet
  facet normal -4.028558e-02 1.791718e-03 -9.991866e-01
    outer loop
      vertex   -7.244209e+01 -3.467268e+00 6.965694e+01
      vertex   -7.139181e+01 -1.446727e+01 6.959487e+01
      vertex   -7.408990e+01 -1.446727e+01 6.970366e+01
    endloop
  endfacet
  facet normal -3.662298e-02 1.242453e-03 -9.993284e-01
    outer loop
      vertex   -7.244209e+01 -3.467268e+00 6.965694e+01
      vertex   -7.408990e+01 -1.446727e+01 6.970366e+01
      vertex   -7.330078e+01 -3.433845e+00 6.968845e+01
    endloop
  endfacet
  facet normal -1.689902e-02 -1.689503e-04 -9.998572e-01
    outer loop
      vertex   -7.330078e+01 -3.433845e+00 6.968845e+01
      vertex   -7.408990e+01 -1.446727e+01 6.970366e+01
      vertex   -7.417241e+01 -3.332855e+00 6.970317e+01
    endloop
  endfacet
  facet normal 2.150430e-03 -2.779773e-05 -9.999977e-01
    outer loop
      vertex   -7.417241e+01 -3.332855e+00 6.970317e+01
      vertex   -7.408990e+01 -1.446727e+01 6.970366e+01
      vertex   -7.504595e+01 -3.163217e+00 6.970129e+01
    endloop
  endfacet
  facet normal 2.108171e-02 1.573372e-03 -9.997765e-01
    outer loop
      vertex   -7.504595e+01 -3.163217e+00 6.970129e+01
      vertex   -7.408990e+01 -1.446727e+01 6.970366e+01
      vertex   -7.678959e+01 -1.446727e+01 6.964673e+01
    endloop
  endfacet
  facet normal 2.156048e-02 1.499473e-03 -9.997664e-01
    outer loop
      vertex   -7.504595e+01 -3.163217e+00 6.970129e+01
      vertex   -7.678959e+01 -1.446727e+01 6.964673e+01
      vertex   -7.591038e+01 -2.923851e+00 6.968300e+01
    endloop
  endfacet
  facet normal 4.081580e-02 3.099657e-05 -9.991667e-01
    outer loop
      vertex   -7.591038e+01 -2.923851e+00 6.968300e+01
      vertex   -7.678959e+01 -1.446727e+01 6.964673e+01
      vertex   -7.675470e+01 -2.613681e+00 6.964852e+01
    endloop
  endfacet
  facet normal 6.031925e-02 -2.657233e-05 -9.981791e-01
    outer loop
      vertex   -7.675470e+01 -2.613681e+00 6.964852e+01
      vertex   -7.678959e+01 -1.446727e+01 6.964673e+01
      vertex   -7.756931e+01 -2.234270e+00 6.959929e+01
    endloop
  endfacet
  facet normal 7.894923e-02 1.165920e-03 -9.968780e-01
    outer loop
      vertex   -7.756931e+01 -2.234270e+00 6.959929e+01
      vertex   -7.678959e+01 -1.446727e+01 6.964673e+01
      vertex   -7.834611e+01 -1.791722e+00 6.953828e+01
    endloop
  endfacet
  facet normal 8.236962e-02 1.588305e-03 -9.966006e-01
    outer loop
      vertex   -7.834611e+01 -1.791722e+00 6.953828e+01
      vertex   -7.678959e+01 -1.446727e+01 6.964673e+01
      vertex   -7.948071e+01 -1.446727e+01 6.942431e+01
    endloop
  endfacet
  facet normal 9.558195e-02 3.950523e-04 -9.954215e-01
    outer loop
      vertex   -7.834611e+01 -1.791722e+00 6.953828e+01
      vertex   -7.948071e+01 -1.446727e+01 6.942431e+01
      vertex   -7.907666e+01 -1.292268e+00 6.946833e+01
    endloop
  endfacet
  facet normal 1.124581e-01 -1.283924e-04 -9.936565e-01
    outer loop
      vertex   -7.907666e+01 -1.292268e+00 6.946833e+01
      vertex   -7.948071e+01 -1.446727e+01 6.942431e+01
      vertex   -7.979317e+01 -8.031911e-01 6.938718e+01
    endloop
  endfacet
  facet normal 1.284432e-01 2.424128e-04 -9.917168e-01
    outer loop
      vertex   -7.979317e+01 -8.031911e-01 6.938718e+01
      vertex   -7.948071e+01 -1.446727e+01 6.942431e+01
      vertex   -8.054896e+01 -3.650241e-01 6.928940e+01
    endloop
  endfacet
  facet normal 1.433473e-01 1.390981e-03 -9.896715e-01
    outer loop
      vertex   -8.054896e+01 -3.650241e-01 6.928940e+01
      vertex   -7.948071e+01 -1.446727e+01 6.942431e+01
      vertex   -8.215311e+01 -1.446727e+01 6.903723e+01
    endloop
  endfacet
  facet normal 1.463447e-01 1.042193e-03 -9.892331e-01
    outer loop
      vertex   -8.054896e+01 -3.650241e-01 6.928940e+01
      vertex   -8.215311e+01 -1.446727e+01 6.903723e+01
      vertex   -8.133825e+01 1.251087e-02 6.917303e+01
    endloop
  endfacet
  facet normal 1.643912e-01 -9.472384e-16 -9.863952e-01
    outer loop
      vertex   -8.133825e+01 1.251087e-02 6.917303e+01
      vertex   -8.215311e+01 -1.446727e+01 6.903723e+01
      vertex   -8.215311e+01 3.237469e-01 6.903723e+01
    endloop
  endfacet
  facet normal -1.015011e-01 1.818350e-03 -9.948338e-01
    outer loop
      vertex   -7.139181e+01 -1.446727e+01 6.959487e+01
      vertex   -7.029661e+01 -3.467268e+00 6.950324e+01
      vertex   -6.870546e+01 -1.446727e+01 6.932079e+01
    endloop
  endfacet
  facet normal -1.201194e-01 -9.091937e-04 -9.927590e-01
    outer loop
      vertex   -6.870546e+01 -1.446727e+01 6.932079e+01
      vertex   -7.029661e+01 -3.467268e+00 6.950324e+01
      vertex   -6.816121e+01 -3.467268e+00 6.924486e+01
    endloop
  endfacet
  facet normal -1.623346e-01 1.221080e-03 -9.867350e-01
    outer loop
      vertex   -6.870546e+01 -1.446727e+01 6.932079e+01
      vertex   -6.816121e+01 -3.467268e+00 6.924486e+01
      vertex   -6.604099e+01 -1.446727e+01 6.888244e+01
    endloop
  endfacet
  facet normal -1.684932e-01 0.000000e+00 -9.857028e-01
    outer loop
      vertex   -6.604099e+01 -1.446727e+01 6.888244e+01
      vertex   -6.816121e+01 -3.467268e+00 6.924486e+01
      vertex   -6.604099e+01 -3.467268e+00 6.888244e+01
    endloop
  endfacet
  facet normal -1.627468e-01 0.000000e+00 -9.866679e-01
    outer loop
      vertex   -6.604099e+01 -1.446727e+01 6.888244e+01
      vertex   -6.604099e+01 -3.467268e+00 6.888244e+01
      vertex   -6.341295e+01 -1.446727e+01 6.844895e+01
    endloop
  endfacet
  facet normal -1.627468e-01 0.000000e+00 -9.866679e-01
    outer loop
      vertex   -6.341295e+01 -1.446727e+01 6.844895e+01
      vertex   -6.604099e+01 -3.467268e+00 6.888244e+01
      vertex   -6.341295e+01 -3.467268e+00 6.844895e+01
    endloop
  endfacet
  facet normal -1.027477e-01 0.000000e+00 -9.947074e-01
    outer loop
      vertex   -6.341295e+01 -1.446727e+01 6.844895e+01
      vertex   -6.341295e+01 -3.467268e+00 6.844895e+01
      vertex   -6.076349e+01 -3.467268e+00 6.817528e+01
    endloop
  endfacet
  facet normal -1.027477e-01 1.087522e-15 -9.947074e-01
    outer loop
      vertex   -6.341295e+01 -1.446727e+01 6.844895e+01
      vertex   -6.076349e+01 -3.467268e+00 6.817528e+01
      vertex   -6.076349e+01 -1.446727e+01 6.817528e+01
    endloop
  endfacet
  facet normal -4.237212e-02 1.208625e-15 -9.991019e-01
    outer loop
      vertex   -6.076349e+01 -1.446727e+01 6.817528e+01
      vertex   -6.076349e+01 -3.467268e+00 6.817528e+01
      vertex   -5.810233e+01 -3.467268e+00 6.806242e+01
    endloop
  endfacet
  facet normal -4.237212e-02 -5.494449e-17 -9.991019e-01
    outer loop
      vertex   -6.076349e+01 -1.446727e+01 6.817528e+01
      vertex   -5.810233e+01 -3.467268e+00 6.806242e+01
      vertex   -5.810233e+01 -1.446727e+01 6.806242e+01
    endloop
  endfacet
  facet normal 1.815874e-02 2.345920e-17 -9.998351e-01
    outer loop
      vertex   -5.810233e+01 -1.446727e+01 6.806242e+01
      vertex   -5.810233e+01 -3.467268e+00 6.806242e+01
      vertex   -5.543922e+01 -3.467268e+00 6.811079e+01
    endloop
  endfacet
  facet normal 1.815874e-02 -1.136783e-17 -9.998351e-01
    outer loop
      vertex   -5.810233e+01 -1.446727e+01 6.806242e+01
      vertex   -5.543922e+01 -3.467268e+00 6.811079e+01
      vertex   -5.543922e+01 -1.446727e+01 6.811079e+01
    endloop
  endfacet
  facet normal 7.862306e-02 -5.078640e-17 -9.969044e-01
    outer loop
      vertex   -5.543922e+01 -1.446727e+01 6.811079e+01
      vertex   -5.543922e+01 -3.467268e+00 6.811079e+01
      vertex   -5.278391e+01 -3.467268e+00 6.832020e+01
    endloop
  endfacet
  facet normal 7.862306e-02 1.553603e-16 -9.969044e-01
    outer loop
      vertex   -5.543922e+01 -1.446727e+01 6.811079e+01
      vertex   -5.278391e+01 -3.467268e+00 6.832020e+01
      vertex   -5.278391e+01 -1.446727e+01 6.832020e+01
    endloop
  endfacet
  facet normal 1.387993e-01 2.689713e-16 -9.903205e-01
    outer loop
      vertex   -5.278391e+01 -1.446727e+01 6.832020e+01
      vertex   -5.278391e+01 -3.467268e+00 6.832020e+01
      vertex   -5.014614e+01 -1.446727e+01 6.868990e+01
    endloop
  endfacet
  facet normal 1.387993e-01 -8.965709e-17 -9.903205e-01
    outer loop
      vertex   -5.014614e+01 -1.446727e+01 6.868990e+01
      vertex   -5.278391e+01 -3.467268e+00 6.832020e+01
      vertex   -5.014614e+01 -3.467268e+00 6.868990e+01
    endloop
  endfacet
  facet normal -5.116389e-01 4.490135e-16 8.592006e-01
    outer loop
      vertex   -6.896466e+01 -3.467268e+00 8.772301e+01
      vertex   -7.094126e+01 -3.467268e+00 8.654597e+01
      vertex   -6.896466e+01 -1.446727e+01 8.772301e+01
    endloop
  endfacet
  facet normal -5.053621e-01 1.524382e-03 8.629060e-01
    outer loop
      vertex   -6.896466e+01 -1.446727e+01 8.772301e+01
      vertex   -7.094126e+01 -3.467268e+00 8.654597e+01
      vertex   -7.152820e+01 -1.446727e+01 8.622166e+01
    endloop
  endfacet
  facet normal -4.680425e-01 -1.080140e-03 8.837053e-01
    outer loop
      vertex   -7.152820e+01 -1.446727e+01 8.622166e+01
      vertex   -7.094126e+01 -3.467268e+00 8.654597e+01
      vertex   -7.297425e+01 -3.467268e+00 8.546923e+01
    endloop
  endfacet
  facet normal -4.486075e-01 2.160219e-03 8.937263e-01
    outer loop
      vertex   -7.152820e+01 -1.446727e+01 8.622166e+01
      vertex   -7.297425e+01 -3.467268e+00 8.546923e+01
      vertex   -7.418331e+01 -1.446727e+01 8.488893e+01
    endloop
  endfacet
  facet normal -4.232756e-01 -1.271645e-03 9.060001e-01
    outer loop
      vertex   -7.418331e+01 -1.446727e+01 8.488893e+01
      vertex   -7.297425e+01 -3.467268e+00 8.546923e+01
      vertex   -7.505852e+01 -3.467268e+00 8.449548e+01
    endloop
  endfacet
  facet normal -3.912690e-01 1.785510e-03 9.202746e-01
    outer loop
      vertex   -7.418331e+01 -1.446727e+01 8.488893e+01
      vertex   -7.505852e+01 -3.467268e+00 8.449548e+01
      vertex   -7.585129e+01 -3.433918e+00 8.415835e+01
    endloop
  endfacet
  facet normal -3.899825e-01 2.016118e-03 9.208201e-01
    outer loop
      vertex   -7.418331e+01 -1.446727e+01 8.488893e+01
      vertex   -7.585129e+01 -3.433918e+00 8.415835e+01
      vertex   -7.691892e+01 -1.446727e+01 8.373035e+01
    endloop
  endfacet
  facet normal -3.737690e-01 1.872709e-04 9.275218e-01
    outer loop
      vertex   -7.691892e+01 -1.446727e+01 8.373035e+01
      vertex   -7.585129e+01 -3.433918e+00 8.415835e+01
      vertex   -7.666204e+01 -3.333107e+00 8.383162e+01
    endloop
  endfacet
  facet normal -3.568414e-01 -2.636899e-04 9.341649e-01
    outer loop
      vertex   -7.691892e+01 -1.446727e+01 8.373035e+01
      vertex   -7.666204e+01 -3.333107e+00 8.383162e+01
      vertex   -7.748040e+01 -3.163691e+00 8.351906e+01
    endloop
  endfacet
  facet normal -3.395329e-01 7.162507e-04 9.405939e-01
    outer loop
      vertex   -7.748040e+01 -3.163691e+00 8.351906e+01
      vertex   -7.829600e+01 -2.924527e+00 8.322447e+01
      vertex   -7.691892e+01 -1.446727e+01 8.373035e+01
    endloop
  endfacet
  facet normal -3.297306e-01 2.038159e-03 9.440728e-01
    outer loop
      vertex   -7.691892e+01 -1.446727e+01 8.373035e+01
      vertex   -7.829600e+01 -2.924527e+00 8.322447e+01
      vertex   -7.972360e+01 -1.446727e+01 8.275078e+01
    endloop
  endfacet
  facet normal -3.215960e-01 9.170162e-04 9.468765e-01
    outer loop
      vertex   -7.972360e+01 -1.446727e+01 8.275078e+01
      vertex   -7.829600e+01 -2.924527e+00 8.322447e+01
      vertex   -7.909845e+01 -2.614479e+00 8.295162e+01
    endloop
  endfacet
  facet normal -3.041391e-01 -1.011576e-04 9.526276e-01
    outer loop
      vertex   -7.972360e+01 -1.446727e+01 8.275078e+01
      vertex   -7.909845e+01 -2.614479e+00 8.295162e+01
      vertex   -7.987829e+01 -2.235034e+00 8.270269e+01
    endloop
  endfacet
  facet normal -2.875259e-01 1.291653e-04 9.577728e-01
    outer loop
      vertex   -7.987829e+01 -2.235034e+00 8.270269e+01
      vertex   -8.062687e+01 -1.792238e+00 8.247790e+01
      vertex   -7.972360e+01 -1.446727e+01 8.275078e+01
    endloop
  endfacet
  facet normal -2.709279e-01 1.415903e-03 9.625986e-01
    outer loop
      vertex   -7.972360e+01 -1.446727e+01 8.275078e+01
      vertex   -8.062687e+01 -1.792238e+00 8.247790e+01
      vertex   -8.133531e+01 -1.292268e+00 8.227777e+01
    endloop
  endfacet
  facet normal -2.681037e-01 1.789742e-03 9.633884e-01
    outer loop
      vertex   -7.972360e+01 -1.446727e+01 8.275078e+01
      vertex   -8.133531e+01 -1.292268e+00 8.227777e+01
      vertex   -8.258566e+01 -1.446727e+01 8.195429e+01
    endloop
  endfacet
  facet normal -2.531953e-01 2.760230e-04 9.674151e-01
    outer loop
      vertex   -8.258566e+01 -1.446727e+01 8.195429e+01
      vertex   -8.133531e+01 -1.292268e+00 8.227777e+01
      vertex   -8.228021e+01 -6.481610e-01 8.203029e+01
    endloop
  endfacet
  facet normal -2.328804e-01 -2.010037e-04 9.725054e-01
    outer loop
      vertex   -8.258566e+01 -1.446727e+01 8.195429e+01
      vertex   -8.228021e+01 -6.481610e-01 8.203029e+01
      vertex   -8.329875e+01 -1.016272e-01 8.178650e+01
    endloop
  endfacet
  facet normal -2.089137e-01 1.052064e-03 9.779335e-01
    outer loop
      vertex   -8.329875e+01 -1.016272e-01 8.178650e+01
      vertex   -8.437693e+01 3.279799e-01 8.155571e+01
      vertex   -8.258566e+01 -1.446727e+01 8.195429e+01
    endloop
  endfacet
  facet normal -2.053584e-01 1.502763e-03 9.786857e-01
    outer loop
      vertex   -8.258566e+01 -1.446727e+01 8.195429e+01
      vertex   -8.437693e+01 3.279799e-01 8.155571e+01
      vertex   -8.549317e+01 -1.446727e+01 8.134420e+01
    endloop
  endfacet
  facet normal -1.861662e-01 5.740743e-16 9.825183e-01
    outer loop
      vertex   -8.549317e+01 -1.446727e+01 8.134420e+01
      vertex   -8.437693e+01 3.279799e-01 8.155571e+01
      vertex   -8.549317e+01 6.375058e-01 8.134420e+01
    endloop
  endfacet
  facet normal -5.053627e-01 4.619100e-16 8.629070e-01
    outer loop
      vertex   -6.896466e+01 -3.467268e+00 8.772301e+01
      vertex   -6.896466e+01 -1.446727e+01 8.772301e+01
      vertex   -6.671932e+01 -3.467268e+00 8.903799e+01
    endloop
  endfacet
  facet normal -5.053627e-01 0.000000e+00 8.629070e-01
    outer loop
      vertex   -6.671932e+01 -3.467268e+00 8.903799e+01
      vertex   -6.896466e+01 -1.446727e+01 8.772301e+01
      vertex   -6.671932e+01 -1.446727e+01 8.903799e+01
    endloop
  endfacet
  facet normal -4.486085e-01 0.000000e+00 8.937284e-01
    outer loop
      vertex   -6.671932e+01 -3.467268e+00 8.903799e+01
      vertex   -6.671932e+01 -1.446727e+01 8.903799e+01
      vertex   -6.439379e+01 -3.467268e+00 9.020530e+01
    endloop
  endfacet
  facet normal -4.486085e-01 -5.795555e-16 8.937284e-01
    outer loop
      vertex   -6.439379e+01 -3.467268e+00 9.020530e+01
      vertex   -6.671932e+01 -1.446727e+01 8.903799e+01
      vertex   -6.439379e+01 -1.446727e+01 9.020530e+01
    endloop
  endfacet
  facet normal -3.899832e-01 -5.038178e-16 9.208220e-01
    outer loop
      vertex   -6.439379e+01 -3.467268e+00 9.020530e+01
      vertex   -6.439379e+01 -1.446727e+01 9.020530e+01
      vertex   -6.199776e+01 -3.467268e+00 9.122005e+01
    endloop
  endfacet
  facet normal -3.899832e-01 2.379212e-15 9.208220e-01
    outer loop
      vertex   -6.199776e+01 -3.467268e+00 9.122005e+01
      vertex   -6.439379e+01 -1.446727e+01 9.020530e+01
      vertex   -6.199776e+01 -1.446727e+01 9.122005e+01
    endloop
  endfacet
  facet normal -3.297313e-01 2.439293e-15 9.440748e-01
    outer loop
      vertex   -6.199776e+01 -3.467268e+00 9.122005e+01
      vertex   -6.199776e+01 -1.446727e+01 9.122005e+01
      vertex   -5.954122e+01 -3.467268e+00 9.207803e+01
    endloop
  endfacet
  facet normal -3.297313e-01 2.439293e-15 9.440748e-01
    outer loop
      vertex   -5.954122e+01 -3.467268e+00 9.207803e+01
      vertex   -6.199776e+01 -1.446727e+01 9.122005e+01
      vertex   -5.954122e+01 -1.446727e+01 9.207803e+01
    endloop
  endfacet
  facet normal -2.681041e-01 2.489199e-15 9.633899e-01
    outer loop
      vertex   -5.954122e+01 -3.467268e+00 9.207803e+01
      vertex   -5.954122e+01 -1.446727e+01 9.207803e+01
      vertex   -5.703443e+01 -3.467268e+00 9.277566e+01
    endloop
  endfacet
  facet normal -2.681041e-01 -1.731813e-16 9.633899e-01
    outer loop
      vertex   -5.703443e+01 -3.467268e+00 9.277566e+01
      vertex   -5.954122e+01 -1.446727e+01 9.207803e+01
      vertex   -5.703443e+01 -1.446727e+01 9.277566e+01
    endloop
  endfacet
  facet normal -2.053586e-01 -1.326510e-16 9.786868e-01
    outer loop
      vertex   -5.703443e+01 -3.467268e+00 9.277566e+01
      vertex   -5.703443e+01 -1.446727e+01 9.277566e+01
      vertex   -5.448783e+01 -3.467268e+00 9.331001e+01
    endloop
  endfacet
  facet normal -2.053586e-01 9.990595e-16 9.786868e-01
    outer loop
      vertex   -5.448783e+01 -3.467268e+00 9.331001e+01
      vertex   -5.703443e+01 -1.446727e+01 9.277566e+01
      vertex   -5.448783e+01 -1.446727e+01 9.331001e+01
    endloop
  endfacet
  facet normal -1.736482e-01 1.047934e-15 9.848078e-01
    outer loop
      vertex   -5.448783e+01 -3.467268e+00 9.331001e+01
      vertex   -5.448783e+01 -1.446727e+01 9.331001e+01
      vertex   -5.448734e+01 -3.467268e+00 9.331010e+01
    endloop
  endfacet
  facet normal -1.736482e-01 0.000000e+00 9.848078e-01
    outer loop
      vertex   -5.448734e+01 -3.467268e+00 9.331010e+01
      vertex   -5.448783e+01 -1.446727e+01 9.331001e+01
      vertex   -5.448734e+01 -1.446727e+01 9.331010e+01
    endloop
  endfacet
  facet normal -1.736482e-01 2.988418e-15 9.848078e-01
    outer loop
      vertex   -9.798135e+01 -1.446727e+01 7.914220e+01
      vertex   -8.549317e+01 -1.446727e+01 8.134420e+01
      vertex   -8.552353e+01 -9.967268e+00 8.133885e+01
    endloop
  endfacet
  facet normal -1.736482e-01 5.997640e-16 9.848078e-01
    outer loop
      vertex   -8.552353e+01 -9.967268e+00 8.133885e+01
      vertex   -8.549317e+01 -1.446727e+01 8.134420e+01
      vertex   -8.549317e+01 6.375058e-01 8.134420e+01
    endloop
  endfacet
  facet normal -1.736482e-01 0.000000e+00 9.848078e-01
    outer loop
      vertex   -8.552353e+01 -9.967268e+00 8.133885e+01
      vertex   -8.549317e+01 6.375058e-01 8.134420e+01
      vertex   -8.552353e+01 -3.617268e+00 8.133885e+01
    endloop
  endfacet
  facet normal -1.736482e-01 -8.694365e-16 9.848078e-01
    outer loop
      vertex   -8.552353e+01 -3.617268e+00 8.133885e+01
      vertex   -8.549317e+01 6.375058e-01 8.134420e+01
      vertex   -8.624508e+01 7.735165e-01 8.121162e+01
    endloop
  endfacet
  facet normal -1.736482e-01 2.611895e-15 9.848078e-01
    outer loop
      vertex   -8.552353e+01 -3.617268e+00 8.133885e+01
      vertex   -8.624508e+01 7.735165e-01 8.121162e+01
      vertex   -8.700455e+01 8.553943e-01 8.107771e+01
    endloop
  endfacet
  facet normal -1.736482e-01 7.422279e-15 9.848078e-01
    outer loop
      vertex   -8.700455e+01 8.553943e-01 8.107771e+01
      vertex   -8.776781e+01 8.827322e-01 8.094312e+01
      vertex   -8.552353e+01 -3.617268e+00 8.133885e+01
    endloop
  endfacet
  facet normal -1.736482e-01 -1.497850e-15 9.848078e-01
    outer loop
      vertex   -8.552353e+01 -3.617268e+00 8.133885e+01
      vertex   -8.776781e+01 8.827322e-01 8.094312e+01
      vertex   -9.798135e+01 -3.617268e+00 7.914220e+01
    endloop
  endfacet
  facet normal -1.736482e-01 0.000000e+00 9.848078e-01
    outer loop
      vertex   -9.798135e+01 -3.617268e+00 7.914220e+01
      vertex   -8.776781e+01 8.827322e-01 8.094312e+01
      vertex   -9.798135e+01 8.827322e-01 7.914220e+01
    endloop
  endfacet
  facet normal -1.736482e-01 0.000000e+00 9.848078e-01
    outer loop
      vertex   -8.552353e+01 -9.967268e+00 8.133885e+01
      vertex   -9.798135e+01 -9.967268e+00 7.914220e+01
      vertex   -9.798135e+01 -1.446727e+01 7.914220e+01
    endloop
  endfacet
  facet normal 1.736482e-01 -9.461798e-16 -9.848078e-01
    outer loop
      vertex   -8.215311e+01 3.237469e-01 6.903723e+01
      vertex   -8.215311e+01 -1.446727e+01 6.903723e+01
      vertex   -8.326778e+01 6.331110e-01 6.884068e+01
    endloop
  endfacet
  facet normal 1.736482e-01 -4.577660e-16 -9.848078e-01
    outer loop
      vertex   -8.326778e+01 6.331110e-01 6.884068e+01
      vertex   -8.215311e+01 -1.446727e+01 6.903723e+01
      vertex   -8.440857e+01 8.201489e-01 6.863953e+01
    endloop
  endfacet
  facet normal 1.736482e-01 -3.353493e-16 -9.848078e-01
    outer loop
      vertex   -8.440857e+01 8.201489e-01 6.863953e+01
      vertex   -8.215311e+01 -1.446727e+01 6.903723e+01
      vertex   -9.168907e+01 -9.967268e+00 6.735578e+01
    endloop
  endfacet
  facet normal 1.736482e-01 1.525212e-16 -9.848078e-01
    outer loop
      vertex   -8.440857e+01 8.201489e-01 6.863953e+01
      vertex   -9.168907e+01 -9.967268e+00 6.735578e+01
      vertex   -8.556248e+01 8.827322e-01 6.843606e+01
    endloop
  endfacet
  facet normal 1.736482e-01 0.000000e+00 -9.848078e-01
    outer loop
      vertex   -8.556248e+01 8.827322e-01 6.843606e+01
      vertex   -9.168907e+01 -9.967268e+00 6.735578e+01
      vertex   -9.168907e+01 -3.617268e+00 6.735578e+01
    endloop
  endfacet
  facet normal 1.736482e-01 -2.474038e-15 -9.848078e-01
    outer loop
      vertex   -8.556248e+01 8.827322e-01 6.843606e+01
      vertex   -9.168907e+01 -3.617268e+00 6.735578e+01
      vertex   -9.577602e+01 8.827322e-01 6.663514e+01
    endloop
  endfacet
  facet normal 1.736482e-01 -3.109991e-15 -9.848078e-01
    outer loop
      vertex   -9.577602e+01 8.827322e-01 6.663514e+01
      vertex   -9.168907e+01 -3.617268e+00 6.735578e+01
      vertex   -9.577602e+01 -3.617268e+00 6.663514e+01
    endloop
  endfacet
  facet normal 1.736482e-01 3.424369e-16 -9.848078e-01
    outer loop
      vertex   -8.215311e+01 -1.446727e+01 6.903723e+01
      vertex   -9.577602e+01 -1.446727e+01 6.663514e+01
      vertex   -9.168907e+01 -9.967268e+00 6.735578e+01
    endloop
  endfacet
  facet normal 1.736482e-01 0.000000e+00 -9.848078e-01
    outer loop
      vertex   -9.168907e+01 -9.967268e+00 6.735578e+01
      vertex   -9.577602e+01 -1.446727e+01 6.663514e+01
      vertex   -9.577602e+01 -9.967268e+00 6.663514e+01
    endloop
  endfacet
  facet normal -9.994965e-01 -0.000000e+00 -3.172793e-02
    outer loop
      vertex   -4.269003e+01 4.532732e+00 8.191073e+01
      vertex   -4.269003e+01 -4.967268e+00 8.191073e+01
      vertex   -4.271486e+01 4.532732e+00 8.269307e+01
    endloop
  endfacet
  facet normal -9.994965e-01 -0.000000e+00 -3.172793e-02
    outer loop
      vertex   -4.271486e+01 4.532732e+00 8.269307e+01
      vertex   -4.269003e+01 -4.967268e+00 8.191073e+01
      vertex   -4.271486e+01 -4.967268e+00 8.269307e+01
    endloop
  endfacet
  facet normal -9.500711e-01 -0.000000e+00 -3.120334e-01
    outer loop
      vertex   -4.271486e+01 4.532732e+00 8.269307e+01
      vertex   -4.271486e+01 -4.967268e+00 8.269307e+01
      vertex   -4.295910e+01 4.532732e+00 8.343672e+01
    endloop
  endfacet
  facet normal -9.500711e-01 -0.000000e+00 -3.120334e-01
    outer loop
      vertex   -4.295910e+01 4.532732e+00 8.343672e+01
      vertex   -4.271486e+01 -4.967268e+00 8.269307e+01
      vertex   -4.295910e+01 -4.967268e+00 8.343672e+01
    endloop
  endfacet
  facet normal -8.236766e-01 -0.000000e+00 -5.670599e-01
    outer loop
      vertex   -4.295910e+01 4.532732e+00 8.343672e+01
      vertex   -4.295910e+01 -4.967268e+00 8.343672e+01
      vertex   -4.340296e+01 4.532732e+00 8.408144e+01
    endloop
  endfacet
  facet normal -8.236766e-01 -6.160604e-16 -5.670599e-01
    outer loop
      vertex   -4.340296e+01 4.532732e+00 8.408144e+01
      vertex   -4.295910e+01 -4.967268e+00 8.343672e+01
      vertex   -4.340296e+01 -4.967268e+00 8.408144e+01
    endloop
  endfacet
  facet normal -6.305527e-01 -4.716154e-16 -7.761465e-01
    outer loop
      vertex   -4.340296e+01 4.532732e+00 8.408144e+01
      vertex   -4.340296e+01 -4.967268e+00 8.408144e+01
      vertex   -4.401047e+01 4.532732e+00 8.457499e+01
    endloop
  endfacet
  facet normal -6.305527e-01 -0.000000e+00 -7.761465e-01
    outer loop
      vertex   -4.401047e+01 4.532732e+00 8.457499e+01
      vertex   -4.340296e+01 -4.967268e+00 8.408144e+01
      vertex   -4.401047e+01 -4.967268e+00 8.457499e+01
    endloop
  endfacet
  facet normal -3.863451e-01 -0.000000e+00 -9.223543e-01
    outer loop
      vertex   -4.401047e+01 4.532732e+00 8.457499e+01
      vertex   -4.401047e+01 -4.967268e+00 8.457499e+01
      vertex   -4.473243e+01 4.532732e+00 8.487740e+01
    endloop
  endfacet
  facet normal -3.863451e-01 -0.000000e+00 -9.223543e-01
    outer loop
      vertex   -4.473243e+01 4.532732e+00 8.487740e+01
      vertex   -4.401047e+01 -4.967268e+00 8.457499e+01
      vertex   -4.473243e+01 -4.967268e+00 8.487740e+01
    endloop
  endfacet
  facet normal -1.108382e-01 -0.000000e+00 -9.938385e-01
    outer loop
      vertex   -4.473243e+01 4.532732e+00 8.487740e+01
      vertex   -4.473243e+01 -4.967268e+00 8.487740e+01
      vertex   -4.551034e+01 4.532732e+00 8.496415e+01
    endloop
  endfacet
  facet normal -1.108382e-01 -1.486663e-15 -9.938385e-01
    outer loop
      vertex   -4.551034e+01 4.532732e+00 8.496415e+01
      vertex   -4.473243e+01 -4.967268e+00 8.487740e+01
      vertex   -4.551034e+01 -4.967268e+00 8.496415e+01
    endloop
  endfacet
  facet normal 1.736482e-01 -1.473154e-15 -9.848078e-01
    outer loop
      vertex   -4.551034e+01 4.532732e+00 8.496415e+01
      vertex   -4.551034e+01 -4.967268e+00 8.496415e+01
      vertex   -4.628118e+01 4.532732e+00 8.482823e+01
    endloop
  endfacet
  facet normal 1.736482e-01 0.000000e+00 -9.848078e-01
    outer loop
      vertex   -4.628118e+01 4.532732e+00 8.482823e+01
      vertex   -4.551034e+01 -4.967268e+00 8.496415e+01
      vertex   -4.628118e+01 -4.967268e+00 8.482823e+01
    endloop
  endfacet
  facet normal 4.440666e-01 0.000000e+00 -8.959938e-01
    outer loop
      vertex   -4.628118e+01 4.532732e+00 8.482823e+01
      vertex   -4.628118e+01 -4.967268e+00 8.482823e+01
      vertex   -4.698250e+01 4.532732e+00 8.448065e+01
    endloop
  endfacet
  facet normal 4.440666e-01 0.000000e+00 -8.959938e-01
    outer loop
      vertex   -4.698250e+01 4.532732e+00 8.448065e+01
      vertex   -4.628118e+01 -4.967268e+00 8.482823e+01
      vertex   -4.698250e+01 -4.967268e+00 8.448065e+01
    endloop
  endfacet
  facet normal 6.785094e-01 0.000000e+00 -7.345917e-01
    outer loop
      vertex   -4.698250e+01 4.532732e+00 8.448065e+01
      vertex   -4.698250e+01 -4.967268e+00 8.448065e+01
      vertex   -4.755749e+01 4.532732e+00 8.394956e+01
    endloop
  endfacet
  facet normal 6.785094e-01 0.000000e+00 -7.345917e-01
    outer loop
      vertex   -4.755749e+01 4.532732e+00 8.394956e+01
      vertex   -4.698250e+01 -4.967268e+00 8.448065e+01
      vertex   -4.755749e+01 -4.967268e+00 8.394956e+01
    endloop
  endfacet
  facet normal 8.579834e-01 0.000000e+00 -5.136774e-01
    outer loop
      vertex   -4.755749e+01 4.532732e+00 8.394956e+01
      vertex   -4.755749e+01 -4.967268e+00 8.394956e+01
      vertex   -4.795956e+01 4.532732e+00 8.327799e+01
    endloop
  endfacet
  facet normal 8.579834e-01 0.000000e+00 -5.136774e-01
    outer loop
      vertex   -4.795956e+01 4.532732e+00 8.327799e+01
      vertex   -4.755749e+01 -4.967268e+00 8.394956e+01
      vertex   -4.795956e+01 -4.967268e+00 8.327799e+01
    endloop
  endfacet
  facet normal 9.679487e-01 0.000000e+00 -2.511480e-01
    outer loop
      vertex   -4.795956e+01 4.532732e+00 8.327799e+01
      vertex   -4.795956e+01 -4.967268e+00 8.327799e+01
      vertex   -4.815614e+01 4.532732e+00 8.252034e+01
    endloop
  endfacet
  facet normal 9.679487e-01 0.000000e+00 -2.511480e-01
    outer loop
      vertex   -4.815614e+01 4.532732e+00 8.252034e+01
      vertex   -4.795956e+01 -4.967268e+00 8.327799e+01
      vertex   -4.815614e+01 -4.967268e+00 8.252034e+01
    endloop
  endfacet
  facet normal 9.994965e-01 0.000000e+00 3.172793e-02
    outer loop
      vertex   -4.815614e+01 4.532732e+00 8.252034e+01
      vertex   -4.815614e+01 -4.967268e+00 8.252034e+01
      vertex   -4.813131e+01 4.532732e+00 8.173800e+01
    endloop
  endfacet
  facet normal 9.994965e-01 0.000000e+00 3.172793e-02
    outer loop
      vertex   -4.813131e+01 4.532732e+00 8.173800e+01
      vertex   -4.815614e+01 -4.967268e+00 8.252034e+01
      vertex   -4.813131e+01 -4.967268e+00 8.173800e+01
    endloop
  endfacet
  facet normal 9.500711e-01 0.000000e+00 3.120334e-01
    outer loop
      vertex   -4.813131e+01 4.532732e+00 8.173800e+01
      vertex   -4.813131e+01 -4.967268e+00 8.173800e+01
      vertex   -4.788707e+01 4.532732e+00 8.099435e+01
    endloop
  endfacet
  facet normal 9.500711e-01 0.000000e+00 3.120334e-01
    outer loop
      vertex   -4.788707e+01 4.532732e+00 8.099435e+01
      vertex   -4.813131e+01 -4.967268e+00 8.173800e+01
      vertex   -4.788707e+01 -4.967268e+00 8.099435e+01
    endloop
  endfacet
  facet normal 8.236766e-01 0.000000e+00 5.670599e-01
    outer loop
      vertex   -4.788707e+01 4.532732e+00 8.099435e+01
      vertex   -4.788707e+01 -4.967268e+00 8.099435e+01
      vertex   -4.744321e+01 4.532732e+00 8.034964e+01
    endloop
  endfacet
  facet normal 8.236766e-01 -6.160604e-16 5.670599e-01
    outer loop
      vertex   -4.744321e+01 4.532732e+00 8.034964e+01
      vertex   -4.788707e+01 -4.967268e+00 8.099435e+01
      vertex   -4.744321e+01 -4.967268e+00 8.034964e+01
    endloop
  endfacet
  facet normal 6.305527e-01 -4.716154e-16 7.761465e-01
    outer loop
      vertex   -4.744321e+01 4.532732e+00 8.034964e+01
      vertex   -4.744321e+01 -4.967268e+00 8.034964e+01
      vertex   -4.683570e+01 4.532732e+00 7.985608e+01
    endloop
  endfacet
  facet normal 6.305527e-01 -1.161022e-15 7.761465e-01
    outer loop
      vertex   -4.683570e+01 4.532732e+00 7.985608e+01
      vertex   -4.744321e+01 -4.967268e+00 8.034964e+01
      vertex   -4.683570e+01 -4.967268e+00 7.985608e+01
    endloop
  endfacet
  facet normal 3.863451e-01 -1.379731e-15 9.223543e-01
    outer loop
      vertex   -4.683570e+01 4.532732e+00 7.985608e+01
      vertex   -4.683570e+01 -4.967268e+00 7.985608e+01
      vertex   -4.611374e+01 4.532732e+00 7.955368e+01
    endloop
  endfacet
  facet normal 3.863451e-01 0.000000e+00 9.223543e-01
    outer loop
      vertex   -4.611374e+01 4.532732e+00 7.955368e+01
      vertex   -4.683570e+01 -4.967268e+00 7.985608e+01
      vertex   -4.611374e+01 -4.967268e+00 7.955368e+01
    endloop
  endfacet
  facet normal 1.108382e-01 0.000000e+00 9.938385e-01
    outer loop
      vertex   -4.611374e+01 4.532732e+00 7.955368e+01
      vertex   -4.611374e+01 -4.967268e+00 7.955368e+01
      vertex   -4.533583e+01 4.532732e+00 7.946692e+01
    endloop
  endfacet
  facet normal 1.108382e-01 -1.486663e-15 9.938385e-01
    outer loop
      vertex   -4.533583e+01 4.532732e+00 7.946692e+01
      vertex   -4.611374e+01 -4.967268e+00 7.955368e+01
      vertex   -4.533583e+01 -4.967268e+00 7.946692e+01
    endloop
  endfacet
  facet normal -1.736482e-01 -1.473154e-15 9.848078e-01
    outer loop
      vertex   -4.533583e+01 4.532732e+00 7.946692e+01
      vertex   -4.533583e+01 -4.967268e+00 7.946692e+01
      vertex   -4.456499e+01 4.532732e+00 7.960284e+01
    endloop
  endfacet
  facet normal -1.736482e-01 0.000000e+00 9.848078e-01
    outer loop
      vertex   -4.456499e+01 4.532732e+00 7.960284e+01
      vertex   -4.533583e+01 -4.967268e+00 7.946692e+01
      vertex   -4.456499e+01 -4.967268e+00 7.960284e+01
    endloop
  endfacet
  facet normal -4.440666e-01 0.000000e+00 8.959938e-01
    outer loop
      vertex   -4.456499e+01 4.532732e+00 7.960284e+01
      vertex   -4.456499e+01 -4.967268e+00 7.960284e+01
      vertex   -4.386367e+01 4.532732e+00 7.995043e+01
    endloop
  endfacet
  facet normal -4.440666e-01 0.000000e+00 8.959938e-01
    outer loop
      vertex   -4.386367e+01 4.532732e+00 7.995043e+01
      vertex   -4.456499e+01 -4.967268e+00 7.960284e+01
      vertex   -4.386367e+01 -4.967268e+00 7.995043e+01
    endloop
  endfacet
  facet normal -6.785094e-01 0.000000e+00 7.345917e-01
    outer loop
      vertex   -4.386367e+01 4.532732e+00 7.995043e+01
      vertex   -4.386367e+01 -4.967268e+00 7.995043e+01
      vertex   -4.328868e+01 4.532732e+00 8.048152e+01
    endloop
  endfacet
  facet normal -6.785094e-01 0.000000e+00 7.345917e-01
    outer loop
      vertex   -4.328868e+01 4.532732e+00 8.048152e+01
      vertex   -4.386367e+01 -4.967268e+00 7.995043e+01
      vertex   -4.328868e+01 -4.967268e+00 8.048152e+01
    endloop
  endfacet
  facet normal -8.579834e-01 0.000000e+00 5.136774e-01
    outer loop
      vertex   -4.328868e+01 4.532732e+00 8.048152e+01
      vertex   -4.328868e+01 -4.967268e+00 8.048152e+01
      vertex   -4.288661e+01 4.532732e+00 8.115309e+01
    endloop
  endfacet
  facet normal -8.579834e-01 -6.417199e-16 5.136774e-01
    outer loop
      vertex   -4.288661e+01 4.532732e+00 8.115309e+01
      vertex   -4.328868e+01 -4.967268e+00 8.048152e+01
      vertex   -4.288661e+01 -4.967268e+00 8.115309e+01
    endloop
  endfacet
  facet normal -9.679487e-01 -7.239673e-16 2.511480e-01
    outer loop
      vertex   -4.288661e+01 4.532732e+00 8.115309e+01
      vertex   -4.288661e+01 -4.967268e+00 8.115309e+01
      vertex   -4.269003e+01 4.532732e+00 8.191073e+01
    endloop
  endfacet
  facet normal -9.679487e-01 0.000000e+00 2.511480e-01
    outer loop
      vertex   -4.269003e+01 4.532732e+00 8.191073e+01
      vertex   -4.288661e+01 -4.967268e+00 8.115309e+01
      vertex   -4.269003e+01 -4.967268e+00 8.191073e+01
    endloop
  endfacet
  facet normal -9.500711e-01 0.000000e+00 -3.120334e-01
    outer loop
      vertex   -4.295910e+01 -1.446727e+01 8.343672e+01
      vertex   -4.295910e+01 -4.967268e+00 8.343672e+01
      vertex   -4.271486e+01 -1.446727e+01 8.269307e+01
    endloop
  endfacet
  facet normal -9.500711e-01 -7.105959e-16 -3.120334e-01
    outer loop
      vertex   -4.271486e+01 -1.446727e+01 8.269307e+01
      vertex   -4.295910e+01 -4.967268e+00 8.343672e+01
      vertex   -4.271486e+01 -4.967268e+00 8.269307e+01
    endloop
  endfacet
  facet normal -9.994965e-01 -7.475632e-16 -3.172793e-02
    outer loop
      vertex   -4.271486e+01 -1.446727e+01 8.269307e+01
      vertex   -4.271486e+01 -4.967268e+00 8.269307e+01
      vertex   -4.269003e+01 -1.446727e+01 8.191073e+01
    endloop
  endfacet
  facet normal -9.994965e-01 0.000000e+00 -3.172793e-02
    outer loop
      vertex   -4.269003e+01 -1.446727e+01 8.191073e+01
      vertex   -4.271486e+01 -4.967268e+00 8.269307e+01
      vertex   -4.269003e+01 -4.967268e+00 8.191073e+01
    endloop
  endfacet
  facet normal -9.679487e-01 0.000000e+00 2.511480e-01
    outer loop
      vertex   -4.269003e+01 -1.446727e+01 8.191073e+01
      vertex   -4.269003e+01 -4.967268e+00 8.191073e+01
      vertex   -4.288661e+01 -1.446727e+01 8.115309e+01
    endloop
  endfacet
  facet normal -9.679487e-01 7.239673e-16 2.511480e-01
    outer loop
      vertex   -4.288661e+01 -1.446727e+01 8.115309e+01
      vertex   -4.269003e+01 -4.967268e+00 8.191073e+01
      vertex   -4.288661e+01 -4.967268e+00 8.115309e+01
    endloop
  endfacet
  facet normal -8.579834e-01 6.417199e-16 5.136774e-01
    outer loop
      vertex   -4.288661e+01 -1.446727e+01 8.115309e+01
      vertex   -4.288661e+01 -4.967268e+00 8.115309e+01
      vertex   -4.328868e+01 -1.446727e+01 8.048152e+01
    endloop
  endfacet
  facet normal -8.579834e-01 -6.417199e-16 5.136774e-01
    outer loop
      vertex   -4.328868e+01 -1.446727e+01 8.048152e+01
      vertex   -4.288661e+01 -4.967268e+00 8.115309e+01
      vertex   -4.328868e+01 -4.967268e+00 8.048152e+01
    endloop
  endfacet
  facet normal -6.785094e-01 -5.074841e-16 7.345917e-01
    outer loop
      vertex   -4.328868e+01 -1.446727e+01 8.048152e+01
      vertex   -4.328868e+01 -4.967268e+00 8.048152e+01
      vertex   -4.386367e+01 -1.446727e+01 7.995043e+01
    endloop
  endfacet
  facet normal -6.785094e-01 0.000000e+00 7.345917e-01
    outer loop
      vertex   -4.386367e+01 -1.446727e+01 7.995043e+01
      vertex   -4.328868e+01 -4.967268e+00 8.048152e+01
      vertex   -4.386367e+01 -4.967268e+00 7.995043e+01
    endloop
  endfacet
  facet normal -4.440666e-01 0.000000e+00 8.959938e-01
    outer loop
      vertex   -4.386367e+01 -1.446727e+01 7.995043e+01
      vertex   -4.386367e+01 -4.967268e+00 7.995043e+01
      vertex   -4.456499e+01 -1.446727e+01 7.960284e+01
    endloop
  endfacet
  facet normal -4.440666e-01 0.000000e+00 8.959938e-01
    outer loop
      vertex   -4.456499e+01 -1.446727e+01 7.960284e+01
      vertex   -4.386367e+01 -4.967268e+00 7.995043e+01
      vertex   -4.456499e+01 -4.967268e+00 7.960284e+01
    endloop
  endfacet
  facet normal -1.736482e-01 0.000000e+00 9.848078e-01
    outer loop
      vertex   -4.456499e+01 -1.446727e+01 7.960284e+01
      vertex   -4.456499e+01 -4.967268e+00 7.960284e+01
      vertex   -4.533583e+01 -1.446727e+01 7.946692e+01
    endloop
  endfacet
  facet normal -1.736482e-01 1.473154e-15 9.848078e-01
    outer loop
      vertex   -4.533583e+01 -1.446727e+01 7.946692e+01
      vertex   -4.456499e+01 -4.967268e+00 7.960284e+01
      vertex   -4.533583e+01 -4.967268e+00 7.946692e+01
    endloop
  endfacet
  facet normal 1.108382e-01 1.486663e-15 9.938385e-01
    outer loop
      vertex   -4.533583e+01 -1.446727e+01 7.946692e+01
      vertex   -4.533583e+01 -4.967268e+00 7.946692e+01
      vertex   -4.611374e+01 -1.446727e+01 7.955368e+01
    endloop
  endfacet
  facet normal 1.108382e-01 -0.000000e+00 9.938385e-01
    outer loop
      vertex   -4.611374e+01 -1.446727e+01 7.955368e+01
      vertex   -4.533583e+01 -4.967268e+00 7.946692e+01
      vertex   -4.611374e+01 -4.967268e+00 7.955368e+01
    endloop
  endfacet
  facet normal 3.863451e-01 -0.000000e+00 9.223543e-01
    outer loop
      vertex   -4.611374e+01 -1.446727e+01 7.955368e+01
      vertex   -4.611374e+01 -4.967268e+00 7.955368e+01
      vertex   -4.683570e+01 -1.446727e+01 7.985608e+01
    endloop
  endfacet
  facet normal 3.863451e-01 1.379731e-15 9.223543e-01
    outer loop
      vertex   -4.683570e+01 -1.446727e+01 7.985608e+01
      vertex   -4.611374e+01 -4.967268e+00 7.955368e+01
      vertex   -4.683570e+01 -4.967268e+00 7.985608e+01
    endloop
  endfacet
  facet normal 6.305527e-01 1.161022e-15 7.761465e-01
    outer loop
      vertex   -4.683570e+01 -1.446727e+01 7.985608e+01
      vertex   -4.683570e+01 -4.967268e+00 7.985608e+01
      vertex   -4.744321e+01 -1.446727e+01 8.034964e+01
    endloop
  endfacet
  facet normal 6.305527e-01 4.716154e-16 7.761465e-01
    outer loop
      vertex   -4.744321e+01 -1.446727e+01 8.034964e+01
      vertex   -4.683570e+01 -4.967268e+00 7.985608e+01
      vertex   -4.744321e+01 -4.967268e+00 8.034964e+01
    endloop
  endfacet
  facet normal 8.236766e-01 6.160604e-16 5.670599e-01
    outer loop
      vertex   -4.744321e+01 -1.446727e+01 8.034964e+01
      vertex   -4.744321e+01 -4.967268e+00 8.034964e+01
      vertex   -4.788707e+01 -1.446727e+01 8.099435e+01
    endloop
  endfacet
  facet normal 8.236766e-01 -0.000000e+00 5.670599e-01
    outer loop
      vertex   -4.788707e+01 -1.446727e+01 8.099435e+01
      vertex   -4.744321e+01 -4.967268e+00 8.034964e+01
      vertex   -4.788707e+01 -4.967268e+00 8.099435e+01
    endloop
  endfacet
  facet normal 9.500711e-01 -0.000000e+00 3.120334e-01
    outer loop
      vertex   -4.788707e+01 -1.446727e+01 8.099435e+01
      vertex   -4.788707e+01 -4.967268e+00 8.099435e+01
      vertex   -4.813131e+01 -1.446727e+01 8.173800e+01
    endloop
  endfacet
  facet normal 9.500711e-01 -0.000000e+00 3.120334e-01
    outer loop
      vertex   -4.813131e+01 -1.446727e+01 8.173800e+01
      vertex   -4.788707e+01 -4.967268e+00 8.099435e+01
      vertex   -4.813131e+01 -4.967268e+00 8.173800e+01
    endloop
  endfacet
  facet normal 9.994965e-01 -0.000000e+00 3.172793e-02
    outer loop
      vertex   -4.813131e+01 -1.446727e+01 8.173800e+01
      vertex   -4.813131e+01 -4.967268e+00 8.173800e+01
      vertex   -4.815614e+01 -1.446727e+01 8.252034e+01
    endloop
  endfacet
  facet normal 9.994965e-01 -0.000000e+00 3.172793e-02
    outer loop
      vertex   -4.815614e+01 -1.446727e+01 8.252034e+01
      vertex   -4.813131e+01 -4.967268e+00 8.173800e+01
      vertex   -4.815614e+01 -4.967268e+00 8.252034e+01
    endloop
  endfacet
  facet normal 9.679487e-01 0.000000e+00 -2.511480e-01
    outer loop
      vertex   -4.815614e+01 -1.446727e+01 8.252034e+01
      vertex   -4.815614e+01 -4.967268e+00 8.252034e+01
      vertex   -4.795956e+01 -1.446727e+01 8.327799e+01
    endloop
  endfacet
  facet normal 9.679487e-01 0.000000e+00 -2.511480e-01
    outer loop
      vertex   -4.795956e+01 -1.446727e+01 8.327799e+01
      vertex   -4.815614e+01 -4.967268e+00 8.252034e+01
      vertex   -4.795956e+01 -4.967268e+00 8.327799e+01
    endloop
  endfacet
  facet normal 8.579834e-01 0.000000e+00 -5.136774e-01
    outer loop
      vertex   -4.795956e+01 -1.446727e+01 8.327799e+01
      vertex   -4.795956e+01 -4.967268e+00 8.327799e+01
      vertex   -4.755749e+01 -1.446727e+01 8.394956e+01
    endloop
  endfacet
  facet normal 8.579834e-01 0.000000e+00 -5.136774e-01
    outer loop
      vertex   -4.755749e+01 -1.446727e+01 8.394956e+01
      vertex   -4.795956e+01 -4.967268e+00 8.327799e+01
      vertex   -4.755749e+01 -4.967268e+00 8.394956e+01
    endloop
  endfacet
  facet normal 6.785094e-01 0.000000e+00 -7.345917e-01
    outer loop
      vertex   -4.755749e+01 -1.446727e+01 8.394956e+01
      vertex   -4.755749e+01 -4.967268e+00 8.394956e+01
      vertex   -4.698250e+01 -1.446727e+01 8.448065e+01
    endloop
  endfacet
  facet normal 6.785094e-01 0.000000e+00 -7.345917e-01
    outer loop
      vertex   -4.698250e+01 -1.446727e+01 8.448065e+01
      vertex   -4.755749e+01 -4.967268e+00 8.394956e+01
      vertex   -4.698250e+01 -4.967268e+00 8.448065e+01
    endloop
  endfacet
  facet normal 4.440666e-01 0.000000e+00 -8.959938e-01
    outer loop
      vertex   -4.698250e+01 -1.446727e+01 8.448065e+01
      vertex   -4.698250e+01 -4.967268e+00 8.448065e+01
      vertex   -4.628118e+01 -1.446727e+01 8.482823e+01
    endloop
  endfacet
  facet normal 4.440666e-01 0.000000e+00 -8.959938e-01
    outer loop
      vertex   -4.628118e+01 -1.446727e+01 8.482823e+01
      vertex   -4.698250e+01 -4.967268e+00 8.448065e+01
      vertex   -4.628118e+01 -4.967268e+00 8.482823e+01
    endloop
  endfacet
  facet normal 1.736482e-01 0.000000e+00 -9.848078e-01
    outer loop
      vertex   -4.628118e+01 -1.446727e+01 8.482823e+01
      vertex   -4.628118e+01 -4.967268e+00 8.482823e+01
      vertex   -4.551034e+01 -1.446727e+01 8.496415e+01
    endloop
  endfacet
  facet normal 1.736482e-01 1.473154e-15 -9.848078e-01
    outer loop
      vertex   -4.551034e+01 -1.446727e+01 8.496415e+01
      vertex   -4.628118e+01 -4.967268e+00 8.482823e+01
      vertex   -4.551034e+01 -4.967268e+00 8.496415e+01
    endloop
  endfacet
  facet normal -1.108382e-01 1.486663e-15 -9.938385e-01
    outer loop
      vertex   -4.551034e+01 -1.446727e+01 8.496415e+01
      vertex   -4.551034e+01 -4.967268e+00 8.496415e+01
      vertex   -4.473243e+01 -1.446727e+01 8.487740e+01
    endloop
  endfacet
  facet normal -1.108382e-01 0.000000e+00 -9.938385e-01
    outer loop
      vertex   -4.473243e+01 -1.446727e+01 8.487740e+01
      vertex   -4.551034e+01 -4.967268e+00 8.496415e+01
      vertex   -4.473243e+01 -4.967268e+00 8.487740e+01
    endloop
  endfacet
  facet normal -3.863451e-01 0.000000e+00 -9.223543e-01
    outer loop
      vertex   -4.473243e+01 -1.446727e+01 8.487740e+01
      vertex   -4.473243e+01 -4.967268e+00 8.487740e+01
      vertex   -4.401047e+01 -1.446727e+01 8.457499e+01
    endloop
  endfacet
  facet normal -3.863451e-01 2.889629e-16 -9.223543e-01
    outer loop
      vertex   -4.401047e+01 -1.446727e+01 8.457499e+01
      vertex   -4.473243e+01 -4.967268e+00 8.487740e+01
      vertex   -4.401047e+01 -4.967268e+00 8.457499e+01
    endloop
  endfacet
  facet normal -6.305527e-01 4.716154e-16 -7.761465e-01
    outer loop
      vertex   -4.401047e+01 -1.446727e+01 8.457499e+01
      vertex   -4.401047e+01 -4.967268e+00 8.457499e+01
      vertex   -4.340296e+01 -1.446727e+01 8.408144e+01
    endloop
  endfacet
  facet normal -6.305527e-01 4.716154e-16 -7.761465e-01
    outer loop
      vertex   -4.340296e+01 -1.446727e+01 8.408144e+01
      vertex   -4.401047e+01 -4.967268e+00 8.457499e+01
      vertex   -4.340296e+01 -4.967268e+00 8.408144e+01
    endloop
  endfacet
  facet normal -8.236766e-01 6.160604e-16 -5.670599e-01
    outer loop
      vertex   -4.340296e+01 -1.446727e+01 8.408144e+01
      vertex   -4.340296e+01 -4.967268e+00 8.408144e+01
      vertex   -4.295910e+01 -1.446727e+01 8.343672e+01
    endloop
  endfacet
  facet normal -8.236766e-01 0.000000e+00 -5.670599e-01
    outer loop
      vertex   -4.295910e+01 -1.446727e+01 8.343672e+01
      vertex   -4.340296e+01 -4.967268e+00 8.408144e+01
      vertex   -4.295910e+01 -4.967268e+00 8.343672e+01
    endloop
  endfacet
  facet normal -9.994965e-01 -7.475632e-16 -3.172793e-02
    outer loop
      vertex   -5.079922e+01 4.532732e+00 8.758885e+01
      vertex   -5.079922e+01 -4.967268e+00 8.758885e+01
      vertex   -5.082406e+01 4.532732e+00 8.837119e+01
    endloop
  endfacet
  facet normal -9.994965e-01 -1.495126e-15 -3.172793e-02
    outer loop
      vertex   -5.082406e+01 4.532732e+00 8.837119e+01
      vertex   -5.079922e+01 -4.967268e+00 8.758885e+01
      vertex   -5.082406e+01 -4.967268e+00 8.837119e+01
    endloop
  endfacet
  facet normal -9.500711e-01 -1.421192e-15 -3.120334e-01
    outer loop
      vertex   -5.082406e+01 4.532732e+00 8.837119e+01
      vertex   -5.082406e+01 -4.967268e+00 8.837119e+01
      vertex   -5.106829e+01 4.532732e+00 8.911484e+01
    endloop
  endfacet
  facet normal -9.500711e-01 -7.105959e-16 -3.120334e-01
    outer loop
      vertex   -5.106829e+01 4.532732e+00 8.911484e+01
      vertex   -5.082406e+01 -4.967268e+00 8.837119e+01
      vertex   -5.106829e+01 -4.967268e+00 8.911484e+01
    endloop
  endfacet
  facet normal -8.236766e-01 -6.160604e-16 -5.670599e-01
    outer loop
      vertex   -5.106829e+01 4.532732e+00 8.911484e+01
      vertex   -5.106829e+01 -4.967268e+00 8.911484e+01
      vertex   -5.151215e+01 4.532732e+00 8.975956e+01
    endloop
  endfacet
  facet normal -8.236766e-01 -6.160604e-16 -5.670599e-01
    outer loop
      vertex   -5.151215e+01 4.532732e+00 8.975956e+01
      vertex   -5.106829e+01 -4.967268e+00 8.911484e+01
      vertex   -5.151215e+01 -4.967268e+00 8.975956e+01
    endloop
  endfacet
  facet normal -6.305527e-01 -4.716154e-16 -7.761465e-01
    outer loop
      vertex   -5.151215e+01 4.532732e+00 8.975956e+01
      vertex   -5.151215e+01 -4.967268e+00 8.975956e+01
      vertex   -5.211966e+01 4.532732e+00 9.025311e+01
    endloop
  endfacet
  facet normal -6.305527e-01 -4.716154e-16 -7.761465e-01
    outer loop
      vertex   -5.211966e+01 4.532732e+00 9.025311e+01
      vertex   -5.151215e+01 -4.967268e+00 8.975956e+01
      vertex   -5.211966e+01 -4.967268e+00 9.025311e+01
    endloop
  endfacet
  facet normal -3.863451e-01 -2.889629e-16 -9.223543e-01
    outer loop
      vertex   -5.211966e+01 4.532732e+00 9.025311e+01
      vertex   -5.211966e+01 -4.967268e+00 9.025311e+01
      vertex   -5.284162e+01 4.532732e+00 9.055551e+01
    endloop
  endfacet
  facet normal -3.863451e-01 -2.889629e-16 -9.223543e-01
    outer loop
      vertex   -5.284162e+01 4.532732e+00 9.055551e+01
      vertex   -5.211966e+01 -4.967268e+00 9.025311e+01
      vertex   -5.284162e+01 -4.967268e+00 9.055551e+01
    endloop
  endfacet
  facet normal -1.108382e-01 -8.290029e-17 -9.938385e-01
    outer loop
      vertex   -5.284162e+01 4.532732e+00 9.055551e+01
      vertex   -5.284162e+01 -4.967268e+00 9.055551e+01
      vertex   -5.361953e+01 4.532732e+00 9.064227e+01
    endloop
  endfacet
  facet normal -1.108382e-01 -1.569563e-15 -9.938385e-01
    outer loop
      vertex   -5.361953e+01 4.532732e+00 9.064227e+01
      vertex   -5.284162e+01 -4.967268e+00 9.055551e+01
      vertex   -5.361953e+01 -4.967268e+00 9.064227e+01
    endloop
  endfacet
  facet normal 1.736482e-01 -1.343275e-15 -9.848078e-01
    outer loop
      vertex   -5.361953e+01 4.532732e+00 9.064227e+01
      vertex   -5.361953e+01 -4.967268e+00 9.064227e+01
      vertex   -5.439037e+01 4.532732e+00 9.050635e+01
    endloop
  endfacet
  facet normal 1.736482e-01 1.298784e-16 -9.848078e-01
    outer loop
      vertex   -5.439037e+01 4.532732e+00 9.050635e+01
      vertex   -5.361953e+01 -4.967268e+00 9.064227e+01
      vertex   -5.439037e+01 -4.967268e+00 9.050635e+01
    endloop
  endfacet
  facet normal 4.440666e-01 3.321351e-16 -8.959938e-01
    outer loop
      vertex   -5.439037e+01 4.532732e+00 9.050635e+01
      vertex   -5.439037e+01 -4.967268e+00 9.050635e+01
      vertex   -5.509169e+01 4.532732e+00 9.015877e+01
    endloop
  endfacet
  facet normal 4.440666e-01 0.000000e+00 -8.959938e-01
    outer loop
      vertex   -5.509169e+01 4.532732e+00 9.015877e+01
      vertex   -5.439037e+01 -4.967268e+00 9.050635e+01
      vertex   -5.509169e+01 -4.967268e+00 9.015877e+01
    endloop
  endfacet
  facet normal 6.785094e-01 0.000000e+00 -7.345917e-01
    outer loop
      vertex   -5.509169e+01 4.532732e+00 9.015877e+01
      vertex   -5.509169e+01 -4.967268e+00 9.015877e+01
      vertex   -5.566668e+01 4.532732e+00 8.962767e+01
    endloop
  endfacet
  facet normal 6.785094e-01 1.014968e-15 -7.345917e-01
    outer loop
      vertex   -5.566668e+01 4.532732e+00 8.962767e+01
      vertex   -5.509169e+01 -4.967268e+00 9.015877e+01
      vertex   -5.566668e+01 -4.967268e+00 8.962767e+01
    endloop
  endfacet
  facet normal 8.579834e-01 1.283440e-15 -5.136774e-01
    outer loop
      vertex   -5.566668e+01 4.532732e+00 8.962767e+01
      vertex   -5.566668e+01 -4.967268e+00 8.962767e+01
      vertex   -5.606875e+01 4.532732e+00 8.895610e+01
    endloop
  endfacet
  facet normal 8.579834e-01 6.417199e-16 -5.136774e-01
    outer loop
      vertex   -5.606875e+01 4.532732e+00 8.895610e+01
      vertex   -5.566668e+01 -4.967268e+00 8.962767e+01
      vertex   -5.606875e+01 -4.967268e+00 8.895610e+01
    endloop
  endfacet
  facet normal 9.679487e-01 7.239673e-16 -2.511480e-01
    outer loop
      vertex   -5.606875e+01 4.532732e+00 8.895610e+01
      vertex   -5.606875e+01 -4.967268e+00 8.895610e+01
      vertex   -5.626533e+01 4.532732e+00 8.819846e+01
    endloop
  endfacet
  facet normal 9.679487e-01 7.239673e-16 -2.511480e-01
    outer loop
      vertex   -5.626533e+01 4.532732e+00 8.819846e+01
      vertex   -5.606875e+01 -4.967268e+00 8.895610e+01
      vertex   -5.626533e+01 -4.967268e+00 8.819846e+01
    endloop
  endfacet
  facet normal 9.994965e-01 7.475632e-16 3.172793e-02
    outer loop
      vertex   -5.626533e+01 4.532732e+00 8.819846e+01
      vertex   -5.626533e+01 -4.967268e+00 8.819846e+01
      vertex   -5.624050e+01 4.532732e+00 8.741612e+01
    endloop
  endfacet
  facet normal 9.994965e-01 7.475632e-16 3.172793e-02
    outer loop
      vertex   -5.624050e+01 4.532732e+00 8.741612e+01
      vertex   -5.626533e+01 -4.967268e+00 8.819846e+01
      vertex   -5.624050e+01 -4.967268e+00 8.741612e+01
    endloop
  endfacet
  facet normal 9.500711e-01 7.105959e-16 3.120334e-01
    outer loop
      vertex   -5.624050e+01 4.532732e+00 8.741612e+01
      vertex   -5.624050e+01 -4.967268e+00 8.741612e+01
      vertex   -5.599626e+01 4.532732e+00 8.667247e+01
    endloop
  endfacet
  facet normal 9.500711e-01 1.421192e-15 3.120334e-01
    outer loop
      vertex   -5.599626e+01 4.532732e+00 8.667247e+01
      vertex   -5.624050e+01 -4.967268e+00 8.741612e+01
      vertex   -5.599626e+01 -4.967268e+00 8.667247e+01
    endloop
  endfacet
  facet normal 8.236766e-01 1.232121e-15 5.670599e-01
    outer loop
      vertex   -5.599626e+01 4.532732e+00 8.667247e+01
      vertex   -5.599626e+01 -4.967268e+00 8.667247e+01
      vertex   -5.555240e+01 4.532732e+00 8.602775e+01
    endloop
  endfacet
  facet normal 8.236766e-01 0.000000e+00 5.670599e-01
    outer loop
      vertex   -5.555240e+01 4.532732e+00 8.602775e+01
      vertex   -5.599626e+01 -4.967268e+00 8.667247e+01
      vertex   -5.555240e+01 -4.967268e+00 8.602775e+01
    endloop
  endfacet
  facet normal 6.305527e-01 0.000000e+00 7.761465e-01
    outer loop
      vertex   -5.555240e+01 4.532732e+00 8.602775e+01
      vertex   -5.555240e+01 -4.967268e+00 8.602775e+01
      vertex   -5.494489e+01 4.532732e+00 8.553420e+01
    endloop
  endfacet
  facet normal 6.305527e-01 0.000000e+00 7.761465e-01
    outer loop
      vertex   -5.494489e+01 4.532732e+00 8.553420e+01
      vertex   -5.555240e+01 -4.967268e+00 8.602775e+01
      vertex   -5.494489e+01 -4.967268e+00 8.553420e+01
    endloop
  endfacet
  facet normal 3.863451e-01 0.000000e+00 9.223543e-01
    outer loop
      vertex   -5.494489e+01 4.532732e+00 8.553420e+01
      vertex   -5.494489e+01 -4.967268e+00 8.553420e+01
      vertex   -5.422293e+01 4.532732e+00 8.523180e+01
    endloop
  endfacet
  facet normal 3.863451e-01 2.889629e-16 9.223543e-01
    outer loop
      vertex   -5.422293e+01 4.532732e+00 8.523180e+01
      vertex   -5.494489e+01 -4.967268e+00 8.553420e+01
      vertex   -5.422293e+01 -4.967268e+00 8.523180e+01
    endloop
  endfacet
  facet normal 1.108382e-01 8.290029e-17 9.938385e-01
    outer loop
      vertex   -5.422293e+01 4.532732e+00 8.523180e+01
      vertex   -5.422293e+01 -4.967268e+00 8.523180e+01
      vertex   -5.344502e+01 4.532732e+00 8.514504e+01
    endloop
  endfacet
  facet normal 1.108382e-01 -2.807524e-15 9.938385e-01
    outer loop
      vertex   -5.344502e+01 4.532732e+00 8.514504e+01
      vertex   -5.422293e+01 -4.967268e+00 8.523180e+01
      vertex   -5.344502e+01 -4.967268e+00 8.514504e+01
    endloop
  endfacet
  facet normal -1.736482e-01 -3.206064e-15 9.848078e-01
    outer loop
      vertex   -5.344502e+01 4.532732e+00 8.514504e+01
      vertex   -5.344502e+01 -4.967268e+00 8.514504e+01
      vertex   -5.267418e+01 4.532732e+00 8.528096e+01
    endloop
  endfacet
  facet normal -1.736482e-01 0.000000e+00 9.848078e-01
    outer loop
      vertex   -5.267418e+01 4.532732e+00 8.528096e+01
      vertex   -5.344502e+01 -4.967268e+00 8.514504e+01
      vertex   -5.267418e+01 -4.967268e+00 8.528096e+01
    endloop
  endfacet
  facet normal -4.440666e-01 0.000000e+00 8.959938e-01
    outer loop
      vertex   -5.267418e+01 4.532732e+00 8.528096e+01
      vertex   -5.267418e+01 -4.967268e+00 8.528096e+01
      vertex   -5.197286e+01 4.532732e+00 8.562854e+01
    endloop
  endfacet
  facet normal -4.440666e-01 -3.321351e-16 8.959938e-01
    outer loop
      vertex   -5.197286e+01 4.532732e+00 8.562854e+01
      vertex   -5.267418e+01 -4.967268e+00 8.528096e+01
      vertex   -5.197286e+01 -4.967268e+00 8.562854e+01
    endloop
  endfacet
  facet normal -6.785094e-01 -5.074841e-16 7.345917e-01
    outer loop
      vertex   -5.197286e+01 4.532732e+00 8.562854e+01
      vertex   -5.197286e+01 -4.967268e+00 8.562854e+01
      vertex   -5.139787e+01 4.532732e+00 8.615963e+01
    endloop
  endfacet
  facet normal -6.785094e-01 -5.074841e-16 7.345917e-01
    outer loop
      vertex   -5.139787e+01 4.532732e+00 8.615963e+01
      vertex   -5.197286e+01 -4.967268e+00 8.562854e+01
      vertex   -5.139787e+01 -4.967268e+00 8.615963e+01
    endloop
  endfacet
  facet normal -8.579834e-01 -6.417199e-16 5.136774e-01
    outer loop
      vertex   -5.139787e+01 4.532732e+00 8.615963e+01
      vertex   -5.139787e+01 -4.967268e+00 8.615963e+01
      vertex   -5.099580e+01 4.532732e+00 8.683121e+01
    endloop
  endfacet
  facet normal -8.579834e-01 -1.283440e-15 5.136774e-01
    outer loop
      vertex   -5.099580e+01 4.532732e+00 8.683121e+01
      vertex   -5.139787e+01 -4.967268e+00 8.615963e+01
      vertex   -5.099580e+01 -4.967268e+00 8.683121e+01
    endloop
  endfacet
  facet normal -9.679487e-01 -1.447935e-15 2.511480e-01
    outer loop
      vertex   -5.099580e+01 4.532732e+00 8.683121e+01
      vertex   -5.099580e+01 -4.967268e+00 8.683121e+01
      vertex   -5.079922e+01 4.532732e+00 8.758885e+01
    endloop
  endfacet
  facet normal -9.679487e-01 -7.239673e-16 2.511480e-01
    outer loop
      vertex   -5.079922e+01 4.532732e+00 8.758885e+01
      vertex   -5.099580e+01 -4.967268e+00 8.683121e+01
      vertex   -5.079922e+01 -4.967268e+00 8.758885e+01
    endloop
  endfacet
  facet normal -9.500711e-01 0.000000e+00 -3.120334e-01
    outer loop
      vertex   -5.106829e+01 -1.446727e+01 8.911484e+01
      vertex   -5.106829e+01 -4.967268e+00 8.911484e+01
      vertex   -5.082406e+01 -1.446727e+01 8.837119e+01
    endloop
  endfacet
  facet normal -9.500711e-01 0.000000e+00 -3.120334e-01
    outer loop
      vertex   -5.082406e+01 -1.446727e+01 8.837119e+01
      vertex   -5.106829e+01 -4.967268e+00 8.911484e+01
      vertex   -5.082406e+01 -4.967268e+00 8.837119e+01
    endloop
  endfacet
  facet normal -9.994965e-01 0.000000e+00 -3.172793e-02
    outer loop
      vertex   -5.082406e+01 -1.446727e+01 8.837119e+01
      vertex   -5.082406e+01 -4.967268e+00 8.837119e+01
      vertex   -5.079922e+01 -1.446727e+01 8.758885e+01
    endloop
  endfacet
  facet normal -9.994965e-01 0.000000e+00 -3.172793e-02
    outer loop
      vertex   -5.079922e+01 -1.446727e+01 8.758885e+01
      vertex   -5.082406e+01 -4.967268e+00 8.837119e+01
      vertex   -5.079922e+01 -4.967268e+00 8.758885e+01
    endloop
  endfacet
  facet normal -9.679487e-01 0.000000e+00 2.511480e-01
    outer loop
      vertex   -5.079922e+01 -1.446727e+01 8.758885e+01
      vertex   -5.079922e+01 -4.967268e+00 8.758885e+01
      vertex   -5.099580e+01 -1.446727e+01 8.683121e+01
    endloop
  endfacet
  facet normal -9.679487e-01 0.000000e+00 2.511480e-01
    outer loop
      vertex   -5.099580e+01 -1.446727e+01 8.683121e+01
      vertex   -5.079922e+01 -4.967268e+00 8.758885e+01
      vertex   -5.099580e+01 -4.967268e+00 8.683121e+01
    endloop
  endfacet
  facet normal -8.579834e-01 0.000000e+00 5.136774e-01
    outer loop
      vertex   -5.099580e+01 -1.446727e+01 8.683121e+01
      vertex   -5.099580e+01 -4.967268e+00 8.683121e+01
      vertex   -5.139787e+01 -1.446727e+01 8.615963e+01
    endloop
  endfacet
  facet normal -8.579834e-01 0.000000e+00 5.136774e-01
    outer loop
      vertex   -5.139787e+01 -1.446727e+01 8.615963e+01
      vertex   -5.099580e+01 -4.967268e+00 8.683121e+01
      vertex   -5.139787e+01 -4.967268e+00 8.615963e+01
    endloop
  endfacet
  facet normal -6.785094e-01 0.000000e+00 7.345917e-01
    outer loop
      vertex   -5.139787e+01 -1.446727e+01 8.615963e+01
      vertex   -5.139787e+01 -4.967268e+00 8.615963e+01
      vertex   -5.197286e+01 -1.446727e+01 8.562854e+01
    endloop
  endfacet
  facet normal -6.785094e-01 0.000000e+00 7.345917e-01
    outer loop
      vertex   -5.197286e+01 -1.446727e+01 8.562854e+01
      vertex   -5.139787e+01 -4.967268e+00 8.615963e+01
      vertex   -5.197286e+01 -4.967268e+00 8.562854e+01
    endloop
  endfacet
  facet normal -4.440666e-01 0.000000e+00 8.959938e-01
    outer loop
      vertex   -5.197286e+01 -1.446727e+01 8.562854e+01
      vertex   -5.197286e+01 -4.967268e+00 8.562854e+01
      vertex   -5.267418e+01 -1.446727e+01 8.528096e+01
    endloop
  endfacet
  facet normal -4.440666e-01 -3.321351e-16 8.959938e-01
    outer loop
      vertex   -5.267418e+01 -1.446727e+01 8.528096e+01
      vertex   -5.197286e+01 -4.967268e+00 8.562854e+01
      vertex   -5.267418e+01 -4.967268e+00 8.528096e+01
    endloop
  endfacet
  facet normal -1.736482e-01 -1.298784e-16 9.848078e-01
    outer loop
      vertex   -5.267418e+01 -1.446727e+01 8.528096e+01
      vertex   -5.267418e+01 -4.967268e+00 8.528096e+01
      vertex   -5.344502e+01 -1.446727e+01 8.514504e+01
    endloop
  endfacet
  facet normal -1.736482e-01 2.946307e-15 9.848078e-01
    outer loop
      vertex   -5.344502e+01 -1.446727e+01 8.514504e+01
      vertex   -5.267418e+01 -4.967268e+00 8.528096e+01
      vertex   -5.344502e+01 -4.967268e+00 8.514504e+01
    endloop
  endfacet
  facet normal 1.108382e-01 2.973325e-15 9.938385e-01
    outer loop
      vertex   -5.344502e+01 -1.446727e+01 8.514504e+01
      vertex   -5.344502e+01 -4.967268e+00 8.514504e+01
      vertex   -5.422293e+01 -1.446727e+01 8.523180e+01
    endloop
  endfacet
  facet normal 1.108382e-01 -0.000000e+00 9.938385e-01
    outer loop
      vertex   -5.422293e+01 -1.446727e+01 8.523180e+01
      vertex   -5.344502e+01 -4.967268e+00 8.514504e+01
      vertex   -5.422293e+01 -4.967268e+00 8.523180e+01
    endloop
  endfacet
  facet normal 3.863451e-01 -0.000000e+00 9.223543e-01
    outer loop
      vertex   -5.422293e+01 -1.446727e+01 8.523180e+01
      vertex   -5.422293e+01 -4.967268e+00 8.523180e+01
      vertex   -5.494489e+01 -1.446727e+01 8.553420e+01
    endloop
  endfacet
  facet normal 3.863451e-01 -0.000000e+00 9.223543e-01
    outer loop
      vertex   -5.494489e+01 -1.446727e+01 8.553420e+01
      vertex   -5.422293e+01 -4.967268e+00 8.523180e+01
      vertex   -5.494489e+01 -4.967268e+00 8.553420e+01
    endloop
  endfacet
  facet normal 6.305527e-01 -0.000000e+00 7.761465e-01
    outer loop
      vertex   -5.494489e+01 -1.446727e+01 8.553420e+01
      vertex   -5.494489e+01 -4.967268e+00 8.553420e+01
      vertex   -5.555240e+01 -1.446727e+01 8.602775e+01
    endloop
  endfacet
  facet normal 6.305527e-01 4.716154e-16 7.761465e-01
    outer loop
      vertex   -5.555240e+01 -1.446727e+01 8.602775e+01
      vertex   -5.494489e+01 -4.967268e+00 8.553420e+01
      vertex   -5.555240e+01 -4.967268e+00 8.602775e+01
    endloop
  endfacet
  facet normal 8.236766e-01 6.160604e-16 5.670599e-01
    outer loop
      vertex   -5.555240e+01 -1.446727e+01 8.602775e+01
      vertex   -5.555240e+01 -4.967268e+00 8.602775e+01
      vertex   -5.599626e+01 -1.446727e+01 8.667247e+01
    endloop
  endfacet
  facet normal 8.236766e-01 -0.000000e+00 5.670599e-01
    outer loop
      vertex   -5.599626e+01 -1.446727e+01 8.667247e+01
      vertex   -5.555240e+01 -4.967268e+00 8.602775e+01
      vertex   -5.599626e+01 -4.967268e+00 8.667247e+01
    endloop
  endfacet
  facet normal 9.500711e-01 -0.000000e+00 3.120334e-01
    outer loop
      vertex   -5.599626e+01 -1.446727e+01 8.667247e+01
      vertex   -5.599626e+01 -4.967268e+00 8.667247e+01
      vertex   -5.624050e+01 -1.446727e+01 8.741612e+01
    endloop
  endfacet
  facet normal 9.500711e-01 -0.000000e+00 3.120334e-01
    outer loop
      vertex   -5.624050e+01 -1.446727e+01 8.741612e+01
      vertex   -5.599626e+01 -4.967268e+00 8.667247e+01
      vertex   -5.624050e+01 -4.967268e+00 8.741612e+01
    endloop
  endfacet
  facet normal 9.994965e-01 -0.000000e+00 3.172793e-02
    outer loop
      vertex   -5.624050e+01 -1.446727e+01 8.741612e+01
      vertex   -5.624050e+01 -4.967268e+00 8.741612e+01
      vertex   -5.626533e+01 -1.446727e+01 8.819846e+01
    endloop
  endfacet
  facet normal 9.994965e-01 -0.000000e+00 3.172793e-02
    outer loop
      vertex   -5.626533e+01 -1.446727e+01 8.819846e+01
      vertex   -5.624050e+01 -4.967268e+00 8.741612e+01
      vertex   -5.626533e+01 -4.967268e+00 8.819846e+01
    endloop
  endfacet
  facet normal 9.679487e-01 0.000000e+00 -2.511480e-01
    outer loop
      vertex   -5.626533e+01 -1.446727e+01 8.819846e+01
      vertex   -5.626533e+01 -4.967268e+00 8.819846e+01
      vertex   -5.606875e+01 -1.446727e+01 8.895610e+01
    endloop
  endfacet
  facet normal 9.679487e-01 0.000000e+00 -2.511480e-01
    outer loop
      vertex   -5.606875e+01 -1.446727e+01 8.895610e+01
      vertex   -5.626533e+01 -4.967268e+00 8.819846e+01
      vertex   -5.606875e+01 -4.967268e+00 8.895610e+01
    endloop
  endfacet
  facet normal 8.579834e-01 0.000000e+00 -5.136774e-01
    outer loop
      vertex   -5.606875e+01 -1.446727e+01 8.895610e+01
      vertex   -5.606875e+01 -4.967268e+00 8.895610e+01
      vertex   -5.566668e+01 -1.446727e+01 8.962767e+01
    endloop
  endfacet
  facet normal 8.579834e-01 0.000000e+00 -5.136774e-01
    outer loop
      vertex   -5.566668e+01 -1.446727e+01 8.962767e+01
      vertex   -5.606875e+01 -4.967268e+00 8.895610e+01
      vertex   -5.566668e+01 -4.967268e+00 8.962767e+01
    endloop
  endfacet
  facet normal 6.785094e-01 0.000000e+00 -7.345917e-01
    outer loop
      vertex   -5.566668e+01 -1.446727e+01 8.962767e+01
      vertex   -5.566668e+01 -4.967268e+00 8.962767e+01
      vertex   -5.509169e+01 -1.446727e+01 9.015877e+01
    endloop
  endfacet
  facet normal 6.785094e-01 1.014968e-15 -7.345917e-01
    outer loop
      vertex   -5.509169e+01 -1.446727e+01 9.015877e+01
      vertex   -5.566668e+01 -4.967268e+00 8.962767e+01
      vertex   -5.509169e+01 -4.967268e+00 9.015877e+01
    endloop
  endfacet
  facet normal 4.440666e-01 6.642701e-16 -8.959938e-01
    outer loop
      vertex   -5.509169e+01 -1.446727e+01 9.015877e+01
      vertex   -5.509169e+01 -4.967268e+00 9.015877e+01
      vertex   -5.439037e+01 -1.446727e+01 9.050635e+01
    endloop
  endfacet
  facet normal 4.440666e-01 0.000000e+00 -8.959938e-01
    outer loop
      vertex   -5.439037e+01 -1.446727e+01 9.050635e+01
      vertex   -5.509169e+01 -4.967268e+00 9.015877e+01
      vertex   -5.439037e+01 -4.967268e+00 9.050635e+01
    endloop
  endfacet
  facet normal 1.736482e-01 0.000000e+00 -9.848078e-01
    outer loop
      vertex   -5.439037e+01 -1.446727e+01 9.050635e+01
      vertex   -5.439037e+01 -4.967268e+00 9.050635e+01
      vertex   -5.361953e+01 -1.446727e+01 9.064227e+01
    endloop
  endfacet
  facet normal 1.736482e-01 1.473154e-15 -9.848078e-01
    outer loop
      vertex   -5.361953e+01 -1.446727e+01 9.064227e+01
      vertex   -5.439037e+01 -4.967268e+00 9.050635e+01
      vertex   -5.361953e+01 -4.967268e+00 9.064227e+01
    endloop
  endfacet
  facet normal -1.108382e-01 1.486663e-15 -9.938385e-01
    outer loop
      vertex   -5.361953e+01 -1.446727e+01 9.064227e+01
      vertex   -5.361953e+01 -4.967268e+00 9.064227e+01
      vertex   -5.284162e+01 -1.446727e+01 9.055551e+01
    endloop
  endfacet
  facet normal -1.108382e-01 0.000000e+00 -9.938385e-01
    outer loop
      vertex   -5.284162e+01 -1.446727e+01 9.055551e+01
      vertex   -5.361953e+01 -4.967268e+00 9.064227e+01
      vertex   -5.284162e+01 -4.967268e+00 9.055551e+01
    endloop
  endfacet
  facet normal -3.863451e-01 0.000000e+00 -9.223543e-01
    outer loop
      vertex   -5.284162e+01 -1.446727e+01 9.055551e+01
      vertex   -5.284162e+01 -4.967268e+00 9.055551e+01
      vertex   -5.211966e+01 -1.446727e+01 9.025311e+01
    endloop
  endfacet
  facet normal -3.863451e-01 0.000000e+00 -9.223543e-01
    outer loop
      vertex   -5.211966e+01 -1.446727e+01 9.025311e+01
      vertex   -5.284162e+01 -4.967268e+00 9.055551e+01
      vertex   -5.211966e+01 -4.967268e+00 9.025311e+01
    endloop
  endfacet
  facet normal -6.305527e-01 0.000000e+00 -7.761465e-01
    outer loop
      vertex   -5.211966e+01 -1.446727e+01 9.025311e+01
      vertex   -5.211966e+01 -4.967268e+00 9.025311e+01
      vertex   -5.151215e+01 -1.446727e+01 8.975956e+01
    endloop
  endfacet
  facet normal -6.305527e-01 4.716154e-16 -7.761465e-01
    outer loop
      vertex   -5.151215e+01 -1.446727e+01 8.975956e+01
      vertex   -5.211966e+01 -4.967268e+00 9.025311e+01
      vertex   -5.151215e+01 -4.967268e+00 8.975956e+01
    endloop
  endfacet
  facet normal -8.236766e-01 6.160604e-16 -5.670599e-01
    outer loop
      vertex   -5.151215e+01 -1.446727e+01 8.975956e+01
      vertex   -5.151215e+01 -4.967268e+00 8.975956e+01
      vertex   -5.106829e+01 -1.446727e+01 8.911484e+01
    endloop
  endfacet
  facet normal -8.236766e-01 0.000000e+00 -5.670599e-01
    outer loop
      vertex   -5.106829e+01 -1.446727e+01 8.911484e+01
      vertex   -5.151215e+01 -4.967268e+00 8.975956e+01
      vertex   -5.106829e+01 -4.967268e+00 8.911484e+01
    endloop
  endfacet
  facet normal -9.994965e-01 -0.000000e+00 -3.172793e-02
    outer loop
      vertex   -4.836815e+01 4.532732e+00 7.380154e+01
      vertex   -4.836815e+01 -4.967268e+00 7.380154e+01
      vertex   -4.839298e+01 4.532732e+00 7.458388e+01
    endloop
  endfacet
  facet normal -9.994965e-01 -0.000000e+00 -3.172793e-02
    outer loop
      vertex   -4.839298e+01 4.532732e+00 7.458388e+01
      vertex   -4.836815e+01 -4.967268e+00 7.380154e+01
      vertex   -4.839298e+01 -4.967268e+00 7.458388e+01
    endloop
  endfacet
  facet normal -9.500711e-01 -0.000000e+00 -3.120334e-01
    outer loop
      vertex   -4.839298e+01 4.532732e+00 7.458388e+01
      vertex   -4.839298e+01 -4.967268e+00 7.458388e+01
      vertex   -4.863722e+01 4.532732e+00 7.532753e+01
    endloop
  endfacet
  facet normal -9.500711e-01 7.105959e-16 -3.120334e-01
    outer loop
      vertex   -4.863722e+01 4.532732e+00 7.532753e+01
      vertex   -4.839298e+01 -4.967268e+00 7.458388e+01
      vertex   -4.863722e+01 -4.967268e+00 7.532753e+01
    endloop
  endfacet
  facet normal -8.236766e-01 6.160604e-16 -5.670599e-01
    outer loop
      vertex   -4.863722e+01 4.532732e+00 7.532753e+01
      vertex   -4.863722e+01 -4.967268e+00 7.532753e+01
      vertex   -4.908108e+01 4.532732e+00 7.597225e+01
    endloop
  endfacet
  facet normal -8.236766e-01 -8.482532e-16 -5.670599e-01
    outer loop
      vertex   -4.908108e+01 4.532732e+00 7.597225e+01
      vertex   -4.863722e+01 -4.967268e+00 7.532753e+01
      vertex   -4.908108e+01 -4.967268e+00 7.597225e+01
    endloop
  endfacet
  facet normal -6.305527e-01 -1.161022e-15 -7.761465e-01
    outer loop
      vertex   -4.908108e+01 4.532732e+00 7.597225e+01
      vertex   -4.908108e+01 -4.967268e+00 7.597225e+01
      vertex   -4.968859e+01 4.532732e+00 7.646580e+01
    endloop
  endfacet
  facet normal -6.305527e-01 -1.161022e-15 -7.761465e-01
    outer loop
      vertex   -4.968859e+01 4.532732e+00 7.646580e+01
      vertex   -4.908108e+01 -4.967268e+00 7.597225e+01
      vertex   -4.968859e+01 -4.967268e+00 7.646580e+01
    endloop
  endfacet
  facet normal -3.863451e-01 -1.379731e-15 -9.223543e-01
    outer loop
      vertex   -4.968859e+01 4.532732e+00 7.646580e+01
      vertex   -4.968859e+01 -4.967268e+00 7.646580e+01
      vertex   -5.041055e+01 4.532732e+00 7.676820e+01
    endloop
  endfacet
  facet normal -3.863451e-01 -0.000000e+00 -9.223543e-01
    outer loop
      vertex   -5.041055e+01 4.532732e+00 7.676820e+01
      vertex   -4.968859e+01 -4.967268e+00 7.646580e+01
      vertex   -5.041055e+01 -4.967268e+00 7.676820e+01
    endloop
  endfacet
  facet normal -1.108382e-01 -0.000000e+00 -9.938385e-01
    outer loop
      vertex   -5.041055e+01 4.532732e+00 7.676820e+01
      vertex   -5.041055e+01 -4.967268e+00 7.676820e+01
      vertex   -5.118845e+01 4.532732e+00 7.685496e+01
    endloop
  endfacet
  facet normal -1.108382e-01 -0.000000e+00 -9.938385e-01
    outer loop
      vertex   -5.118845e+01 4.532732e+00 7.685496e+01
      vertex   -5.041055e+01 -4.967268e+00 7.676820e+01
      vertex   -5.118845e+01 -4.967268e+00 7.685496e+01
    endloop
  endfacet
  facet normal 1.736482e-01 0.000000e+00 -9.848078e-01
    outer loop
      vertex   -5.118845e+01 4.532732e+00 7.685496e+01
      vertex   -5.118845e+01 -4.967268e+00 7.685496e+01
      vertex   -5.195929e+01 4.532732e+00 7.671904e+01
    endloop
  endfacet
  facet normal 1.736482e-01 0.000000e+00 -9.848078e-01
    outer loop
      vertex   -5.195929e+01 4.532732e+00 7.671904e+01
      vertex   -5.118845e+01 -4.967268e+00 7.685496e+01
      vertex   -5.195929e+01 -4.967268e+00 7.671904e+01
    endloop
  endfacet
  facet normal 4.440666e-01 0.000000e+00 -8.959938e-01
    outer loop
      vertex   -5.195929e+01 4.532732e+00 7.671904e+01
      vertex   -5.195929e+01 -4.967268e+00 7.671904e+01
      vertex   -5.266062e+01 4.532732e+00 7.637146e+01
    endloop
  endfacet
  facet normal 4.440666e-01 0.000000e+00 -8.959938e-01
    outer loop
      vertex   -5.266062e+01 4.532732e+00 7.637146e+01
      vertex   -5.195929e+01 -4.967268e+00 7.671904e+01
      vertex   -5.266062e+01 -4.967268e+00 7.637146e+01
    endloop
  endfacet
  facet normal 6.785094e-01 0.000000e+00 -7.345917e-01
    outer loop
      vertex   -5.266062e+01 4.532732e+00 7.637146e+01
      vertex   -5.266062e+01 -4.967268e+00 7.637146e+01
      vertex   -5.323560e+01 4.532732e+00 7.584037e+01
    endloop
  endfacet
  facet normal 6.785094e-01 0.000000e+00 -7.345917e-01
    outer loop
      vertex   -5.323560e+01 4.532732e+00 7.584037e+01
      vertex   -5.266062e+01 -4.967268e+00 7.637146e+01
      vertex   -5.323560e+01 -4.967268e+00 7.584037e+01
    endloop
  endfacet
  facet normal 8.579834e-01 0.000000e+00 -5.136774e-01
    outer loop
      vertex   -5.323560e+01 4.532732e+00 7.584037e+01
      vertex   -5.323560e+01 -4.967268e+00 7.584037e+01
      vertex   -5.363768e+01 4.532732e+00 7.516879e+01
    endloop
  endfacet
  facet normal 8.579834e-01 0.000000e+00 -5.136774e-01
    outer loop
      vertex   -5.363768e+01 4.532732e+00 7.516879e+01
      vertex   -5.323560e+01 -4.967268e+00 7.584037e+01
      vertex   -5.363768e+01 -4.967268e+00 7.516879e+01
    endloop
  endfacet
  facet normal 9.679487e-01 0.000000e+00 -2.511480e-01
    outer loop
      vertex   -5.363768e+01 4.532732e+00 7.516879e+01
      vertex   -5.363768e+01 -4.967268e+00 7.516879e+01
      vertex   -5.383426e+01 4.532732e+00 7.441115e+01
    endloop
  endfacet
  facet normal 9.679487e-01 0.000000e+00 -2.511480e-01
    outer loop
      vertex   -5.383426e+01 4.532732e+00 7.441115e+01
      vertex   -5.363768e+01 -4.967268e+00 7.516879e+01
      vertex   -5.383426e+01 -4.967268e+00 7.441115e+01
    endloop
  endfacet
  facet normal 9.994965e-01 0.000000e+00 3.172793e-02
    outer loop
      vertex   -5.383426e+01 4.532732e+00 7.441115e+01
      vertex   -5.383426e+01 -4.967268e+00 7.441115e+01
      vertex   -5.380942e+01 4.532732e+00 7.362881e+01
    endloop
  endfacet
  facet normal 9.994965e-01 0.000000e+00 3.172793e-02
    outer loop
      vertex   -5.380942e+01 4.532732e+00 7.362881e+01
      vertex   -5.383426e+01 -4.967268e+00 7.441115e+01
      vertex   -5.380942e+01 -4.967268e+00 7.362881e+01
    endloop
  endfacet
  facet normal 9.500711e-01 0.000000e+00 3.120334e-01
    outer loop
      vertex   -5.380942e+01 4.532732e+00 7.362881e+01
      vertex   -5.380942e+01 -4.967268e+00 7.362881e+01
      vertex   -5.356519e+01 4.532732e+00 7.288516e+01
    endloop
  endfacet
  facet normal 9.500711e-01 7.105959e-16 3.120334e-01
    outer loop
      vertex   -5.356519e+01 4.532732e+00 7.288516e+01
      vertex   -5.380942e+01 -4.967268e+00 7.362881e+01
      vertex   -5.356519e+01 -4.967268e+00 7.288516e+01
    endloop
  endfacet
  facet normal 8.236766e-01 6.160604e-16 5.670599e-01
    outer loop
      vertex   -5.356519e+01 4.532732e+00 7.288516e+01
      vertex   -5.356519e+01 -4.967268e+00 7.288516e+01
      vertex   -5.312133e+01 4.532732e+00 7.224044e+01
    endloop
  endfacet
  facet normal 8.236766e-01 -1.464314e-15 5.670599e-01
    outer loop
      vertex   -5.312133e+01 4.532732e+00 7.224044e+01
      vertex   -5.356519e+01 -4.967268e+00 7.288516e+01
      vertex   -5.312133e+01 -4.967268e+00 7.224044e+01
    endloop
  endfacet
  facet normal 6.305527e-01 -1.632637e-15 7.761465e-01
    outer loop
      vertex   -5.312133e+01 4.532732e+00 7.224044e+01
      vertex   -5.312133e+01 -4.967268e+00 7.224044e+01
      vertex   -5.251382e+01 4.532732e+00 7.174689e+01
    endloop
  endfacet
  facet normal 6.305527e-01 -1.161022e-15 7.761465e-01
    outer loop
      vertex   -5.251382e+01 4.532732e+00 7.174689e+01
      vertex   -5.312133e+01 -4.967268e+00 7.224044e+01
      vertex   -5.251382e+01 -4.967268e+00 7.174689e+01
    endloop
  endfacet
  facet normal 3.863451e-01 -1.379731e-15 9.223543e-01
    outer loop
      vertex   -5.251382e+01 4.532732e+00 7.174689e+01
      vertex   -5.251382e+01 -4.967268e+00 7.174689e+01
      vertex   -5.179186e+01 4.532732e+00 7.144449e+01
    endloop
  endfacet
  facet normal 3.863451e-01 0.000000e+00 9.223543e-01
    outer loop
      vertex   -5.179186e+01 4.532732e+00 7.144449e+01
      vertex   -5.251382e+01 -4.967268e+00 7.174689e+01
      vertex   -5.179186e+01 -4.967268e+00 7.144449e+01
    endloop
  endfacet
  facet normal 1.108382e-01 0.000000e+00 9.938385e-01
    outer loop
      vertex   -5.179186e+01 4.532732e+00 7.144449e+01
      vertex   -5.179186e+01 -4.967268e+00 7.144449e+01
      vertex   -5.101395e+01 4.532732e+00 7.135773e+01
    endloop
  endfacet
  facet normal 1.108382e-01 0.000000e+00 9.938385e-01
    outer loop
      vertex   -5.101395e+01 4.532732e+00 7.135773e+01
      vertex   -5.179186e+01 -4.967268e+00 7.144449e+01
      vertex   -5.101395e+01 -4.967268e+00 7.135773e+01
    endloop
  endfacet
  facet normal -1.736482e-01 0.000000e+00 9.848078e-01
    outer loop
      vertex   -5.101395e+01 4.532732e+00 7.135773e+01
      vertex   -5.101395e+01 -4.967268e+00 7.135773e+01
      vertex   -5.024311e+01 4.532732e+00 7.149365e+01
    endloop
  endfacet
  facet normal -1.736482e-01 0.000000e+00 9.848078e-01
    outer loop
      vertex   -5.024311e+01 4.532732e+00 7.149365e+01
      vertex   -5.101395e+01 -4.967268e+00 7.135773e+01
      vertex   -5.024311e+01 -4.967268e+00 7.149365e+01
    endloop
  endfacet
  facet normal -4.440666e-01 0.000000e+00 8.959938e-01
    outer loop
      vertex   -5.024311e+01 4.532732e+00 7.149365e+01
      vertex   -5.024311e+01 -4.967268e+00 7.149365e+01
      vertex   -4.954179e+01 4.532732e+00 7.184124e+01
    endloop
  endfacet
  facet normal -4.440666e-01 0.000000e+00 8.959938e-01
    outer loop
      vertex   -4.954179e+01 4.532732e+00 7.184124e+01
      vertex   -5.024311e+01 -4.967268e+00 7.149365e+01
      vertex   -4.954179e+01 -4.967268e+00 7.184124e+01
    endloop
  endfacet
  facet normal -6.785094e-01 0.000000e+00 7.345917e-01
    outer loop
      vertex   -4.954179e+01 4.532732e+00 7.184124e+01
      vertex   -4.954179e+01 -4.967268e+00 7.184124e+01
      vertex   -4.896680e+01 4.532732e+00 7.237233e+01
    endloop
  endfacet
  facet normal -6.785094e-01 0.000000e+00 7.345917e-01
    outer loop
      vertex   -4.896680e+01 4.532732e+00 7.237233e+01
      vertex   -4.954179e+01 -4.967268e+00 7.184124e+01
      vertex   -4.896680e+01 -4.967268e+00 7.237233e+01
    endloop
  endfacet
  facet normal -8.579834e-01 0.000000e+00 5.136774e-01
    outer loop
      vertex   -4.896680e+01 4.532732e+00 7.237233e+01
      vertex   -4.896680e+01 -4.967268e+00 7.237233e+01
      vertex   -4.856473e+01 4.532732e+00 7.304390e+01
    endloop
  endfacet
  facet normal -8.579834e-01 7.683995e-16 5.136774e-01
    outer loop
      vertex   -4.856473e+01 4.532732e+00 7.304390e+01
      vertex   -4.896680e+01 -4.967268e+00 7.237233e+01
      vertex   -4.856473e+01 -4.967268e+00 7.304390e+01
    endloop
  endfacet
  facet normal -9.679487e-01 3.756871e-16 2.511480e-01
    outer loop
      vertex   -4.856473e+01 4.532732e+00 7.304390e+01
      vertex   -4.856473e+01 -4.967268e+00 7.304390e+01
      vertex   -4.836815e+01 4.532732e+00 7.380154e+01
    endloop
  endfacet
  facet normal -9.679487e-01 0.000000e+00 2.511480e-01
    outer loop
      vertex   -4.836815e+01 4.532732e+00 7.380154e+01
      vertex   -4.856473e+01 -4.967268e+00 7.304390e+01
      vertex   -4.836815e+01 -4.967268e+00 7.380154e+01
    endloop
  endfacet
  facet normal -9.500711e-01 -7.105959e-16 -3.120334e-01
    outer loop
      vertex   -4.863722e+01 -1.446727e+01 7.532753e+01
      vertex   -4.863722e+01 -4.967268e+00 7.532753e+01
      vertex   -4.839298e+01 -1.446727e+01 7.458388e+01
    endloop
  endfacet
  facet normal -9.500711e-01 -1.177360e-15 -3.120334e-01
    outer loop
      vertex   -4.839298e+01 -1.446727e+01 7.458388e+01
      vertex   -4.863722e+01 -4.967268e+00 7.532753e+01
      vertex   -4.839298e+01 -4.967268e+00 7.458388e+01
    endloop
  endfacet
  facet normal -9.994965e-01 -7.950243e-16 -3.172793e-02
    outer loop
      vertex   -4.839298e+01 -1.446727e+01 7.458388e+01
      vertex   -4.839298e+01 -4.967268e+00 7.458388e+01
      vertex   -4.836815e+01 -1.446727e+01 7.380154e+01
    endloop
  endfacet
  facet normal -9.994965e-01 0.000000e+00 -3.172793e-02
    outer loop
      vertex   -4.836815e+01 -1.446727e+01 7.380154e+01
      vertex   -4.839298e+01 -4.967268e+00 7.458388e+01
      vertex   -4.836815e+01 -4.967268e+00 7.380154e+01
    endloop
  endfacet
  facet normal -9.679487e-01 0.000000e+00 2.511480e-01
    outer loop
      vertex   -4.836815e+01 -1.446727e+01 7.380154e+01
      vertex   -4.836815e+01 -4.967268e+00 7.380154e+01
      vertex   -4.856473e+01 -1.446727e+01 7.304390e+01
    endloop
  endfacet
  facet normal -9.679487e-01 0.000000e+00 2.511480e-01
    outer loop
      vertex   -4.856473e+01 -1.446727e+01 7.304390e+01
      vertex   -4.836815e+01 -4.967268e+00 7.380154e+01
      vertex   -4.856473e+01 -4.967268e+00 7.304390e+01
    endloop
  endfacet
  facet normal -8.579834e-01 0.000000e+00 5.136774e-01
    outer loop
      vertex   -4.856473e+01 -1.446727e+01 7.304390e+01
      vertex   -4.856473e+01 -4.967268e+00 7.304390e+01
      vertex   -4.896680e+01 -1.446727e+01 7.237233e+01
    endloop
  endfacet
  facet normal -8.579834e-01 -1.283440e-15 5.136774e-01
    outer loop
      vertex   -4.896680e+01 -1.446727e+01 7.237233e+01
      vertex   -4.856473e+01 -4.967268e+00 7.304390e+01
      vertex   -4.896680e+01 -4.967268e+00 7.237233e+01
    endloop
  endfacet
  facet normal -6.785094e-01 -1.014968e-15 7.345917e-01
    outer loop
      vertex   -4.896680e+01 -1.446727e+01 7.237233e+01
      vertex   -4.896680e+01 -4.967268e+00 7.237233e+01
      vertex   -4.954179e+01 -1.446727e+01 7.184124e+01
    endloop
  endfacet
  facet normal -6.785094e-01 0.000000e+00 7.345917e-01
    outer loop
      vertex   -4.954179e+01 -1.446727e+01 7.184124e+01
      vertex   -4.896680e+01 -4.967268e+00 7.237233e+01
      vertex   -4.954179e+01 -4.967268e+00 7.184124e+01
    endloop
  endfacet
  facet normal -4.440666e-01 0.000000e+00 8.959938e-01
    outer loop
      vertex   -4.954179e+01 -1.446727e+01 7.184124e+01
      vertex   -4.954179e+01 -4.967268e+00 7.184124e+01
      vertex   -5.024311e+01 -1.446727e+01 7.149365e+01
    endloop
  endfacet
  facet normal -4.440666e-01 0.000000e+00 8.959938e-01
    outer loop
      vertex   -5.024311e+01 -1.446727e+01 7.149365e+01
      vertex   -4.954179e+01 -4.967268e+00 7.184124e+01
      vertex   -5.024311e+01 -4.967268e+00 7.149365e+01
    endloop
  endfacet
  facet normal -1.736482e-01 0.000000e+00 9.848078e-01
    outer loop
      vertex   -5.024311e+01 -1.446727e+01 7.149365e+01
      vertex   -5.024311e+01 -4.967268e+00 7.149365e+01
      vertex   -5.101395e+01 -1.446727e+01 7.135773e+01
    endloop
  endfacet
  facet normal -1.736482e-01 0.000000e+00 9.848078e-01
    outer loop
      vertex   -5.101395e+01 -1.446727e+01 7.135773e+01
      vertex   -5.024311e+01 -4.967268e+00 7.149365e+01
      vertex   -5.101395e+01 -4.967268e+00 7.135773e+01
    endloop
  endfacet
  facet normal 1.108382e-01 -0.000000e+00 9.938385e-01
    outer loop
      vertex   -5.101395e+01 -1.446727e+01 7.135773e+01
      vertex   -5.101395e+01 -4.967268e+00 7.135773e+01
      vertex   -5.179186e+01 -1.446727e+01 7.144449e+01
    endloop
  endfacet
  facet normal 1.108382e-01 -0.000000e+00 9.938385e-01
    outer loop
      vertex   -5.179186e+01 -1.446727e+01 7.144449e+01
      vertex   -5.101395e+01 -4.967268e+00 7.135773e+01
      vertex   -5.179186e+01 -4.967268e+00 7.144449e+01
    endloop
  endfacet
  facet normal 3.863451e-01 -0.000000e+00 9.223543e-01
    outer loop
      vertex   -5.179186e+01 -1.446727e+01 7.144449e+01
      vertex   -5.179186e+01 -4.967268e+00 7.144449e+01
      vertex   -5.251382e+01 -1.446727e+01 7.174689e+01
    endloop
  endfacet
  facet normal 3.863451e-01 1.379731e-15 9.223543e-01
    outer loop
      vertex   -5.251382e+01 -1.446727e+01 7.174689e+01
      vertex   -5.179186e+01 -4.967268e+00 7.144449e+01
      vertex   -5.251382e+01 -4.967268e+00 7.174689e+01
    endloop
  endfacet
  facet normal 6.305527e-01 1.161022e-15 7.761465e-01
    outer loop
      vertex   -5.251382e+01 -1.446727e+01 7.174689e+01
      vertex   -5.251382e+01 -4.967268e+00 7.174689e+01
      vertex   -5.312133e+01 -1.446727e+01 7.224044e+01
    endloop
  endfacet
  facet normal 6.305527e-01 1.632637e-15 7.761465e-01
    outer loop
      vertex   -5.312133e+01 -1.446727e+01 7.224044e+01
      vertex   -5.251382e+01 -4.967268e+00 7.174689e+01
      vertex   -5.312133e+01 -4.967268e+00 7.224044e+01
    endloop
  endfacet
  facet normal 8.236766e-01 1.464314e-15 5.670599e-01
    outer loop
      vertex   -5.312133e+01 -1.446727e+01 7.224044e+01
      vertex   -5.312133e+01 -4.967268e+00 7.224044e+01
      vertex   -5.356519e+01 -1.446727e+01 7.288516e+01
    endloop
  endfacet
  facet normal 8.236766e-01 -6.160604e-16 5.670599e-01
    outer loop
      vertex   -5.356519e+01 -1.446727e+01 7.288516e+01
      vertex   -5.312133e+01 -4.967268e+00 7.224044e+01
      vertex   -5.356519e+01 -4.967268e+00 7.288516e+01
    endloop
  endfacet
  facet normal 9.500711e-01 -7.105959e-16 3.120334e-01
    outer loop
      vertex   -5.356519e+01 -1.446727e+01 7.288516e+01
      vertex   -5.356519e+01 -4.967268e+00 7.288516e+01
      vertex   -5.380942e+01 -1.446727e+01 7.362881e+01
    endloop
  endfacet
  facet normal 9.500711e-01 -0.000000e+00 3.120334e-01
    outer loop
      vertex   -5.380942e+01 -1.446727e+01 7.362881e+01
      vertex   -5.356519e+01 -4.967268e+00 7.288516e+01
      vertex   -5.380942e+01 -4.967268e+00 7.362881e+01
    endloop
  endfacet
  facet normal 9.994965e-01 -0.000000e+00 3.172793e-02
    outer loop
      vertex   -5.380942e+01 -1.446727e+01 7.362881e+01
      vertex   -5.380942e+01 -4.967268e+00 7.362881e+01
      vertex   -5.383426e+01 -1.446727e+01 7.441115e+01
    endloop
  endfacet
  facet normal 9.994965e-01 -0.000000e+00 3.172793e-02
    outer loop
      vertex   -5.383426e+01 -1.446727e+01 7.441115e+01
      vertex   -5.380942e+01 -4.967268e+00 7.362881e+01
      vertex   -5.383426e+01 -4.967268e+00 7.441115e+01
    endloop
  endfacet
  facet normal 9.679487e-01 0.000000e+00 -2.511480e-01
    outer loop
      vertex   -5.383426e+01 -1.446727e+01 7.441115e+01
      vertex   -5.383426e+01 -4.967268e+00 7.441115e+01
      vertex   -5.363768e+01 -1.446727e+01 7.516879e+01
    endloop
  endfacet
  facet normal 9.679487e-01 0.000000e+00 -2.511480e-01
    outer loop
      vertex   -5.363768e+01 -1.446727e+01 7.516879e+01
      vertex   -5.383426e+01 -4.967268e+00 7.441115e+01
      vertex   -5.363768e+01 -4.967268e+00 7.516879e+01
    endloop
  endfacet
  facet normal 8.579834e-01 0.000000e+00 -5.136774e-01
    outer loop
      vertex   -5.363768e+01 -1.446727e+01 7.516879e+01
      vertex   -5.363768e+01 -4.967268e+00 7.516879e+01
      vertex   -5.323560e+01 -1.446727e+01 7.584037e+01
    endloop
  endfacet
  facet normal 8.579834e-01 0.000000e+00 -5.136774e-01
    outer loop
      vertex   -5.323560e+01 -1.446727e+01 7.584037e+01
      vertex   -5.363768e+01 -4.967268e+00 7.516879e+01
      vertex   -5.323560e+01 -4.967268e+00 7.584037e+01
    endloop
  endfacet
  facet normal 6.785094e-01 0.000000e+00 -7.345917e-01
    outer loop
      vertex   -5.323560e+01 -1.446727e+01 7.584037e+01
      vertex   -5.323560e+01 -4.967268e+00 7.584037e+01
      vertex   -5.266062e+01 -1.446727e+01 7.637146e+01
    endloop
  endfacet
  facet normal 6.785094e-01 0.000000e+00 -7.345917e-01
    outer loop
      vertex   -5.266062e+01 -1.446727e+01 7.637146e+01
      vertex   -5.323560e+01 -4.967268e+00 7.584037e+01
      vertex   -5.266062e+01 -4.967268e+00 7.637146e+01
    endloop
  endfacet
  facet normal 4.440666e-01 0.000000e+00 -8.959938e-01
    outer loop
      vertex   -5.266062e+01 -1.446727e+01 7.637146e+01
      vertex   -5.266062e+01 -4.967268e+00 7.637146e+01
      vertex   -5.195929e+01 -1.446727e+01 7.671904e+01
    endloop
  endfacet
  facet normal 4.440666e-01 0.000000e+00 -8.959938e-01
    outer loop
      vertex   -5.195929e+01 -1.446727e+01 7.671904e+01
      vertex   -5.266062e+01 -4.967268e+00 7.637146e+01
      vertex   -5.195929e+01 -4.967268e+00 7.671904e+01
    endloop
  endfacet
  facet normal 1.736482e-01 0.000000e+00 -9.848078e-01
    outer loop
      vertex   -5.195929e+01 -1.446727e+01 7.671904e+01
      vertex   -5.195929e+01 -4.967268e+00 7.671904e+01
      vertex   -5.118845e+01 -1.446727e+01 7.685496e+01
    endloop
  endfacet
  facet normal 1.736482e-01 0.000000e+00 -9.848078e-01
    outer loop
      vertex   -5.118845e+01 -1.446727e+01 7.685496e+01
      vertex   -5.195929e+01 -4.967268e+00 7.671904e+01
      vertex   -5.118845e+01 -4.967268e+00 7.685496e+01
    endloop
  endfacet
  facet normal -1.108382e-01 0.000000e+00 -9.938385e-01
    outer loop
      vertex   -5.118845e+01 -1.446727e+01 7.685496e+01
      vertex   -5.118845e+01 -4.967268e+00 7.685496e+01
      vertex   -5.041055e+01 -1.446727e+01 7.676820e+01
    endloop
  endfacet
  facet normal -1.108382e-01 0.000000e+00 -9.938385e-01
    outer loop
      vertex   -5.041055e+01 -1.446727e+01 7.676820e+01
      vertex   -5.118845e+01 -4.967268e+00 7.685496e+01
      vertex   -5.041055e+01 -4.967268e+00 7.676820e+01
    endloop
  endfacet
  facet normal -3.863451e-01 0.000000e+00 -9.223543e-01
    outer loop
      vertex   -5.041055e+01 -1.446727e+01 7.676820e+01
      vertex   -5.041055e+01 -4.967268e+00 7.676820e+01
      vertex   -4.968859e+01 -1.446727e+01 7.646580e+01
    endloop
  endfacet
  facet normal -3.863451e-01 1.668694e-15 -9.223543e-01
    outer loop
      vertex   -4.968859e+01 -1.446727e+01 7.646580e+01
      vertex   -5.041055e+01 -4.967268e+00 7.676820e+01
      vertex   -4.968859e+01 -4.967268e+00 7.646580e+01
    endloop
  endfacet
  facet normal -6.305527e-01 1.632637e-15 -7.761465e-01
    outer loop
      vertex   -4.968859e+01 -1.446727e+01 7.646580e+01
      vertex   -4.968859e+01 -4.967268e+00 7.646580e+01
      vertex   -4.908108e+01 -1.446727e+01 7.597225e+01
    endloop
  endfacet
  facet normal -6.305527e-01 0.000000e+00 -7.761465e-01
    outer loop
      vertex   -4.908108e+01 -1.446727e+01 7.597225e+01
      vertex   -4.968859e+01 -4.967268e+00 7.646580e+01
      vertex   -4.908108e+01 -4.967268e+00 7.597225e+01
    endloop
  endfacet
  facet normal -8.236766e-01 0.000000e+00 -5.670599e-01
    outer loop
      vertex   -4.908108e+01 -1.446727e+01 7.597225e+01
      vertex   -4.908108e+01 -4.967268e+00 7.597225e+01
      vertex   -4.863722e+01 -1.446727e+01 7.532753e+01
    endloop
  endfacet
  facet normal -8.236766e-01 -6.160604e-16 -5.670599e-01
    outer loop
      vertex   -4.863722e+01 -1.446727e+01 7.532753e+01
      vertex   -4.908108e+01 -4.967268e+00 7.597225e+01
      vertex   -4.863722e+01 -4.967268e+00 7.532753e+01
    endloop
  endfacet
  facet normal -9.994965e-01 -0.000000e+00 -3.172793e-02
    outer loop
      vertex   -5.647734e+01 4.532732e+00 7.947966e+01
      vertex   -5.647734e+01 -4.967268e+00 7.947966e+01
      vertex   -5.650217e+01 4.532732e+00 8.026200e+01
    endloop
  endfacet
  facet normal -9.994965e-01 -9.492233e-17 -3.172793e-02
    outer loop
      vertex   -5.650217e+01 4.532732e+00 8.026200e+01
      vertex   -5.647734e+01 -4.967268e+00 7.947966e+01
      vertex   -5.650217e+01 -4.967268e+00 8.026200e+01
    endloop
  endfacet
  facet normal -9.500711e-01 -9.335288e-16 -3.120334e-01
    outer loop
      vertex   -5.650217e+01 4.532732e+00 8.026200e+01
      vertex   -5.650217e+01 -4.967268e+00 8.026200e+01
      vertex   -5.674641e+01 4.532732e+00 8.100565e+01
    endloop
  endfacet
  facet normal -9.500711e-01 -0.000000e+00 -3.120334e-01
    outer loop
      vertex   -5.674641e+01 4.532732e+00 8.100565e+01
      vertex   -5.650217e+01 -4.967268e+00 8.026200e+01
      vertex   -5.674641e+01 -4.967268e+00 8.100565e+01
    endloop
  endfacet
  facet normal -8.236766e-01 -0.000000e+00 -5.670599e-01
    outer loop
      vertex   -5.674641e+01 4.532732e+00 8.100565e+01
      vertex   -5.674641e+01 -4.967268e+00 8.100565e+01
      vertex   -5.719027e+01 4.532732e+00 8.165036e+01
    endloop
  endfacet
  facet normal -8.236766e-01 -6.160604e-16 -5.670599e-01
    outer loop
      vertex   -5.719027e+01 4.532732e+00 8.165036e+01
      vertex   -5.674641e+01 -4.967268e+00 8.100565e+01
      vertex   -5.719027e+01 -4.967268e+00 8.165036e+01
    endloop
  endfacet
  facet normal -6.305527e-01 -4.716154e-16 -7.761465e-01
    outer loop
      vertex   -5.719027e+01 4.532732e+00 8.165036e+01
      vertex   -5.719027e+01 -4.967268e+00 8.165036e+01
      vertex   -5.779778e+01 4.532732e+00 8.214392e+01
    endloop
  endfacet
  facet normal -6.305527e-01 -0.000000e+00 -7.761465e-01
    outer loop
      vertex   -5.779778e+01 4.532732e+00 8.214392e+01
      vertex   -5.719027e+01 -4.967268e+00 8.165036e+01
      vertex   -5.779778e+01 -4.967268e+00 8.214392e+01
    endloop
  endfacet
  facet normal -3.863451e-01 -0.000000e+00 -9.223543e-01
    outer loop
      vertex   -5.779778e+01 4.532732e+00 8.214392e+01
      vertex   -5.779778e+01 -4.967268e+00 8.214392e+01
      vertex   -5.851974e+01 4.532732e+00 8.244632e+01
    endloop
  endfacet
  facet normal -3.863451e-01 -0.000000e+00 -9.223543e-01
    outer loop
      vertex   -5.851974e+01 4.532732e+00 8.244632e+01
      vertex   -5.779778e+01 -4.967268e+00 8.214392e+01
      vertex   -5.851974e+01 -4.967268e+00 8.244632e+01
    endloop
  endfacet
  facet normal -1.108382e-01 -0.000000e+00 -9.938385e-01
    outer loop
      vertex   -5.851974e+01 4.532732e+00 8.244632e+01
      vertex   -5.851974e+01 -4.967268e+00 8.244632e+01
      vertex   -5.929765e+01 4.532732e+00 8.253308e+01
    endloop
  endfacet
  facet normal -1.108382e-01 -1.486663e-15 -9.938385e-01
    outer loop
      vertex   -5.929765e+01 4.532732e+00 8.253308e+01
      vertex   -5.851974e+01 -4.967268e+00 8.244632e+01
      vertex   -5.929765e+01 -4.967268e+00 8.253308e+01
    endloop
  endfacet
  facet normal 1.736482e-01 -1.473154e-15 -9.848078e-01
    outer loop
      vertex   -5.929765e+01 4.532732e+00 8.253308e+01
      vertex   -5.929765e+01 -4.967268e+00 8.253308e+01
      vertex   -6.006849e+01 4.532732e+00 8.239716e+01
    endloop
  endfacet
  facet normal 1.736482e-01 -2.946307e-15 -9.848078e-01
    outer loop
      vertex   -6.006849e+01 4.532732e+00 8.239716e+01
      vertex   -5.929765e+01 -4.967268e+00 8.253308e+01
      vertex   -6.006849e+01 -4.967268e+00 8.239716e+01
    endloop
  endfacet
  facet normal 4.440666e-01 -2.680597e-15 -8.959938e-01
    outer loop
      vertex   -6.006849e+01 4.532732e+00 8.239716e+01
      vertex   -6.006849e+01 -4.967268e+00 8.239716e+01
      vertex   -6.076981e+01 4.532732e+00 8.204957e+01
    endloop
  endfacet
  facet normal 4.440666e-01 0.000000e+00 -8.959938e-01
    outer loop
      vertex   -6.076981e+01 4.532732e+00 8.204957e+01
      vertex   -6.006849e+01 -4.967268e+00 8.239716e+01
      vertex   -6.076981e+01 -4.967268e+00 8.204957e+01
    endloop
  endfacet
  facet normal 6.785094e-01 0.000000e+00 -7.345917e-01
    outer loop
      vertex   -6.076981e+01 4.532732e+00 8.204957e+01
      vertex   -6.076981e+01 -4.967268e+00 8.204957e+01
      vertex   -6.134480e+01 4.532732e+00 8.151848e+01
    endloop
  endfacet
  facet normal 6.785094e-01 0.000000e+00 -7.345917e-01
    outer loop
      vertex   -6.134480e+01 4.532732e+00 8.151848e+01
      vertex   -6.076981e+01 -4.967268e+00 8.204957e+01
      vertex   -6.134480e+01 -4.967268e+00 8.151848e+01
    endloop
  endfacet
  facet normal 8.579834e-01 0.000000e+00 -5.136774e-01
    outer loop
      vertex   -6.134480e+01 4.532732e+00 8.151848e+01
      vertex   -6.134480e+01 -4.967268e+00 8.151848e+01
      vertex   -6.174687e+01 4.532732e+00 8.084691e+01
    endloop
  endfacet
  facet normal 8.579834e-01 0.000000e+00 -5.136774e-01
    outer loop
      vertex   -6.174687e+01 4.532732e+00 8.084691e+01
      vertex   -6.134480e+01 -4.967268e+00 8.151848e+01
      vertex   -6.174687e+01 -4.967268e+00 8.084691e+01
    endloop
  endfacet
  facet normal 9.679487e-01 0.000000e+00 -2.511480e-01
    outer loop
      vertex   -6.174687e+01 4.532732e+00 8.084691e+01
      vertex   -6.174687e+01 -4.967268e+00 8.084691e+01
      vertex   -6.194345e+01 4.532732e+00 8.008927e+01
    endloop
  endfacet
  facet normal 9.679487e-01 0.000000e+00 -2.511480e-01
    outer loop
      vertex   -6.194345e+01 4.532732e+00 8.008927e+01
      vertex   -6.174687e+01 -4.967268e+00 8.084691e+01
      vertex   -6.194345e+01 -4.967268e+00 8.008927e+01
    endloop
  endfacet
  facet normal 9.994965e-01 0.000000e+00 3.172793e-02
    outer loop
      vertex   -6.194345e+01 4.532732e+00 8.008927e+01
      vertex   -6.194345e+01 -4.967268e+00 8.008927e+01
      vertex   -6.191862e+01 4.532732e+00 7.930693e+01
    endloop
  endfacet
  facet normal 9.994965e-01 0.000000e+00 3.172793e-02
    outer loop
      vertex   -6.191862e+01 4.532732e+00 7.930693e+01
      vertex   -6.194345e+01 -4.967268e+00 8.008927e+01
      vertex   -6.191862e+01 -4.967268e+00 7.930693e+01
    endloop
  endfacet
  facet normal 9.500711e-01 0.000000e+00 3.120334e-01
    outer loop
      vertex   -6.191862e+01 4.532732e+00 7.930693e+01
      vertex   -6.191862e+01 -4.967268e+00 7.930693e+01
      vertex   -6.167438e+01 4.532732e+00 7.856328e+01
    endloop
  endfacet
  facet normal 9.500711e-01 1.177360e-15 3.120334e-01
    outer loop
      vertex   -6.167438e+01 4.532732e+00 7.856328e+01
      vertex   -6.191862e+01 -4.967268e+00 7.930693e+01
      vertex   -6.167438e+01 -4.967268e+00 7.856328e+01
    endloop
  endfacet
  facet normal 8.236766e-01 1.464314e-15 5.670599e-01
    outer loop
      vertex   -6.167438e+01 4.532732e+00 7.856328e+01
      vertex   -6.167438e+01 -4.967268e+00 7.856328e+01
      vertex   -6.123052e+01 4.532732e+00 7.791856e+01
    endloop
  endfacet
  facet normal 8.236766e-01 0.000000e+00 5.670599e-01
    outer loop
      vertex   -6.123052e+01 4.532732e+00 7.791856e+01
      vertex   -6.167438e+01 -4.967268e+00 7.856328e+01
      vertex   -6.123052e+01 -4.967268e+00 7.791856e+01
    endloop
  endfacet
  facet normal 6.305527e-01 0.000000e+00 7.761465e-01
    outer loop
      vertex   -6.123052e+01 4.532732e+00 7.791856e+01
      vertex   -6.123052e+01 -4.967268e+00 7.791856e+01
      vertex   -6.062301e+01 4.532732e+00 7.742501e+01
    endloop
  endfacet
  facet normal 6.305527e-01 0.000000e+00 7.761465e-01
    outer loop
      vertex   -6.062301e+01 4.532732e+00 7.742501e+01
      vertex   -6.123052e+01 -4.967268e+00 7.791856e+01
      vertex   -6.062301e+01 -4.967268e+00 7.742501e+01
    endloop
  endfacet
  facet normal 3.863451e-01 0.000000e+00 9.223543e-01
    outer loop
      vertex   -6.062301e+01 4.532732e+00 7.742501e+01
      vertex   -6.062301e+01 -4.967268e+00 7.742501e+01
      vertex   -5.990105e+01 4.532732e+00 7.712260e+01
    endloop
  endfacet
  facet normal 3.863451e-01 1.379731e-15 9.223543e-01
    outer loop
      vertex   -5.990105e+01 4.532732e+00 7.712260e+01
      vertex   -6.062301e+01 -4.967268e+00 7.742501e+01
      vertex   -5.990105e+01 -4.967268e+00 7.712260e+01
    endloop
  endfacet
  facet normal 1.108382e-01 1.486663e-15 9.938385e-01
    outer loop
      vertex   -5.990105e+01 4.532732e+00 7.712260e+01
      vertex   -5.990105e+01 -4.967268e+00 7.712260e+01
      vertex   -5.912314e+01 4.532732e+00 7.703585e+01
    endloop
  endfacet
  facet normal 1.108382e-01 0.000000e+00 9.938385e-01
    outer loop
      vertex   -5.912314e+01 4.532732e+00 7.703585e+01
      vertex   -5.990105e+01 -4.967268e+00 7.712260e+01
      vertex   -5.912314e+01 -4.967268e+00 7.703585e+01
    endloop
  endfacet
  facet normal -1.736482e-01 0.000000e+00 9.848078e-01
    outer loop
      vertex   -5.912314e+01 4.532732e+00 7.703585e+01
      vertex   -5.912314e+01 -4.967268e+00 7.703585e+01
      vertex   -5.835230e+01 4.532732e+00 7.717177e+01
    endloop
  endfacet
  facet normal -1.736482e-01 0.000000e+00 9.848078e-01
    outer loop
      vertex   -5.835230e+01 4.532732e+00 7.717177e+01
      vertex   -5.912314e+01 -4.967268e+00 7.703585e+01
      vertex   -5.835230e+01 -4.967268e+00 7.717177e+01
    endloop
  endfacet
  facet normal -4.440666e-01 0.000000e+00 8.959938e-01
    outer loop
      vertex   -5.835230e+01 4.532732e+00 7.717177e+01
      vertex   -5.835230e+01 -4.967268e+00 7.717177e+01
      vertex   -5.765098e+01 4.532732e+00 7.751935e+01
    endloop
  endfacet
  facet normal -4.440666e-01 1.340299e-15 8.959938e-01
    outer loop
      vertex   -5.765098e+01 4.532732e+00 7.751935e+01
      vertex   -5.835230e+01 -4.967268e+00 7.717177e+01
      vertex   -5.765098e+01 -4.967268e+00 7.751935e+01
    endloop
  endfacet
  facet normal -6.785094e-01 1.098861e-15 7.345917e-01
    outer loop
      vertex   -5.765098e+01 4.532732e+00 7.751935e+01
      vertex   -5.765098e+01 -4.967268e+00 7.751935e+01
      vertex   -5.707599e+01 4.532732e+00 7.805044e+01
    endloop
  endfacet
  facet normal -6.785094e-01 0.000000e+00 7.345917e-01
    outer loop
      vertex   -5.707599e+01 4.532732e+00 7.805044e+01
      vertex   -5.765098e+01 -4.967268e+00 7.751935e+01
      vertex   -5.707599e+01 -4.967268e+00 7.805044e+01
    endloop
  endfacet
  facet normal -8.579834e-01 0.000000e+00 5.136774e-01
    outer loop
      vertex   -5.707599e+01 4.532732e+00 7.805044e+01
      vertex   -5.707599e+01 -4.967268e+00 7.805044e+01
      vertex   -5.667392e+01 4.532732e+00 7.872201e+01
    endloop
  endfacet
  facet normal -8.579834e-01 0.000000e+00 5.136774e-01
    outer loop
      vertex   -5.667392e+01 4.532732e+00 7.872201e+01
      vertex   -5.707599e+01 -4.967268e+00 7.805044e+01
      vertex   -5.667392e+01 -4.967268e+00 7.872201e+01
    endloop
  endfacet
  facet normal -9.679487e-01 0.000000e+00 2.511480e-01
    outer loop
      vertex   -5.667392e+01 4.532732e+00 7.872201e+01
      vertex   -5.667392e+01 -4.967268e+00 7.872201e+01
      vertex   -5.647734e+01 4.532732e+00 7.947966e+01
    endloop
  endfacet
  facet normal -9.679487e-01 0.000000e+00 2.511480e-01
    outer loop
      vertex   -5.647734e+01 4.532732e+00 7.947966e+01
      vertex   -5.667392e+01 -4.967268e+00 7.872201e+01
      vertex   -5.647734e+01 -4.967268e+00 7.947966e+01
    endloop
  endfacet
  facet normal -9.500711e-01 0.000000e+00 -3.120334e-01
    outer loop
      vertex   -5.674641e+01 -1.446727e+01 8.100565e+01
      vertex   -5.674641e+01 -4.967268e+00 8.100565e+01
      vertex   -5.650217e+01 -1.446727e+01 8.026200e+01
    endloop
  endfacet
  facet normal -9.500711e-01 0.000000e+00 -3.120334e-01
    outer loop
      vertex   -5.650217e+01 -1.446727e+01 8.026200e+01
      vertex   -5.674641e+01 -4.967268e+00 8.100565e+01
      vertex   -5.650217e+01 -4.967268e+00 8.026200e+01
    endloop
  endfacet
  facet normal -9.994965e-01 0.000000e+00 -3.172793e-02
    outer loop
      vertex   -5.650217e+01 -1.446727e+01 8.026200e+01
      vertex   -5.650217e+01 -4.967268e+00 8.026200e+01
      vertex   -5.647734e+01 -1.446727e+01 7.947966e+01
    endloop
  endfacet
  facet normal -9.994965e-01 0.000000e+00 -3.172793e-02
    outer loop
      vertex   -5.647734e+01 -1.446727e+01 7.947966e+01
      vertex   -5.650217e+01 -4.967268e+00 8.026200e+01
      vertex   -5.647734e+01 -4.967268e+00 7.947966e+01
    endloop
  endfacet
  facet normal -9.679487e-01 0.000000e+00 2.511480e-01
    outer loop
      vertex   -5.647734e+01 -1.446727e+01 7.947966e+01
      vertex   -5.647734e+01 -4.967268e+00 7.947966e+01
      vertex   -5.667392e+01 -1.446727e+01 7.872201e+01
    endloop
  endfacet
  facet normal -9.679487e-01 0.000000e+00 2.511480e-01
    outer loop
      vertex   -5.667392e+01 -1.446727e+01 7.872201e+01
      vertex   -5.647734e+01 -4.967268e+00 7.947966e+01
      vertex   -5.667392e+01 -4.967268e+00 7.872201e+01
    endloop
  endfacet
  facet normal -8.579834e-01 0.000000e+00 5.136774e-01
    outer loop
      vertex   -5.667392e+01 -1.446727e+01 7.872201e+01
      vertex   -5.667392e+01 -4.967268e+00 7.872201e+01
      vertex   -5.707599e+01 -1.446727e+01 7.805044e+01
    endloop
  endfacet
  facet normal -8.579834e-01 0.000000e+00 5.136774e-01
    outer loop
      vertex   -5.707599e+01 -1.446727e+01 7.805044e+01
      vertex   -5.667392e+01 -4.967268e+00 7.872201e+01
      vertex   -5.707599e+01 -4.967268e+00 7.805044e+01
    endloop
  endfacet
  facet normal -6.785094e-01 0.000000e+00 7.345917e-01
    outer loop
      vertex   -5.707599e+01 -1.446727e+01 7.805044e+01
      vertex   -5.707599e+01 -4.967268e+00 7.805044e+01
      vertex   -5.765098e+01 -1.446727e+01 7.751935e+01
    endloop
  endfacet
  facet normal -6.785094e-01 0.000000e+00 7.345917e-01
    outer loop
      vertex   -5.765098e+01 -1.446727e+01 7.751935e+01
      vertex   -5.707599e+01 -4.967268e+00 7.805044e+01
      vertex   -5.765098e+01 -4.967268e+00 7.751935e+01
    endloop
  endfacet
  facet normal -4.440666e-01 0.000000e+00 8.959938e-01
    outer loop
      vertex   -5.765098e+01 -1.446727e+01 7.751935e+01
      vertex   -5.765098e+01 -4.967268e+00 7.751935e+01
      vertex   -5.835230e+01 -1.446727e+01 7.717177e+01
    endloop
  endfacet
  facet normal -4.440666e-01 0.000000e+00 8.959938e-01
    outer loop
      vertex   -5.835230e+01 -1.446727e+01 7.717177e+01
      vertex   -5.765098e+01 -4.967268e+00 7.751935e+01
      vertex   -5.835230e+01 -4.967268e+00 7.717177e+01
    endloop
  endfacet
  facet normal -1.736482e-01 0.000000e+00 9.848078e-01
    outer loop
      vertex   -5.835230e+01 -1.446727e+01 7.717177e+01
      vertex   -5.835230e+01 -4.967268e+00 7.717177e+01
      vertex   -5.912314e+01 -1.446727e+01 7.703585e+01
    endloop
  endfacet
  facet normal -1.736482e-01 0.000000e+00 9.848078e-01
    outer loop
      vertex   -5.912314e+01 -1.446727e+01 7.703585e+01
      vertex   -5.835230e+01 -4.967268e+00 7.717177e+01
      vertex   -5.912314e+01 -4.967268e+00 7.703585e+01
    endloop
  endfacet
  facet normal 1.108382e-01 -0.000000e+00 9.938385e-01
    outer loop
      vertex   -5.912314e+01 -1.446727e+01 7.703585e+01
      vertex   -5.912314e+01 -4.967268e+00 7.703585e+01
      vertex   -5.990105e+01 -1.446727e+01 7.712260e+01
    endloop
  endfacet
  facet normal 1.108382e-01 -0.000000e+00 9.938385e-01
    outer loop
      vertex   -5.990105e+01 -1.446727e+01 7.712260e+01
      vertex   -5.912314e+01 -4.967268e+00 7.703585e+01
      vertex   -5.990105e+01 -4.967268e+00 7.712260e+01
    endloop
  endfacet
  facet normal 3.863451e-01 -0.000000e+00 9.223543e-01
    outer loop
      vertex   -5.990105e+01 -1.446727e+01 7.712260e+01
      vertex   -5.990105e+01 -4.967268e+00 7.712260e+01
      vertex   -6.062301e+01 -1.446727e+01 7.742501e+01
    endloop
  endfacet
  facet normal 3.863451e-01 1.379731e-15 9.223543e-01
    outer loop
      vertex   -6.062301e+01 -1.446727e+01 7.742501e+01
      vertex   -5.990105e+01 -4.967268e+00 7.712260e+01
      vertex   -6.062301e+01 -4.967268e+00 7.742501e+01
    endloop
  endfacet
  facet normal 6.305527e-01 1.161022e-15 7.761465e-01
    outer loop
      vertex   -6.062301e+01 -1.446727e+01 7.742501e+01
      vertex   -6.062301e+01 -4.967268e+00 7.742501e+01
      vertex   -6.123052e+01 -1.446727e+01 7.791856e+01
    endloop
  endfacet
  facet normal 6.305527e-01 -0.000000e+00 7.761465e-01
    outer loop
      vertex   -6.123052e+01 -1.446727e+01 7.791856e+01
      vertex   -6.062301e+01 -4.967268e+00 7.742501e+01
      vertex   -6.123052e+01 -4.967268e+00 7.791856e+01
    endloop
  endfacet
  facet normal 8.236766e-01 -0.000000e+00 5.670599e-01
    outer loop
      vertex   -6.123052e+01 -1.446727e+01 7.791856e+01
      vertex   -6.123052e+01 -4.967268e+00 7.791856e+01
      vertex   -6.167438e+01 -1.446727e+01 7.856328e+01
    endloop
  endfacet
  facet normal 8.236766e-01 -6.160604e-16 5.670599e-01
    outer loop
      vertex   -6.167438e+01 -1.446727e+01 7.856328e+01
      vertex   -6.123052e+01 -4.967268e+00 7.791856e+01
      vertex   -6.167438e+01 -4.967268e+00 7.856328e+01
    endloop
  endfacet
  facet normal 9.500711e-01 -7.105959e-16 3.120334e-01
    outer loop
      vertex   -6.167438e+01 -1.446727e+01 7.856328e+01
      vertex   -6.167438e+01 -4.967268e+00 7.856328e+01
      vertex   -6.191862e+01 -1.446727e+01 7.930693e+01
    endloop
  endfacet
  facet normal 9.500711e-01 -0.000000e+00 3.120334e-01
    outer loop
      vertex   -6.191862e+01 -1.446727e+01 7.930693e+01
      vertex   -6.167438e+01 -4.967268e+00 7.856328e+01
      vertex   -6.191862e+01 -4.967268e+00 7.930693e+01
    endloop
  endfacet
  facet normal 9.994965e-01 -0.000000e+00 3.172793e-02
    outer loop
      vertex   -6.191862e+01 -1.446727e+01 7.930693e+01
      vertex   -6.191862e+01 -4.967268e+00 7.930693e+01
      vertex   -6.194345e+01 -1.446727e+01 8.008927e+01
    endloop
  endfacet
  facet normal 9.994965e-01 -0.000000e+00 3.172793e-02
    outer loop
      vertex   -6.194345e+01 -1.446727e+01 8.008927e+01
      vertex   -6.191862e+01 -4.967268e+00 7.930693e+01
      vertex   -6.194345e+01 -4.967268e+00 8.008927e+01
    endloop
  endfacet
  facet normal 9.679487e-01 0.000000e+00 -2.511480e-01
    outer loop
      vertex   -6.194345e+01 -1.446727e+01 8.008927e+01
      vertex   -6.194345e+01 -4.967268e+00 8.008927e+01
      vertex   -6.174687e+01 -1.446727e+01 8.084691e+01
    endloop
  endfacet
  facet normal 9.679487e-01 0.000000e+00 -2.511480e-01
    outer loop
      vertex   -6.174687e+01 -1.446727e+01 8.084691e+01
      vertex   -6.194345e+01 -4.967268e+00 8.008927e+01
      vertex   -6.174687e+01 -4.967268e+00 8.084691e+01
    endloop
  endfacet
  facet normal 8.579834e-01 0.000000e+00 -5.136774e-01
    outer loop
      vertex   -6.174687e+01 -1.446727e+01 8.084691e+01
      vertex   -6.174687e+01 -4.967268e+00 8.084691e+01
      vertex   -6.134480e+01 -1.446727e+01 8.151848e+01
    endloop
  endfacet
  facet normal 8.579834e-01 0.000000e+00 -5.136774e-01
    outer loop
      vertex   -6.134480e+01 -1.446727e+01 8.151848e+01
      vertex   -6.174687e+01 -4.967268e+00 8.084691e+01
      vertex   -6.134480e+01 -4.967268e+00 8.151848e+01
    endloop
  endfacet
  facet normal 6.785094e-01 0.000000e+00 -7.345917e-01
    outer loop
      vertex   -6.134480e+01 -1.446727e+01 8.151848e+01
      vertex   -6.134480e+01 -4.967268e+00 8.151848e+01
      vertex   -6.076981e+01 -1.446727e+01 8.204957e+01
    endloop
  endfacet
  facet normal 6.785094e-01 0.000000e+00 -7.345917e-01
    outer loop
      vertex   -6.076981e+01 -1.446727e+01 8.204957e+01
      vertex   -6.134480e+01 -4.967268e+00 8.151848e+01
      vertex   -6.076981e+01 -4.967268e+00 8.204957e+01
    endloop
  endfacet
  facet normal 4.440666e-01 0.000000e+00 -8.959938e-01
    outer loop
      vertex   -6.076981e+01 -1.446727e+01 8.204957e+01
      vertex   -6.076981e+01 -4.967268e+00 8.204957e+01
      vertex   -6.006849e+01 -1.446727e+01 8.239716e+01
    endloop
  endfacet
  facet normal 4.440666e-01 0.000000e+00 -8.959938e-01
    outer loop
      vertex   -6.006849e+01 -1.446727e+01 8.239716e+01
      vertex   -6.076981e+01 -4.967268e+00 8.204957e+01
      vertex   -6.006849e+01 -4.967268e+00 8.239716e+01
    endloop
  endfacet
  facet normal 1.736482e-01 0.000000e+00 -9.848078e-01
    outer loop
      vertex   -6.006849e+01 -1.446727e+01 8.239716e+01
      vertex   -6.006849e+01 -4.967268e+00 8.239716e+01
      vertex   -5.929765e+01 -1.446727e+01 8.253308e+01
    endloop
  endfacet
  facet normal 1.736482e-01 0.000000e+00 -9.848078e-01
    outer loop
      vertex   -5.929765e+01 -1.446727e+01 8.253308e+01
      vertex   -6.006849e+01 -4.967268e+00 8.239716e+01
      vertex   -5.929765e+01 -4.967268e+00 8.253308e+01
    endloop
  endfacet
  facet normal -1.108382e-01 0.000000e+00 -9.938385e-01
    outer loop
      vertex   -5.929765e+01 -1.446727e+01 8.253308e+01
      vertex   -5.929765e+01 -4.967268e+00 8.253308e+01
      vertex   -5.851974e+01 -1.446727e+01 8.244632e+01
    endloop
  endfacet
  facet normal -1.108382e-01 0.000000e+00 -9.938385e-01
    outer loop
      vertex   -5.851974e+01 -1.446727e+01 8.244632e+01
      vertex   -5.929765e+01 -4.967268e+00 8.253308e+01
      vertex   -5.851974e+01 -4.967268e+00 8.244632e+01
    endloop
  endfacet
  facet normal -3.863451e-01 0.000000e+00 -9.223543e-01
    outer loop
      vertex   -5.851974e+01 -1.446727e+01 8.244632e+01
      vertex   -5.851974e+01 -4.967268e+00 8.244632e+01
      vertex   -5.779778e+01 -1.446727e+01 8.214392e+01
    endloop
  endfacet
  facet normal -3.863451e-01 0.000000e+00 -9.223543e-01
    outer loop
      vertex   -5.779778e+01 -1.446727e+01 8.214392e+01
      vertex   -5.851974e+01 -4.967268e+00 8.244632e+01
      vertex   -5.779778e+01 -4.967268e+00 8.214392e+01
    endloop
  endfacet
  facet normal -6.305527e-01 0.000000e+00 -7.761465e-01
    outer loop
      vertex   -5.779778e+01 -1.446727e+01 8.214392e+01
      vertex   -5.779778e+01 -4.967268e+00 8.214392e+01
      vertex   -5.719027e+01 -1.446727e+01 8.165036e+01
    endloop
  endfacet
  facet normal -6.305527e-01 4.716154e-16 -7.761465e-01
    outer loop
      vertex   -5.719027e+01 -1.446727e+01 8.165036e+01
      vertex   -5.779778e+01 -4.967268e+00 8.214392e+01
      vertex   -5.719027e+01 -4.967268e+00 8.165036e+01
    endloop
  endfacet
  facet normal -8.236766e-01 6.160604e-16 -5.670599e-01
    outer loop
      vertex   -5.719027e+01 -1.446727e+01 8.165036e+01
      vertex   -5.719027e+01 -4.967268e+00 8.165036e+01
      vertex   -5.674641e+01 -1.446727e+01 8.100565e+01
    endloop
  endfacet
  facet normal -8.236766e-01 0.000000e+00 -5.670599e-01
    outer loop
      vertex   -5.674641e+01 -1.446727e+01 8.100565e+01
      vertex   -5.719027e+01 -4.967268e+00 8.165036e+01
      vertex   -5.674641e+01 -4.967268e+00 8.100565e+01
    endloop
  endfacet
  facet normal -9.500711e-01 0.000000e+00 -3.120334e-01
    outer loop
      vertex   -4.985276e+01 4.532732e+00 8.222118e+01
      vertex   -4.985276e+01 7.532732e+00 8.222118e+01
      vertex   -4.960852e+01 4.532732e+00 8.147753e+01
    endloop
  endfacet
  facet normal -9.500711e-01 0.000000e+00 -3.120334e-01
    outer loop
      vertex   -4.960852e+01 4.532732e+00 8.147753e+01
      vertex   -4.985276e+01 7.532732e+00 8.222118e+01
      vertex   -4.960852e+01 7.532732e+00 8.147753e+01
    endloop
  endfacet
  facet normal -9.994965e-01 0.000000e+00 -3.172793e-02
    outer loop
      vertex   -4.960852e+01 4.532732e+00 8.147753e+01
      vertex   -4.960852e+01 7.532732e+00 8.147753e+01
      vertex   -4.958368e+01 4.532732e+00 8.069520e+01
    endloop
  endfacet
  facet normal -9.994965e-01 0.000000e+00 -3.172793e-02
    outer loop
      vertex   -4.958368e+01 4.532732e+00 8.069520e+01
      vertex   -4.960852e+01 7.532732e+00 8.147753e+01
      vertex   -4.958368e+01 7.532732e+00 8.069520e+01
    endloop
  endfacet
  facet normal -9.679487e-01 0.000000e+00 2.511480e-01
    outer loop
      vertex   -4.958368e+01 4.532732e+00 8.069520e+01
      vertex   -4.958368e+01 7.532732e+00 8.069520e+01
      vertex   -4.978027e+01 4.532732e+00 7.993755e+01
    endloop
  endfacet
  facet normal -9.679487e-01 -1.102887e-15 2.511480e-01
    outer loop
      vertex   -4.978027e+01 4.532732e+00 7.993755e+01
      vertex   -4.958368e+01 7.532732e+00 8.069520e+01
      vertex   -4.978027e+01 7.532732e+00 7.993755e+01
    endloop
  endfacet
  facet normal -8.579834e-01 4.011520e-16 5.136774e-01
    outer loop
      vertex   -4.978027e+01 4.532732e+00 7.993755e+01
      vertex   -4.978027e+01 7.532732e+00 7.993755e+01
      vertex   -5.018234e+01 4.532732e+00 7.926598e+01
    endloop
  endfacet
  facet normal -8.579834e-01 -4.064226e-15 5.136774e-01
    outer loop
      vertex   -5.018234e+01 4.532732e+00 7.926598e+01
      vertex   -4.978027e+01 7.532732e+00 7.993755e+01
      vertex   -5.018234e+01 7.532732e+00 7.926598e+01
    endloop
  endfacet
  facet normal -6.785094e-01 -3.214066e-15 7.345917e-01
    outer loop
      vertex   -5.018234e+01 4.532732e+00 7.926598e+01
      vertex   -5.018234e+01 7.532732e+00 7.926598e+01
      vertex   -5.075732e+01 4.532732e+00 7.873489e+01
    endloop
  endfacet
  facet normal -6.785094e-01 0.000000e+00 7.345917e-01
    outer loop
      vertex   -5.075732e+01 4.532732e+00 7.873489e+01
      vertex   -5.018234e+01 7.532732e+00 7.926598e+01
      vertex   -5.075732e+01 7.532732e+00 7.873489e+01
    endloop
  endfacet
  facet normal -4.440666e-01 0.000000e+00 8.959938e-01
    outer loop
      vertex   -5.075732e+01 4.532732e+00 7.873489e+01
      vertex   -5.075732e+01 7.532732e+00 7.873489e+01
      vertex   -5.145865e+01 4.532732e+00 7.838730e+01
    endloop
  endfacet
  facet normal -4.440666e-01 0.000000e+00 8.959938e-01
    outer loop
      vertex   -5.145865e+01 4.532732e+00 7.838730e+01
      vertex   -5.075732e+01 7.532732e+00 7.873489e+01
      vertex   -5.145865e+01 7.532732e+00 7.838730e+01
    endloop
  endfacet
  facet normal -1.736482e-01 0.000000e+00 9.848078e-01
    outer loop
      vertex   -5.145865e+01 4.532732e+00 7.838730e+01
      vertex   -5.145865e+01 7.532732e+00 7.838730e+01
      vertex   -5.222949e+01 4.532732e+00 7.825138e+01
    endloop
  endfacet
  facet normal -1.736482e-01 0.000000e+00 9.848078e-01
    outer loop
      vertex   -5.222949e+01 4.532732e+00 7.825138e+01
      vertex   -5.145865e+01 7.532732e+00 7.838730e+01
      vertex   -5.222949e+01 7.532732e+00 7.825138e+01
    endloop
  endfacet
  facet normal 1.108382e-01 -0.000000e+00 9.938385e-01
    outer loop
      vertex   -5.222949e+01 4.532732e+00 7.825138e+01
      vertex   -5.222949e+01 7.532732e+00 7.825138e+01
      vertex   -5.300740e+01 4.532732e+00 7.833814e+01
    endloop
  endfacet
  facet normal 1.108382e-01 -0.000000e+00 9.938385e-01
    outer loop
      vertex   -5.300740e+01 4.532732e+00 7.833814e+01
      vertex   -5.222949e+01 7.532732e+00 7.825138e+01
      vertex   -5.300740e+01 7.532732e+00 7.833814e+01
    endloop
  endfacet
  facet normal 3.863451e-01 -0.000000e+00 9.223543e-01
    outer loop
      vertex   -5.300740e+01 4.532732e+00 7.833814e+01
      vertex   -5.300740e+01 7.532732e+00 7.833814e+01
      vertex   -5.372935e+01 4.532732e+00 7.864055e+01
    endloop
  endfacet
  facet normal 3.863451e-01 -9.150491e-16 9.223543e-01
    outer loop
      vertex   -5.372935e+01 4.532732e+00 7.864055e+01
      vertex   -5.300740e+01 7.532732e+00 7.833814e+01
      vertex   -5.372935e+01 7.532732e+00 7.864055e+01
    endloop
  endfacet
  facet normal 6.305527e-01 -1.493449e-15 7.761465e-01
    outer loop
      vertex   -5.372935e+01 4.532732e+00 7.864055e+01
      vertex   -5.372935e+01 7.532732e+00 7.864055e+01
      vertex   -5.433687e+01 4.532732e+00 7.913410e+01
    endloop
  endfacet
  facet normal 6.305527e-01 -1.493449e-15 7.761465e-01
    outer loop
      vertex   -5.433687e+01 4.532732e+00 7.913410e+01
      vertex   -5.372935e+01 7.532732e+00 7.864055e+01
      vertex   -5.433687e+01 7.532732e+00 7.913410e+01
    endloop
  endfacet
  facet normal 8.236766e-01 -1.950858e-15 5.670599e-01
    outer loop
      vertex   -5.433687e+01 4.532732e+00 7.913410e+01
      vertex   -5.433687e+01 7.532732e+00 7.913410e+01
      vertex   -5.478072e+01 4.532732e+00 7.977882e+01
    endloop
  endfacet
  facet normal 8.236766e-01 -0.000000e+00 5.670599e-01
    outer loop
      vertex   -5.478072e+01 4.532732e+00 7.977882e+01
      vertex   -5.433687e+01 7.532732e+00 7.913410e+01
      vertex   -5.478072e+01 7.532732e+00 7.977882e+01
    endloop
  endfacet
  facet normal 9.500711e-01 -0.000000e+00 3.120334e-01
    outer loop
      vertex   -5.478072e+01 4.532732e+00 7.977882e+01
      vertex   -5.478072e+01 7.532732e+00 7.977882e+01
      vertex   -5.502496e+01 4.532732e+00 8.052247e+01
    endloop
  endfacet
  facet normal 9.500711e-01 2.250220e-15 3.120334e-01
    outer loop
      vertex   -5.502496e+01 4.532732e+00 8.052247e+01
      vertex   -5.478072e+01 7.532732e+00 7.977882e+01
      vertex   -5.502496e+01 7.532732e+00 8.052247e+01
    endloop
  endfacet
  facet normal 9.994965e-01 2.367283e-15 3.172793e-02
    outer loop
      vertex   -5.502496e+01 4.532732e+00 8.052247e+01
      vertex   -5.502496e+01 7.532732e+00 8.052247e+01
      vertex   -5.504980e+01 4.532732e+00 8.130481e+01
    endloop
  endfacet
  facet normal 9.994965e-01 -0.000000e+00 3.172793e-02
    outer loop
      vertex   -5.504980e+01 4.532732e+00 8.130481e+01
      vertex   -5.502496e+01 7.532732e+00 8.052247e+01
      vertex   -5.504980e+01 7.532732e+00 8.130481e+01
    endloop
  endfacet
  facet normal 9.679487e-01 0.000000e+00 -2.511480e-01
    outer loop
      vertex   -5.504980e+01 4.532732e+00 8.130481e+01
      vertex   -5.504980e+01 7.532732e+00 8.130481e+01
      vertex   -5.485321e+01 4.532732e+00 8.206245e+01
    endloop
  endfacet
  facet normal 9.679487e-01 2.292563e-15 -2.511480e-01
    outer loop
      vertex   -5.485321e+01 4.532732e+00 8.206245e+01
      vertex   -5.504980e+01 7.532732e+00 8.130481e+01
      vertex   -5.485321e+01 7.532732e+00 8.206245e+01
    endloop
  endfacet
  facet normal 8.579834e-01 2.032113e-15 -5.136774e-01
    outer loop
      vertex   -5.485321e+01 4.532732e+00 8.206245e+01
      vertex   -5.485321e+01 7.532732e+00 8.206245e+01
      vertex   -5.445114e+01 4.532732e+00 8.273402e+01
    endloop
  endfacet
  facet normal 8.579834e-01 4.064226e-15 -5.136774e-01
    outer loop
      vertex   -5.445114e+01 4.532732e+00 8.273402e+01
      vertex   -5.485321e+01 7.532732e+00 8.206245e+01
      vertex   -5.445114e+01 7.532732e+00 8.273402e+01
    endloop
  endfacet
  facet normal 6.785094e-01 3.214066e-15 -7.345917e-01
    outer loop
      vertex   -5.445114e+01 4.532732e+00 8.273402e+01
      vertex   -5.445114e+01 7.532732e+00 8.273402e+01
      vertex   -5.387615e+01 4.532732e+00 8.326511e+01
    endloop
  endfacet
  facet normal 6.785094e-01 0.000000e+00 -7.345917e-01
    outer loop
      vertex   -5.387615e+01 4.532732e+00 8.326511e+01
      vertex   -5.445114e+01 7.532732e+00 8.273402e+01
      vertex   -5.387615e+01 7.532732e+00 8.326511e+01
    endloop
  endfacet
  facet normal 4.440666e-01 0.000000e+00 -8.959938e-01
    outer loop
      vertex   -5.387615e+01 4.532732e+00 8.326511e+01
      vertex   -5.387615e+01 7.532732e+00 8.326511e+01
      vertex   -5.317483e+01 4.532732e+00 8.361270e+01
    endloop
  endfacet
  facet normal 4.440666e-01 0.000000e+00 -8.959938e-01
    outer loop
      vertex   -5.317483e+01 4.532732e+00 8.361270e+01
      vertex   -5.387615e+01 7.532732e+00 8.326511e+01
      vertex   -5.317483e+01 7.532732e+00 8.361270e+01
    endloop
  endfacet
  facet normal 1.736482e-01 0.000000e+00 -9.848078e-01
    outer loop
      vertex   -5.317483e+01 4.532732e+00 8.361270e+01
      vertex   -5.317483e+01 7.532732e+00 8.361270e+01
      vertex   -5.240399e+01 4.532732e+00 8.374862e+01
    endloop
  endfacet
  facet normal 1.736482e-01 0.000000e+00 -9.848078e-01
    outer loop
      vertex   -5.240399e+01 4.532732e+00 8.374862e+01
      vertex   -5.317483e+01 7.532732e+00 8.361270e+01
      vertex   -5.240399e+01 7.532732e+00 8.374862e+01
    endloop
  endfacet
  facet normal -1.108382e-01 0.000000e+00 -9.938385e-01
    outer loop
      vertex   -5.240399e+01 4.532732e+00 8.374862e+01
      vertex   -5.240399e+01 7.532732e+00 8.374862e+01
      vertex   -5.162608e+01 4.532732e+00 8.366186e+01
    endloop
  endfacet
  facet normal -1.108382e-01 0.000000e+00 -9.938385e-01
    outer loop
      vertex   -5.162608e+01 4.532732e+00 8.366186e+01
      vertex   -5.240399e+01 7.532732e+00 8.374862e+01
      vertex   -5.162608e+01 7.532732e+00 8.366186e+01
    endloop
  endfacet
  facet normal -3.863451e-01 0.000000e+00 -9.223543e-01
    outer loop
      vertex   -5.162608e+01 4.532732e+00 8.366186e+01
      vertex   -5.162608e+01 7.532732e+00 8.366186e+01
      vertex   -5.090413e+01 4.532732e+00 8.335945e+01
    endloop
  endfacet
  facet normal -3.863451e-01 0.000000e+00 -9.223543e-01
    outer loop
      vertex   -5.090413e+01 4.532732e+00 8.335945e+01
      vertex   -5.162608e+01 7.532732e+00 8.366186e+01
      vertex   -5.090413e+01 7.532732e+00 8.335945e+01
    endloop
  endfacet
  facet normal -6.305527e-01 0.000000e+00 -7.761465e-01
    outer loop
      vertex   -5.090413e+01 4.532732e+00 8.335945e+01
      vertex   -5.090413e+01 7.532732e+00 8.335945e+01
      vertex   -5.029661e+01 4.532732e+00 8.286590e+01
    endloop
  endfacet
  facet normal -6.305527e-01 0.000000e+00 -7.761465e-01
    outer loop
      vertex   -5.029661e+01 4.532732e+00 8.286590e+01
      vertex   -5.090413e+01 7.532732e+00 8.335945e+01
      vertex   -5.029661e+01 7.532732e+00 8.286590e+01
    endloop
  endfacet
  facet normal -8.236766e-01 0.000000e+00 -5.670599e-01
    outer loop
      vertex   -5.029661e+01 4.532732e+00 8.286590e+01
      vertex   -5.029661e+01 7.532732e+00 8.286590e+01
      vertex   -4.985276e+01 4.532732e+00 8.222118e+01
    endloop
  endfacet
  facet normal -8.236766e-01 0.000000e+00 -5.670599e-01
    outer loop
      vertex   -4.985276e+01 4.532732e+00 8.222118e+01
      vertex   -5.029661e+01 7.532732e+00 8.286590e+01
      vertex   -4.985276e+01 7.532732e+00 8.222118e+01
    endloop
  endfacet
  facet normal 9.361318e-01 1.665746e-15 3.516494e-01
    outer loop
      vertex   -5.247013e+01 4.532732e+00 7.327806e+01
      vertex   -5.247013e+01 7.532732e+00 7.327806e+01
      vertex   -5.267689e+01 4.532732e+00 7.382851e+01
    endloop
  endfacet
  facet normal 9.361318e-01 -0.000000e+00 3.516494e-01
    outer loop
      vertex   -5.267689e+01 4.532732e+00 7.382851e+01
      vertex   -5.247013e+01 7.532732e+00 7.327806e+01
      vertex   -5.267689e+01 7.532732e+00 7.382851e+01
    endloop
  endfacet
  facet normal 9.999473e-01 0.000000e+00 -1.026646e-02
    outer loop
      vertex   -5.267689e+01 4.532732e+00 7.382851e+01
      vertex   -5.267689e+01 7.532732e+00 7.382851e+01
      vertex   -5.267086e+01 4.532732e+00 7.441648e+01
    endloop
  endfacet
  facet normal 9.999473e-01 0.000000e+00 -1.026646e-02
    outer loop
      vertex   -5.267086e+01 4.532732e+00 7.441648e+01
      vertex   -5.267689e+01 7.532732e+00 7.382851e+01
      vertex   -5.267086e+01 7.532732e+00 7.441648e+01
    endloop
  endfacet
  facet normal 9.287144e-01 0.000000e+00 -3.707958e-01
    outer loop
      vertex   -5.267086e+01 4.532732e+00 7.441648e+01
      vertex   -5.267086e+01 7.532732e+00 7.441648e+01
      vertex   -5.245283e+01 4.532732e+00 7.496256e+01
    endloop
  endfacet
  facet normal 9.287144e-01 0.000000e+00 -3.707958e-01
    outer loop
      vertex   -5.245283e+01 4.532732e+00 7.496256e+01
      vertex   -5.267086e+01 7.532732e+00 7.441648e+01
      vertex   -5.245283e+01 7.532732e+00 7.496256e+01
    endloop
  endfacet
  facet normal 7.320535e-01 0.000000e+00 -6.812471e-01
    outer loop
      vertex   -5.245283e+01 4.532732e+00 7.496256e+01
      vertex   -5.245283e+01 7.532732e+00 7.496256e+01
      vertex   -5.205226e+01 4.532732e+00 7.539301e+01
    endloop
  endfacet
  facet normal 7.320535e-01 0.000000e+00 -6.812471e-01
    outer loop
      vertex   -5.205226e+01 4.532732e+00 7.539301e+01
      vertex   -5.245283e+01 7.532732e+00 7.496256e+01
      vertex   -5.205226e+01 7.532732e+00 7.539301e+01
    endloop
  endfacet
  facet normal 4.365247e-01 0.000000e+00 -8.996923e-01
    outer loop
      vertex   -5.205226e+01 4.532732e+00 7.539301e+01
      vertex   -5.205226e+01 7.532732e+00 7.539301e+01
      vertex   -5.152324e+01 4.532732e+00 7.564968e+01
    endloop
  endfacet
  facet normal 4.365247e-01 0.000000e+00 -8.996923e-01
    outer loop
      vertex   -5.152324e+01 4.532732e+00 7.564968e+01
      vertex   -5.205226e+01 7.532732e+00 7.539301e+01
      vertex   -5.152324e+01 7.532732e+00 7.564968e+01
    endloop
  endfacet
  facet normal 8.204083e-02 0.000000e+00 -9.966290e-01
    outer loop
      vertex   -5.152324e+01 4.532732e+00 7.564968e+01
      vertex   -5.152324e+01 7.532732e+00 7.564968e+01
      vertex   -5.093722e+01 4.532732e+00 7.569792e+01
    endloop
  endfacet
  facet normal 8.204083e-02 0.000000e+00 -9.966290e-01
    outer loop
      vertex   -5.093722e+01 4.532732e+00 7.569792e+01
      vertex   -5.152324e+01 7.532732e+00 7.564968e+01
      vertex   -5.093722e+01 7.532732e+00 7.569792e+01
    endloop
  endfacet
  facet normal -2.835231e-01 0.000000e+00 -9.589654e-01
    outer loop
      vertex   -5.093722e+01 4.532732e+00 7.569792e+01
      vertex   -5.093722e+01 7.532732e+00 7.569792e+01
      vertex   -5.037335e+01 4.532732e+00 7.553121e+01
    endloop
  endfacet
  facet normal -2.835231e-01 -4.542573e-15 -9.589654e-01
    outer loop
      vertex   -5.037335e+01 4.532732e+00 7.553121e+01
      vertex   -5.093722e+01 7.532732e+00 7.569792e+01
      vertex   -5.037335e+01 7.532732e+00 7.553121e+01
    endloop
  endfacet
  facet normal -6.107957e-01 -3.750663e-15 -7.917882e-01
    outer loop
      vertex   -5.037335e+01 4.532732e+00 7.553121e+01
      vertex   -5.037335e+01 7.532732e+00 7.553121e+01
      vertex   -4.990778e+01 4.532732e+00 7.517206e+01
    endloop
  endfacet
  facet normal -6.107957e-01 0.000000e+00 -7.917882e-01
    outer loop
      vertex   -4.990778e+01 4.532732e+00 7.517206e+01
      vertex   -5.037335e+01 7.532732e+00 7.553121e+01
      vertex   -4.990778e+01 7.532732e+00 7.517206e+01
    endloop
  endfacet
  facet normal -8.555769e-01 0.000000e+00 -5.176757e-01
    outer loop
      vertex   -4.990778e+01 4.532732e+00 7.517206e+01
      vertex   -4.990778e+01 7.532732e+00 7.517206e+01
      vertex   -4.960339e+01 4.532732e+00 7.466898e+01
    endloop
  endfacet
  facet normal -8.555769e-01 -4.478618e-15 -5.176757e-01
    outer loop
      vertex   -4.960339e+01 4.532732e+00 7.466898e+01
      vertex   -4.990778e+01 7.532732e+00 7.517206e+01
      vertex   -4.960339e+01 7.532732e+00 7.466898e+01
    endloop
  endfacet
  facet normal -9.848078e-01 -3.155056e-15 -1.736482e-01
    outer loop
      vertex   -4.960339e+01 4.532732e+00 7.466898e+01
      vertex   -4.960339e+01 7.532732e+00 7.466898e+01
      vertex   -4.950129e+01 4.532732e+00 7.408992e+01
    endloop
  endfacet
  facet normal -9.848078e-01 -4.664987e-15 -1.736482e-01
    outer loop
      vertex   -4.950129e+01 4.532732e+00 7.408992e+01
      vertex   -4.960339e+01 7.532732e+00 7.466898e+01
      vertex   -4.950129e+01 7.532732e+00 7.408992e+01
    endloop
  endfacet
  facet normal -9.810348e-01 -4.647115e-15 1.938315e-01
    outer loop
      vertex   -4.950129e+01 4.532732e+00 7.408992e+01
      vertex   -4.950129e+01 7.532732e+00 7.408992e+01
      vertex   -4.961526e+01 4.532732e+00 7.351307e+01
    endloop
  endfacet
  facet normal -9.810348e-01 9.181704e-16 1.938315e-01
    outer loop
      vertex   -4.961526e+01 4.532732e+00 7.351307e+01
      vertex   -4.950129e+01 7.532732e+00 7.408992e+01
      vertex   -4.961526e+01 7.532732e+00 7.351307e+01
    endloop
  endfacet
  facet normal -8.447677e-01 2.534900e-15 5.351331e-01
    outer loop
      vertex   -4.961526e+01 4.532732e+00 7.351307e+01
      vertex   -4.961526e+01 7.532732e+00 7.351307e+01
      vertex   -4.992992e+01 4.532732e+00 7.301635e+01
    endloop
  endfacet
  facet normal -8.447677e-01 2.534900e-15 5.351331e-01
    outer loop
      vertex   -4.992992e+01 4.532732e+00 7.301635e+01
      vertex   -4.961526e+01 7.532732e+00 7.351307e+01
      vertex   -4.992992e+01 7.532732e+00 7.301635e+01
    endloop
  endfacet
  facet normal -5.944101e-01 3.809277e-15 8.041621e-01
    outer loop
      vertex   -4.992992e+01 4.532732e+00 7.301635e+01
      vertex   -4.992992e+01 7.532732e+00 7.301635e+01
      vertex   -5.040276e+01 4.532732e+00 7.266684e+01
    endloop
  endfacet
  facet normal -5.944101e-01 0.000000e+00 8.041621e-01
    outer loop
      vertex   -5.040276e+01 4.532732e+00 7.266684e+01
      vertex   -4.992992e+01 7.532732e+00 7.301635e+01
      vertex   -5.040276e+01 7.532732e+00 7.266684e+01
    endloop
  endfacet
  facet normal -2.637740e-01 0.000000e+00 9.645845e-01
    outer loop
      vertex   -5.040276e+01 4.532732e+00 7.266684e+01
      vertex   -5.040276e+01 7.532732e+00 7.266684e+01
      vertex   -5.096994e+01 4.532732e+00 7.251174e+01
    endloop
  endfacet
  facet normal -2.637740e-01 4.569190e-15 9.645845e-01
    outer loop
      vertex   -5.096994e+01 4.532732e+00 7.251174e+01
      vertex   -5.040276e+01 7.532732e+00 7.266684e+01
      vertex   -5.096994e+01 7.532732e+00 7.251174e+01
    endloop
  endfacet
  facet normal 1.024862e-01 4.712009e-15 9.947344e-01
    outer loop
      vertex   -5.096994e+01 4.532732e+00 7.251174e+01
      vertex   -5.096994e+01 7.532732e+00 7.251174e+01
      vertex   -5.155484e+01 4.532732e+00 7.257200e+01
    endloop
  endfacet
  facet normal 1.024862e-01 4.712009e-15 9.947344e-01
    outer loop
      vertex   -5.155484e+01 4.532732e+00 7.257200e+01
      vertex   -5.096994e+01 7.532732e+00 7.251174e+01
      vertex   -5.155484e+01 7.532732e+00 7.257200e+01
    endloop
  endfacet
  facet normal 4.549050e-01 4.218445e-15 8.905400e-01
    outer loop
      vertex   -5.155484e+01 4.532732e+00 7.257200e+01
      vertex   -5.155484e+01 7.532732e+00 7.257200e+01
      vertex   -5.207848e+01 4.532732e+00 7.283948e+01
    endloop
  endfacet
  facet normal 4.549050e-01 4.218445e-15 8.905400e-01
    outer loop
      vertex   -5.207848e+01 4.532732e+00 7.283948e+01
      vertex   -5.155484e+01 7.532732e+00 7.257200e+01
      vertex   -5.207848e+01 7.532732e+00 7.283948e+01
    endloop
  endfacet
  facet normal 7.458864e-01 3.155156e-15 6.660731e-01
    outer loop
      vertex   -5.207848e+01 4.532732e+00 7.283948e+01
      vertex   -5.207848e+01 7.532732e+00 7.283948e+01
      vertex   -5.247013e+01 4.532732e+00 7.327806e+01
    endloop
  endfacet
  facet normal 7.458864e-01 3.155156e-15 6.660731e-01
    outer loop
      vertex   -5.247013e+01 4.532732e+00 7.327806e+01
      vertex   -5.207848e+01 7.532732e+00 7.283948e+01
      vertex   -5.247013e+01 7.532732e+00 7.327806e+01
    endloop
  endfacet
  facet normal 9.361318e-01 2.217205e-15 3.516494e-01
    outer loop
      vertex   -6.057932e+01 4.532732e+00 7.895618e+01
      vertex   -6.057932e+01 7.532732e+00 7.895618e+01
      vertex   -6.078609e+01 4.532732e+00 7.950663e+01
    endloop
  endfacet
  facet normal 9.361318e-01 -0.000000e+00 3.516494e-01
    outer loop
      vertex   -6.078609e+01 4.532732e+00 7.950663e+01
      vertex   -6.057932e+01 7.532732e+00 7.895618e+01
      vertex   -6.078609e+01 7.532732e+00 7.950663e+01
    endloop
  endfacet
  facet normal 9.999473e-01 0.000000e+00 -1.026646e-02
    outer loop
      vertex   -6.078609e+01 4.532732e+00 7.950663e+01
      vertex   -6.078609e+01 7.532732e+00 7.950663e+01
      vertex   -6.078005e+01 4.532732e+00 8.009459e+01
    endloop
  endfacet
  facet normal 9.999473e-01 2.368351e-15 -1.026646e-02
    outer loop
      vertex   -6.078005e+01 4.532732e+00 8.009459e+01
      vertex   -6.078609e+01 7.532732e+00 7.950663e+01
      vertex   -6.078005e+01 7.532732e+00 8.009459e+01
    endloop
  endfacet
  facet normal 9.287144e-01 2.199638e-15 -3.707958e-01
    outer loop
      vertex   -6.078005e+01 4.532732e+00 8.009459e+01
      vertex   -6.078005e+01 7.532732e+00 8.009459e+01
      vertex   -6.056202e+01 4.532732e+00 8.064068e+01
    endloop
  endfacet
  facet normal 9.287144e-01 2.199638e-15 -3.707958e-01
    outer loop
      vertex   -6.056202e+01 4.532732e+00 8.064068e+01
      vertex   -6.078005e+01 7.532732e+00 8.009459e+01
      vertex   -6.056202e+01 7.532732e+00 8.064068e+01
    endloop
  endfacet
  facet normal 7.320535e-01 1.733851e-15 -6.812471e-01
    outer loop
      vertex   -6.056202e+01 4.532732e+00 8.064068e+01
      vertex   -6.056202e+01 7.532732e+00 8.064068e+01
      vertex   -6.016145e+01 4.532732e+00 8.107112e+01
    endloop
  endfacet
  facet normal 7.320535e-01 1.733851e-15 -6.812471e-01
    outer loop
      vertex   -6.016145e+01 4.532732e+00 8.107112e+01
      vertex   -6.056202e+01 7.532732e+00 8.064068e+01
      vertex   -6.016145e+01 7.532732e+00 8.107112e+01
    endloop
  endfacet
  facet normal 4.365247e-01 1.033898e-15 -8.996923e-01
    outer loop
      vertex   -6.016145e+01 4.532732e+00 8.107112e+01
      vertex   -6.016145e+01 7.532732e+00 8.107112e+01
      vertex   -5.963243e+01 4.532732e+00 8.132780e+01
    endloop
  endfacet
  facet normal 4.365247e-01 2.067796e-15 -8.996923e-01
    outer loop
      vertex   -5.963243e+01 4.532732e+00 8.132780e+01
      vertex   -6.016145e+01 7.532732e+00 8.107112e+01
      vertex   -5.963243e+01 7.532732e+00 8.132780e+01
    endloop
  endfacet
  facet normal 8.204083e-02 3.886234e-16 -9.966290e-01
    outer loop
      vertex   -5.963243e+01 4.532732e+00 8.132780e+01
      vertex   -5.963243e+01 7.532732e+00 8.132780e+01
      vertex   -5.904642e+01 4.532732e+00 8.137604e+01
    endloop
  endfacet
  facet normal 8.204083e-02 1.943117e-16 -9.966290e-01
    outer loop
      vertex   -5.904642e+01 4.532732e+00 8.137604e+01
      vertex   -5.963243e+01 7.532732e+00 8.132780e+01
      vertex   -5.904642e+01 7.532732e+00 8.137604e+01
    endloop
  endfacet
  facet normal -2.835231e-01 -6.715176e-16 -9.589654e-01
    outer loop
      vertex   -5.904642e+01 4.532732e+00 8.137604e+01
      vertex   -5.904642e+01 7.532732e+00 8.137604e+01
      vertex   -5.848255e+01 4.532732e+00 8.120933e+01
    endloop
  endfacet
  facet normal -2.835231e-01 -1.343035e-15 -9.589654e-01
    outer loop
      vertex   -5.848255e+01 4.532732e+00 8.120933e+01
      vertex   -5.904642e+01 7.532732e+00 8.137604e+01
      vertex   -5.848255e+01 7.532732e+00 8.120933e+01
    endloop
  endfacet
  facet normal -6.107957e-01 -2.893310e-15 -7.917882e-01
    outer loop
      vertex   -5.848255e+01 4.532732e+00 8.120933e+01
      vertex   -5.848255e+01 7.532732e+00 8.120933e+01
      vertex   -5.801698e+01 4.532732e+00 8.085018e+01
    endloop
  endfacet
  facet normal -6.107957e-01 -1.446655e-15 -7.917882e-01
    outer loop
      vertex   -5.801698e+01 4.532732e+00 8.085018e+01
      vertex   -5.848255e+01 7.532732e+00 8.120933e+01
      vertex   -5.801698e+01 7.532732e+00 8.085018e+01
    endloop
  endfacet
  facet normal -8.555769e-01 -2.026413e-15 -5.176757e-01
    outer loop
      vertex   -5.801698e+01 4.532732e+00 8.085018e+01
      vertex   -5.801698e+01 7.532732e+00 8.085018e+01
      vertex   -5.771258e+01 4.532732e+00 8.034710e+01
    endloop
  endfacet
  facet normal -8.555769e-01 -2.026413e-15 -5.176757e-01
    outer loop
      vertex   -5.771258e+01 4.532732e+00 8.034710e+01
      vertex   -5.801698e+01 7.532732e+00 8.085018e+01
      vertex   -5.771258e+01 7.532732e+00 8.034710e+01
    endloop
  endfacet
  facet normal -9.848078e-01 -2.332493e-15 -1.736482e-01
    outer loop
      vertex   -5.771258e+01 4.532732e+00 8.034710e+01
      vertex   -5.771258e+01 7.532732e+00 8.034710e+01
      vertex   -5.761048e+01 4.532732e+00 7.976804e+01
    endloop
  endfacet
  facet normal -9.848078e-01 -2.332493e-15 -1.736482e-01
    outer loop
      vertex   -5.761048e+01 4.532732e+00 7.976804e+01
      vertex   -5.771258e+01 7.532732e+00 8.034710e+01
      vertex   -5.761048e+01 7.532732e+00 7.976804e+01
    endloop
  endfacet
  facet normal -9.810348e-01 -2.323557e-15 1.938315e-01
    outer loop
      vertex   -5.761048e+01 4.532732e+00 7.976804e+01
      vertex   -5.761048e+01 7.532732e+00 7.976804e+01
      vertex   -5.772445e+01 4.532732e+00 7.919119e+01
    endloop
  endfacet
  facet normal -9.810348e-01 -2.323557e-15 1.938315e-01
    outer loop
      vertex   -5.772445e+01 4.532732e+00 7.919119e+01
      vertex   -5.761048e+01 7.532732e+00 7.976804e+01
      vertex   -5.772445e+01 7.532732e+00 7.919119e+01
    endloop
  endfacet
  facet normal -8.447677e-01 -2.000812e-15 5.351331e-01
    outer loop
      vertex   -5.772445e+01 4.532732e+00 7.919119e+01
      vertex   -5.772445e+01 7.532732e+00 7.919119e+01
      vertex   -5.803911e+01 4.532732e+00 7.869447e+01
    endloop
  endfacet
  facet normal -8.447677e-01 -2.000812e-15 5.351331e-01
    outer loop
      vertex   -5.803911e+01 4.532732e+00 7.869447e+01
      vertex   -5.772445e+01 7.532732e+00 7.919119e+01
      vertex   -5.803911e+01 7.532732e+00 7.869447e+01
    endloop
  endfacet
  facet normal -5.944101e-01 -1.407846e-15 8.041621e-01
    outer loop
      vertex   -5.803911e+01 4.532732e+00 7.869447e+01
      vertex   -5.803911e+01 7.532732e+00 7.869447e+01
      vertex   -5.851195e+01 4.532732e+00 7.834496e+01
    endloop
  endfacet
  facet normal -5.944101e-01 -1.407846e-15 8.041621e-01
    outer loop
      vertex   -5.851195e+01 4.532732e+00 7.834496e+01
      vertex   -5.803911e+01 7.532732e+00 7.869447e+01
      vertex   -5.851195e+01 7.532732e+00 7.834496e+01
    endloop
  endfacet
  facet normal -2.637740e-01 -6.247424e-16 9.645845e-01
    outer loop
      vertex   -5.851195e+01 4.532732e+00 7.834496e+01
      vertex   -5.851195e+01 7.532732e+00 7.834496e+01
      vertex   -5.907913e+01 4.532732e+00 7.818986e+01
    endloop
  endfacet
  facet normal -2.637740e-01 -6.247424e-16 9.645845e-01
    outer loop
      vertex   -5.907913e+01 4.532732e+00 7.818986e+01
      vertex   -5.851195e+01 7.532732e+00 7.834496e+01
      vertex   -5.907913e+01 7.532732e+00 7.818986e+01
    endloop
  endfacet
  facet normal 1.024862e-01 2.427360e-16 9.947344e-01
    outer loop
      vertex   -5.907913e+01 4.532732e+00 7.818986e+01
      vertex   -5.907913e+01 7.532732e+00 7.818986e+01
      vertex   -5.966403e+01 4.532732e+00 7.825012e+01
    endloop
  endfacet
  facet normal 1.024862e-01 2.427360e-16 9.947344e-01
    outer loop
      vertex   -5.966403e+01 4.532732e+00 7.825012e+01
      vertex   -5.907913e+01 7.532732e+00 7.818986e+01
      vertex   -5.966403e+01 7.532732e+00 7.825012e+01
    endloop
  endfacet
  facet normal 4.549050e-01 1.077432e-15 8.905400e-01
    outer loop
      vertex   -5.966403e+01 4.532732e+00 7.825012e+01
      vertex   -5.966403e+01 7.532732e+00 7.825012e+01
      vertex   -6.018767e+01 4.532732e+00 7.851760e+01
    endloop
  endfacet
  facet normal 4.549050e-01 1.077432e-15 8.905400e-01
    outer loop
      vertex   -6.018767e+01 4.532732e+00 7.851760e+01
      vertex   -5.966403e+01 7.532732e+00 7.825012e+01
      vertex   -6.018767e+01 7.532732e+00 7.851760e+01
    endloop
  endfacet
  facet normal 7.458864e-01 1.766614e-15 6.660731e-01
    outer loop
      vertex   -6.018767e+01 4.532732e+00 7.851760e+01
      vertex   -6.018767e+01 7.532732e+00 7.851760e+01
      vertex   -6.057932e+01 4.532732e+00 7.895618e+01
    endloop
  endfacet
  facet normal 7.458864e-01 1.766614e-15 6.660731e-01
    outer loop
      vertex   -6.057932e+01 4.532732e+00 7.895618e+01
      vertex   -6.018767e+01 7.532732e+00 7.851760e+01
      vertex   -6.057932e+01 7.532732e+00 7.895618e+01
    endloop
  endfacet
  facet normal 9.361318e-01 -0.000000e+00 3.516494e-01
    outer loop
      vertex   -4.679201e+01 4.532732e+00 8.138726e+01
      vertex   -4.679201e+01 7.532732e+00 8.138726e+01
      vertex   -4.699878e+01 4.532732e+00 8.193770e+01
    endloop
  endfacet
  facet normal 9.361318e-01 -0.000000e+00 3.516494e-01
    outer loop
      vertex   -4.699878e+01 4.532732e+00 8.193770e+01
      vertex   -4.679201e+01 7.532732e+00 8.138726e+01
      vertex   -4.699878e+01 7.532732e+00 8.193770e+01
    endloop
  endfacet
  facet normal 9.999473e-01 0.000000e+00 -1.026646e-02
    outer loop
      vertex   -4.699878e+01 4.532732e+00 8.193770e+01
      vertex   -4.699878e+01 7.532732e+00 8.193770e+01
      vertex   -4.699274e+01 4.532732e+00 8.252567e+01
    endloop
  endfacet
  facet normal 9.999473e-01 0.000000e+00 -1.026646e-02
    outer loop
      vertex   -4.699274e+01 4.532732e+00 8.252567e+01
      vertex   -4.699878e+01 7.532732e+00 8.193770e+01
      vertex   -4.699274e+01 7.532732e+00 8.252567e+01
    endloop
  endfacet
  facet normal 9.287144e-01 0.000000e+00 -3.707958e-01
    outer loop
      vertex   -4.699274e+01 4.532732e+00 8.252567e+01
      vertex   -4.699274e+01 7.532732e+00 8.252567e+01
      vertex   -4.677471e+01 4.532732e+00 8.307175e+01
    endloop
  endfacet
  facet normal 9.287144e-01 0.000000e+00 -3.707958e-01
    outer loop
      vertex   -4.677471e+01 4.532732e+00 8.307175e+01
      vertex   -4.699274e+01 7.532732e+00 8.252567e+01
      vertex   -4.677471e+01 7.532732e+00 8.307175e+01
    endloop
  endfacet
  facet normal 7.320535e-01 0.000000e+00 -6.812471e-01
    outer loop
      vertex   -4.677471e+01 4.532732e+00 8.307175e+01
      vertex   -4.677471e+01 7.532732e+00 8.307175e+01
      vertex   -4.637414e+01 4.532732e+00 8.350220e+01
    endloop
  endfacet
  facet normal 7.320535e-01 0.000000e+00 -6.812471e-01
    outer loop
      vertex   -4.637414e+01 4.532732e+00 8.350220e+01
      vertex   -4.677471e+01 7.532732e+00 8.307175e+01
      vertex   -4.637414e+01 7.532732e+00 8.350220e+01
    endloop
  endfacet
  facet normal 4.365247e-01 0.000000e+00 -8.996923e-01
    outer loop
      vertex   -4.637414e+01 4.532732e+00 8.350220e+01
      vertex   -4.637414e+01 7.532732e+00 8.350220e+01
      vertex   -4.584512e+01 4.532732e+00 8.375887e+01
    endloop
  endfacet
  facet normal 4.365247e-01 0.000000e+00 -8.996923e-01
    outer loop
      vertex   -4.584512e+01 4.532732e+00 8.375887e+01
      vertex   -4.637414e+01 7.532732e+00 8.350220e+01
      vertex   -4.584512e+01 7.532732e+00 8.375887e+01
    endloop
  endfacet
  facet normal 8.204083e-02 0.000000e+00 -9.966290e-01
    outer loop
      vertex   -4.584512e+01 4.532732e+00 8.375887e+01
      vertex   -4.584512e+01 7.532732e+00 8.375887e+01
      vertex   -4.525911e+01 4.532732e+00 8.380711e+01
    endloop
  endfacet
  facet normal 8.204083e-02 0.000000e+00 -9.966290e-01
    outer loop
      vertex   -4.525911e+01 4.532732e+00 8.380711e+01
      vertex   -4.584512e+01 7.532732e+00 8.375887e+01
      vertex   -4.525911e+01 7.532732e+00 8.380711e+01
    endloop
  endfacet
  facet normal -2.835231e-01 0.000000e+00 -9.589654e-01
    outer loop
      vertex   -4.525911e+01 4.532732e+00 8.380711e+01
      vertex   -4.525911e+01 7.532732e+00 8.380711e+01
      vertex   -4.469524e+01 4.532732e+00 8.364040e+01
    endloop
  endfacet
  facet normal -2.835231e-01 0.000000e+00 -9.589654e-01
    outer loop
      vertex   -4.469524e+01 4.532732e+00 8.364040e+01
      vertex   -4.525911e+01 7.532732e+00 8.380711e+01
      vertex   -4.469524e+01 7.532732e+00 8.364040e+01
    endloop
  endfacet
  facet normal -6.107957e-01 0.000000e+00 -7.917882e-01
    outer loop
      vertex   -4.469524e+01 4.532732e+00 8.364040e+01
      vertex   -4.469524e+01 7.532732e+00 8.364040e+01
      vertex   -4.422967e+01 4.532732e+00 8.328125e+01
    endloop
  endfacet
  facet normal -6.107957e-01 0.000000e+00 -7.917882e-01
    outer loop
      vertex   -4.422967e+01 4.532732e+00 8.328125e+01
      vertex   -4.469524e+01 7.532732e+00 8.364040e+01
      vertex   -4.422967e+01 7.532732e+00 8.328125e+01
    endloop
  endfacet
  facet normal -8.555769e-01 0.000000e+00 -5.176757e-01
    outer loop
      vertex   -4.422967e+01 4.532732e+00 8.328125e+01
      vertex   -4.422967e+01 7.532732e+00 8.328125e+01
      vertex   -4.392527e+01 4.532732e+00 8.277818e+01
    endloop
  endfacet
  facet normal -8.555769e-01 0.000000e+00 -5.176757e-01
    outer loop
      vertex   -4.392527e+01 4.532732e+00 8.277818e+01
      vertex   -4.422967e+01 7.532732e+00 8.328125e+01
      vertex   -4.392527e+01 7.532732e+00 8.277818e+01
    endloop
  endfacet
  facet normal -9.848078e-01 0.000000e+00 -1.736482e-01
    outer loop
      vertex   -4.392527e+01 4.532732e+00 8.277818e+01
      vertex   -4.392527e+01 7.532732e+00 8.277818e+01
      vertex   -4.382317e+01 4.532732e+00 8.219911e+01
    endloop
  endfacet
  facet normal -9.848078e-01 0.000000e+00 -1.736482e-01
    outer loop
      vertex   -4.382317e+01 4.532732e+00 8.219911e+01
      vertex   -4.392527e+01 7.532732e+00 8.277818e+01
      vertex   -4.382317e+01 7.532732e+00 8.219911e+01
    endloop
  endfacet
  facet normal -9.810348e-01 0.000000e+00 1.938315e-01
    outer loop
      vertex   -4.382317e+01 4.532732e+00 8.219911e+01
      vertex   -4.382317e+01 7.532732e+00 8.219911e+01
      vertex   -4.393714e+01 4.532732e+00 8.162226e+01
    endloop
  endfacet
  facet normal -9.810348e-01 0.000000e+00 1.938315e-01
    outer loop
      vertex   -4.393714e+01 4.532732e+00 8.162226e+01
      vertex   -4.382317e+01 7.532732e+00 8.219911e+01
      vertex   -4.393714e+01 7.532732e+00 8.162226e+01
    endloop
  endfacet
  facet normal -8.447677e-01 0.000000e+00 5.351331e-01
    outer loop
      vertex   -4.393714e+01 4.532732e+00 8.162226e+01
      vertex   -4.393714e+01 7.532732e+00 8.162226e+01
      vertex   -4.425180e+01 4.532732e+00 8.112554e+01
    endloop
  endfacet
  facet normal -8.447677e-01 0.000000e+00 5.351331e-01
    outer loop
      vertex   -4.425180e+01 4.532732e+00 8.112554e+01
      vertex   -4.393714e+01 7.532732e+00 8.162226e+01
      vertex   -4.425180e+01 7.532732e+00 8.112554e+01
    endloop
  endfacet
  facet normal -5.944101e-01 0.000000e+00 8.041621e-01
    outer loop
      vertex   -4.425180e+01 4.532732e+00 8.112554e+01
      vertex   -4.425180e+01 7.532732e+00 8.112554e+01
      vertex   -4.472465e+01 4.532732e+00 8.077603e+01
    endloop
  endfacet
  facet normal -5.944101e-01 0.000000e+00 8.041621e-01
    outer loop
      vertex   -4.472465e+01 4.532732e+00 8.077603e+01
      vertex   -4.425180e+01 7.532732e+00 8.112554e+01
      vertex   -4.472465e+01 7.532732e+00 8.077603e+01
    endloop
  endfacet
  facet normal -2.637740e-01 0.000000e+00 9.645845e-01
    outer loop
      vertex   -4.472465e+01 4.532732e+00 8.077603e+01
      vertex   -4.472465e+01 7.532732e+00 8.077603e+01
      vertex   -4.529182e+01 4.532732e+00 8.062093e+01
    endloop
  endfacet
  facet normal -2.637740e-01 0.000000e+00 9.645845e-01
    outer loop
      vertex   -4.529182e+01 4.532732e+00 8.062093e+01
      vertex   -4.472465e+01 7.532732e+00 8.077603e+01
      vertex   -4.529182e+01 7.532732e+00 8.062093e+01
    endloop
  endfacet
  facet normal 1.024862e-01 -0.000000e+00 9.947344e-01
    outer loop
      vertex   -4.529182e+01 4.532732e+00 8.062093e+01
      vertex   -4.529182e+01 7.532732e+00 8.062093e+01
      vertex   -4.587672e+01 4.532732e+00 8.068119e+01
    endloop
  endfacet
  facet normal 1.024862e-01 -0.000000e+00 9.947344e-01
    outer loop
      vertex   -4.587672e+01 4.532732e+00 8.068119e+01
      vertex   -4.529182e+01 7.532732e+00 8.062093e+01
      vertex   -4.587672e+01 7.532732e+00 8.068119e+01
    endloop
  endfacet
  facet normal 4.549050e-01 -0.000000e+00 8.905400e-01
    outer loop
      vertex   -4.587672e+01 4.532732e+00 8.068119e+01
      vertex   -4.587672e+01 7.532732e+00 8.068119e+01
      vertex   -4.640036e+01 4.532732e+00 8.094868e+01
    endloop
  endfacet
  facet normal 4.549050e-01 -0.000000e+00 8.905400e-01
    outer loop
      vertex   -4.640036e+01 4.532732e+00 8.094868e+01
      vertex   -4.587672e+01 7.532732e+00 8.068119e+01
      vertex   -4.640036e+01 7.532732e+00 8.094868e+01
    endloop
  endfacet
  facet normal 7.458864e-01 -0.000000e+00 6.660731e-01
    outer loop
      vertex   -4.640036e+01 4.532732e+00 8.094868e+01
      vertex   -4.640036e+01 7.532732e+00 8.094868e+01
      vertex   -4.679201e+01 4.532732e+00 8.138726e+01
    endloop
  endfacet
  facet normal 7.458864e-01 -0.000000e+00 6.660731e-01
    outer loop
      vertex   -4.679201e+01 4.532732e+00 8.138726e+01
      vertex   -4.640036e+01 7.532732e+00 8.094868e+01
      vertex   -4.679201e+01 7.532732e+00 8.138726e+01
    endloop
  endfacet
  facet normal 9.361318e-01 2.217205e-15 3.516494e-01
    outer loop
      vertex   -5.490120e+01 4.532732e+00 8.706537e+01
      vertex   -5.490120e+01 7.532732e+00 8.706537e+01
      vertex   -5.510797e+01 4.532732e+00 8.761582e+01
    endloop
  endfacet
  facet normal 9.361318e-01 -0.000000e+00 3.516494e-01
    outer loop
      vertex   -5.510797e+01 4.532732e+00 8.761582e+01
      vertex   -5.490120e+01 7.532732e+00 8.706537e+01
      vertex   -5.510797e+01 7.532732e+00 8.761582e+01
    endloop
  endfacet
  facet normal 9.999473e-01 0.000000e+00 -1.026646e-02
    outer loop
      vertex   -5.510797e+01 4.532732e+00 8.761582e+01
      vertex   -5.510797e+01 7.532732e+00 8.761582e+01
      vertex   -5.510193e+01 4.532732e+00 8.820378e+01
    endloop
  endfacet
  facet normal 9.999473e-01 2.368351e-15 -1.026646e-02
    outer loop
      vertex   -5.510193e+01 4.532732e+00 8.820378e+01
      vertex   -5.510797e+01 7.532732e+00 8.761582e+01
      vertex   -5.510193e+01 7.532732e+00 8.820378e+01
    endloop
  endfacet
  facet normal 9.287144e-01 2.199638e-15 -3.707958e-01
    outer loop
      vertex   -5.510193e+01 4.532732e+00 8.820378e+01
      vertex   -5.510193e+01 7.532732e+00 8.820378e+01
      vertex   -5.488391e+01 4.532732e+00 8.874987e+01
    endloop
  endfacet
  facet normal 9.287144e-01 2.199638e-15 -3.707958e-01
    outer loop
      vertex   -5.488391e+01 4.532732e+00 8.874987e+01
      vertex   -5.510193e+01 7.532732e+00 8.820378e+01
      vertex   -5.488391e+01 7.532732e+00 8.874987e+01
    endloop
  endfacet
  facet normal 7.320535e-01 1.733851e-15 -6.812471e-01
    outer loop
      vertex   -5.488391e+01 4.532732e+00 8.874987e+01
      vertex   -5.488391e+01 7.532732e+00 8.874987e+01
      vertex   -5.448333e+01 4.532732e+00 8.918031e+01
    endloop
  endfacet
  facet normal 7.320535e-01 3.467702e-15 -6.812471e-01
    outer loop
      vertex   -5.448333e+01 4.532732e+00 8.918031e+01
      vertex   -5.488391e+01 7.532732e+00 8.874987e+01
      vertex   -5.448333e+01 7.532732e+00 8.918031e+01
    endloop
  endfacet
  facet normal 4.365247e-01 2.067796e-15 -8.996923e-01
    outer loop
      vertex   -5.448333e+01 4.532732e+00 8.918031e+01
      vertex   -5.448333e+01 7.532732e+00 8.918031e+01
      vertex   -5.395432e+01 4.532732e+00 8.943699e+01
    endloop
  endfacet
  facet normal 4.365247e-01 1.033898e-15 -8.996923e-01
    outer loop
      vertex   -5.395432e+01 4.532732e+00 8.943699e+01
      vertex   -5.448333e+01 7.532732e+00 8.918031e+01
      vertex   -5.395432e+01 7.532732e+00 8.943699e+01
    endloop
  endfacet
  facet normal 8.204083e-02 1.943117e-16 -9.966290e-01
    outer loop
      vertex   -5.395432e+01 4.532732e+00 8.943699e+01
      vertex   -5.395432e+01 7.532732e+00 8.943699e+01
      vertex   -5.336830e+01 4.532732e+00 8.948523e+01
    endloop
  endfacet
  facet normal 8.204083e-02 1.943117e-16 -9.966290e-01
    outer loop
      vertex   -5.336830e+01 4.532732e+00 8.948523e+01
      vertex   -5.395432e+01 7.532732e+00 8.943699e+01
      vertex   -5.336830e+01 7.532732e+00 8.948523e+01
    endloop
  endfacet
  facet normal -2.835231e-01 -6.715176e-16 -9.589654e-01
    outer loop
      vertex   -5.336830e+01 4.532732e+00 8.948523e+01
      vertex   -5.336830e+01 7.532732e+00 8.948523e+01
      vertex   -5.280443e+01 4.532732e+00 8.931852e+01
    endloop
  endfacet
  facet normal -2.835231e-01 -6.715176e-16 -9.589654e-01
    outer loop
      vertex   -5.280443e+01 4.532732e+00 8.931852e+01
      vertex   -5.336830e+01 7.532732e+00 8.948523e+01
      vertex   -5.280443e+01 7.532732e+00 8.931852e+01
    endloop
  endfacet
  facet normal -6.107957e-01 -1.446655e-15 -7.917882e-01
    outer loop
      vertex   -5.280443e+01 4.532732e+00 8.931852e+01
      vertex   -5.280443e+01 7.532732e+00 8.931852e+01
      vertex   -5.233886e+01 4.532732e+00 8.895937e+01
    endloop
  endfacet
  facet normal -6.107957e-01 -1.446655e-15 -7.917882e-01
    outer loop
      vertex   -5.233886e+01 4.532732e+00 8.895937e+01
      vertex   -5.280443e+01 7.532732e+00 8.931852e+01
      vertex   -5.233886e+01 7.532732e+00 8.895937e+01
    endloop
  endfacet
  facet normal -8.555769e-01 -2.026413e-15 -5.176757e-01
    outer loop
      vertex   -5.233886e+01 4.532732e+00 8.895937e+01
      vertex   -5.233886e+01 7.532732e+00 8.895937e+01
      vertex   -5.203447e+01 4.532732e+00 8.845629e+01
    endloop
  endfacet
  facet normal -8.555769e-01 -4.052826e-15 -5.176757e-01
    outer loop
      vertex   -5.203447e+01 4.532732e+00 8.845629e+01
      vertex   -5.233886e+01 7.532732e+00 8.895937e+01
      vertex   -5.203447e+01 7.532732e+00 8.845629e+01
    endloop
  endfacet
  facet normal -9.848078e-01 -4.664987e-15 -1.736482e-01
    outer loop
      vertex   -5.203447e+01 4.532732e+00 8.845629e+01
      vertex   -5.203447e+01 7.532732e+00 8.845629e+01
      vertex   -5.193236e+01 4.532732e+00 8.787723e+01
    endloop
  endfacet
  facet normal -9.848078e-01 -6.997480e-15 -1.736482e-01
    outer loop
      vertex   -5.193236e+01 4.532732e+00 8.787723e+01
      vertex   -5.203447e+01 7.532732e+00 8.845629e+01
      vertex   -5.193236e+01 7.532732e+00 8.787723e+01
    endloop
  endfacet
  facet normal -9.810348e-01 -6.970672e-15 1.938315e-01
    outer loop
      vertex   -5.193236e+01 4.532732e+00 8.787723e+01
      vertex   -5.193236e+01 7.532732e+00 8.787723e+01
      vertex   -5.204633e+01 4.532732e+00 8.730038e+01
    endloop
  endfacet
  facet normal -9.810348e-01 -4.647115e-15 1.938315e-01
    outer loop
      vertex   -5.204633e+01 4.532732e+00 8.730038e+01
      vertex   -5.193236e+01 7.532732e+00 8.787723e+01
      vertex   -5.204633e+01 7.532732e+00 8.730038e+01
    endloop
  endfacet
  facet normal -8.447677e-01 -4.001624e-15 5.351331e-01
    outer loop
      vertex   -5.204633e+01 4.532732e+00 8.730038e+01
      vertex   -5.204633e+01 7.532732e+00 8.730038e+01
      vertex   -5.236099e+01 4.532732e+00 8.680366e+01
    endloop
  endfacet
  facet normal -8.447677e-01 -4.001624e-15 5.351331e-01
    outer loop
      vertex   -5.236099e+01 4.532732e+00 8.680366e+01
      vertex   -5.204633e+01 7.532732e+00 8.730038e+01
      vertex   -5.236099e+01 7.532732e+00 8.680366e+01
    endloop
  endfacet
  facet normal -5.944101e-01 -2.815692e-15 8.041621e-01
    outer loop
      vertex   -5.236099e+01 4.532732e+00 8.680366e+01
      vertex   -5.236099e+01 7.532732e+00 8.680366e+01
      vertex   -5.283384e+01 4.532732e+00 8.645415e+01
    endloop
  endfacet
  facet normal -5.944101e-01 -1.407846e-15 8.041621e-01
    outer loop
      vertex   -5.283384e+01 4.532732e+00 8.645415e+01
      vertex   -5.236099e+01 7.532732e+00 8.680366e+01
      vertex   -5.283384e+01 7.532732e+00 8.645415e+01
    endloop
  endfacet
  facet normal -2.637740e-01 -6.247424e-16 9.645845e-01
    outer loop
      vertex   -5.283384e+01 4.532732e+00 8.645415e+01
      vertex   -5.283384e+01 7.532732e+00 8.645415e+01
      vertex   -5.340101e+01 4.532732e+00 8.629905e+01
    endloop
  endfacet
  facet normal -2.637740e-01 -6.247424e-16 9.645845e-01
    outer loop
      vertex   -5.340101e+01 4.532732e+00 8.629905e+01
      vertex   -5.283384e+01 7.532732e+00 8.645415e+01
      vertex   -5.340101e+01 7.532732e+00 8.629905e+01
    endloop
  endfacet
  facet normal 1.024862e-01 2.427360e-16 9.947344e-01
    outer loop
      vertex   -5.340101e+01 4.532732e+00 8.629905e+01
      vertex   -5.340101e+01 7.532732e+00 8.629905e+01
      vertex   -5.398591e+01 4.532732e+00 8.635931e+01
    endloop
  endfacet
  facet normal 1.024862e-01 2.427360e-16 9.947344e-01
    outer loop
      vertex   -5.398591e+01 4.532732e+00 8.635931e+01
      vertex   -5.340101e+01 7.532732e+00 8.629905e+01
      vertex   -5.398591e+01 7.532732e+00 8.635931e+01
    endloop
  endfacet
  facet normal 4.549050e-01 1.077432e-15 8.905400e-01
    outer loop
      vertex   -5.398591e+01 4.532732e+00 8.635931e+01
      vertex   -5.398591e+01 7.532732e+00 8.635931e+01
      vertex   -5.450955e+01 4.532732e+00 8.662679e+01
    endloop
  endfacet
  facet normal 4.549050e-01 1.077432e-15 8.905400e-01
    outer loop
      vertex   -5.450955e+01 4.532732e+00 8.662679e+01
      vertex   -5.398591e+01 7.532732e+00 8.635931e+01
      vertex   -5.450955e+01 7.532732e+00 8.662679e+01
    endloop
  endfacet
  facet normal 7.458864e-01 1.766614e-15 6.660731e-01
    outer loop
      vertex   -5.450955e+01 4.532732e+00 8.662679e+01
      vertex   -5.450955e+01 7.532732e+00 8.662679e+01
      vertex   -5.490120e+01 4.532732e+00 8.706537e+01
    endloop
  endfacet
  facet normal 7.458864e-01 1.766614e-15 6.660731e-01
    outer loop
      vertex   -5.490120e+01 4.532732e+00 8.706537e+01
      vertex   -5.450955e+01 7.532732e+00 8.662679e+01
      vertex   -5.490120e+01 7.532732e+00 8.706537e+01
    endloop
  endfacet
  facet normal 2.124090e-15 -1.000000e+00 -3.513917e-15
    outer loop
      vertex   -6.341295e+01 -1.446727e+01 6.844895e+01
      vertex   -5.356519e+01 -1.446727e+01 7.288516e+01
      vertex   -6.604099e+01 -1.446727e+01 6.888244e+01
    endloop
  endfacet
  facet normal 9.016761e-16 -1.000000e+00 2.961390e-16
    outer loop
      vertex   -6.604099e+01 -1.446727e+01 6.888244e+01
      vertex   -5.356519e+01 -1.446727e+01 7.288516e+01
      vertex   -5.380942e+01 -1.446727e+01 7.362881e+01
    endloop
  endfacet
  facet normal -1.101886e-15 -1.000000e+00 5.459387e-15
    outer loop
      vertex   -6.604099e+01 -1.446727e+01 6.888244e+01
      vertex   -5.380942e+01 -1.446727e+01 7.362881e+01
      vertex   -6.870546e+01 -1.446727e+01 6.932079e+01
    endloop
  endfacet
  facet normal 4.726618e-16 -1.000000e+00 1.500414e-17
    outer loop
      vertex   -6.870546e+01 -1.446727e+01 6.932079e+01
      vertex   -5.380942e+01 -1.446727e+01 7.362881e+01
      vertex   -5.383426e+01 -1.446727e+01 7.441115e+01
    endloop
  endfacet
  facet normal 4.198621e-16 -1.000000e+00 1.692557e-16
    outer loop
      vertex   -6.870546e+01 -1.446727e+01 6.932079e+01
      vertex   -5.383426e+01 -1.446727e+01 7.441115e+01
      vertex   -5.912314e+01 -1.446727e+01 7.703585e+01
    endloop
  endfacet
  facet normal 2.975523e-16 -1.000000e+00 -7.720414e-17
    outer loop
      vertex   -5.912314e+01 -1.446727e+01 7.703585e+01
      vertex   -5.383426e+01 -1.446727e+01 7.441115e+01
      vertex   -5.363768e+01 -1.446727e+01 7.516879e+01
    endloop
  endfacet
  facet normal 1.105109e-16 -1.000000e+00 -6.267383e-16
    outer loop
      vertex   -5.912314e+01 -1.446727e+01 7.703585e+01
      vertex   -5.363768e+01 -1.446727e+01 7.516879e+01
      vertex   -5.835230e+01 -1.446727e+01 7.717177e+01
    endloop
  endfacet
  facet normal 3.003743e-16 -1.000000e+00 -1.798350e-16
    outer loop
      vertex   -5.835230e+01 -1.446727e+01 7.717177e+01
      vertex   -5.363768e+01 -1.446727e+01 7.516879e+01
      vertex   -5.323560e+01 -1.446727e+01 7.584037e+01
    endloop
  endfacet
  facet normal 2.708627e-16 -1.000000e+00 -2.932509e-16
    outer loop
      vertex   -5.835230e+01 -1.446727e+01 7.717177e+01
      vertex   -5.323560e+01 -1.446727e+01 7.584037e+01
      vertex   -5.266062e+01 -1.446727e+01 7.637146e+01
    endloop
  endfacet
  facet normal 4.130464e-16 -1.000000e+00 2.843617e-16
    outer loop
      vertex   -5.356519e+01 -1.446727e+01 7.288516e+01
      vertex   -6.341295e+01 -1.446727e+01 6.844895e+01
      vertex   -5.312133e+01 -1.446727e+01 7.224044e+01
    endloop
  endfacet
  facet normal 1.133910e-16 -1.000000e+00 1.097746e-15
    outer loop
      vertex   -5.312133e+01 -1.446727e+01 7.224044e+01
      vertex   -6.341295e+01 -1.446727e+01 6.844895e+01
      vertex   -6.076349e+01 -1.446727e+01 6.817528e+01
    endloop
  endfacet
  facet normal 4.214047e-16 -1.000000e+00 5.187065e-16
    outer loop
      vertex   -5.312133e+01 -1.446727e+01 7.224044e+01
      vertex   -6.076349e+01 -1.446727e+01 6.817528e+01
      vertex   -5.251382e+01 -1.446727e+01 7.174689e+01
    endloop
  endfacet
  facet normal 1.273547e-15 -1.000000e+00 -1.449566e-15
    outer loop
      vertex   -5.251382e+01 -1.446727e+01 7.174689e+01
      vertex   -6.076349e+01 -1.446727e+01 6.817528e+01
      vertex   -5.810233e+01 -1.446727e+01 6.806242e+01
    endloop
  endfacet
  facet normal 1.234888e-16 -1.000000e+00 2.948152e-16
    outer loop
      vertex   -5.251382e+01 -1.446727e+01 7.174689e+01
      vertex   -5.810233e+01 -1.446727e+01 6.806242e+01
      vertex   -5.179186e+01 -1.446727e+01 7.144449e+01
    endloop
  endfacet
  facet normal -9.873647e-18 -1.000000e+00 5.436511e-16
    outer loop
      vertex   -5.179186e+01 -1.446727e+01 7.144449e+01
      vertex   -5.810233e+01 -1.446727e+01 6.806242e+01
      vertex   -5.543922e+01 -1.446727e+01 6.811079e+01
    endloop
  endfacet
  facet normal -1.982210e-15 -1.000000e+00 2.701559e-15
    outer loop
      vertex   -5.179186e+01 -1.446727e+01 7.144449e+01
      vertex   -5.543922e+01 -1.446727e+01 6.811079e+01
      vertex   -5.101395e+01 -1.446727e+01 7.135773e+01
    endloop
  endfacet
  facet normal 7.495513e-16 -1.000000e+00 -1.021565e-15
    outer loop
      vertex   -5.101395e+01 -1.446727e+01 7.135773e+01
      vertex   -5.543922e+01 -1.446727e+01 6.811079e+01
      vertex   -5.278391e+01 -1.446727e+01 6.832020e+01
    endloop
  endfacet
  facet normal -2.411031e-14 -1.000000e+00 1.346421e-14
    outer loop
      vertex   -5.101395e+01 -1.446727e+01 7.135773e+01
      vertex   -5.278391e+01 -1.446727e+01 6.832020e+01
      vertex   -5.014614e+01 -1.446727e+01 6.868990e+01
    endloop
  endfacet
  facet normal -3.553200e-15 -1.000000e+00 2.015120e-14
    outer loop
      vertex   -5.101395e+01 -1.446727e+01 7.135773e+01
      vertex   -5.014614e+01 -1.446727e+01 6.868990e+01
      vertex   -5.024311e+01 -1.446727e+01 7.149365e+01
    endloop
  endfacet
  facet normal 3.167994e-14 -1.000000e+00 2.136980e-14
    outer loop
      vertex   -5.024311e+01 -1.446727e+01 7.149365e+01
      vertex   -5.014614e+01 -1.446727e+01 6.868990e+01
      vertex   -4.855792e+01 -1.446727e+01 6.907854e+01
    endloop
  endfacet
  facet normal 1.141849e-15 -1.000000e+00 6.123096e-17
    outer loop
      vertex   -5.024311e+01 -1.446727e+01 7.149365e+01
      vertex   -4.855792e+01 -1.446727e+01 6.907854e+01
      vertex   -4.703401e+01 -1.446727e+01 6.967115e+01
    endloop
  endfacet
  facet normal 5.439709e-16 -1.000000e+00 -9.915280e-16
    outer loop
      vertex   -4.703401e+01 -1.446727e+01 6.967115e+01
      vertex   -4.560049e+01 -1.446727e+01 7.045761e+01
      vertex   -5.024311e+01 -1.446727e+01 7.149365e+01
    endloop
  endfacet
  facet normal 1.314040e-15 -1.000000e+00 2.459229e-15
    outer loop
      vertex   -5.024311e+01 -1.446727e+01 7.149365e+01
      vertex   -4.560049e+01 -1.446727e+01 7.045761e+01
      vertex   -4.954179e+01 -1.446727e+01 7.184124e+01
    endloop
  endfacet
  facet normal 3.047801e-16 -1.000000e+00 -4.156675e-16
    outer loop
      vertex   -4.954179e+01 -1.446727e+01 7.184124e+01
      vertex   -4.560049e+01 -1.446727e+01 7.045761e+01
      vertex   -4.428189e+01 -1.446727e+01 7.142444e+01
    endloop
  endfacet
  facet normal 3.110340e-16 -1.000000e+00 -3.367426e-16
    outer loop
      vertex   -4.954179e+01 -1.446727e+01 7.184124e+01
      vertex   -4.428189e+01 -1.446727e+01 7.142444e+01
      vertex   -4.896680e+01 -1.446727e+01 7.237233e+01
    endloop
  endfacet
  facet normal 3.130103e-16 -1.000000e+00 -3.269748e-16
    outer loop
      vertex   -4.896680e+01 -1.446727e+01 7.237233e+01
      vertex   -4.428189e+01 -1.446727e+01 7.142444e+01
      vertex   -4.310077e+01 -1.446727e+01 7.255512e+01
    endloop
  endfacet
  facet normal 3.085782e-16 -1.000000e+00 -1.847467e-16
    outer loop
      vertex   -4.896680e+01 -1.446727e+01 7.237233e+01
      vertex   -4.310077e+01 -1.446727e+01 7.255512e+01
      vertex   -4.856473e+01 -1.446727e+01 7.304390e+01
    endloop
  endfacet
  facet normal 5.358583e-16 -1.000000e+00 2.355994e-15
    outer loop
      vertex   -4.856473e+01 -1.446727e+01 7.304390e+01
      vertex   -4.310077e+01 -1.446727e+01 7.255512e+01
      vertex   -4.207734e+01 -1.446727e+01 7.383029e+01
    endloop
  endfacet
  facet normal 8.481261e-16 -1.000000e+00 -2.200583e-16
    outer loop
      vertex   -4.856473e+01 -1.446727e+01 7.304390e+01
      vertex   -4.207734e+01 -1.446727e+01 7.383029e+01
      vertex   -4.836815e+01 -1.446727e+01 7.380154e+01
    endloop
  endfacet
  facet normal 8.436518e-16 -1.000000e+00 7.588394e-16
    outer loop
      vertex   -4.836815e+01 -1.446727e+01 7.380154e+01
      vertex   -4.207734e+01 -1.446727e+01 7.383029e+01
      vertex   -4.122910e+01 -1.446727e+01 7.522814e+01
    endloop
  endfacet
  facet normal 9.890176e-16 -1.000000e+00 3.139529e-17
    outer loop
      vertex   -4.836815e+01 -1.446727e+01 7.380154e+01
      vertex   -4.122910e+01 -1.446727e+01 7.522814e+01
      vertex   -4.839298e+01 -1.446727e+01 7.458388e+01
    endloop
  endfacet
  facet normal 1.032706e-15 -1.000000e+00 -4.544017e-16
    outer loop
      vertex   -4.839298e+01 -1.446727e+01 7.458388e+01
      vertex   -4.122910e+01 -1.446727e+01 7.522814e+01
      vertex   -4.057058e+01 -1.446727e+01 7.672475e+01
    endloop
  endfacet
  facet normal 8.334295e-16 -1.000000e+00 2.737247e-16
    outer loop
      vertex   -4.839298e+01 -1.446727e+01 7.458388e+01
      vertex   -4.057058e+01 -1.446727e+01 7.672475e+01
      vertex   -4.863722e+01 -1.446727e+01 7.532753e+01
    endloop
  endfacet
  facet normal 7.869952e-16 -1.000000e+00 5.418065e-16
    outer loop
      vertex   -4.863722e+01 -1.446727e+01 7.532753e+01
      vertex   -4.057058e+01 -1.446727e+01 7.672475e+01
      vertex   -4.908108e+01 -1.446727e+01 7.597225e+01
    endloop
  endfacet
  facet normal 8.569884e-16 -1.000000e+00 -2.497893e-16
    outer loop
      vertex   -4.908108e+01 -1.446727e+01 7.597225e+01
      vertex   -4.057058e+01 -1.446727e+01 7.672475e+01
      vertex   -4.011304e+01 -1.446727e+01 7.829450e+01
    endloop
  endfacet
  facet normal 6.008056e-16 -1.000000e+00 7.395308e-16
    outer loop
      vertex   -4.908108e+01 -1.446727e+01 7.597225e+01
      vertex   -4.011304e+01 -1.446727e+01 7.829450e+01
      vertex   -4.968859e+01 -1.446727e+01 7.646580e+01
    endloop
  endfacet
  facet normal 8.699715e-16 -1.000000e+00 -6.698885e-16
    outer loop
      vertex   -4.968859e+01 -1.446727e+01 7.646580e+01
      vertex   -4.011304e+01 -1.446727e+01 7.829450e+01
      vertex   -4.533583e+01 -1.446727e+01 7.946692e+01
    endloop
  endfacet
  facet normal 1.542299e-16 -1.000000e+00 3.682062e-16
    outer loop
      vertex   -4.968859e+01 -1.446727e+01 7.646580e+01
      vertex   -4.533583e+01 -1.446727e+01 7.946692e+01
      vertex   -5.041055e+01 -1.446727e+01 7.676820e+01
    endloop
  endfacet
  facet normal -3.714594e-15 -1.000000e+00 7.643206e-15
    outer loop
      vertex   -5.041055e+01 -1.446727e+01 7.676820e+01
      vertex   -4.533583e+01 -1.446727e+01 7.946692e+01
      vertex   -4.611374e+01 -1.446727e+01 7.955368e+01
    endloop
  endfacet
  facet normal -1.766273e-15 -1.000000e+00 4.637774e-15
    outer loop
      vertex   -5.041055e+01 -1.446727e+01 7.676820e+01
      vertex   -4.611374e+01 -1.446727e+01 7.955368e+01
      vertex   -5.118845e+01 -1.446727e+01 7.685496e+01
    endloop
  endfacet
  facet normal 3.084599e-16 -1.000000e+00 7.364123e-16
    outer loop
      vertex   -5.118845e+01 -1.446727e+01 7.685496e+01
      vertex   -4.611374e+01 -1.446727e+01 7.955368e+01
      vertex   -4.683570e+01 -1.446727e+01 7.985608e+01
    endloop
  endfacet
  facet normal 4.415046e-16 -1.000000e+00 5.434474e-16
    outer loop
      vertex   -5.118845e+01 -1.446727e+01 7.685496e+01
      vertex   -4.683570e+01 -1.446727e+01 7.985608e+01
      vertex   -4.744321e+01 -1.446727e+01 8.034964e+01
    endloop
  endfacet
  facet normal 4.488810e-16 -1.000000e+00 -2.545731e-15
    outer loop
      vertex   -4.533583e+01 -1.446727e+01 7.946692e+01
      vertex   -4.011304e+01 -1.446727e+01 7.829450e+01
      vertex   -4.456499e+01 -1.446727e+01 7.960284e+01
    endloop
  endfacet
  facet normal 1.145218e-15 -1.000000e+00 -1.762658e-16
    outer loop
      vertex   -4.456499e+01 -1.446727e+01 7.960284e+01
      vertex   -4.011304e+01 -1.446727e+01 7.829450e+01
      vertex   -3.986431e+01 -1.446727e+01 7.991055e+01
    endloop
  endfacet
  facet normal 5.352957e-16 -1.000000e+00 9.141070e-15
    outer loop
      vertex   -4.456499e+01 -1.446727e+01 7.960284e+01
      vertex   -3.986431e+01 -1.446727e+01 7.991055e+01
      vertex   -4.386367e+01 -1.446727e+01 7.995043e+01
    endloop
  endfacet
  facet normal 4.394167e-16 -1.000000e+00 -4.757367e-16
    outer loop
      vertex   -4.386367e+01 -1.446727e+01 7.995043e+01
      vertex   -3.986431e+01 -1.446727e+01 7.991055e+01
      vertex   -4.328868e+01 -1.446727e+01 8.048152e+01
    endloop
  endfacet
  facet normal 6.973866e-16 -1.000000e+00 1.071446e-15
    outer loop
      vertex   -4.328868e+01 -1.446727e+01 8.048152e+01
      vertex   -3.986431e+01 -1.446727e+01 7.991055e+01
      vertex   -3.982864e+01 -1.446727e+01 8.154524e+01
    endloop
  endfacet
  facet normal 1.258404e-15 -1.000000e+00 -7.534104e-16
    outer loop
      vertex   -4.328868e+01 -1.446727e+01 8.048152e+01
      vertex   -3.982864e+01 -1.446727e+01 8.154524e+01
      vertex   -4.288661e+01 -1.446727e+01 8.115309e+01
    endloop
  endfacet
  facet normal 1.201774e-15 -1.000000e+00 -3.118173e-16
    outer loop
      vertex   -4.288661e+01 -1.446727e+01 8.115309e+01
      vertex   -3.982864e+01 -1.446727e+01 8.154524e+01
      vertex   -4.269003e+01 -1.446727e+01 8.191073e+01
    endloop
  endfacet
  facet normal 1.259218e-15 -1.000000e+00 1.379068e-16
    outer loop
      vertex   -4.269003e+01 -1.446727e+01 8.191073e+01
      vertex   -3.982864e+01 -1.446727e+01 8.154524e+01
      vertex   -4.000664e+01 -1.446727e+01 8.317060e+01
    endloop
  endfacet
  facet normal -7.962706e-16 -1.000000e+00 4.515875e-15
    outer loop
      vertex   -4.269003e+01 -1.446727e+01 8.191073e+01
      vertex   -4.000664e+01 -1.446727e+01 8.317060e+01
      vertex   -4.271486e+01 -1.446727e+01 8.269307e+01
    endloop
  endfacet
  facet normal 7.962706e-16 -1.000000e+00 -4.515875e-15
    outer loop
      vertex   -4.271486e+01 -1.446727e+01 8.269307e+01
      vertex   -4.000664e+01 -1.446727e+01 8.317060e+01
      vertex   -4.295910e+01 -1.446727e+01 8.343672e+01
    endloop
  endfacet
  facet normal 1.230445e-15 -1.000000e+00 3.010879e-16
    outer loop
      vertex   -4.295910e+01 -1.446727e+01 8.343672e+01
      vertex   -4.000664e+01 -1.446727e+01 8.317060e+01
      vertex   -4.039528e+01 -1.446727e+01 8.475882e+01
    endloop
  endfacet
  facet normal 1.022650e-15 -1.000000e+00 7.040434e-16
    outer loop
      vertex   -4.295910e+01 -1.446727e+01 8.343672e+01
      vertex   -4.039528e+01 -1.446727e+01 8.475882e+01
      vertex   -4.340296e+01 -1.446727e+01 8.408144e+01
    endloop
  endfacet
  facet normal 9.248314e-16 -1.000000e+00 1.138374e-15
    outer loop
      vertex   -4.340296e+01 -1.446727e+01 8.408144e+01
      vertex   -4.039528e+01 -1.446727e+01 8.475882e+01
      vertex   -4.401047e+01 -1.446727e+01 8.457499e+01
    endloop
  endfacet
  facet normal 9.055375e-16 -1.000000e+00 1.517805e-15
    outer loop
      vertex   -4.401047e+01 -1.446727e+01 8.457499e+01
      vertex   -4.039528e+01 -1.446727e+01 8.475882e+01
      vertex   -4.098789e+01 -1.446727e+01 8.628273e+01
    endloop
  endfacet
  facet normal 7.506152e-16 -1.000000e+00 1.792007e-15
    outer loop
      vertex   -4.401047e+01 -1.446727e+01 8.457499e+01
      vertex   -4.098789e+01 -1.446727e+01 8.628273e+01
      vertex   -4.473243e+01 -1.446727e+01 8.487740e+01
    endloop
  endfacet
  facet normal -1.434358e-15 -1.000000e+00 7.613913e-15
    outer loop
      vertex   -4.473243e+01 -1.446727e+01 8.487740e+01
      vertex   -4.098789e+01 -1.446727e+01 8.628273e+01
      vertex   -4.551034e+01 -1.446727e+01 8.496415e+01
    endloop
  endfacet
  facet normal 6.772440e-16 -1.000000e+00 3.715488e-16
    outer loop
      vertex   -4.551034e+01 -1.446727e+01 8.496415e+01
      vertex   -4.098789e+01 -1.446727e+01 8.628273e+01
      vertex   -4.177435e+01 -1.446727e+01 8.771625e+01
    endloop
  endfacet
  facet normal -2.992540e-16 -1.000000e+00 1.697154e-15
    outer loop
      vertex   -4.551034e+01 -1.446727e+01 8.496415e+01
      vertex   -4.177435e+01 -1.446727e+01 8.771625e+01
      vertex   -4.628118e+01 -1.446727e+01 8.482823e+01
    endloop
  endfacet
  facet normal 4.745632e-16 -1.000000e+00 4.895886e-16
    outer loop
      vertex   -4.628118e+01 -1.446727e+01 8.482823e+01
      vertex   -4.177435e+01 -1.446727e+01 8.771625e+01
      vertex   -5.139787e+01 -1.446727e+01 8.615963e+01
    endloop
  endfacet
  facet normal 2.708627e-16 -1.000000e+00 -2.932509e-16
    outer loop
      vertex   -4.628118e+01 -1.446727e+01 8.482823e+01
      vertex   -5.139787e+01 -1.446727e+01 8.615963e+01
      vertex   -5.197286e+01 -1.446727e+01 8.562854e+01
    endloop
  endfacet
  facet normal 6.131302e-16 -1.000000e+00 -3.670830e-16
    outer loop
      vertex   -5.139787e+01 -1.446727e+01 8.615963e+01
      vertex   -4.177435e+01 -1.446727e+01 8.771625e+01
      vertex   -5.099580e+01 -1.446727e+01 8.683121e+01
    endloop
  endfacet
  facet normal 5.399045e-16 -1.000000e+00 3.958744e-16
    outer loop
      vertex   -5.099580e+01 -1.446727e+01 8.683121e+01
      vertex   -4.177435e+01 -1.446727e+01 8.771625e+01
      vertex   -4.274118e+01 -1.446727e+01 8.903485e+01
    endloop
  endfacet
  facet normal 6.936317e-16 -1.000000e+00 -1.799726e-16
    outer loop
      vertex   -5.099580e+01 -1.446727e+01 8.683121e+01
      vertex   -4.274118e+01 -1.446727e+01 8.903485e+01
      vertex   -5.079922e+01 -1.446727e+01 8.758885e+01
    endloop
  endfacet
  facet normal 6.575902e-16 -1.000000e+00 2.087449e-17
    outer loop
      vertex   -5.079922e+01 -1.446727e+01 8.758885e+01
      vertex   -4.274118e+01 -1.446727e+01 8.903485e+01
      vertex   -5.082406e+01 -1.446727e+01 8.837119e+01
    endloop
  endfacet
  facet normal 6.112591e-16 -1.000000e+00 5.851533e-16
    outer loop
      vertex   -5.082406e+01 -1.446727e+01 8.837119e+01
      vertex   -4.274118e+01 -1.446727e+01 8.903485e+01
      vertex   -4.387186e+01 -1.446727e+01 9.021597e+01
    endloop
  endfacet
  facet normal 7.050828e-16 -1.000000e+00 2.315715e-16
    outer loop
      vertex   -5.082406e+01 -1.446727e+01 8.837119e+01
      vertex   -4.387186e+01 -1.446727e+01 9.021597e+01
      vertex   -5.106829e+01 -1.446727e+01 8.911484e+01
    endloop
  endfacet
  facet normal 3.988907e-16 -1.000000e+00 2.232691e-15
    outer loop
      vertex   -5.106829e+01 -1.446727e+01 8.911484e+01
      vertex   -4.387186e+01 -1.446727e+01 9.021597e+01
      vertex   -4.514703e+01 -1.446727e+01 9.123940e+01
    endloop
  endfacet
  facet normal 9.622846e-16 -1.000000e+00 6.624845e-16
    outer loop
      vertex   -5.106829e+01 -1.446727e+01 8.911484e+01
      vertex   -4.514703e+01 -1.446727e+01 9.123940e+01
      vertex   -5.151215e+01 -1.446727e+01 8.975956e+01
    endloop
  endfacet
  facet normal 1.159097e-15 -1.000000e+00 -1.840471e-16
    outer loop
      vertex   -5.151215e+01 -1.446727e+01 8.975956e+01
      vertex   -4.514703e+01 -1.446727e+01 9.123940e+01
      vertex   -4.654488e+01 -1.446727e+01 9.208764e+01
    endloop
  endfacet
  facet normal 6.803446e-16 -1.000000e+00 8.374353e-16
    outer loop
      vertex   -5.151215e+01 -1.446727e+01 8.975956e+01
      vertex   -4.654488e+01 -1.446727e+01 9.208764e+01
      vertex   -5.211966e+01 -1.446727e+01 9.025311e+01
    endloop
  endfacet
  facet normal 5.469045e-16 -1.000000e+00 1.242935e-15
    outer loop
      vertex   -5.211966e+01 -1.446727e+01 9.025311e+01
      vertex   -4.654488e+01 -1.446727e+01 9.208764e+01
      vertex   -4.804149e+01 -1.446727e+01 9.274616e+01
    endloop
  endfacet
  facet normal 5.313109e-16 -1.000000e+00 1.268443e-15
    outer loop
      vertex   -5.211966e+01 -1.446727e+01 9.025311e+01
      vertex   -4.804149e+01 -1.446727e+01 9.274616e+01
      vertex   -5.284162e+01 -1.446727e+01 9.055551e+01
    endloop
  endfacet
  facet normal 4.326987e-16 -1.000000e+00 1.484522e-15
    outer loop
      vertex   -5.284162e+01 -1.446727e+01 9.055551e+01
      vertex   -4.804149e+01 -1.446727e+01 9.274616e+01
      vertex   -4.961124e+01 -1.446727e+01 9.320370e+01
    endloop
  endfacet
  facet normal -1.812497e-15 -1.000000e+00 4.223310e-15
    outer loop
      vertex   -5.284162e+01 -1.446727e+01 9.055551e+01
      vertex   -4.961124e+01 -1.446727e+01 9.320370e+01
      vertex   -5.361953e+01 -1.446727e+01 9.064227e+01
    endloop
  endfacet
  facet normal 1.720429e-16 -1.000000e+00 1.117781e-15
    outer loop
      vertex   -5.361953e+01 -1.446727e+01 9.064227e+01
      vertex   -4.961124e+01 -1.446727e+01 9.320370e+01
      vertex   -5.122729e+01 -1.446727e+01 9.345243e+01
    endloop
  endfacet
  facet normal 1.093929e-15 -1.000000e+00 3.329971e-16
    outer loop
      vertex   -5.361953e+01 -1.446727e+01 9.064227e+01
      vertex   -5.122729e+01 -1.446727e+01 9.345243e+01
      vertex   -5.286198e+01 -1.446727e+01 9.348810e+01
    endloop
  endfacet
  facet normal 3.595259e-14 -1.000000e+00 -8.946207e-15
    outer loop
      vertex   -5.286198e+01 -1.446727e+01 9.348810e+01
      vertex   -5.448734e+01 -1.446727e+01 9.331010e+01
      vertex   -5.361953e+01 -1.446727e+01 9.064227e+01
    endloop
  endfacet
  facet normal 3.442162e-15 -1.000000e+00 -1.952147e-14
    outer loop
      vertex   -5.361953e+01 -1.446727e+01 9.064227e+01
      vertex   -5.448734e+01 -1.446727e+01 9.331010e+01
      vertex   -5.439037e+01 -1.446727e+01 9.050635e+01
    endloop
  endfacet
  facet normal -1.159280e-10 -1.000000e+00 -4.029233e-12
    outer loop
      vertex   -5.439037e+01 -1.446727e+01 9.050635e+01
      vertex   -5.448734e+01 -1.446727e+01 9.331010e+01
      vertex   -5.448783e+01 -1.446727e+01 9.331001e+01
    endloop
  endfacet
  facet normal -1.319829e-16 -1.000000e+00 6.289968e-16
    outer loop
      vertex   -5.439037e+01 -1.446727e+01 9.050635e+01
      vertex   -5.448783e+01 -1.446727e+01 9.331001e+01
      vertex   -5.703443e+01 -1.446727e+01 9.277566e+01
    endloop
  endfacet
  facet normal -1.645010e-16 -1.000000e+00 5.911086e-16
    outer loop
      vertex   -5.703443e+01 -1.446727e+01 9.277566e+01
      vertex   -5.954122e+01 -1.446727e+01 9.207803e+01
      vertex   -5.439037e+01 -1.446727e+01 9.050635e+01
    endloop
  endfacet
  facet normal 7.517195e-16 -1.000000e+00 3.593823e-15
    outer loop
      vertex   -5.439037e+01 -1.446727e+01 9.050635e+01
      vertex   -5.954122e+01 -1.446727e+01 9.207803e+01
      vertex   -5.509169e+01 -1.446727e+01 9.015877e+01
    endloop
  endfacet
  facet normal 4.232716e-17 -1.000000e+00 1.949205e-15
    outer loop
      vertex   -5.509169e+01 -1.446727e+01 9.015877e+01
      vertex   -5.954122e+01 -1.446727e+01 9.207803e+01
      vertex   -6.199776e+01 -1.446727e+01 9.122005e+01
    endloop
  endfacet
  facet normal -2.205263e-16 -1.000000e+00 2.387540e-16
    outer loop
      vertex   -5.509169e+01 -1.446727e+01 9.015877e+01
      vertex   -6.199776e+01 -1.446727e+01 9.122005e+01
      vertex   -5.566668e+01 -1.446727e+01 8.962767e+01
    endloop
  endfacet
  facet normal 1.002023e-16 -1.000000e+00 1.513926e-15
    outer loop
      vertex   -5.566668e+01 -1.446727e+01 8.962767e+01
      vertex   -6.199776e+01 -1.446727e+01 9.122005e+01
      vertex   -6.439379e+01 -1.446727e+01 9.020530e+01
    endloop
  endfacet
  facet normal -0.000000e+00 -1.000000e+00 0.000000e+00
    outer loop
      vertex   -5.566668e+01 -1.446727e+01 8.962767e+01
      vertex   -6.439379e+01 -1.446727e+01 9.020530e+01
      vertex   -5.606875e+01 -1.446727e+01 8.895610e+01
    endloop
  endfacet
  facet normal 0.000000e+00 -1.000000e+00 0.000000e+00
    outer loop
      vertex   -5.606875e+01 -1.446727e+01 8.895610e+01
      vertex   -6.439379e+01 -1.446727e+01 9.020530e+01
      vertex   -6.671932e+01 -1.446727e+01 8.903799e+01
    endloop
  endfacet
  facet normal -0.000000e+00 -1.000000e+00 0.000000e+00
    outer loop
      vertex   -5.606875e+01 -1.446727e+01 8.895610e+01
      vertex   -6.671932e+01 -1.446727e+01 8.903799e+01
      vertex   -5.626533e+01 -1.446727e+01 8.819846e+01
    endloop
  endfacet
  facet normal -1.908038e-16 -1.000000e+00 -2.375922e-15
    outer loop
      vertex   -5.626533e+01 -1.446727e+01 8.819846e+01
      vertex   -6.671932e+01 -1.446727e+01 8.903799e+01
      vertex   -6.896466e+01 -1.446727e+01 8.772301e+01
    endloop
  endfacet
  facet normal -2.794241e-16 -1.000000e+00 -8.870014e-18
    outer loop
      vertex   -5.626533e+01 -1.446727e+01 8.819846e+01
      vertex   -6.896466e+01 -1.446727e+01 8.772301e+01
      vertex   -5.624050e+01 -1.446727e+01 8.741612e+01
    endloop
  endfacet
  facet normal -1.585359e-16 -1.000000e+00 5.003408e-15
    outer loop
      vertex   -5.624050e+01 -1.446727e+01 8.741612e+01
      vertex   -6.896466e+01 -1.446727e+01 8.772301e+01
      vertex   -7.152820e+01 -1.446727e+01 8.622166e+01
    endloop
  endfacet
  facet normal 2.265761e-16 -1.000000e+00 7.441476e-17
    outer loop
      vertex   -5.624050e+01 -1.446727e+01 8.741612e+01
      vertex   -7.152820e+01 -1.446727e+01 8.622166e+01
      vertex   -5.599626e+01 -1.446727e+01 8.667247e+01
    endloop
  endfacet
  facet normal 2.104347e-16 -1.000000e+00 6.305448e-16
    outer loop
      vertex   -5.599626e+01 -1.446727e+01 8.667247e+01
      vertex   -7.152820e+01 -1.446727e+01 8.622166e+01
      vertex   -6.006849e+01 -1.446727e+01 8.239716e+01
    endloop
  endfacet
  facet normal 5.064046e-16 -1.000000e+00 3.486341e-16
    outer loop
      vertex   -5.599626e+01 -1.446727e+01 8.667247e+01
      vertex   -6.006849e+01 -1.446727e+01 8.239716e+01
      vertex   -5.555240e+01 -1.446727e+01 8.602775e+01
    endloop
  endfacet
  facet normal -2.210217e-16 -1.000000e+00 1.253477e-15
    outer loop
      vertex   -5.555240e+01 -1.446727e+01 8.602775e+01
      vertex   -6.006849e+01 -1.446727e+01 8.239716e+01
      vertex   -5.929765e+01 -1.446727e+01 8.253308e+01
    endloop
  endfacet
  facet normal 4.415046e-16 -1.000000e+00 5.434474e-16
    outer loop
      vertex   -5.555240e+01 -1.446727e+01 8.602775e+01
      vertex   -5.929765e+01 -1.446727e+01 8.253308e+01
      vertex   -5.494489e+01 -1.446727e+01 8.553420e+01
    endloop
  endfacet
  facet normal 3.084599e-16 -1.000000e+00 7.364123e-16
    outer loop
      vertex   -5.494489e+01 -1.446727e+01 8.553420e+01
      vertex   -5.929765e+01 -1.446727e+01 8.253308e+01
      vertex   -5.422293e+01 -1.446727e+01 8.523180e+01
    endloop
  endfacet
  facet normal -1.766273e-15 -1.000000e+00 4.637774e-15
    outer loop
      vertex   -5.422293e+01 -1.446727e+01 8.523180e+01
      vertex   -5.929765e+01 -1.446727e+01 8.253308e+01
      vertex   -5.851974e+01 -1.446727e+01 8.244632e+01
    endloop
  endfacet
  facet normal -3.714594e-15 -1.000000e+00 7.643206e-15
    outer loop
      vertex   -5.422293e+01 -1.446727e+01 8.523180e+01
      vertex   -5.851974e+01 -1.446727e+01 8.244632e+01
      vertex   -5.344502e+01 -1.446727e+01 8.514504e+01
    endloop
  endfacet
  facet normal 1.542299e-16 -1.000000e+00 3.682062e-16
    outer loop
      vertex   -5.344502e+01 -1.446727e+01 8.514504e+01
      vertex   -5.851974e+01 -1.446727e+01 8.244632e+01
      vertex   -5.779778e+01 -1.446727e+01 8.214392e+01
    endloop
  endfacet
  facet normal 2.207523e-16 -1.000000e+00 2.717237e-16
    outer loop
      vertex   -5.344502e+01 -1.446727e+01 8.514504e+01
      vertex   -5.779778e+01 -1.446727e+01 8.214392e+01
      vertex   -5.719027e+01 -1.446727e+01 8.165036e+01
    endloop
  endfacet
  facet normal 1.019241e-15 -1.000000e+00 3.054045e-15
    outer loop
      vertex   -6.006849e+01 -1.446727e+01 8.239716e+01
      vertex   -7.152820e+01 -1.446727e+01 8.622166e+01
      vertex   -6.076981e+01 -1.446727e+01 8.204957e+01
    endloop
  endfacet
  facet normal -9.314865e-17 -1.000000e+00 1.855729e-16
    outer loop
      vertex   -6.076981e+01 -1.446727e+01 8.204957e+01
      vertex   -7.152820e+01 -1.446727e+01 8.622166e+01
      vertex   -7.418331e+01 -1.446727e+01 8.488893e+01
    endloop
  endfacet
  facet normal -1.077393e-16 -1.000000e+00 1.166445e-16
    outer loop
      vertex   -6.076981e+01 -1.446727e+01 8.204957e+01
      vertex   -7.418331e+01 -1.446727e+01 8.488893e+01
      vertex   -6.134480e+01 -1.446727e+01 8.151848e+01
    endloop
  endfacet
  facet normal 1.630688e-16 -1.000000e+00 1.148193e-15
    outer loop
      vertex   -6.134480e+01 -1.446727e+01 8.151848e+01
      vertex   -7.418331e+01 -1.446727e+01 8.488893e+01
      vertex   -7.691892e+01 -1.446727e+01 8.373035e+01
    endloop
  endfacet
  facet normal -0.000000e+00 -1.000000e+00 0.000000e+00
    outer loop
      vertex   -6.134480e+01 -1.446727e+01 8.151848e+01
      vertex   -7.691892e+01 -1.446727e+01 8.373035e+01
      vertex   -6.174687e+01 -1.446727e+01 8.084691e+01
    endloop
  endfacet
  facet normal 2.231886e-16 -1.000000e+00 1.174371e-15
    outer loop
      vertex   -6.174687e+01 -1.446727e+01 8.084691e+01
      vertex   -7.691892e+01 -1.446727e+01 8.373035e+01
      vertex   -7.972360e+01 -1.446727e+01 8.275078e+01
    endloop
  endfacet
  facet normal 9.617152e-17 -1.000000e+00 -2.495306e-17
    outer loop
      vertex   -6.174687e+01 -1.446727e+01 8.084691e+01
      vertex   -7.972360e+01 -1.446727e+01 8.275078e+01
      vertex   -6.194345e+01 -1.446727e+01 8.008927e+01
    endloop
  endfacet
  facet normal 6.496363e-17 -1.000000e+00 -2.334366e-16
    outer loop
      vertex   -6.194345e+01 -1.446727e+01 8.008927e+01
      vertex   -7.972360e+01 -1.446727e+01 8.275078e+01
      vertex   -8.258566e+01 -1.446727e+01 8.195429e+01
    endloop
  endfacet
  facet normal 8.630208e-17 -1.000000e+00 2.739566e-18
    outer loop
      vertex   -6.194345e+01 -1.446727e+01 8.008927e+01
      vertex   -8.258566e+01 -1.446727e+01 8.195429e+01
      vertex   -6.191862e+01 -1.446727e+01 7.930693e+01
    endloop
  endfacet
  facet normal 2.071735e-16 -1.000000e+00 9.463432e-16
    outer loop
      vertex   -6.191862e+01 -1.446727e+01 7.930693e+01
      vertex   -8.258566e+01 -1.446727e+01 8.195429e+01
      vertex   -9.494448e+01 -1.446727e+01 7.339743e+01
    endloop
  endfacet
  facet normal 2.690991e-16 -1.000000e+00 6.002656e-16
    outer loop
      vertex   -6.191862e+01 -1.446727e+01 7.930693e+01
      vertex   -9.494448e+01 -1.446727e+01 7.339743e+01
      vertex   -7.948071e+01 -1.446727e+01 6.942431e+01
    endloop
  endfacet
  facet normal 1.176569e-16 -1.000000e+00 1.083840e-17
    outer loop
      vertex   -7.948071e+01 -1.446727e+01 6.942431e+01
      vertex   -9.494448e+01 -1.446727e+01 7.339743e+01
      vertex   -9.488408e+01 -1.446727e+01 7.274183e+01
    endloop
  endfacet
  facet normal 4.437992e-16 -1.000000e+00 1.525130e-15
    outer loop
      vertex   -7.948071e+01 -1.446727e+01 6.942431e+01
      vertex   -9.488408e+01 -1.446727e+01 7.274183e+01
      vertex   -8.215311e+01 -1.446727e+01 6.903723e+01
    endloop
  endfacet
  facet normal 0.000000e+00 -1.000000e+00 0.000000e+00
    outer loop
      vertex   -8.215311e+01 -1.446727e+01 6.903723e+01
      vertex   -9.488408e+01 -1.446727e+01 7.274183e+01
      vertex   -9.503983e+01 -1.446727e+01 7.210214e+01
    endloop
  endfacet
  facet normal 0.000000e+00 -1.000000e+00 0.000000e+00
    outer loop
      vertex   -8.215311e+01 -1.446727e+01 6.903723e+01
      vertex   -9.503983e+01 -1.446727e+01 7.210214e+01
      vertex   -9.539486e+01 -1.446727e+01 7.154768e+01
    endloop
  endfacet
  facet normal 6.576540e-16 -1.000000e+00 2.957067e-16
    outer loop
      vertex   -9.494448e+01 -1.446727e+01 7.339743e+01
      vertex   -8.258566e+01 -1.446727e+01 8.195429e+01
      vertex   -9.521447e+01 -1.446727e+01 7.399790e+01
    endloop
  endfacet
  facet normal 3.242750e-15 -1.000000e+00 -3.807496e-15
    outer loop
      vertex   -9.521447e+01 -1.446727e+01 7.399790e+01
      vertex   -8.258566e+01 -1.446727e+01 8.195429e+01
      vertex   -8.549317e+01 -1.446727e+01 8.134420e+01
    endloop
  endfacet
  facet normal 2.138929e-16 -1.000000e+00 2.005632e-16
    outer loop
      vertex   -9.521447e+01 -1.446727e+01 7.399790e+01
      vertex   -8.549317e+01 -1.446727e+01 8.134420e+01
      vertex   -9.566481e+01 -1.446727e+01 7.447817e+01
    endloop
  endfacet
  facet normal 1.535167e-16 -1.000000e+00 2.900070e-16
    outer loop
      vertex   -9.566481e+01 -1.446727e+01 7.447817e+01
      vertex   -8.549317e+01 -1.446727e+01 8.134420e+01
      vertex   -9.624669e+01 -1.446727e+01 7.478619e+01
    endloop
  endfacet
  facet normal 2.658209e-16 -1.000000e+00 1.058559e-16
    outer loop
      vertex   -9.624669e+01 -1.446727e+01 7.478619e+01
      vertex   -8.549317e+01 -1.446727e+01 8.134420e+01
      vertex   -9.798135e+01 -1.446727e+01 7.914220e+01
    endloop
  endfacet
  facet normal 0.000000e+00 -1.000000e+00 0.000000e+00
    outer loop
      vertex   -9.624669e+01 -1.446727e+01 7.478619e+01
      vertex   -9.798135e+01 -1.446727e+01 7.914220e+01
      vertex   -9.689706e+01 -1.446727e+01 7.488859e+01
    endloop
  endfacet
  facet normal 0.000000e+00 -1.000000e+00 0.000000e+00
    outer loop
      vertex   -9.689706e+01 -1.446727e+01 7.488859e+01
      vertex   -9.798135e+01 -1.446727e+01 7.914220e+01
      vertex   -1.011082e+02 -1.446727e+01 7.762505e+01
    endloop
  endfacet
  facet normal 0.000000e+00 -1.000000e+00 0.000000e+00
    outer loop
      vertex   -9.689706e+01 -1.446727e+01 7.488859e+01
      vertex   -1.011082e+02 -1.446727e+01 7.762505e+01
      vertex   -1.019065e+02 -1.446727e+01 7.676722e+01
    endloop
  endfacet
  facet normal -3.601275e-15 -1.000000e+00 7.422351e-15
    outer loop
      vertex   -9.911166e+01 -1.446727e+01 7.883311e+01
      vertex   -1.001659e+02 -1.446727e+01 7.832158e+01
      vertex   -9.798135e+01 -1.446727e+01 7.914220e+01
    endloop
  endfacet
  facet normal -3.601275e-15 -1.000000e+00 7.422351e-15
    outer loop
      vertex   -9.798135e+01 -1.446727e+01 7.914220e+01
      vertex   -1.001659e+02 -1.446727e+01 7.832158e+01
      vertex   -1.011082e+02 -1.446727e+01 7.762505e+01
    endloop
  endfacet
  facet normal -0.000000e+00 -1.000000e+00 0.000000e+00
    outer loop
      vertex   -9.689706e+01 -1.446727e+01 7.488859e+01
      vertex   -1.019065e+02 -1.446727e+01 7.676722e+01
      vertex   -9.754543e+01 -1.446727e+01 7.477426e+01
    endloop
  endfacet
  facet normal 0.000000e+00 -1.000000e+00 0.000000e+00
    outer loop
      vertex   -9.754543e+01 -1.446727e+01 7.477426e+01
      vertex   -1.019065e+02 -1.446727e+01 7.676722e+01
      vertex   -1.025336e+02 -1.446727e+01 7.577732e+01
    endloop
  endfacet
  facet normal 6.076684e-16 -1.000000e+00 3.021920e-15
    outer loop
      vertex   -9.754543e+01 -1.446727e+01 7.477426e+01
      vertex   -1.025336e+02 -1.446727e+01 7.577732e+01
      vertex   -1.029681e+02 -1.446727e+01 7.468904e+01
    endloop
  endfacet
  facet normal 6.743168e-16 -1.000000e+00 -1.219139e-15
    outer loop
      vertex   -9.754543e+01 -1.446727e+01 7.477426e+01
      vertex   -1.029681e+02 -1.446727e+01 7.468904e+01
      vertex   -9.812156e+01 -1.446727e+01 7.445560e+01
    endloop
  endfacet
  facet normal 7.261281e-16 -1.000000e+00 -1.434674e-16
    outer loop
      vertex   -9.812156e+01 -1.446727e+01 7.445560e+01
      vertex   -1.029681e+02 -1.446727e+01 7.468904e+01
      vertex   -1.031952e+02 -1.446727e+01 7.353946e+01
    endloop
  endfacet
  facet normal 8.367713e-16 -1.000000e+00 -7.562205e-16
    outer loop
      vertex   -9.812156e+01 -1.446727e+01 7.445560e+01
      vertex   -1.031952e+02 -1.446727e+01 7.353946e+01
      vertex   -9.856299e+01 -1.446727e+01 7.396714e+01
    endloop
  endfacet
  facet normal 7.984847e-16 -1.000000e+00 -3.415366e-16
    outer loop
      vertex   -9.856299e+01 -1.446727e+01 7.396714e+01
      vertex   -1.031952e+02 -1.446727e+01 7.353946e+01
      vertex   -9.882191e+01 -1.446727e+01 7.336181e+01
    endloop
  endfacet
  facet normal 8.120194e-16 -1.000000e+00 -8.337006e-18
    outer loop
      vertex   -9.882191e+01 -1.446727e+01 7.336181e+01
      vertex   -1.031952e+02 -1.446727e+01 7.353946e+01
      vertex   -1.032073e+02 -1.446727e+01 7.236771e+01
    endloop
  endfacet
  facet normal 8.238789e-16 -1.000000e+00 -6.065406e-17
    outer loop
      vertex   -9.882191e+01 -1.446727e+01 7.336181e+01
      vertex   -1.032073e+02 -1.446727e+01 7.236771e+01
      vertex   -9.887025e+01 -1.446727e+01 7.270521e+01
    endloop
  endfacet
  facet normal 8.080710e-16 -1.000000e+00 1.424847e-16
    outer loop
      vertex   -9.887025e+01 -1.446727e+01 7.270521e+01
      vertex   -1.032073e+02 -1.446727e+01 7.236771e+01
      vertex   -1.030038e+02 -1.446727e+01 7.121371e+01
    endloop
  endfacet
  facet normal 7.849813e-16 -1.000000e+00 2.064756e-16
    outer loop
      vertex   -9.887025e+01 -1.446727e+01 7.270521e+01
      vertex   -1.030038e+02 -1.446727e+01 7.121371e+01
      vertex   -9.870277e+01 -1.446727e+01 7.206849e+01
    endloop
  endfacet
  facet normal 7.293974e-16 -1.000000e+00 4.861572e-16
    outer loop
      vertex   -9.870277e+01 -1.446727e+01 7.206849e+01
      vertex   -1.030038e+02 -1.446727e+01 7.121371e+01
      vertex   -9.833763e+01 -1.446727e+01 7.152065e+01
    endloop
  endfacet
  facet normal 6.390653e-16 -1.000000e+00 1.859394e-15
    outer loop
      vertex   -9.833763e+01 -1.446727e+01 7.152065e+01
      vertex   -1.030038e+02 -1.446727e+01 7.121371e+01
      vertex   -1.025917e+02 -1.446727e+01 7.011674e+01
    endloop
  endfacet
  facet normal 8.747023e-16 -1.000000e+00 1.145371e-15
    outer loop
      vertex   -9.833763e+01 -1.446727e+01 7.152065e+01
      vertex   -1.025917e+02 -1.446727e+01 7.011674e+01
      vertex   -9.781438e+01 -1.446727e+01 7.112105e+01
    endloop
  endfacet
  facet normal 9.896102e-16 -1.000000e+00 5.987739e-16
    outer loop
      vertex   -9.781438e+01 -1.446727e+01 7.112105e+01
      vertex   -1.025917e+02 -1.446727e+01 7.011674e+01
      vertex   -1.019851e+02 -1.446727e+01 6.911417e+01
    endloop
  endfacet
  facet normal 5.226494e-16 -1.000000e+00 1.569217e-15
    outer loop
      vertex   -9.781438e+01 -1.446727e+01 7.112105e+01
      vertex   -1.019851e+02 -1.446727e+01 6.911417e+01
      vertex   -9.718974e+01 -1.446727e+01 7.091301e+01
    endloop
  endfacet
  facet normal 8.324421e-16 -1.000000e+00 7.433669e-16
    outer loop
      vertex   -9.718974e+01 -1.446727e+01 7.091301e+01
      vertex   -1.019851e+02 -1.446727e+01 6.911417e+01
      vertex   -1.012046e+02 -1.446727e+01 6.824013e+01
    endloop
  endfacet
  facet normal 1.913304e-14 -1.000000e+00 -2.674553e-14
    outer loop
      vertex   -9.718974e+01 -1.446727e+01 7.091301e+01
      vertex   -1.012046e+02 -1.446727e+01 6.824013e+01
      vertex   -9.653139e+01 -1.446727e+01 7.091905e+01
    endloop
  endfacet
  facet normal 2.180658e-15 -1.000000e+00 2.826837e-15
    outer loop
      vertex   -9.653139e+01 -1.446727e+01 7.091905e+01
      vertex   -1.012046e+02 -1.446727e+01 6.824013e+01
      vertex   -1.002768e+02 -1.446727e+01 6.752440e+01
    endloop
  endfacet
  facet normal 1.709529e-15 -1.000000e+00 3.346642e-15
    outer loop
      vertex   -9.653139e+01 -1.446727e+01 7.091905e+01
      vertex   -1.002768e+02 -1.446727e+01 6.752440e+01
      vertex   -9.923324e+01 -1.446727e+01 6.699133e+01
    endloop
  endfacet
  facet normal 4.351208e-16 -1.000000e+00 4.223298e-15
    outer loop
      vertex   -9.653139e+01 -1.446727e+01 7.091905e+01
      vertex   -9.923324e+01 -1.446727e+01 6.699133e+01
      vertex   -9.577602e+01 -1.446727e+01 6.663514e+01
    endloop
  endfacet
  facet normal 0.000000e+00 -1.000000e+00 0.000000e+00
    outer loop
      vertex   -9.577602e+01 -1.446727e+01 6.663514e+01
      vertex   -9.923324e+01 -1.446727e+01 6.699133e+01
      vertex   -9.810951e+01 -1.446727e+01 6.665910e+01
    endloop
  endfacet
  facet normal -0.000000e+00 -1.000000e+00 0.000000e+00
    outer loop
      vertex   -9.577602e+01 -1.446727e+01 6.663514e+01
      vertex   -9.810951e+01 -1.446727e+01 6.665910e+01
      vertex   -9.694388e+01 -1.446727e+01 6.653900e+01
    endloop
  endfacet
  facet normal -2.023699e-14 -1.000000e+00 5.782476e-16
    outer loop
      vertex   -9.653139e+01 -1.446727e+01 7.091905e+01
      vertex   -9.577602e+01 -1.446727e+01 6.663514e+01
      vertex   -9.591067e+01 -1.446727e+01 7.113854e+01
    endloop
  endfacet
  facet normal 1.815717e-16 -1.000000e+00 1.188773e-15
    outer loop
      vertex   -9.591067e+01 -1.446727e+01 7.113854e+01
      vertex   -9.577602e+01 -1.446727e+01 6.663514e+01
      vertex   -8.215311e+01 -1.446727e+01 6.903723e+01
    endloop
  endfacet
  facet normal 0.000000e+00 -1.000000e+00 0.000000e+00
    outer loop
      vertex   -9.591067e+01 -1.446727e+01 7.113854e+01
      vertex   -8.215311e+01 -1.446727e+01 6.903723e+01
      vertex   -9.539486e+01 -1.446727e+01 7.154768e+01
    endloop
  endfacet
  facet normal 5.122171e-16 -1.000000e+00 1.682283e-16
    outer loop
      vertex   -6.191862e+01 -1.446727e+01 7.930693e+01
      vertex   -7.948071e+01 -1.446727e+01 6.942431e+01
      vertex   -6.167438e+01 -1.446727e+01 7.856328e+01
    endloop
  endfacet
  facet normal 6.718916e-16 -1.000000e+00 -1.428808e-16
    outer loop
      vertex   -6.167438e+01 -1.446727e+01 7.856328e+01
      vertex   -7.948071e+01 -1.446727e+01 6.942431e+01
      vertex   -7.678959e+01 -1.446727e+01 6.964673e+01
    endloop
  endfacet
  facet normal 4.178913e-16 -1.000000e+00 2.876971e-16
    outer loop
      vertex   -6.167438e+01 -1.446727e+01 7.856328e+01
      vertex   -7.678959e+01 -1.446727e+01 6.964673e+01
      vertex   -6.123052e+01 -1.446727e+01 7.791856e+01
    endloop
  endfacet
  facet normal -2.357641e-17 -1.000000e+00 1.118085e-15
    outer loop
      vertex   -6.123052e+01 -1.446727e+01 7.791856e+01
      vertex   -7.678959e+01 -1.446727e+01 6.964673e+01
      vertex   -7.408990e+01 -1.446727e+01 6.970366e+01
    endloop
  endfacet
  facet normal 3.866504e-16 -1.000000e+00 4.759274e-16
    outer loop
      vertex   -6.123052e+01 -1.446727e+01 7.791856e+01
      vertex   -7.408990e+01 -1.446727e+01 6.970366e+01
      vertex   -6.062301e+01 -1.446727e+01 7.742501e+01
    endloop
  endfacet
  facet normal 4.333077e-17 -1.000000e+00 1.074715e-15
    outer loop
      vertex   -6.062301e+01 -1.446727e+01 7.742501e+01
      vertex   -7.408990e+01 -1.446727e+01 6.970366e+01
      vertex   -7.139181e+01 -1.446727e+01 6.959487e+01
    endloop
  endfacet
  facet normal 3.014623e-16 -1.000000e+00 7.197063e-16
    outer loop
      vertex   -6.062301e+01 -1.446727e+01 7.742501e+01
      vertex   -7.139181e+01 -1.446727e+01 6.959487e+01
      vertex   -5.990105e+01 -1.446727e+01 7.712260e+01
    endloop
  endfacet
  facet normal 6.763061e-16 -1.000000e+00 1.475234e-16
    outer loop
      vertex   -5.990105e+01 -1.446727e+01 7.712260e+01
      vertex   -7.139181e+01 -1.446727e+01 6.959487e+01
      vertex   -6.870546e+01 -1.446727e+01 6.932079e+01
    endloop
  endfacet
  facet normal -1.938018e-15 -1.000000e+00 3.097810e-15
    outer loop
      vertex   -5.990105e+01 -1.446727e+01 7.712260e+01
      vertex   -6.870546e+01 -1.446727e+01 6.932079e+01
      vertex   -5.912314e+01 -1.446727e+01 7.703585e+01
    endloop
  endfacet
  facet normal 6.169082e-16 -1.000000e+00 1.958308e-17
    outer loop
      vertex   -5.647734e+01 -1.446727e+01 7.947966e+01
      vertex   -4.788707e+01 -1.446727e+01 8.099435e+01
      vertex   -5.650217e+01 -1.446727e+01 8.026200e+01
    endloop
  endfacet
  facet normal 6.017717e-16 -1.000000e+00 1.976409e-16
    outer loop
      vertex   -5.650217e+01 -1.446727e+01 8.026200e+01
      vertex   -4.788707e+01 -1.446727e+01 8.099435e+01
      vertex   -4.813131e+01 -1.446727e+01 8.173800e+01
    endloop
  endfacet
  facet normal 6.017717e-16 -1.000000e+00 1.976409e-16
    outer loop
      vertex   -5.650217e+01 -1.446727e+01 8.026200e+01
      vertex   -4.813131e+01 -1.446727e+01 8.173800e+01
      vertex   -5.674641e+01 -1.446727e+01 8.100565e+01
    endloop
  endfacet
  facet normal 6.169082e-16 -1.000000e+00 1.958308e-17
    outer loop
      vertex   -5.674641e+01 -1.446727e+01 8.100565e+01
      vertex   -4.813131e+01 -1.446727e+01 8.173800e+01
      vertex   -4.815614e+01 -1.446727e+01 8.252034e+01
    endloop
  endfacet
  facet normal 5.532063e-16 -1.000000e+00 3.808547e-16
    outer loop
      vertex   -5.674641e+01 -1.446727e+01 8.100565e+01
      vertex   -4.815614e+01 -1.446727e+01 8.252034e+01
      vertex   -5.719027e+01 -1.446727e+01 8.165036e+01
    endloop
  endfacet
  facet normal 6.049989e-16 -1.000000e+00 -1.569755e-16
    outer loop
      vertex   -5.719027e+01 -1.446727e+01 8.165036e+01
      vertex   -4.815614e+01 -1.446727e+01 8.252034e+01
      vertex   -4.795956e+01 -1.446727e+01 8.327799e+01
    endloop
  endfacet
  facet normal 6.013241e-16 -1.000000e+00 -1.361349e-16
    outer loop
      vertex   -5.719027e+01 -1.446727e+01 8.165036e+01
      vertex   -4.795956e+01 -1.446727e+01 8.327799e+01
      vertex   -5.344502e+01 -1.446727e+01 8.514504e+01
    endloop
  endfacet
  facet normal 2.210217e-16 -1.000000e+00 -1.253477e-15
    outer loop
      vertex   -5.344502e+01 -1.446727e+01 8.514504e+01
      vertex   -4.795956e+01 -1.446727e+01 8.327799e+01
      vertex   -5.267418e+01 -1.446727e+01 8.528096e+01
    endloop
  endfacet
  facet normal 6.007486e-16 -1.000000e+00 -3.596701e-16
    outer loop
      vertex   -5.267418e+01 -1.446727e+01 8.528096e+01
      vertex   -4.795956e+01 -1.446727e+01 8.327799e+01
      vertex   -4.755749e+01 -1.446727e+01 8.394956e+01
    endloop
  endfacet
  facet normal 5.417253e-16 -1.000000e+00 -5.865017e-16
    outer loop
      vertex   -5.267418e+01 -1.446727e+01 8.528096e+01
      vertex   -4.755749e+01 -1.446727e+01 8.394956e+01
      vertex   -4.698250e+01 -1.446727e+01 8.448065e+01
    endloop
  endfacet
  facet normal 5.532063e-16 -1.000000e+00 3.808547e-16
    outer loop
      vertex   -4.788707e+01 -1.446727e+01 8.099435e+01
      vertex   -5.647734e+01 -1.446727e+01 7.947966e+01
      vertex   -4.744321e+01 -1.446727e+01 8.034964e+01
    endloop
  endfacet
  facet normal 6.049989e-16 -1.000000e+00 -1.569755e-16
    outer loop
      vertex   -4.744321e+01 -1.446727e+01 8.034964e+01
      vertex   -5.647734e+01 -1.446727e+01 7.947966e+01
      vertex   -5.667392e+01 -1.446727e+01 7.872201e+01
    endloop
  endfacet
  facet normal 4.908132e-16 -1.000000e+00 4.906034e-16
    outer loop
      vertex   -4.744321e+01 -1.446727e+01 8.034964e+01
      vertex   -5.667392e+01 -1.446727e+01 7.872201e+01
      vertex   -5.118845e+01 -1.446727e+01 7.685496e+01
    endloop
  endfacet
  facet normal 1.105109e-16 -1.000000e+00 -6.267383e-16
    outer loop
      vertex   -5.118845e+01 -1.446727e+01 7.685496e+01
      vertex   -5.667392e+01 -1.446727e+01 7.872201e+01
      vertex   -5.195929e+01 -1.446727e+01 7.671904e+01
    endloop
  endfacet
  facet normal 3.003743e-16 -1.000000e+00 -1.798350e-16
    outer loop
      vertex   -5.195929e+01 -1.446727e+01 7.671904e+01
      vertex   -5.667392e+01 -1.446727e+01 7.872201e+01
      vertex   -5.707599e+01 -1.446727e+01 7.805044e+01
    endloop
  endfacet
  facet normal 2.708627e-16 -1.000000e+00 -2.932509e-16
    outer loop
      vertex   -5.195929e+01 -1.446727e+01 7.671904e+01
      vertex   -5.707599e+01 -1.446727e+01 7.805044e+01
      vertex   -5.765098e+01 -1.446727e+01 7.751935e+01
    endloop
  endfacet
  facet normal 8.029045e-16 -1.000000e+00 3.490547e-15
    outer loop
      vertex   -5.195929e+01 -1.446727e+01 7.671904e+01
      vertex   -5.765098e+01 -1.446727e+01 7.751935e+01
      vertex   -5.266062e+01 -1.446727e+01 7.637146e+01
    endloop
  endfacet
  facet normal 8.029045e-16 -1.000000e+00 3.490547e-15
    outer loop
      vertex   -5.266062e+01 -1.446727e+01 7.637146e+01
      vertex   -5.765098e+01 -1.446727e+01 7.751935e+01
      vertex   -5.835230e+01 -1.446727e+01 7.717177e+01
    endloop
  endfacet
  facet normal 8.029045e-16 -1.000000e+00 3.490547e-15
    outer loop
      vertex   -4.628118e+01 -1.446727e+01 8.482823e+01
      vertex   -5.197286e+01 -1.446727e+01 8.562854e+01
      vertex   -4.698250e+01 -1.446727e+01 8.448065e+01
    endloop
  endfacet
  facet normal 1.605809e-15 -1.000000e+00 6.981094e-15
    outer loop
      vertex   -4.698250e+01 -1.446727e+01 8.448065e+01
      vertex   -5.197286e+01 -1.446727e+01 8.562854e+01
      vertex   -5.267418e+01 -1.446727e+01 8.528096e+01
    endloop
  endfacet
  facet normal -2.637740e-01 0.000000e+00 9.645845e-01
    outer loop
      vertex   -9.798135e+01 -1.446727e+01 7.914220e+01
      vertex   -9.798135e+01 -9.967268e+00 7.914220e+01
      vertex   -9.911166e+01 -1.446727e+01 7.883311e+01
    endloop
  endfacet
  facet normal -2.637740e-01 0.000000e+00 9.645845e-01
    outer loop
      vertex   -9.911166e+01 -1.446727e+01 7.883311e+01
      vertex   -9.798135e+01 -9.967268e+00 7.914220e+01
      vertex   -9.911166e+01 -9.967268e+00 7.883311e+01
    endloop
  endfacet
  facet normal -4.365247e-01 0.000000e+00 8.996923e-01
    outer loop
      vertex   -9.911166e+01 -1.446727e+01 7.883311e+01
      vertex   -9.911166e+01 -9.967268e+00 7.883311e+01
      vertex   -1.001659e+02 -1.446727e+01 7.832158e+01
    endloop
  endfacet
  facet normal -4.365247e-01 0.000000e+00 8.996923e-01
    outer loop
      vertex   -1.001659e+02 -1.446727e+01 7.832158e+01
      vertex   -9.911166e+01 -9.967268e+00 7.883311e+01
      vertex   -1.001659e+02 -9.967268e+00 7.832158e+01
    endloop
  endfacet
  facet normal -5.944101e-01 0.000000e+00 8.041621e-01
    outer loop
      vertex   -1.001659e+02 -1.446727e+01 7.832158e+01
      vertex   -1.001659e+02 -9.967268e+00 7.832158e+01
      vertex   -1.011082e+02 -1.446727e+01 7.762505e+01
    endloop
  endfacet
  facet normal -5.944101e-01 0.000000e+00 8.041621e-01
    outer loop
      vertex   -1.011082e+02 -1.446727e+01 7.762505e+01
      vertex   -1.001659e+02 -9.967268e+00 7.832158e+01
      vertex   -1.011082e+02 -9.967268e+00 7.762505e+01
    endloop
  endfacet
  facet normal -7.320535e-01 0.000000e+00 6.812471e-01
    outer loop
      vertex   -1.011082e+02 -1.446727e+01 7.762505e+01
      vertex   -1.011082e+02 -9.967268e+00 7.762505e+01
      vertex   -1.019065e+02 -1.446727e+01 7.676722e+01
    endloop
  endfacet
  facet normal -7.320535e-01 0.000000e+00 6.812471e-01
    outer loop
      vertex   -1.019065e+02 -1.446727e+01 7.676722e+01
      vertex   -1.011082e+02 -9.967268e+00 7.762505e+01
      vertex   -1.019065e+02 -9.967268e+00 7.676722e+01
    endloop
  endfacet
  facet normal -8.447677e-01 0.000000e+00 5.351331e-01
    outer loop
      vertex   -1.019065e+02 -1.446727e+01 7.676722e+01
      vertex   -1.019065e+02 -9.967268e+00 7.676722e+01
      vertex   -1.025336e+02 -1.446727e+01 7.577732e+01
    endloop
  endfacet
  facet normal -8.447677e-01 0.000000e+00 5.351331e-01
    outer loop
      vertex   -1.025336e+02 -1.446727e+01 7.577732e+01
      vertex   -1.019065e+02 -9.967268e+00 7.676722e+01
      vertex   -1.025336e+02 -9.967268e+00 7.577732e+01
    endloop
  endfacet
  facet normal -9.287144e-01 0.000000e+00 3.707958e-01
    outer loop
      vertex   -1.025336e+02 -1.446727e+01 7.577732e+01
      vertex   -1.025336e+02 -9.967268e+00 7.577732e+01
      vertex   -1.029681e+02 -1.446727e+01 7.468904e+01
    endloop
  endfacet
  facet normal -9.287144e-01 0.000000e+00 3.707958e-01
    outer loop
      vertex   -1.029681e+02 -1.446727e+01 7.468904e+01
      vertex   -1.025336e+02 -9.967268e+00 7.577732e+01
      vertex   -1.029681e+02 -9.967268e+00 7.468904e+01
    endloop
  endfacet
  facet normal -9.810348e-01 0.000000e+00 1.938315e-01
    outer loop
      vertex   -1.029681e+02 -1.446727e+01 7.468904e+01
      vertex   -1.029681e+02 -9.967268e+00 7.468904e+01
      vertex   -1.031952e+02 -1.446727e+01 7.353946e+01
    endloop
  endfacet
  facet normal -9.810348e-01 3.098076e-15 1.938315e-01
    outer loop
      vertex   -1.031952e+02 -1.446727e+01 7.353946e+01
      vertex   -1.029681e+02 -9.967268e+00 7.468904e+01
      vertex   -1.031952e+02 -9.967268e+00 7.353946e+01
    endloop
  endfacet
  facet normal -9.999473e-01 3.157801e-15 1.026646e-02
    outer loop
      vertex   -1.031952e+02 -1.446727e+01 7.353946e+01
      vertex   -1.031952e+02 -9.967268e+00 7.353946e+01
      vertex   -1.032073e+02 -1.446727e+01 7.236771e+01
    endloop
  endfacet
  facet normal -9.999473e-01 0.000000e+00 1.026646e-02
    outer loop
      vertex   -1.032073e+02 -1.446727e+01 7.236771e+01
      vertex   -1.031952e+02 -9.967268e+00 7.353946e+01
      vertex   -1.032073e+02 -9.967268e+00 7.236771e+01
    endloop
  endfacet
  facet normal -9.848078e-01 0.000000e+00 -1.736482e-01
    outer loop
      vertex   -1.032073e+02 -1.446727e+01 7.236771e+01
      vertex   -1.032073e+02 -9.967268e+00 7.236771e+01
      vertex   -1.030038e+02 -1.446727e+01 7.121371e+01
    endloop
  endfacet
  facet normal -9.848078e-01 0.000000e+00 -1.736482e-01
    outer loop
      vertex   -1.030038e+02 -1.446727e+01 7.121371e+01
      vertex   -1.032073e+02 -9.967268e+00 7.236771e+01
      vertex   -1.030038e+02 -9.967268e+00 7.121371e+01
    endloop
  endfacet
  facet normal -9.361318e-01 0.000000e+00 -3.516494e-01
    outer loop
      vertex   -1.030038e+02 -1.446727e+01 7.121371e+01
      vertex   -1.030038e+02 -9.967268e+00 7.121371e+01
      vertex   -1.025917e+02 -1.446727e+01 7.011674e+01
    endloop
  endfacet
  facet normal -9.361318e-01 0.000000e+00 -3.516494e-01
    outer loop
      vertex   -1.025917e+02 -1.446727e+01 7.011674e+01
      vertex   -1.030038e+02 -9.967268e+00 7.121371e+01
      vertex   -1.025917e+02 -9.967268e+00 7.011674e+01
    endloop
  endfacet
  facet normal -8.555769e-01 0.000000e+00 -5.176757e-01
    outer loop
      vertex   -1.025917e+02 -1.446727e+01 7.011674e+01
      vertex   -1.025917e+02 -9.967268e+00 7.011674e+01
      vertex   -1.019851e+02 -1.446727e+01 6.911417e+01
    endloop
  endfacet
  facet normal -8.555769e-01 0.000000e+00 -5.176757e-01
    outer loop
      vertex   -1.019851e+02 -1.446727e+01 6.911417e+01
      vertex   -1.025917e+02 -9.967268e+00 7.011674e+01
      vertex   -1.019851e+02 -9.967268e+00 6.911417e+01
    endloop
  endfacet
  facet normal -7.458864e-01 0.000000e+00 -6.660731e-01
    outer loop
      vertex   -1.019851e+02 -1.446727e+01 6.911417e+01
      vertex   -1.019851e+02 -9.967268e+00 6.911417e+01
      vertex   -1.012046e+02 -1.446727e+01 6.824013e+01
    endloop
  endfacet
  facet normal -7.458864e-01 0.000000e+00 -6.660731e-01
    outer loop
      vertex   -1.012046e+02 -1.446727e+01 6.824013e+01
      vertex   -1.019851e+02 -9.967268e+00 6.911417e+01
      vertex   -1.012046e+02 -9.967268e+00 6.824013e+01
    endloop
  endfacet
  facet normal -6.107957e-01 0.000000e+00 -7.917882e-01
    outer loop
      vertex   -1.012046e+02 -1.446727e+01 6.824013e+01
      vertex   -1.012046e+02 -9.967268e+00 6.824013e+01
      vertex   -1.002768e+02 -1.446727e+01 6.752440e+01
    endloop
  endfacet
  facet normal -6.107957e-01 0.000000e+00 -7.917882e-01
    outer loop
      vertex   -1.002768e+02 -1.446727e+01 6.752440e+01
      vertex   -1.012046e+02 -9.967268e+00 6.824013e+01
      vertex   -1.002768e+02 -9.967268e+00 6.752440e+01
    endloop
  endfacet
  facet normal -4.549050e-01 0.000000e+00 -8.905400e-01
    outer loop
      vertex   -1.002768e+02 -1.446727e+01 6.752440e+01
      vertex   -1.002768e+02 -9.967268e+00 6.752440e+01
      vertex   -9.923324e+01 -1.446727e+01 6.699133e+01
    endloop
  endfacet
  facet normal -4.549050e-01 0.000000e+00 -8.905400e-01
    outer loop
      vertex   -9.923324e+01 -1.446727e+01 6.699133e+01
      vertex   -1.002768e+02 -9.967268e+00 6.752440e+01
      vertex   -9.923324e+01 -9.967268e+00 6.699133e+01
    endloop
  endfacet
  facet normal -2.835231e-01 0.000000e+00 -9.589654e-01
    outer loop
      vertex   -9.923324e+01 -1.446727e+01 6.699133e+01
      vertex   -9.923324e+01 -9.967268e+00 6.699133e+01
      vertex   -9.810951e+01 -1.446727e+01 6.665910e+01
    endloop
  endfacet
  facet normal -2.835231e-01 -3.028382e-15 -9.589654e-01
    outer loop
      vertex   -9.810951e+01 -1.446727e+01 6.665910e+01
      vertex   -9.923324e+01 -9.967268e+00 6.699133e+01
      vertex   -9.810951e+01 -9.967268e+00 6.665910e+01
    endloop
  endfacet
  facet normal -1.024862e-01 -3.141339e-15 -9.947344e-01
    outer loop
      vertex   -9.810951e+01 -1.446727e+01 6.665910e+01
      vertex   -9.810951e+01 -9.967268e+00 6.665910e+01
      vertex   -9.694388e+01 -1.446727e+01 6.653900e+01
    endloop
  endfacet
  facet normal -1.024862e-01 0.000000e+00 -9.947344e-01
    outer loop
      vertex   -9.694388e+01 -1.446727e+01 6.653900e+01
      vertex   -9.810951e+01 -9.967268e+00 6.665910e+01
      vertex   -9.694388e+01 -9.967268e+00 6.653900e+01
    endloop
  endfacet
  facet normal 8.204083e-02 0.000000e+00 -9.966290e-01
    outer loop
      vertex   -9.694388e+01 -1.446727e+01 6.653900e+01
      vertex   -9.694388e+01 -9.967268e+00 6.653900e+01
      vertex   -9.577602e+01 -1.446727e+01 6.663514e+01
    endloop
  endfacet
  facet normal 8.204083e-02 0.000000e+00 -9.966290e-01
    outer loop
      vertex   -9.577602e+01 -1.446727e+01 6.663514e+01
      vertex   -9.694388e+01 -9.967268e+00 6.653900e+01
      vertex   -9.577602e+01 -9.967268e+00 6.663514e+01
    endloop
  endfacet
  facet normal 0.000000e+00 1.000000e+00 -0.000000e+00
    outer loop
      vertex   -9.784670e+01 -9.967268e+00 7.463880e+01
      vertex   -1.011082e+02 -9.967268e+00 7.762505e+01
      vertex   -9.722598e+01 -9.967268e+00 7.485829e+01
    endloop
  endfacet
  facet normal -9.253365e-16 1.000000e+00 -1.298414e-15
    outer loop
      vertex   -9.722598e+01 -9.967268e+00 7.485829e+01
      vertex   -1.011082e+02 -9.967268e+00 7.762505e+01
      vertex   -1.001659e+02 -9.967268e+00 7.832158e+01
    endloop
  endfacet
  facet normal 1.762623e-16 1.000000e+00 -3.632825e-16
    outer loop
      vertex   -9.722598e+01 -9.967268e+00 7.485829e+01
      vertex   -1.001659e+02 -9.967268e+00 7.832158e+01
      vertex   -9.911166e+01 -9.967268e+00 7.883311e+01
    endloop
  endfacet
  facet normal -2.901461e-16 1.000000e+00 3.657970e-16
    outer loop
      vertex   -9.836251e+01 -9.967268e+00 7.422966e+01
      vertex   -1.025336e+02 -9.967268e+00 7.577732e+01
      vertex   -9.784670e+01 -9.967268e+00 7.463880e+01
    endloop
  endfacet
  facet normal -7.062317e-16 1.000000e+00 -1.347096e-15
    outer loop
      vertex   -9.784670e+01 -9.967268e+00 7.463880e+01
      vertex   -1.025336e+02 -9.967268e+00 7.577732e+01
      vertex   -1.019065e+02 -9.967268e+00 7.676722e+01
    endloop
  endfacet
  facet normal 0.000000e+00 1.000000e+00 0.000000e+00
    outer loop
      vertex   -9.784670e+01 -9.967268e+00 7.463880e+01
      vertex   -1.019065e+02 -9.967268e+00 7.676722e+01
      vertex   -1.011082e+02 -9.967268e+00 7.762505e+01
    endloop
  endfacet
  facet normal -3.709233e-16 1.000000e+00 1.480938e-16
    outer loop
      vertex   -1.025336e+02 -9.967268e+00 7.577732e+01
      vertex   -9.836251e+01 -9.967268e+00 7.422966e+01
      vertex   -1.029681e+02 -9.967268e+00 7.468904e+01
    endloop
  endfacet
  facet normal -6.629151e-16 1.000000e+00 -2.779311e-15
    outer loop
      vertex   -1.029681e+02 -9.967268e+00 7.468904e+01
      vertex   -9.836251e+01 -9.967268e+00 7.422966e+01
      vertex   -9.871753e+01 -9.967268e+00 7.367520e+01
    endloop
  endfacet
  facet normal 0.000000e+00 1.000000e+00 0.000000e+00
    outer loop
      vertex   -1.029681e+02 -9.967268e+00 7.468904e+01
      vertex   -9.871753e+01 -9.967268e+00 7.367520e+01
      vertex   -1.031952e+02 -9.967268e+00 7.353946e+01
    endloop
  endfacet
  facet normal -0.000000e+00 1.000000e+00 0.000000e+00
    outer loop
      vertex   -1.031952e+02 -9.967268e+00 7.353946e+01
      vertex   -9.871753e+01 -9.967268e+00 7.367520e+01
      vertex   -9.887329e+01 -9.967268e+00 7.303551e+01
    endloop
  endfacet
  facet normal -1.765544e-16 1.000000e+00 -1.514178e-15
    outer loop
      vertex   -1.031952e+02 -9.967268e+00 7.353946e+01
      vertex   -9.887329e+01 -9.967268e+00 7.303551e+01
      vertex   -1.032073e+02 -9.967268e+00 7.236771e+01
    endloop
  endfacet
  facet normal -4.041300e-16 1.000000e+00 -3.722792e-17
    outer loop
      vertex   -1.032073e+02 -9.967268e+00 7.236771e+01
      vertex   -9.887329e+01 -9.967268e+00 7.303551e+01
      vertex   -9.881289e+01 -9.967268e+00 7.237991e+01
    endloop
  endfacet
  facet normal -3.997643e-16 1.000000e+00 -1.609786e-15
    outer loop
      vertex   -1.032073e+02 -9.967268e+00 7.236771e+01
      vertex   -9.881289e+01 -9.967268e+00 7.237991e+01
      vertex   -1.030038e+02 -9.967268e+00 7.121371e+01
    endloop
  endfacet
  facet normal -7.534480e-16 1.000000e+00 -3.387794e-16
    outer loop
      vertex   -1.030038e+02 -9.967268e+00 7.121371e+01
      vertex   -9.881289e+01 -9.967268e+00 7.237991e+01
      vertex   -9.854290e+01 -9.967268e+00 7.177944e+01
    endloop
  endfacet
  facet normal -7.601972e-16 1.000000e+00 -2.855612e-16
    outer loop
      vertex   -1.030038e+02 -9.967268e+00 7.121371e+01
      vertex   -9.854290e+01 -9.967268e+00 7.177944e+01
      vertex   -1.025917e+02 -9.967268e+00 7.011674e+01
    endloop
  endfacet
  facet normal 4.631100e-16 1.000000e+00 -3.264427e-15
    outer loop
      vertex   -1.025917e+02 -9.967268e+00 7.011674e+01
      vertex   -9.854290e+01 -9.967268e+00 7.177944e+01
      vertex   -9.809256e+01 -9.967268e+00 7.129917e+01
    endloop
  endfacet
  facet normal -3.406497e-16 1.000000e+00 -2.061137e-16
    outer loop
      vertex   -1.025917e+02 -9.967268e+00 7.011674e+01
      vertex   -9.809256e+01 -9.967268e+00 7.129917e+01
      vertex   -1.019851e+02 -9.967268e+00 6.911417e+01
    endloop
  endfacet
  facet normal -1.792625e-15 1.000000e+00 2.380559e-15
    outer loop
      vertex   -1.019851e+02 -9.967268e+00 6.911417e+01
      vertex   -9.809256e+01 -9.967268e+00 7.129917e+01
      vertex   -9.751068e+01 -9.967268e+00 7.099115e+01
    endloop
  endfacet
  facet normal -5.776233e-16 1.000000e+00 -5.158149e-16
    outer loop
      vertex   -1.019851e+02 -9.967268e+00 6.911417e+01
      vertex   -9.751068e+01 -9.967268e+00 7.099115e+01
      vertex   -1.012046e+02 -9.967268e+00 6.824013e+01
    endloop
  endfacet
  facet normal -4.893455e-16 1.000000e+00 -6.343497e-16
    outer loop
      vertex   -1.012046e+02 -9.967268e+00 6.824013e+01
      vertex   -9.751068e+01 -9.967268e+00 7.099115e+01
      vertex   -1.002768e+02 -9.967268e+00 6.752440e+01
    endloop
  endfacet
  facet normal -1.433400e-16 1.000000e+00 -9.104251e-16
    outer loop
      vertex   -1.002768e+02 -9.967268e+00 6.752440e+01
      vertex   -9.751068e+01 -9.967268e+00 7.099115e+01
      vertex   -9.686031e+01 -9.967268e+00 7.088875e+01
    endloop
  endfacet
  facet normal -3.551766e-16 1.000000e+00 -6.953076e-16
    outer loop
      vertex   -1.002768e+02 -9.967268e+00 6.752440e+01
      vertex   -9.686031e+01 -9.967268e+00 7.088875e+01
      vertex   -9.923324e+01 -9.967268e+00 6.699133e+01
    endloop
  endfacet
  facet normal -2.283933e-16 1.000000e+00 -7.724989e-16
    outer loop
      vertex   -9.923324e+01 -9.967268e+00 6.699133e+01
      vertex   -9.686031e+01 -9.967268e+00 7.088875e+01
      vertex   -9.810951e+01 -9.967268e+00 6.665910e+01
    endloop
  endfacet
  facet normal -8.398375e-17 1.000000e+00 -8.151494e-16
    outer loop
      vertex   -9.810951e+01 -9.967268e+00 6.665910e+01
      vertex   -9.686031e+01 -9.967268e+00 7.088875e+01
      vertex   -9.694388e+01 -9.967268e+00 6.653900e+01
    endloop
  endfacet
  facet normal 6.734104e-17 1.000000e+00 -8.180565e-16
    outer loop
      vertex   -9.694388e+01 -9.967268e+00 6.653900e+01
      vertex   -9.686031e+01 -9.967268e+00 7.088875e+01
      vertex   -9.577602e+01 -9.967268e+00 6.663514e+01
    endloop
  endfacet
  facet normal 1.409374e-16 1.000000e+00 -7.992959e-16
    outer loop
      vertex   -9.577602e+01 -9.967268e+00 6.663514e+01
      vertex   -9.686031e+01 -9.967268e+00 7.088875e+01
      vertex   -9.621194e+01 -9.967268e+00 7.100308e+01
    endloop
  endfacet
  facet normal -2.861873e-16 1.000000e+00 -8.419228e-16
    outer loop
      vertex   -9.577602e+01 -9.967268e+00 6.663514e+01
      vertex   -9.621194e+01 -9.967268e+00 7.100308e+01
      vertex   -9.168907e+01 -9.967268e+00 6.735578e+01
    endloop
  endfacet
  facet normal 1.597867e-16 1.000000e+00 -2.888883e-16
    outer loop
      vertex   -9.168907e+01 -9.967268e+00 6.735578e+01
      vertex   -9.621194e+01 -9.967268e+00 7.100308e+01
      vertex   -9.563581e+01 -9.967268e+00 7.132174e+01
    endloop
  endfacet
  facet normal 2.358749e-16 1.000000e+00 -2.131687e-16
    outer loop
      vertex   -9.168907e+01 -9.967268e+00 6.735578e+01
      vertex   -9.563581e+01 -9.967268e+00 7.132174e+01
      vertex   -9.519437e+01 -9.967268e+00 7.181020e+01
    endloop
  endfacet
  facet normal -2.087619e-15 1.000000e+00 -2.041591e-15
    outer loop
      vertex   -9.519437e+01 -9.967268e+00 7.181020e+01
      vertex   -9.493546e+01 -9.967268e+00 7.241553e+01
      vertex   -9.168907e+01 -9.967268e+00 6.735578e+01
    endloop
  endfacet
  facet normal 9.817140e-16 1.000000e+00 -7.227390e-17
    outer loop
      vertex   -9.168907e+01 -9.967268e+00 6.735578e+01
      vertex   -9.493546e+01 -9.967268e+00 7.241553e+01
      vertex   -9.488712e+01 -9.967268e+00 7.307213e+01
    endloop
  endfacet
  facet normal -1.367571e-17 1.000000e+00 -6.291514e-16
    outer loop
      vertex   -9.168907e+01 -9.967268e+00 6.735578e+01
      vertex   -9.488712e+01 -9.967268e+00 7.307213e+01
      vertex   -8.552353e+01 -9.967268e+00 8.133885e+01
    endloop
  endfacet
  facet normal -4.618713e-16 1.000000e+00 -1.214871e-16
    outer loop
      vertex   -8.552353e+01 -9.967268e+00 8.133885e+01
      vertex   -9.488712e+01 -9.967268e+00 7.307213e+01
      vertex   -9.505459e+01 -9.967268e+00 7.370885e+01
    endloop
  endfacet
  facet normal -3.645903e-16 1.000000e+00 -2.430063e-16
    outer loop
      vertex   -8.552353e+01 -9.967268e+00 8.133885e+01
      vertex   -9.505459e+01 -9.967268e+00 7.370885e+01
      vertex   -9.541974e+01 -9.967268e+00 7.425669e+01
    endloop
  endfacet
  facet normal -2.779919e-16 1.000000e+00 -3.640140e-16
    outer loop
      vertex   -9.541974e+01 -9.967268e+00 7.425669e+01
      vertex   -9.594299e+01 -9.967268e+00 7.465629e+01
      vertex   -8.552353e+01 -9.967268e+00 8.133885e+01
    endloop
  endfacet
  facet normal -3.960380e-16 1.000000e+00 -1.799565e-16
    outer loop
      vertex   -8.552353e+01 -9.967268e+00 8.133885e+01
      vertex   -9.594299e+01 -9.967268e+00 7.465629e+01
      vertex   -9.798135e+01 -9.967268e+00 7.914220e+01
    endloop
  endfacet
  facet normal 0.000000e+00 1.000000e+00 0.000000e+00
    outer loop
      vertex   -9.798135e+01 -9.967268e+00 7.914220e+01
      vertex   -9.594299e+01 -9.967268e+00 7.465629e+01
      vertex   -9.656763e+01 -9.967268e+00 7.486433e+01
    endloop
  endfacet
  facet normal 0.000000e+00 1.000000e+00 0.000000e+00
    outer loop
      vertex   -9.798135e+01 -9.967268e+00 7.914220e+01
      vertex   -9.656763e+01 -9.967268e+00 7.486433e+01
      vertex   -9.722598e+01 -9.967268e+00 7.485829e+01
    endloop
  endfacet
  facet normal 1.499277e-15 1.000000e+00 2.643629e-16
    outer loop
      vertex   -9.911166e+01 -9.967268e+00 7.883311e+01
      vertex   -9.798135e+01 -9.967268e+00 7.914220e+01
      vertex   -9.722598e+01 -9.967268e+00 7.485829e+01
    endloop
  endfacet
  facet normal -9.150016e-01 0.000000e+00 4.034503e-01
    outer loop
      vertex   -9.168907e+01 -9.967268e+00 6.735578e+01
      vertex   -8.552353e+01 -9.967268e+00 8.133885e+01
      vertex   -9.168907e+01 -3.617268e+00 6.735578e+01
    endloop
  endfacet
  facet normal -9.150016e-01 0.000000e+00 4.034503e-01
    outer loop
      vertex   -9.168907e+01 -3.617268e+00 6.735578e+01
      vertex   -8.552353e+01 -9.967268e+00 8.133885e+01
      vertex   -8.552353e+01 -3.617268e+00 8.133885e+01
    endloop
  endfacet
  facet normal 9.185645e-03 -6.061532e-03 -9.999394e-01
    outer loop
      vertex   -9.656763e+01 -9.967268e+00 7.486433e+01
      vertex   -9.689706e+01 -1.446727e+01 7.488859e+01
      vertex   -9.722598e+01 -9.967268e+00 7.485829e+01
    endloop
  endfacet
  facet normal 1.736450e-01 6.061532e-03 -9.847897e-01
    outer loop
      vertex   -9.722598e+01 -9.967268e+00 7.485829e+01
      vertex   -9.689706e+01 -1.446727e+01 7.488859e+01
      vertex   -9.754543e+01 -1.446727e+01 7.477426e+01
    endloop
  endfacet
  facet normal 3.333677e-01 -6.061532e-03 -9.427774e-01
    outer loop
      vertex   -9.722598e+01 -9.967268e+00 7.485829e+01
      vertex   -9.754543e+01 -1.446727e+01 7.477426e+01
      vertex   -9.784670e+01 -9.967268e+00 7.463880e+01
    endloop
  endfacet
  facet normal 4.839971e-01 6.061532e-03 -8.750486e-01
    outer loop
      vertex   -9.784670e+01 -9.967268e+00 7.463880e+01
      vertex   -9.754543e+01 -1.446727e+01 7.477426e+01
      vertex   -9.812156e+01 -1.446727e+01 7.445560e+01
    endloop
  endfacet
  facet normal 6.214243e-01 -6.061532e-03 -7.834508e-01
    outer loop
      vertex   -9.784670e+01 -9.967268e+00 7.463880e+01
      vertex   -9.812156e+01 -1.446727e+01 7.445560e+01
      vertex   -9.836251e+01 -9.967268e+00 7.422966e+01
    endloop
  endfacet
  facet normal 7.419006e-01 6.061532e-03 -6.704825e-01
    outer loop
      vertex   -9.836251e+01 -9.967268e+00 7.422966e+01
      vertex   -9.812156e+01 -1.446727e+01 7.445560e+01
      vertex   -9.856299e+01 -1.446727e+01 7.396714e+01
    endloop
  endfacet
  facet normal 8.421399e-01 -6.061532e-03 -5.392251e-01
    outer loop
      vertex   -9.836251e+01 -9.967268e+00 7.422966e+01
      vertex   -9.856299e+01 -1.446727e+01 7.396714e+01
      vertex   -9.871753e+01 -9.967268e+00 7.367520e+01
    endloop
  endfacet
  facet normal 9.194077e-01 6.061532e-03 -3.932591e-01
    outer loop
      vertex   -9.871753e+01 -9.967268e+00 7.367520e+01
      vertex   -9.856299e+01 -1.446727e+01 7.396714e+01
      vertex   -9.882191e+01 -1.446727e+01 7.336181e+01
    endloop
  endfacet
  facet normal 9.715965e-01 -6.061532e-03 -2.365661e-01
    outer loop
      vertex   -9.871753e+01 -9.967268e+00 7.367520e+01
      vertex   -9.882191e+01 -1.446727e+01 7.336181e+01
      vertex   -9.887329e+01 -9.967268e+00 7.303551e+01
    endloop
  endfacet
  facet normal 9.972827e-01 6.061532e-03 -7.342007e-02
    outer loop
      vertex   -9.887329e+01 -9.967268e+00 7.303551e+01
      vertex   -9.882191e+01 -1.446727e+01 7.336181e+01
      vertex   -9.887025e+01 -1.446727e+01 7.270521e+01
    endloop
  endfacet
  facet normal 9.957656e-01 -6.061532e-03 9.172862e-02
    outer loop
      vertex   -9.887329e+01 -9.967268e+00 7.303551e+01
      vertex   -9.887025e+01 -1.446727e+01 7.270521e+01
      vertex   -9.881289e+01 -9.967268e+00 7.237991e+01
    endloop
  endfacet
  facet normal 9.670866e-01 6.061532e-03 2.543752e-01
    outer loop
      vertex   -9.881289e+01 -9.967268e+00 7.237991e+01
      vertex   -9.887025e+01 -1.446727e+01 7.270521e+01
      vertex   -9.870277e+01 -1.446727e+01 7.206849e+01
    endloop
  endfacet
  facet normal 9.120280e-01 -6.061532e-03 4.100831e-01
    outer loop
      vertex   -9.881289e+01 -9.967268e+00 7.237991e+01
      vertex   -9.870277e+01 -1.446727e+01 7.206849e+01
      vertex   -9.854290e+01 -9.967268e+00 7.177944e+01
    endloop
  endfacet
  facet normal 8.320917e-01 6.061532e-03 5.546049e-01
    outer loop
      vertex   -9.854290e+01 -9.967268e+00 7.177944e+01
      vertex   -9.870277e+01 -1.446727e+01 7.206849e+01
      vertex   -9.833763e+01 -1.446727e+01 7.152065e+01
    endloop
  endfacet
  facet normal 7.294581e-01 -6.061532e-03 6.839987e-01
    outer loop
      vertex   -9.854290e+01 -9.967268e+00 7.177944e+01
      vertex   -9.833763e+01 -1.446727e+01 7.152065e+01
      vertex   -9.809256e+01 -9.967268e+00 7.129917e+01
    endloop
  endfacet
  facet normal 6.069268e-01 6.061532e-03 7.947347e-01
    outer loop
      vertex   -9.809256e+01 -9.967268e+00 7.129917e+01
      vertex   -9.833763e+01 -1.446727e+01 7.152065e+01
      vertex   -9.781438e+01 -1.446727e+01 7.112105e+01
    endloop
  endfacet
  facet normal 4.678400e-01 -6.061532e-03 8.837924e-01
    outer loop
      vertex   -9.809256e+01 -9.967268e+00 7.129917e+01
      vertex   -9.781438e+01 -1.446727e+01 7.112105e+01
      vertex   -9.751068e+01 -9.967268e+00 7.099115e+01
    endloop
  endfacet
  facet normal 3.159919e-01 6.061532e-03 9.487425e-01
    outer loop
      vertex   -9.751068e+01 -9.967268e+00 7.099115e+01
      vertex   -9.781438e+01 -1.446727e+01 7.112105e+01
      vertex   -9.718974e+01 -1.446727e+01 7.091301e+01
    endloop
  endfacet
  facet normal 1.555243e-01 -6.061532e-03 9.878135e-01
    outer loop
      vertex   -9.751068e+01 -9.967268e+00 7.099115e+01
      vertex   -9.718974e+01 -1.446727e+01 7.091301e+01
      vertex   -9.686031e+01 -9.967268e+00 7.088875e+01
    endloop
  endfacet
  facet normal -9.185645e-03 6.061532e-03 9.999394e-01
    outer loop
      vertex   -9.686031e+01 -9.967268e+00 7.088875e+01
      vertex   -9.718974e+01 -1.446727e+01 7.091301e+01
      vertex   -9.653139e+01 -1.446727e+01 7.091905e+01
    endloop
  endfacet
  facet normal -1.736450e-01 -6.061532e-03 9.847897e-01
    outer loop
      vertex   -9.686031e+01 -9.967268e+00 7.088875e+01
      vertex   -9.653139e+01 -1.446727e+01 7.091905e+01
      vertex   -9.621194e+01 -9.967268e+00 7.100308e+01
    endloop
  endfacet
  facet normal -3.333677e-01 6.061532e-03 9.427774e-01
    outer loop
      vertex   -9.621194e+01 -9.967268e+00 7.100308e+01
      vertex   -9.653139e+01 -1.446727e+01 7.091905e+01
      vertex   -9.591067e+01 -1.446727e+01 7.113854e+01
    endloop
  endfacet
  facet normal -4.839971e-01 -6.061532e-03 8.750486e-01
    outer loop
      vertex   -9.621194e+01 -9.967268e+00 7.100308e+01
      vertex   -9.591067e+01 -1.446727e+01 7.113854e+01
      vertex   -9.563581e+01 -9.967268e+00 7.132174e+01
    endloop
  endfacet
  facet normal -6.214243e-01 6.061532e-03 7.834508e-01
    outer loop
      vertex   -9.563581e+01 -9.967268e+00 7.132174e+01
      vertex   -9.591067e+01 -1.446727e+01 7.113854e+01
      vertex   -9.539486e+01 -1.446727e+01 7.154768e+01
    endloop
  endfacet
  facet normal -7.419006e-01 -6.061532e-03 6.704825e-01
    outer loop
      vertex   -9.563581e+01 -9.967268e+00 7.132174e+01
      vertex   -9.539486e+01 -1.446727e+01 7.154768e+01
      vertex   -9.519437e+01 -9.967268e+00 7.181020e+01
    endloop
  endfacet
  facet normal -8.421399e-01 6.061532e-03 5.392251e-01
    outer loop
      vertex   -9.519437e+01 -9.967268e+00 7.181020e+01
      vertex   -9.539486e+01 -1.446727e+01 7.154768e+01
      vertex   -9.503983e+01 -1.446727e+01 7.210214e+01
    endloop
  endfacet
  facet normal -9.194077e-01 -6.061532e-03 3.932591e-01
    outer loop
      vertex   -9.519437e+01 -9.967268e+00 7.181020e+01
      vertex   -9.503983e+01 -1.446727e+01 7.210214e+01
      vertex   -9.493546e+01 -9.967268e+00 7.241553e+01
    endloop
  endfacet
  facet normal -9.715965e-01 6.061532e-03 2.365661e-01
    outer loop
      vertex   -9.493546e+01 -9.967268e+00 7.241553e+01
      vertex   -9.503983e+01 -1.446727e+01 7.210214e+01
      vertex   -9.488408e+01 -1.446727e+01 7.274183e+01
    endloop
  endfacet
  facet normal -9.972827e-01 -6.061532e-03 7.342007e-02
    outer loop
      vertex   -9.493546e+01 -9.967268e+00 7.241553e+01
      vertex   -9.488408e+01 -1.446727e+01 7.274183e+01
      vertex   -9.488712e+01 -9.967268e+00 7.307213e+01
    endloop
  endfacet
  facet normal -9.957656e-01 6.061532e-03 -9.172862e-02
    outer loop
      vertex   -9.488712e+01 -9.967268e+00 7.307213e+01
      vertex   -9.488408e+01 -1.446727e+01 7.274183e+01
      vertex   -9.494448e+01 -1.446727e+01 7.339743e+01
    endloop
  endfacet
  facet normal -9.670866e-01 -6.061532e-03 -2.543752e-01
    outer loop
      vertex   -9.488712e+01 -9.967268e+00 7.307213e+01
      vertex   -9.494448e+01 -1.446727e+01 7.339743e+01
      vertex   -9.505459e+01 -9.967268e+00 7.370885e+01
    endloop
  endfacet
  facet normal -9.120280e-01 6.061532e-03 -4.100831e-01
    outer loop
      vertex   -9.505459e+01 -9.967268e+00 7.370885e+01
      vertex   -9.494448e+01 -1.446727e+01 7.339743e+01
      vertex   -9.521447e+01 -1.446727e+01 7.399790e+01
    endloop
  endfacet
  facet normal -8.320917e-01 -6.061532e-03 -5.546049e-01
    outer loop
      vertex   -9.505459e+01 -9.967268e+00 7.370885e+01
      vertex   -9.521447e+01 -1.446727e+01 7.399790e+01
      vertex   -9.541974e+01 -9.967268e+00 7.425669e+01
    endloop
  endfacet
  facet normal -7.294581e-01 6.061532e-03 -6.839987e-01
    outer loop
      vertex   -9.541974e+01 -9.967268e+00 7.425669e+01
      vertex   -9.521447e+01 -1.446727e+01 7.399790e+01
      vertex   -9.566481e+01 -1.446727e+01 7.447817e+01
    endloop
  endfacet
  facet normal -6.069268e-01 -6.061532e-03 -7.947347e-01
    outer loop
      vertex   -9.541974e+01 -9.967268e+00 7.425669e+01
      vertex   -9.566481e+01 -1.446727e+01 7.447817e+01
      vertex   -9.594299e+01 -9.967268e+00 7.465629e+01
    endloop
  endfacet
  facet normal -4.678400e-01 6.061532e-03 -8.837924e-01
    outer loop
      vertex   -9.594299e+01 -9.967268e+00 7.465629e+01
      vertex   -9.566481e+01 -1.446727e+01 7.447817e+01
      vertex   -9.624669e+01 -1.446727e+01 7.478619e+01
    endloop
  endfacet
  facet normal -3.159919e-01 -6.061532e-03 -9.487425e-01
    outer loop
      vertex   -9.594299e+01 -9.967268e+00 7.465629e+01
      vertex   -9.624669e+01 -1.446727e+01 7.478619e+01
      vertex   -9.656763e+01 -9.967268e+00 7.486433e+01
    endloop
  endfacet
  facet normal -1.555243e-01 6.061532e-03 -9.878135e-01
    outer loop
      vertex   -9.656763e+01 -9.967268e+00 7.486433e+01
      vertex   -9.624669e+01 -1.446727e+01 7.478619e+01
      vertex   -9.689706e+01 -1.446727e+01 7.488859e+01
    endloop
  endfacet
  facet normal -9.185645e-03 -6.061532e-03 9.999394e-01
    outer loop
      vertex   -9.718974e+01 8.827322e-01 7.091301e+01
      vertex   -9.686031e+01 -3.617268e+00 7.088875e+01
      vertex   -9.653139e+01 8.827322e-01 7.091905e+01
    endloop
  endfacet
  facet normal -1.736450e-01 6.061532e-03 9.847897e-01
    outer loop
      vertex   -9.653139e+01 8.827322e-01 7.091905e+01
      vertex   -9.686031e+01 -3.617268e+00 7.088875e+01
      vertex   -9.621194e+01 -3.617268e+00 7.100308e+01
    endloop
  endfacet
  facet normal -3.333677e-01 -6.061532e-03 9.427774e-01
    outer loop
      vertex   -9.653139e+01 8.827322e-01 7.091905e+01
      vertex   -9.621194e+01 -3.617268e+00 7.100308e+01
      vertex   -9.591067e+01 8.827322e-01 7.113854e+01
    endloop
  endfacet
  facet normal -4.839971e-01 6.061532e-03 8.750486e-01
    outer loop
      vertex   -9.591067e+01 8.827322e-01 7.113854e+01
      vertex   -9.621194e+01 -3.617268e+00 7.100308e+01
      vertex   -9.563581e+01 -3.617268e+00 7.132174e+01
    endloop
  endfacet
  facet normal -6.214243e-01 -6.061532e-03 7.834508e-01
    outer loop
      vertex   -9.591067e+01 8.827322e-01 7.113854e+01
      vertex   -9.563581e+01 -3.617268e+00 7.132174e+01
      vertex   -9.539486e+01 8.827322e-01 7.154768e+01
    endloop
  endfacet
  facet normal -7.419006e-01 6.061532e-03 6.704825e-01
    outer loop
      vertex   -9.539486e+01 8.827322e-01 7.154768e+01
      vertex   -9.563581e+01 -3.617268e+00 7.132174e+01
      vertex   -9.519437e+01 -3.617268e+00 7.181020e+01
    endloop
  endfacet
  facet normal -8.421399e-01 -6.061532e-03 5.392251e-01
    outer loop
      vertex   -9.539486e+01 8.827322e-01 7.154768e+01
      vertex   -9.519437e+01 -3.617268e+00 7.181020e+01
      vertex   -9.503983e+01 8.827322e-01 7.210214e+01
    endloop
  endfacet
  facet normal -9.194077e-01 6.061532e-03 3.932591e-01
    outer loop
      vertex   -9.503983e+01 8.827322e-01 7.210214e+01
      vertex   -9.519437e+01 -3.617268e+00 7.181020e+01
      vertex   -9.493546e+01 -3.617268e+00 7.241553e+01
    endloop
  endfacet
  facet normal -9.715965e-01 -6.061532e-03 2.365661e-01
    outer loop
      vertex   -9.503983e+01 8.827322e-01 7.210214e+01
      vertex   -9.493546e+01 -3.617268e+00 7.241553e+01
      vertex   -9.488408e+01 8.827322e-01 7.274183e+01
    endloop
  endfacet
  facet normal -9.972827e-01 6.061532e-03 7.342007e-02
    outer loop
      vertex   -9.488408e+01 8.827322e-01 7.274183e+01
      vertex   -9.493546e+01 -3.617268e+00 7.241553e+01
      vertex   -9.488712e+01 -3.617268e+00 7.307213e+01
    endloop
  endfacet
  facet normal -9.957656e-01 -6.061532e-03 -9.172862e-02
    outer loop
      vertex   -9.488408e+01 8.827322e-01 7.274183e+01
      vertex   -9.488712e+01 -3.617268e+00 7.307213e+01
      vertex   -9.494448e+01 8.827322e-01 7.339743e+01
    endloop
  endfacet
  facet normal -9.670866e-01 6.061532e-03 -2.543752e-01
    outer loop
      vertex   -9.494448e+01 8.827322e-01 7.339743e+01
      vertex   -9.488712e+01 -3.617268e+00 7.307213e+01
      vertex   -9.505459e+01 -3.617268e+00 7.370885e+01
    endloop
  endfacet
  facet normal -9.120280e-01 -6.061532e-03 -4.100831e-01
    outer loop
      vertex   -9.494448e+01 8.827322e-01 7.339743e+01
      vertex   -9.505459e+01 -3.617268e+00 7.370885e+01
      vertex   -9.521447e+01 8.827322e-01 7.399790e+01
    endloop
  endfacet
  facet normal -8.320917e-01 6.061532e-03 -5.546049e-01
    outer loop
      vertex   -9.521447e+01 8.827322e-01 7.399790e+01
      vertex   -9.505459e+01 -3.617268e+00 7.370885e+01
      vertex   -9.541974e+01 -3.617268e+00 7.425669e+01
    endloop
  endfacet
  facet normal -7.294581e-01 -6.061532e-03 -6.839987e-01
    outer loop
      vertex   -9.521447e+01 8.827322e-01 7.399790e+01
      vertex   -9.541974e+01 -3.617268e+00 7.425669e+01
      vertex   -9.566481e+01 8.827322e-01 7.447817e+01
    endloop
  endfacet
  facet normal -6.069268e-01 6.061532e-03 -7.947347e-01
    outer loop
      vertex   -9.566481e+01 8.827322e-01 7.447817e+01
      vertex   -9.541974e+01 -3.617268e+00 7.425669e+01
      vertex   -9.594299e+01 -3.617268e+00 7.465629e+01
    endloop
  endfacet
  facet normal -4.678400e-01 -6.061532e-03 -8.837924e-01
    outer loop
      vertex   -9.566481e+01 8.827322e-01 7.447817e+01
      vertex   -9.594299e+01 -3.617268e+00 7.465629e+01
      vertex   -9.624669e+01 8.827322e-01 7.478619e+01
    endloop
  endfacet
  facet normal -3.159919e-01 6.061532e-03 -9.487425e-01
    outer loop
      vertex   -9.624669e+01 8.827322e-01 7.478619e+01
      vertex   -9.594299e+01 -3.617268e+00 7.465629e+01
      vertex   -9.656763e+01 -3.617268e+00 7.486433e+01
    endloop
  endfacet
  facet normal -1.555243e-01 -6.061532e-03 -9.878135e-01
    outer loop
      vertex   -9.624669e+01 8.827322e-01 7.478619e+01
      vertex   -9.656763e+01 -3.617268e+00 7.486433e+01
      vertex   -9.689706e+01 8.827322e-01 7.488859e+01
    endloop
  endfacet
  facet normal 9.185645e-03 6.061532e-03 -9.999394e-01
    outer loop
      vertex   -9.689706e+01 8.827322e-01 7.488859e+01
      vertex   -9.656763e+01 -3.617268e+00 7.486433e+01
      vertex   -9.722598e+01 -3.617268e+00 7.485829e+01
    endloop
  endfacet
  facet normal 1.736450e-01 -6.061532e-03 -9.847897e-01
    outer loop
      vertex   -9.689706e+01 8.827322e-01 7.488859e+01
      vertex   -9.722598e+01 -3.617268e+00 7.485829e+01
      vertex   -9.754543e+01 8.827322e-01 7.477426e+01
    endloop
  endfacet
  facet normal 3.333677e-01 6.061532e-03 -9.427774e-01
    outer loop
      vertex   -9.754543e+01 8.827322e-01 7.477426e+01
      vertex   -9.722598e+01 -3.617268e+00 7.485829e+01
      vertex   -9.784670e+01 -3.617268e+00 7.463880e+01
    endloop
  endfacet
  facet normal 4.839971e-01 -6.061532e-03 -8.750486e-01
    outer loop
      vertex   -9.754543e+01 8.827322e-01 7.477426e+01
      vertex   -9.784670e+01 -3.617268e+00 7.463880e+01
      vertex   -9.812156e+01 8.827322e-01 7.445560e+01
    endloop
  endfacet
  facet normal 6.214243e-01 6.061532e-03 -7.834508e-01
    outer loop
      vertex   -9.812156e+01 8.827322e-01 7.445560e+01
      vertex   -9.784670e+01 -3.617268e+00 7.463880e+01
      vertex   -9.836251e+01 -3.617268e+00 7.422966e+01
    endloop
  endfacet
  facet normal 7.419006e-01 -6.061532e-03 -6.704825e-01
    outer loop
      vertex   -9.812156e+01 8.827322e-01 7.445560e+01
      vertex   -9.836251e+01 -3.617268e+00 7.422966e+01
      vertex   -9.856299e+01 8.827322e-01 7.396714e+01
    endloop
  endfacet
  facet normal 8.421399e-01 6.061532e-03 -5.392251e-01
    outer loop
      vertex   -9.856299e+01 8.827322e-01 7.396714e+01
      vertex   -9.836251e+01 -3.617268e+00 7.422966e+01
      vertex   -9.871753e+01 -3.617268e+00 7.367520e+01
    endloop
  endfacet
  facet normal 9.194077e-01 -6.061532e-03 -3.932591e-01
    outer loop
      vertex   -9.856299e+01 8.827322e-01 7.396714e+01
      vertex   -9.871753e+01 -3.617268e+00 7.367520e+01
      vertex   -9.882191e+01 8.827322e-01 7.336181e+01
    endloop
  endfacet
  facet normal 9.715965e-01 6.061532e-03 -2.365661e-01
    outer loop
      vertex   -9.882191e+01 8.827322e-01 7.336181e+01
      vertex   -9.871753e+01 -3.617268e+00 7.367520e+01
      vertex   -9.887329e+01 -3.617268e+00 7.303551e+01
    endloop
  endfacet
  facet normal 9.972827e-01 -6.061532e-03 -7.342007e-02
    outer loop
      vertex   -9.882191e+01 8.827322e-01 7.336181e+01
      vertex   -9.887329e+01 -3.617268e+00 7.303551e+01
      vertex   -9.887025e+01 8.827322e-01 7.270521e+01
    endloop
  endfacet
  facet normal 9.957656e-01 6.061532e-03 9.172862e-02
    outer loop
      vertex   -9.887025e+01 8.827322e-01 7.270521e+01
      vertex   -9.887329e+01 -3.617268e+00 7.303551e+01
      vertex   -9.881289e+01 -3.617268e+00 7.237991e+01
    endloop
  endfacet
  facet normal 9.670866e-01 -6.061532e-03 2.543752e-01
    outer loop
      vertex   -9.887025e+01 8.827322e-01 7.270521e+01
      vertex   -9.881289e+01 -3.617268e+00 7.237991e+01
      vertex   -9.870277e+01 8.827322e-01 7.206849e+01
    endloop
  endfacet
  facet normal 9.120280e-01 6.061532e-03 4.100831e-01
    outer loop
      vertex   -9.870277e+01 8.827322e-01 7.206849e+01
      vertex   -9.881289e+01 -3.617268e+00 7.237991e+01
      vertex   -9.854290e+01 -3.617268e+00 7.177944e+01
    endloop
  endfacet
  facet normal 8.320917e-01 -6.061532e-03 5.546049e-01
    outer loop
      vertex   -9.870277e+01 8.827322e-01 7.206849e+01
      vertex   -9.854290e+01 -3.617268e+00 7.177944e+01
      vertex   -9.833763e+01 8.827322e-01 7.152065e+01
    endloop
  endfacet
  facet normal 7.294581e-01 6.061532e-03 6.839987e-01
    outer loop
      vertex   -9.833763e+01 8.827322e-01 7.152065e+01
      vertex   -9.854290e+01 -3.617268e+00 7.177944e+01
      vertex   -9.809256e+01 -3.617268e+00 7.129917e+01
    endloop
  endfacet
  facet normal 6.069268e-01 -6.061532e-03 7.947347e-01
    outer loop
      vertex   -9.833763e+01 8.827322e-01 7.152065e+01
      vertex   -9.809256e+01 -3.617268e+00 7.129917e+01
      vertex   -9.781438e+01 8.827322e-01 7.112105e+01
    endloop
  endfacet
  facet normal 4.678400e-01 6.061532e-03 8.837924e-01
    outer loop
      vertex   -9.781438e+01 8.827322e-01 7.112105e+01
      vertex   -9.809256e+01 -3.617268e+00 7.129917e+01
      vertex   -9.751068e+01 -3.617268e+00 7.099115e+01
    endloop
  endfacet
  facet normal 3.159919e-01 -6.061532e-03 9.487425e-01
    outer loop
      vertex   -9.781438e+01 8.827322e-01 7.112105e+01
      vertex   -9.751068e+01 -3.617268e+00 7.099115e+01
      vertex   -9.718974e+01 8.827322e-01 7.091301e+01
    endloop
  endfacet
  facet normal 1.555243e-01 6.061532e-03 9.878135e-01
    outer loop
      vertex   -9.718974e+01 8.827322e-01 7.091301e+01
      vertex   -9.751068e+01 -3.617268e+00 7.099115e+01
      vertex   -9.686031e+01 -3.617268e+00 7.088875e+01
    endloop
  endfacet
  facet normal 8.204083e-02 -3.147322e-15 -9.966290e-01
    outer loop
      vertex   -9.577602e+01 8.827322e-01 6.663514e+01
      vertex   -9.577602e+01 -3.617268e+00 6.663514e+01
      vertex   -9.694388e+01 8.827322e-01 6.653900e+01
    endloop
  endfacet
  facet normal 8.204083e-02 0.000000e+00 -9.966290e-01
    outer loop
      vertex   -9.694388e+01 8.827322e-01 6.653900e+01
      vertex   -9.577602e+01 -3.617268e+00 6.663514e+01
      vertex   -9.694388e+01 -3.617268e+00 6.653900e+01
    endloop
  endfacet
  facet normal -1.024862e-01 -0.000000e+00 -9.947344e-01
    outer loop
      vertex   -9.694388e+01 8.827322e-01 6.653900e+01
      vertex   -9.694388e+01 -3.617268e+00 6.653900e+01
      vertex   -9.810951e+01 8.827322e-01 6.665910e+01
    endloop
  endfacet
  facet normal -1.024862e-01 -0.000000e+00 -9.947344e-01
    outer loop
      vertex   -9.810951e+01 8.827322e-01 6.665910e+01
      vertex   -9.694388e+01 -3.617268e+00 6.653900e+01
      vertex   -9.810951e+01 -3.617268e+00 6.665910e+01
    endloop
  endfacet
  facet normal -2.835231e-01 -0.000000e+00 -9.589654e-01
    outer loop
      vertex   -9.810951e+01 8.827322e-01 6.665910e+01
      vertex   -9.810951e+01 -3.617268e+00 6.665910e+01
      vertex   -9.923324e+01 8.827322e-01 6.699133e+01
    endloop
  endfacet
  facet normal -2.835231e-01 -0.000000e+00 -9.589654e-01
    outer loop
      vertex   -9.923324e+01 8.827322e-01 6.699133e+01
      vertex   -9.810951e+01 -3.617268e+00 6.665910e+01
      vertex   -9.923324e+01 -3.617268e+00 6.699133e+01
    endloop
  endfacet
  facet normal -4.549050e-01 -0.000000e+00 -8.905400e-01
    outer loop
      vertex   -9.923324e+01 8.827322e-01 6.699133e+01
      vertex   -9.923324e+01 -3.617268e+00 6.699133e+01
      vertex   -1.002768e+02 8.827322e-01 6.752440e+01
    endloop
  endfacet
  facet normal -4.549050e-01 -0.000000e+00 -8.905400e-01
    outer loop
      vertex   -1.002768e+02 8.827322e-01 6.752440e+01
      vertex   -9.923324e+01 -3.617268e+00 6.699133e+01
      vertex   -1.002768e+02 -3.617268e+00 6.752440e+01
    endloop
  endfacet
  facet normal -6.107957e-01 -0.000000e+00 -7.917882e-01
    outer loop
      vertex   -1.002768e+02 8.827322e-01 6.752440e+01
      vertex   -1.002768e+02 -3.617268e+00 6.752440e+01
      vertex   -1.012046e+02 8.827322e-01 6.824013e+01
    endloop
  endfacet
  facet normal -6.107957e-01 -0.000000e+00 -7.917882e-01
    outer loop
      vertex   -1.012046e+02 8.827322e-01 6.824013e+01
      vertex   -1.002768e+02 -3.617268e+00 6.752440e+01
      vertex   -1.012046e+02 -3.617268e+00 6.824013e+01
    endloop
  endfacet
  facet normal -7.458864e-01 -0.000000e+00 -6.660731e-01
    outer loop
      vertex   -1.012046e+02 8.827322e-01 6.824013e+01
      vertex   -1.012046e+02 -3.617268e+00 6.824013e+01
      vertex   -1.019851e+02 8.827322e-01 6.911417e+01
    endloop
  endfacet
  facet normal -7.458864e-01 -0.000000e+00 -6.660731e-01
    outer loop
      vertex   -1.019851e+02 8.827322e-01 6.911417e+01
      vertex   -1.012046e+02 -3.617268e+00 6.824013e+01
      vertex   -1.019851e+02 -3.617268e+00 6.911417e+01
    endloop
  endfacet
  facet normal -8.555769e-01 -0.000000e+00 -5.176757e-01
    outer loop
      vertex   -1.019851e+02 8.827322e-01 6.911417e+01
      vertex   -1.019851e+02 -3.617268e+00 6.911417e+01
      vertex   -1.025917e+02 8.827322e-01 7.011674e+01
    endloop
  endfacet
  facet normal -8.555769e-01 -0.000000e+00 -5.176757e-01
    outer loop
      vertex   -1.025917e+02 8.827322e-01 7.011674e+01
      vertex   -1.019851e+02 -3.617268e+00 6.911417e+01
      vertex   -1.025917e+02 -3.617268e+00 7.011674e+01
    endloop
  endfacet
  facet normal -9.361318e-01 -0.000000e+00 -3.516494e-01
    outer loop
      vertex   -1.025917e+02 8.827322e-01 7.011674e+01
      vertex   -1.025917e+02 -3.617268e+00 7.011674e+01
      vertex   -1.030038e+02 8.827322e-01 7.121371e+01
    endloop
  endfacet
  facet normal -9.361318e-01 -0.000000e+00 -3.516494e-01
    outer loop
      vertex   -1.030038e+02 8.827322e-01 7.121371e+01
      vertex   -1.025917e+02 -3.617268e+00 7.011674e+01
      vertex   -1.030038e+02 -3.617268e+00 7.121371e+01
    endloop
  endfacet
  facet normal -9.848078e-01 -0.000000e+00 -1.736482e-01
    outer loop
      vertex   -1.030038e+02 8.827322e-01 7.121371e+01
      vertex   -1.030038e+02 -3.617268e+00 7.121371e+01
      vertex   -1.032073e+02 8.827322e-01 7.236771e+01
    endloop
  endfacet
  facet normal -9.848078e-01 -0.000000e+00 -1.736482e-01
    outer loop
      vertex   -1.032073e+02 8.827322e-01 7.236771e+01
      vertex   -1.030038e+02 -3.617268e+00 7.121371e+01
      vertex   -1.032073e+02 -3.617268e+00 7.236771e+01
    endloop
  endfacet
  facet normal -9.999473e-01 0.000000e+00 1.026646e-02
    outer loop
      vertex   -1.032073e+02 8.827322e-01 7.236771e+01
      vertex   -1.032073e+02 -3.617268e+00 7.236771e+01
      vertex   -1.031952e+02 8.827322e-01 7.353946e+01
    endloop
  endfacet
  facet normal -9.999473e-01 0.000000e+00 1.026646e-02
    outer loop
      vertex   -1.031952e+02 8.827322e-01 7.353946e+01
      vertex   -1.032073e+02 -3.617268e+00 7.236771e+01
      vertex   -1.031952e+02 -3.617268e+00 7.353946e+01
    endloop
  endfacet
  facet normal -9.810348e-01 0.000000e+00 1.938315e-01
    outer loop
      vertex   -1.031952e+02 8.827322e-01 7.353946e+01
      vertex   -1.031952e+02 -3.617268e+00 7.353946e+01
      vertex   -1.029681e+02 8.827322e-01 7.468904e+01
    endloop
  endfacet
  facet normal -9.810348e-01 0.000000e+00 1.938315e-01
    outer loop
      vertex   -1.029681e+02 8.827322e-01 7.468904e+01
      vertex   -1.031952e+02 -3.617268e+00 7.353946e+01
      vertex   -1.029681e+02 -3.617268e+00 7.468904e+01
    endloop
  endfacet
  facet normal -9.287144e-01 0.000000e+00 3.707958e-01
    outer loop
      vertex   -1.029681e+02 8.827322e-01 7.468904e+01
      vertex   -1.029681e+02 -3.617268e+00 7.468904e+01
      vertex   -1.025336e+02 8.827322e-01 7.577732e+01
    endloop
  endfacet
  facet normal -9.287144e-01 0.000000e+00 3.707958e-01
    outer loop
      vertex   -1.025336e+02 8.827322e-01 7.577732e+01
      vertex   -1.029681e+02 -3.617268e+00 7.468904e+01
      vertex   -1.025336e+02 -3.617268e+00 7.577732e+01
    endloop
  endfacet
  facet normal -8.447677e-01 0.000000e+00 5.351331e-01
    outer loop
      vertex   -1.025336e+02 8.827322e-01 7.577732e+01
      vertex   -1.025336e+02 -3.617268e+00 7.577732e+01
      vertex   -1.019065e+02 8.827322e-01 7.676722e+01
    endloop
  endfacet
  facet normal -8.447677e-01 0.000000e+00 5.351331e-01
    outer loop
      vertex   -1.019065e+02 8.827322e-01 7.676722e+01
      vertex   -1.025336e+02 -3.617268e+00 7.577732e+01
      vertex   -1.019065e+02 -3.617268e+00 7.676722e+01
    endloop
  endfacet
  facet normal -7.320535e-01 0.000000e+00 6.812471e-01
    outer loop
      vertex   -1.019065e+02 8.827322e-01 7.676722e+01
      vertex   -1.019065e+02 -3.617268e+00 7.676722e+01
      vertex   -1.011082e+02 8.827322e-01 7.762505e+01
    endloop
  endfacet
  facet normal -7.320535e-01 0.000000e+00 6.812471e-01
    outer loop
      vertex   -1.011082e+02 8.827322e-01 7.762505e+01
      vertex   -1.019065e+02 -3.617268e+00 7.676722e+01
      vertex   -1.011082e+02 -3.617268e+00 7.762505e+01
    endloop
  endfacet
  facet normal -5.944101e-01 0.000000e+00 8.041621e-01
    outer loop
      vertex   -1.011082e+02 8.827322e-01 7.762505e+01
      vertex   -1.011082e+02 -3.617268e+00 7.762505e+01
      vertex   -1.001659e+02 8.827322e-01 7.832158e+01
    endloop
  endfacet
  facet normal -5.944101e-01 0.000000e+00 8.041621e-01
    outer loop
      vertex   -1.001659e+02 8.827322e-01 7.832158e+01
      vertex   -1.011082e+02 -3.617268e+00 7.762505e+01
      vertex   -1.001659e+02 -3.617268e+00 7.832158e+01
    endloop
  endfacet
  facet normal -4.365247e-01 0.000000e+00 8.996923e-01
    outer loop
      vertex   -1.001659e+02 8.827322e-01 7.832158e+01
      vertex   -1.001659e+02 -3.617268e+00 7.832158e+01
      vertex   -9.911166e+01 8.827322e-01 7.883311e+01
    endloop
  endfacet
  facet normal -4.365247e-01 0.000000e+00 8.996923e-01
    outer loop
      vertex   -9.911166e+01 8.827322e-01 7.883311e+01
      vertex   -1.001659e+02 -3.617268e+00 7.832158e+01
      vertex   -9.911166e+01 -3.617268e+00 7.883311e+01
    endloop
  endfacet
  facet normal -2.637740e-01 0.000000e+00 9.645845e-01
    outer loop
      vertex   -9.911166e+01 8.827322e-01 7.883311e+01
      vertex   -9.911166e+01 -3.617268e+00 7.883311e+01
      vertex   -9.798135e+01 8.827322e-01 7.914220e+01
    endloop
  endfacet
  facet normal -2.637740e-01 0.000000e+00 9.645845e-01
    outer loop
      vertex   -9.798135e+01 8.827322e-01 7.914220e+01
      vertex   -9.911166e+01 -3.617268e+00 7.883311e+01
      vertex   -9.798135e+01 -3.617268e+00 7.914220e+01
    endloop
  endfacet
  facet normal 1.342161e-15 -1.000000e+00 7.549810e-16
    outer loop
      vertex   -9.656763e+01 -3.617268e+00 7.486433e+01
      vertex   -9.798135e+01 -3.617268e+00 7.914220e+01
      vertex   -9.722598e+01 -3.617268e+00 7.485829e+01
    endloop
  endfacet
  facet normal -1.352196e-16 -1.000000e+00 4.944790e-16
    outer loop
      vertex   -9.722598e+01 -3.617268e+00 7.485829e+01
      vertex   -9.798135e+01 -3.617268e+00 7.914220e+01
      vertex   -9.911166e+01 -3.617268e+00 7.883311e+01
    endloop
  endfacet
  facet normal 1.220862e-16 -1.000000e+00 6.165463e-16
    outer loop
      vertex   -9.722598e+01 -3.617268e+00 7.485829e+01
      vertex   -9.911166e+01 -3.617268e+00 7.883311e+01
      vertex   -1.001659e+02 -3.617268e+00 7.832158e+01
    endloop
  endfacet
  facet normal 9.154367e-16 -1.000000e+00 6.139601e-16
    outer loop
      vertex   -9.656763e+01 -3.617268e+00 7.486433e+01
      vertex   -9.594299e+01 -3.617268e+00 7.465629e+01
      vertex   -9.798135e+01 -3.617268e+00 7.914220e+01
    endloop
  endfacet
  facet normal 1.987003e-16 -1.000000e+00 2.882807e-16
    outer loop
      vertex   -9.798135e+01 -3.617268e+00 7.914220e+01
      vertex   -9.594299e+01 -3.617268e+00 7.465629e+01
      vertex   -8.552353e+01 -3.617268e+00 8.133885e+01
    endloop
  endfacet
  facet normal -1.789190e-16 -1.000000e+00 8.770651e-16
    outer loop
      vertex   -8.552353e+01 -3.617268e+00 8.133885e+01
      vertex   -9.594299e+01 -3.617268e+00 7.465629e+01
      vertex   -9.541974e+01 -3.617268e+00 7.425669e+01
    endloop
  endfacet
  facet normal -4.817081e-16 -1.000000e+00 1.300166e-15
    outer loop
      vertex   -8.552353e+01 -3.617268e+00 8.133885e+01
      vertex   -9.541974e+01 -3.617268e+00 7.425669e+01
      vertex   -9.505459e+01 -3.617268e+00 7.370885e+01
    endloop
  endfacet
  facet normal 4.618713e-16 -1.000000e+00 1.214871e-16
    outer loop
      vertex   -9.505459e+01 -3.617268e+00 7.370885e+01
      vertex   -9.488712e+01 -3.617268e+00 7.307213e+01
      vertex   -8.552353e+01 -3.617268e+00 8.133885e+01
    endloop
  endfacet
  facet normal -1.240567e-16 -1.000000e+00 7.851587e-16
    outer loop
      vertex   -8.552353e+01 -3.617268e+00 8.133885e+01
      vertex   -9.488712e+01 -3.617268e+00 7.307213e+01
      vertex   -9.168907e+01 -3.617268e+00 6.735578e+01
    endloop
  endfacet
  facet normal -2.815106e-16 -1.000000e+00 6.970700e-16
    outer loop
      vertex   -9.168907e+01 -3.617268e+00 6.735578e+01
      vertex   -9.488712e+01 -3.617268e+00 7.307213e+01
      vertex   -9.493546e+01 -3.617268e+00 7.241553e+01
    endloop
  endfacet
  facet normal -8.207762e-16 -1.000000e+00 3.510714e-16
    outer loop
      vertex   -9.168907e+01 -3.617268e+00 6.735578e+01
      vertex   -9.493546e+01 -3.617268e+00 7.241553e+01
      vertex   -9.519437e+01 -3.617268e+00 7.181020e+01
    endloop
  endfacet
  facet normal -5.193336e-17 -1.000000e+00 9.560954e-16
    outer loop
      vertex   -9.519437e+01 -3.617268e+00 7.181020e+01
      vertex   -9.563581e+01 -3.617268e+00 7.132174e+01
      vertex   -9.168907e+01 -3.617268e+00 6.735578e+01
    endloop
  endfacet
  facet normal 6.348145e-16 -1.000000e+00 1.639516e-15
    outer loop
      vertex   -9.168907e+01 -3.617268e+00 6.735578e+01
      vertex   -9.563581e+01 -3.617268e+00 7.132174e+01
      vertex   -9.621194e+01 -3.617268e+00 7.100308e+01
    endloop
  endfacet
  facet normal -2.124843e-16 -1.000000e+00 5.888152e-16
    outer loop
      vertex   -9.168907e+01 -3.617268e+00 6.735578e+01
      vertex   -9.621194e+01 -3.617268e+00 7.100308e+01
      vertex   -9.577602e+01 -3.617268e+00 6.663514e+01
    endloop
  endfacet
  facet normal -1.057031e-16 -1.000000e+00 5.994719e-16
    outer loop
      vertex   -9.577602e+01 -3.617268e+00 6.663514e+01
      vertex   -9.621194e+01 -3.617268e+00 7.100308e+01
      vertex   -9.686031e+01 -3.617268e+00 7.088875e+01
    endloop
  endfacet
  facet normal -5.050578e-17 -1.000000e+00 6.135424e-16
    outer loop
      vertex   -9.577602e+01 -3.617268e+00 6.663514e+01
      vertex   -9.686031e+01 -3.617268e+00 7.088875e+01
      vertex   -9.694388e+01 -3.617268e+00 6.653900e+01
    endloop
  endfacet
  facet normal 6.298781e-17 -1.000000e+00 6.113620e-16
    outer loop
      vertex   -9.694388e+01 -3.617268e+00 6.653900e+01
      vertex   -9.686031e+01 -3.617268e+00 7.088875e+01
      vertex   -9.810951e+01 -3.617268e+00 6.665910e+01
    endloop
  endfacet
  facet normal 1.712950e-16 -1.000000e+00 5.793742e-16
    outer loop
      vertex   -9.810951e+01 -3.617268e+00 6.665910e+01
      vertex   -9.686031e+01 -3.617268e+00 7.088875e+01
      vertex   -9.923324e+01 -3.617268e+00 6.699133e+01
    endloop
  endfacet
  facet normal 5.909868e-16 -1.000000e+00 3.238470e-16
    outer loop
      vertex   -9.923324e+01 -3.617268e+00 6.699133e+01
      vertex   -9.686031e+01 -3.617268e+00 7.088875e+01
      vertex   -1.002768e+02 -3.617268e+00 6.752440e+01
    endloop
  endfacet
  facet normal 7.141281e-16 -1.000000e+00 1.987984e-16
    outer loop
      vertex   -1.002768e+02 -3.617268e+00 6.752440e+01
      vertex   -9.686031e+01 -3.617268e+00 7.088875e+01
      vertex   -9.751068e+01 -3.617268e+00 7.099115e+01
    endloop
  endfacet
  facet normal 7.073325e-17 -1.000000e+00 7.121587e-16
    outer loop
      vertex   -1.002768e+02 -3.617268e+00 6.752440e+01
      vertex   -9.751068e+01 -3.617268e+00 7.099115e+01
      vertex   -1.012046e+02 -3.617268e+00 6.824013e+01
    endloop
  endfacet
  facet normal 3.610146e-16 -1.000000e+00 3.223843e-16
    outer loop
      vertex   -1.012046e+02 -3.617268e+00 6.824013e+01
      vertex   -9.751068e+01 -3.617268e+00 7.099115e+01
      vertex   -1.019851e+02 -3.617268e+00 6.911417e+01
    endloop
  endfacet
  facet normal -6.055833e-17 -1.000000e+00 1.327348e-15
    outer loop
      vertex   -1.019851e+02 -3.617268e+00 6.911417e+01
      vertex   -9.751068e+01 -3.617268e+00 7.099115e+01
      vertex   -9.809256e+01 -3.617268e+00 7.129917e+01
    endloop
  endfacet
  facet normal 1.397686e-16 -1.000000e+00 9.704683e-16
    outer loop
      vertex   -1.019851e+02 -3.617268e+00 6.911417e+01
      vertex   -9.809256e+01 -3.617268e+00 7.129917e+01
      vertex   -1.025917e+02 -3.617268e+00 7.011674e+01
    endloop
  endfacet
  facet normal 3.167589e-16 -1.000000e+00 2.970186e-16
    outer loop
      vertex   -1.025917e+02 -3.617268e+00 7.011674e+01
      vertex   -9.809256e+01 -3.617268e+00 7.129917e+01
      vertex   -9.854290e+01 -3.617268e+00 7.177944e+01
    endloop
  endfacet
  facet normal 2.360672e-16 -1.000000e+00 4.935103e-16
    outer loop
      vertex   -1.025917e+02 -3.617268e+00 7.011674e+01
      vertex   -9.854290e+01 -3.617268e+00 7.177944e+01
      vertex   -1.030038e+02 -3.617268e+00 7.121371e+01
    endloop
  endfacet
  facet normal 1.050773e-16 -1.000000e+00 1.526384e-15
    outer loop
      vertex   -1.030038e+02 -3.617268e+00 7.121371e+01
      vertex   -9.854290e+01 -3.617268e+00 7.177944e+01
      vertex   -9.881289e+01 -3.617268e+00 7.237991e+01
    endloop
  endfacet
  facet normal 4.029677e-16 -1.000000e+00 4.558782e-16
    outer loop
      vertex   -1.030038e+02 -3.617268e+00 7.121371e+01
      vertex   -9.881289e+01 -3.617268e+00 7.237991e+01
      vertex   -1.032073e+02 -3.617268e+00 7.236771e+01
    endloop
  endfacet
  facet normal 4.041300e-16 -1.000000e+00 3.722792e-17
    outer loop
      vertex   -1.032073e+02 -3.617268e+00 7.236771e+01
      vertex   -9.881289e+01 -3.617268e+00 7.237991e+01
      vertex   -9.887329e+01 -3.617268e+00 7.303551e+01
    endloop
  endfacet
  facet normal 3.520253e-16 -1.000000e+00 3.753835e-16
    outer loop
      vertex   -1.032073e+02 -3.617268e+00 7.236771e+01
      vertex   -9.887329e+01 -3.617268e+00 7.303551e+01
      vertex   -1.031952e+02 -3.617268e+00 7.353946e+01
    endloop
  endfacet
  facet normal 3.784581e-16 -1.000000e+00 6.020781e-16
    outer loop
      vertex   -1.031952e+02 -3.617268e+00 7.353946e+01
      vertex   -9.887329e+01 -3.617268e+00 7.303551e+01
      vertex   -9.871753e+01 -3.617268e+00 7.367520e+01
    endloop
  endfacet
  facet normal 3.637561e-16 -1.000000e+00 1.087042e-15
    outer loop
      vertex   -1.031952e+02 -3.617268e+00 7.353946e+01
      vertex   -9.871753e+01 -3.617268e+00 7.367520e+01
      vertex   -1.029681e+02 -3.617268e+00 7.468904e+01
    endloop
  endfacet
  facet normal 2.563639e-16 -1.000000e+00 6.367939e-16
    outer loop
      vertex   -1.029681e+02 -3.617268e+00 7.468904e+01
      vertex   -9.871753e+01 -3.617268e+00 7.367520e+01
      vertex   -9.836251e+01 -3.617268e+00 7.422966e+01
    endloop
  endfacet
  facet normal 2.246052e-16 -1.000000e+00 3.183918e-16
    outer loop
      vertex   -1.029681e+02 -3.617268e+00 7.468904e+01
      vertex   -9.836251e+01 -3.617268e+00 7.422966e+01
      vertex   -1.025336e+02 -3.617268e+00 7.577732e+01
    endloop
  endfacet
  facet normal 6.213058e-16 -1.000000e+00 1.387542e-15
    outer loop
      vertex   -1.025336e+02 -3.617268e+00 7.577732e+01
      vertex   -9.836251e+01 -3.617268e+00 7.422966e+01
      vertex   -9.784670e+01 -3.617268e+00 7.463880e+01
    endloop
  endfacet
  facet normal 3.407881e-16 -1.000000e+00 2.327394e-16
    outer loop
      vertex   -1.025336e+02 -3.617268e+00 7.577732e+01
      vertex   -9.784670e+01 -3.617268e+00 7.463880e+01
      vertex   -1.019065e+02 -3.617268e+00 7.676722e+01
    endloop
  endfacet
  facet normal 6.942709e-16 -1.000000e+00 9.069872e-16
    outer loop
      vertex   -1.019065e+02 -3.617268e+00 7.676722e+01
      vertex   -9.784670e+01 -3.617268e+00 7.463880e+01
      vertex   -1.011082e+02 -3.617268e+00 7.762505e+01
    endloop
  endfacet
  facet normal -1.070176e-15 -1.000000e+00 -1.020125e-15
    outer loop
      vertex   -1.011082e+02 -3.617268e+00 7.762505e+01
      vertex   -9.784670e+01 -3.617268e+00 7.463880e+01
      vertex   -9.722598e+01 -3.617268e+00 7.485829e+01
    endloop
  endfacet
  facet normal 5.661856e-17 -1.000000e+00 5.609717e-16
    outer loop
      vertex   -1.011082e+02 -3.617268e+00 7.762505e+01
      vertex   -9.722598e+01 -3.617268e+00 7.485829e+01
      vertex   -1.001659e+02 -3.617268e+00 7.832158e+01
    endloop
  endfacet
  facet normal -1.931611e-16 1.000000e+00 -5.666658e-16
    outer loop
      vertex   -8.556248e+01 8.827322e-01 6.843606e+01
      vertex   -9.494448e+01 8.827322e-01 7.339743e+01
      vertex   -8.776781e+01 8.827322e-01 8.094312e+01
    endloop
  endfacet
  facet normal -4.037087e-16 1.000000e+00 -3.664152e-16
    outer loop
      vertex   -8.776781e+01 8.827322e-01 8.094312e+01
      vertex   -9.494448e+01 8.827322e-01 7.339743e+01
      vertex   -9.521447e+01 8.827322e-01 7.399790e+01
    endloop
  endfacet
  facet normal -2.826557e-16 1.000000e+00 -4.962081e-16
    outer loop
      vertex   -8.776781e+01 8.827322e-01 8.094312e+01
      vertex   -9.521447e+01 8.827322e-01 7.399790e+01
      vertex   -9.566481e+01 8.827322e-01 7.447817e+01
    endloop
  endfacet
  facet normal -2.604842e-16 1.000000e+00 -6.803822e-16
    outer loop
      vertex   -9.577602e+01 8.827322e-01 6.663514e+01
      vertex   -9.539486e+01 8.827322e-01 7.154768e+01
      vertex   -8.556248e+01 8.827322e-01 6.843606e+01
    endloop
  endfacet
  facet normal -3.010110e-16 1.000000e+00 -8.084424e-16
    outer loop
      vertex   -8.556248e+01 8.827322e-01 6.843606e+01
      vertex   -9.539486e+01 8.827322e-01 7.154768e+01
      vertex   -9.503983e+01 8.827322e-01 7.210214e+01
    endloop
  endfacet
  facet normal -1.733649e-16 1.000000e+00 -4.784582e-16
    outer loop
      vertex   -8.556248e+01 8.827322e-01 6.843606e+01
      vertex   -9.503983e+01 8.827322e-01 7.210214e+01
      vertex   -9.488408e+01 8.827322e-01 7.274183e+01
    endloop
  endfacet
  facet normal 2.628558e-16 1.000000e+00 -3.193163e-15
    outer loop
      vertex   -9.694388e+01 8.827322e-01 6.653900e+01
      vertex   -9.653139e+01 8.827322e-01 7.091905e+01
      vertex   -9.577602e+01 8.827322e-01 6.663514e+01
    endloop
  endfacet
  facet normal 1.724124e-14 1.000000e+00 -1.994150e-16
    outer loop
      vertex   -9.577602e+01 8.827322e-01 6.663514e+01
      vertex   -9.653139e+01 8.827322e-01 7.091905e+01
      vertex   -9.591067e+01 8.827322e-01 7.113854e+01
    endloop
  endfacet
  facet normal 1.334429e-16 1.000000e+00 -7.109469e-16
    outer loop
      vertex   -9.577602e+01 8.827322e-01 6.663514e+01
      vertex   -9.591067e+01 8.827322e-01 7.113854e+01
      vertex   -9.539486e+01 8.827322e-01 7.154768e+01
    endloop
  endfacet
  facet normal -6.062922e-16 1.000000e+00 -3.111311e-15
    outer loop
      vertex   -9.694388e+01 8.827322e-01 6.653900e+01
      vertex   -9.810951e+01 8.827322e-01 6.665910e+01
      vertex   -9.653139e+01 8.827322e-01 7.091905e+01
    endloop
  endfacet
  facet normal -1.705975e-14 1.000000e+00 2.983973e-15
    outer loop
      vertex   -9.653139e+01 8.827322e-01 7.091905e+01
      vertex   -9.810951e+01 8.827322e-01 6.665910e+01
      vertex   -9.718974e+01 8.827322e-01 7.091301e+01
    endloop
  endfacet
  facet normal -1.958213e-16 1.000000e+00 -6.623299e-16
    outer loop
      vertex   -9.718974e+01 8.827322e-01 7.091301e+01
      vertex   -9.810951e+01 8.827322e-01 6.665910e+01
      vertex   -9.923324e+01 8.827322e-01 6.699133e+01
    endloop
  endfacet
  facet normal -3.083724e-16 1.000000e+00 -6.036820e-16
    outer loop
      vertex   -9.718974e+01 8.827322e-01 7.091301e+01
      vertex   -9.923324e+01 8.827322e-01 6.699133e+01
      vertex   -1.002768e+02 8.827322e-01 6.752440e+01
    endloop
  endfacet
  facet normal -2.260447e-16 1.000000e+00 -6.786828e-16
    outer loop
      vertex   -9.718974e+01 8.827322e-01 7.091301e+01
      vertex   -1.002768e+02 8.827322e-01 6.752440e+01
      vertex   -9.781438e+01 8.827322e-01 7.112105e+01
    endloop
  endfacet
  facet normal -2.641188e-16 1.000000e+00 -6.526160e-16
    outer loop
      vertex   -9.781438e+01 8.827322e-01 7.112105e+01
      vertex   -1.002768e+02 8.827322e-01 6.752440e+01
      vertex   -1.012046e+02 8.827322e-01 6.824013e+01
    endloop
  endfacet
  facet normal -3.427330e-16 1.000000e+00 -5.601042e-16
    outer loop
      vertex   -9.781438e+01 8.827322e-01 7.112105e+01
      vertex   -1.012046e+02 8.827322e-01 6.824013e+01
      vertex   -1.019851e+02 8.827322e-01 6.911417e+01
    endloop
  endfacet
  facet normal -3.755922e-16 1.000000e+00 -4.918158e-16
    outer loop
      vertex   -9.781438e+01 8.827322e-01 7.112105e+01
      vertex   -1.019851e+02 8.827322e-01 6.911417e+01
      vertex   -9.833763e+01 8.827322e-01 7.152065e+01
    endloop
  endfacet
  facet normal -2.914758e-16 1.000000e+00 -6.193104e-16
    outer loop
      vertex   -9.833763e+01 8.827322e-01 7.152065e+01
      vertex   -1.019851e+02 8.827322e-01 6.911417e+01
      vertex   -1.025917e+02 8.827322e-01 7.011674e+01
    endloop
  endfacet
  facet normal -2.968124e-16 1.000000e+00 -6.031394e-16
    outer loop
      vertex   -9.833763e+01 8.827322e-01 7.152065e+01
      vertex   -1.025917e+02 8.827322e-01 7.011674e+01
      vertex   -9.870277e+01 8.827322e-01 7.206849e+01
    endloop
  endfacet
  facet normal -2.907328e-16 1.000000e+00 -6.152534e-16
    outer loop
      vertex   -9.870277e+01 8.827322e-01 7.206849e+01
      vertex   -1.025917e+02 8.827322e-01 7.011674e+01
      vertex   -1.030038e+02 8.827322e-01 7.121371e+01
    endloop
  endfacet
  facet normal -2.936949e-16 1.000000e+00 -6.003487e-16
    outer loop
      vertex   -9.870277e+01 8.827322e-01 7.206849e+01
      vertex   -1.030038e+02 8.827322e-01 7.121371e+01
      vertex   -9.887025e+01 8.827322e-01 7.270521e+01
    endloop
  endfacet
  facet normal -2.839675e-16 1.000000e+00 -6.273073e-16
    outer loop
      vertex   -9.887025e+01 8.827322e-01 7.270521e+01
      vertex   -1.030038e+02 8.827322e-01 7.121371e+01
      vertex   -1.032073e+02 8.827322e-01 7.236771e+01
    endloop
  endfacet
  facet normal -2.817657e-16 1.000000e+00 -6.556016e-16
    outer loop
      vertex   -9.887025e+01 8.827322e-01 7.270521e+01
      vertex   -1.032073e+02 8.827322e-01 7.236771e+01
      vertex   -9.882191e+01 8.827322e-01 7.336181e+01
    endloop
  endfacet
  facet normal -3.237430e-16 1.000000e+00 -4.704233e-16
    outer loop
      vertex   -9.882191e+01 8.827322e-01 7.336181e+01
      vertex   -1.032073e+02 8.827322e-01 7.236771e+01
      vertex   -1.031952e+02 8.827322e-01 7.353946e+01
    endloop
  endfacet
  facet normal -3.333425e-16 1.000000e+00 -7.067468e-16
    outer loop
      vertex   -9.882191e+01 8.827322e-01 7.336181e+01
      vertex   -1.031952e+02 8.827322e-01 7.353946e+01
      vertex   -1.029681e+02 8.827322e-01 7.468904e+01
    endloop
  endfacet
  facet normal -2.491279e-16 1.000000e+00 -4.436646e-16
    outer loop
      vertex   -9.882191e+01 8.827322e-01 7.336181e+01
      vertex   -1.029681e+02 8.827322e-01 7.468904e+01
      vertex   -9.856299e+01 8.827322e-01 7.396714e+01
    endloop
  endfacet
  facet normal -2.754281e-16 1.000000e+00 -6.041507e-16
    outer loop
      vertex   -9.856299e+01 8.827322e-01 7.396714e+01
      vertex   -1.029681e+02 8.827322e-01 7.468904e+01
      vertex   -1.025336e+02 8.827322e-01 7.577732e+01
    endloop
  endfacet
  facet normal -2.935398e-16 1.000000e+00 -6.438788e-16
    outer loop
      vertex   -9.856299e+01 8.827322e-01 7.396714e+01
      vertex   -1.025336e+02 8.827322e-01 7.577732e+01
      vertex   -9.812156e+01 8.827322e-01 7.445560e+01
    endloop
  endfacet
  facet normal -2.822733e-16 1.000000e+00 -6.062699e-16
    outer loop
      vertex   -9.812156e+01 8.827322e-01 7.445560e+01
      vertex   -1.025336e+02 8.827322e-01 7.577732e+01
      vertex   -1.019065e+02 8.827322e-01 7.676722e+01
    endloop
  endfacet
  facet normal -2.966844e-16 1.000000e+00 -6.298661e-16
    outer loop
      vertex   -9.812156e+01 8.827322e-01 7.445560e+01
      vertex   -1.019065e+02 8.827322e-01 7.676722e+01
      vertex   -1.011082e+02 8.827322e-01 7.762505e+01
    endloop
  endfacet
  facet normal -3.793511e-16 1.000000e+00 -7.077661e-16
    outer loop
      vertex   -9.812156e+01 8.827322e-01 7.445560e+01
      vertex   -1.011082e+02 8.827322e-01 7.762505e+01
      vertex   -9.754543e+01 8.827322e-01 7.477426e+01
    endloop
  endfacet
  facet normal -2.164324e-16 1.000000e+00 -5.041561e-16
    outer loop
      vertex   -9.754543e+01 8.827322e-01 7.477426e+01
      vertex   -1.011082e+02 8.827322e-01 7.762505e+01
      vertex   -1.001659e+02 8.827322e-01 7.832158e+01
    endloop
  endfacet
  facet normal -3.421664e-16 1.000000e+00 -5.970387e-16
    outer loop
      vertex   -9.754543e+01 8.827322e-01 7.477426e+01
      vertex   -1.001659e+02 8.827322e-01 7.832158e+01
      vertex   -9.911166e+01 8.827322e-01 7.883311e+01
    endloop
  endfacet
  facet normal 2.038696e-16 1.000000e+00 -3.863346e-16
    outer loop
      vertex   -9.911166e+01 8.827322e-01 7.883311e+01
      vertex   -9.798135e+01 8.827322e-01 7.914220e+01
      vertex   -9.754543e+01 8.827322e-01 7.477426e+01
    endloop
  endfacet
  facet normal -2.660717e-16 1.000000e+00 -4.332345e-16
    outer loop
      vertex   -9.754543e+01 8.827322e-01 7.477426e+01
      vertex   -9.798135e+01 8.827322e-01 7.914220e+01
      vertex   -9.689706e+01 8.827322e-01 7.488859e+01
    endloop
  endfacet
  facet normal -2.377815e-16 1.000000e+00 -4.260230e-16
    outer loop
      vertex   -9.689706e+01 8.827322e-01 7.488859e+01
      vertex   -9.798135e+01 8.827322e-01 7.914220e+01
      vertex   -9.624669e+01 8.827322e-01 7.478619e+01
    endloop
  endfacet
  facet normal -3.009024e-16 1.000000e+00 -4.511592e-16
    outer loop
      vertex   -9.624669e+01 8.827322e-01 7.478619e+01
      vertex   -9.798135e+01 8.827322e-01 7.914220e+01
      vertex   -8.776781e+01 8.827322e-01 8.094312e+01
    endloop
  endfacet
  facet normal -1.546446e-16 1.000000e+00 -6.525747e-16
    outer loop
      vertex   -9.624669e+01 8.827322e-01 7.478619e+01
      vertex   -8.776781e+01 8.827322e-01 8.094312e+01
      vertex   -9.566481e+01 8.827322e-01 7.447817e+01
    endloop
  endfacet
  facet normal -3.587339e-16 1.000000e+00 -8.797656e-16
    outer loop
      vertex   -9.488408e+01 8.827322e-01 7.274183e+01
      vertex   -9.494448e+01 8.827322e-01 7.339743e+01
      vertex   -8.556248e+01 8.827322e-01 6.843606e+01
    endloop
  endfacet
  facet normal 5.552581e-01 8.258951e-01 9.790698e-02
    outer loop
      vertex   -7.907666e+01 -1.292268e+00 6.946833e+01
      vertex   -8.133531e+01 -1.292268e+00 8.227777e+01
      vertex   -7.834611e+01 -1.791722e+00 6.953828e+01
    endloop
  endfacet
  facet normal 5.552235e-01 8.259194e-01 9.789791e-02
    outer loop
      vertex   -7.834611e+01 -1.791722e+00 6.953828e+01
      vertex   -8.133531e+01 -1.292268e+00 8.227777e+01
      vertex   -8.062687e+01 -1.792238e+00 8.247790e+01
    endloop
  endfacet
  facet normal 4.880631e-01 8.685550e-01 8.606175e-02
    outer loop
      vertex   -7.834611e+01 -1.791722e+00 6.953828e+01
      vertex   -8.062687e+01 -1.792238e+00 8.247790e+01
      vertex   -7.756931e+01 -2.234270e+00 6.959929e+01
    endloop
  endfacet
  facet normal 4.879631e-01 8.686137e-01 8.603600e-02
    outer loop
      vertex   -7.756931e+01 -2.234270e+00 6.959929e+01
      vertex   -8.062687e+01 -1.792238e+00 8.247790e+01
      vertex   -7.987829e+01 -2.235034e+00 8.270269e+01
    endloop
  endfacet
  facet normal 4.174038e-01 9.057353e-01 7.360472e-02
    outer loop
      vertex   -7.756931e+01 -2.234270e+00 6.959929e+01
      vertex   -7.987829e+01 -2.235034e+00 8.270269e+01
      vertex   -7.675470e+01 -2.613681e+00 6.964852e+01
    endloop
  endfacet
  facet normal 4.172539e-01 9.058074e-01 7.356677e-02
    outer loop
      vertex   -7.675470e+01 -2.613681e+00 6.964852e+01
      vertex   -7.987829e+01 -2.235034e+00 8.270269e+01
      vertex   -7.909845e+01 -2.614479e+00 8.295162e+01
    endloop
  endfacet
  facet normal 3.420323e-01 9.377505e-01 6.031602e-02
    outer loop
      vertex   -7.675470e+01 -2.613681e+00 6.964852e+01
      vertex   -7.909845e+01 -2.614479e+00 8.295162e+01
      vertex   -7.591038e+01 -2.923851e+00 6.968300e+01
    endloop
  endfacet
  facet normal 3.418550e-01 9.378179e-01 6.027187e-02
    outer loop
      vertex   -7.591038e+01 -2.923851e+00 6.968300e+01
      vertex   -7.909845e+01 -2.614479e+00 8.295162e+01
      vertex   -7.829600e+01 -2.924527e+00 8.322447e+01
    endloop
  endfacet
  facet normal 2.656505e-01 9.629305e-01 4.684808e-02
    outer loop
      vertex   -7.591038e+01 -2.923851e+00 6.968300e+01
      vertex   -7.829600e+01 -2.924527e+00 8.322447e+01
      vertex   -7.504595e+01 -3.163217e+00 6.970129e+01
    endloop
  endfacet
  facet normal 2.654762e-01 9.629806e-01 4.680530e-02
    outer loop
      vertex   -7.504595e+01 -3.163217e+00 6.970129e+01
      vertex   -7.829600e+01 -2.924527e+00 8.322447e+01
      vertex   -7.748040e+01 -3.163691e+00 8.351906e+01
    endloop
  endfacet
  facet normal 1.904572e-01 9.811207e-01 3.358889e-02
    outer loop
      vertex   -7.504595e+01 -3.163217e+00 6.970129e+01
      vertex   -7.748040e+01 -3.163691e+00 8.351906e+01
      vertex   -7.417241e+01 -3.332855e+00 6.970317e+01
    endloop
  endfacet
  facet normal 1.903020e-01 9.811521e-01 3.355132e-02
    outer loop
      vertex   -7.417241e+01 -3.332855e+00 6.970317e+01
      vertex   -7.748040e+01 -3.163691e+00 8.351906e+01
      vertex   -7.666204e+01 -3.333107e+00 8.383162e+01
    endloop
  endfacet
  facet normal 1.154089e-01 9.931095e-01 2.035433e-02
    outer loop
      vertex   -7.417241e+01 -3.332855e+00 6.970317e+01
      vertex   -7.666204e+01 -3.333107e+00 8.383162e+01
      vertex   -7.330078e+01 -3.433845e+00 6.968845e+01
    endloop
  endfacet
  facet normal 1.152958e-01 9.931232e-01 2.032738e-02
    outer loop
      vertex   -7.330078e+01 -3.433845e+00 6.968845e+01
      vertex   -7.666204e+01 -3.333107e+00 8.383162e+01
      vertex   -7.585129e+01 -3.433918e+00 8.415835e+01
    endloop
  endfacet
  facet normal 3.914560e-02 9.992097e-01 6.904967e-03
    outer loop
      vertex   -7.330078e+01 -3.433845e+00 6.968845e+01
      vertex   -7.585129e+01 -3.433918e+00 8.415835e+01
      vertex   -7.244209e+01 -3.467268e+00 6.965694e+01
    endloop
  endfacet
  facet normal 3.910243e-02 9.992114e-01 6.894813e-03
    outer loop
      vertex   -7.244209e+01 -3.467268e+00 6.965694e+01
      vertex   -7.585129e+01 -3.433918e+00 8.415835e+01
      vertex   -7.505852e+01 -3.467268e+00 8.449548e+01
    endloop
  endfacet
  facet normal 3.471544e-02 9.993785e-01 6.121268e-03
    outer loop
      vertex   -8.776781e+01 8.827322e-01 8.094312e+01
      vertex   -8.700455e+01 8.553943e-01 8.107771e+01
      vertex   -8.556248e+01 8.827322e-01 6.843606e+01
    endloop
  endfacet
  facet normal 5.271733e-02 9.985760e-01 8.173058e-03
    outer loop
      vertex   -8.556248e+01 8.827322e-01 6.843606e+01
      vertex   -8.700455e+01 8.553943e-01 8.107771e+01
      vertex   -8.440857e+01 8.201489e-01 6.863953e+01
    endloop
  endfacet
  facet normal 1.038803e-01 9.944109e-01 1.886313e-02
    outer loop
      vertex   -8.440857e+01 8.201489e-01 6.863953e+01
      vertex   -8.700455e+01 8.553943e-01 8.107771e+01
      vertex   -8.624508e+01 7.735165e-01 8.121162e+01
    endloop
  endfacet
  facet normal 1.571653e-01 9.872135e-01 2.662021e-02
    outer loop
      vertex   -8.440857e+01 8.201489e-01 6.863953e+01
      vertex   -8.624508e+01 7.735165e-01 8.121162e+01
      vertex   -8.326778e+01 6.331110e-01 6.884068e+01
    endloop
  endfacet
  facet normal 1.727256e-01 9.845009e-01 3.039587e-02
    outer loop
      vertex   -8.326778e+01 6.331110e-01 6.884068e+01
      vertex   -8.624508e+01 7.735165e-01 8.121162e+01
      vertex   -8.549317e+01 6.375058e-01 8.134420e+01
    endloop
  endfacet
  facet normal 2.588738e-01 9.648278e-01 4.573556e-02
    outer loop
      vertex   -8.326778e+01 6.331110e-01 6.884068e+01
      vertex   -8.549317e+01 6.375058e-01 8.134420e+01
      vertex   -8.437693e+01 3.279799e-01 8.155571e+01
    endloop
  endfacet
  facet normal 3.575409e-01 9.317017e-01 6.400300e-02
    outer loop
      vertex   -8.329875e+01 -1.016272e-01 8.178650e+01
      vertex   -8.133825e+01 1.251087e-02 6.917303e+01
      vertex   -8.437693e+01 3.279799e-01 8.155571e+01
    endloop
  endfacet
  facet normal 3.471984e-01 9.357821e-01 6.136101e-02
    outer loop
      vertex   -8.437693e+01 3.279799e-01 8.155571e+01
      vertex   -8.133825e+01 1.251087e-02 6.917303e+01
      vertex   -8.215311e+01 3.237469e-01 6.903723e+01
    endloop
  endfacet
  facet normal 2.596428e-01 9.646182e-01 4.579761e-02
    outer loop
      vertex   -8.437693e+01 3.279799e-01 8.155571e+01
      vertex   -8.215311e+01 3.237469e-01 6.903723e+01
      vertex   -8.326778e+01 6.331110e-01 6.884068e+01
    endloop
  endfacet
  facet normal 4.214638e-01 9.038465e-01 7.368639e-02
    outer loop
      vertex   -8.133825e+01 1.251087e-02 6.917303e+01
      vertex   -8.329875e+01 -1.016272e-01 8.178650e+01
      vertex   -8.054896e+01 -3.650241e-01 6.928940e+01
    endloop
  endfacet
  facet normal 4.559948e-01 8.862286e-01 8.165572e-02
    outer loop
      vertex   -8.054896e+01 -3.650241e-01 6.928940e+01
      vertex   -8.329875e+01 -1.016272e-01 8.178650e+01
      vertex   -8.228021e+01 -6.481610e-01 8.203029e+01
    endloop
  endfacet
  facet normal 4.913400e-01 8.667091e-01 8.602471e-02
    outer loop
      vertex   -8.054896e+01 -3.650241e-01 6.928940e+01
      vertex   -8.228021e+01 -6.481610e-01 8.203029e+01
      vertex   -7.979317e+01 -8.031911e-01 6.938718e+01
    endloop
  endfacet
  facet normal 5.432122e-01 8.340164e-01 9.662944e-02
    outer loop
      vertex   -7.979317e+01 -8.031911e-01 6.938718e+01
      vertex   -8.228021e+01 -6.481610e-01 8.203029e+01
      vertex   -8.133531e+01 -1.292268e+00 8.227777e+01
    endloop
  endfacet
  facet normal 5.535149e-01 8.271007e-01 9.759961e-02
    outer loop
      vertex   -7.979317e+01 -8.031911e-01 6.938718e+01
      vertex   -8.133531e+01 -1.292268e+00 8.227777e+01
      vertex   -7.907666e+01 -1.292268e+00 6.946833e+01
    endloop
  endfacet
endsolid
