solid ASCII
  facet normal 7.785160e-01 -3.663426e-01 -5.096135e-01
    outer loop
      vertex   2.964495e+01 7.311241e+01 1.637279e+02
      vertex   2.574084e+01 6.578499e+01 1.630311e+02
      vertex   2.983010e+01 7.367062e+01 1.636094e+02
    endloop
  endfacet
  facet normal 7.613175e-01 -3.550082e-01 -5.425540e-01
    outer loop
      vertex   2.983010e+01 7.367062e+01 1.636094e+02
      vertex   2.574084e+01 6.578499e+01 1.630311e+02
      vertex   3.175259e+01 7.867722e+01 1.630311e+02
    endloop
  endfacet
  facet normal 7.790355e-01 -3.585526e-01 -5.143381e-01
    outer loop
      vertex   2.983010e+01 7.367062e+01 1.636094e+02
      vertex   3.175259e+01 7.867722e+01 1.630311e+02
      vertex   3.013809e+01 7.417050e+01 1.637275e+02
    endloop
  endfacet
  facet normal 7.930146e-01 -3.600223e-01 -4.914386e-01
    outer loop
      vertex   3.013809e+01 7.417050e+01 1.637275e+02
      vertex   3.175259e+01 7.867722e+01 1.630311e+02
      vertex   3.248358e+01 7.833635e+01 1.644604e+02
    endloop
  endfacet
  facet normal 7.985480e-01 -3.654501e-01 -4.782962e-01
    outer loop
      vertex   3.013809e+01 7.417050e+01 1.637275e+02
      vertex   3.248358e+01 7.833635e+01 1.644604e+02
      vertex   3.049701e+01 7.453190e+01 1.640506e+02
    endloop
  endfacet
  facet normal 8.216938e-01 -3.836595e-01 -4.214555e-01
    outer loop
      vertex   3.049701e+01 7.453190e+01 1.640506e+02
      vertex   3.248358e+01 7.833635e+01 1.644604e+02
      vertex   3.082823e+01 7.472665e+01 1.645190e+02
    endloop
  endfacet
  facet normal 8.465829e-01 -3.940396e-01 -3.578132e-01
    outer loop
      vertex   3.082823e+01 7.472665e+01 1.645190e+02
      vertex   3.248358e+01 7.833635e+01 1.644604e+02
      vertex   3.107228e+01 7.474599e+01 1.650752e+02
    endloop
  endfacet
  facet normal 8.679890e-01 -3.931341e-01 -3.033821e-01
    outer loop
      vertex   3.107228e+01 7.474599e+01 1.650752e+02
      vertex   3.248358e+01 7.833635e+01 1.644604e+02
      vertex   3.293485e+01 7.812592e+01 1.660242e+02
    endloop
  endfacet
  facet normal 8.708635e-01 -3.995007e-01 -2.863494e-01
    outer loop
      vertex   3.107228e+01 7.474599e+01 1.650752e+02
      vertex   3.293485e+01 7.812592e+01 1.660242e+02
      vertex   3.118553e+01 7.458470e+01 1.656446e+02
    endloop
  endfacet
  facet normal 8.836554e-01 -4.128590e-01 -2.206821e-01
    outer loop
      vertex   3.118553e+01 7.458470e+01 1.656446e+02
      vertex   3.293485e+01 7.812592e+01 1.660242e+02
      vertex   3.115396e+01 7.424866e+01 1.661469e+02
    endloop
  endfacet
  facet normal 8.940848e-01 -4.159254e-01 -1.661877e-01
    outer loop
      vertex   3.115396e+01 7.424866e+01 1.661469e+02
      vertex   3.293485e+01 7.812592e+01 1.660242e+02
      vertex   3.099844e+01 7.377803e+01 1.664881e+02
    endloop
  endfacet
  facet normal 9.045679e-01 -4.138072e-01 -1.025692e-01
    outer loop
      vertex   3.099844e+01 7.377803e+01 1.664881e+02
      vertex   3.293485e+01 7.812592e+01 1.660242e+02
      vertex   3.308741e+01 7.805478e+01 1.676567e+02
    endloop
  endfacet
  facet normal 9.045731e-01 -4.136574e-01 -1.031266e-01
    outer loop
      vertex   3.099844e+01 7.377803e+01 1.664881e+02
      vertex   3.308741e+01 7.805478e+01 1.676567e+02
      vertex   3.076405e+01 7.323521e+01 1.666094e+02
    endloop
  endfacet
  facet normal 9.043559e-01 -4.217081e-01 -6.559499e-02
    outer loop
      vertex   3.076405e+01 7.323521e+01 1.666094e+02
      vertex   3.308741e+01 7.805478e+01 1.676567e+02
      vertex   2.707567e+01 6.516255e+01 1.676567e+02
    endloop
  endfacet
  facet normal 8.982502e-01 -4.249501e-01 -1.120895e-01
    outer loop
      vertex   3.076405e+01 7.323521e+01 1.666094e+02
      vertex   2.707567e+01 6.516255e+01 1.676567e+02
      vertex   3.049880e+01 7.270656e+01 1.664881e+02
    endloop
  endfacet
  facet normal 8.997595e-01 -4.241604e-01 -1.025710e-01
    outer loop
      vertex   3.049880e+01 7.270656e+01 1.664881e+02
      vertex   2.707567e+01 6.516255e+01 1.676567e+02
      vertex   2.692310e+01 6.523369e+01 1.660242e+02
    endloop
  endfacet
  facet normal 8.934112e-01 -4.171380e-01 -1.667703e-01
    outer loop
      vertex   3.049880e+01 7.270656e+01 1.664881e+02
      vertex   2.692310e+01 6.523369e+01 1.660242e+02
      vertex   3.023830e+01 7.228499e+01 1.661469e+02
    endloop
  endfacet
  facet normal 8.841726e-01 -4.118597e-01 -2.204775e-01
    outer loop
      vertex   3.023830e+01 7.228499e+01 1.661469e+02
      vertex   2.692310e+01 6.523369e+01 1.660242e+02
      vertex   3.000113e+01 7.204475e+01 1.656446e+02
    endloop
  endfacet
  facet normal 8.668912e-01 -4.077452e-01 -2.867813e-01
    outer loop
      vertex   3.000113e+01 7.204475e+01 1.656446e+02
      vertex   2.692310e+01 6.523369e+01 1.660242e+02
      vertex   2.980483e+01 7.202778e+01 1.650754e+02
    endloop
  endfacet
  facet normal 8.612516e-01 -4.076733e-01 -3.033944e-01
    outer loop
      vertex   2.980483e+01 7.202778e+01 1.650754e+02
      vertex   2.692310e+01 6.523369e+01 1.660242e+02
      vertex   2.647183e+01 6.544413e+01 1.644604e+02
    endloop
  endfacet
  facet normal 8.461989e-01 -3.949821e-01 -3.576821e-01
    outer loop
      vertex   2.980483e+01 7.202778e+01 1.650754e+02
      vertex   2.647183e+01 6.544413e+01 1.644604e+02
      vertex   2.966291e+01 7.222666e+01 1.645200e+02
    endloop
  endfacet
  facet normal 8.219670e-01 -3.830208e-01 -4.215036e-01
    outer loop
      vertex   2.966291e+01 7.222666e+01 1.645200e+02
      vertex   2.647183e+01 6.544413e+01 1.644604e+02
      vertex   2.959901e+01 7.260589e+01 1.640508e+02
    endloop
  endfacet
  facet normal 7.963099e-01 -3.748620e-01 -4.747305e-01
    outer loop
      vertex   2.959901e+01 7.260589e+01 1.640508e+02
      vertex   2.647183e+01 6.544413e+01 1.644604e+02
      vertex   2.964495e+01 7.311241e+01 1.637279e+02
    endloop
  endfacet
  facet normal 7.871437e-01 -3.726665e-01 -4.914515e-01
    outer loop
      vertex   2.964495e+01 7.311241e+01 1.637279e+02
      vertex   2.647183e+01 6.544413e+01 1.644604e+02
      vertex   2.574084e+01 6.578499e+01 1.630311e+02
    endloop
  endfacet
  facet normal 4.226183e-01 9.063078e-01 -4.684870e-08
    outer loop
      vertex   3.308741e+01 7.805478e+01 1.724594e+02
      vertex   3.308741e+01 7.805478e+01 1.676567e+02
      vertex   2.900903e+01 7.995656e+01 1.724594e+02
    endloop
  endfacet
  facet normal 4.226183e-01 9.063078e-01 -4.684871e-08
    outer loop
      vertex   2.900903e+01 7.995656e+01 1.724594e+02
      vertex   3.308741e+01 7.805478e+01 1.676567e+02
      vertex   3.293485e+01 7.812592e+01 1.660242e+02
    endloop
  endfacet
  facet normal 4.226183e-01 9.063078e-01 -4.684870e-08
    outer loop
      vertex   2.900903e+01 7.995656e+01 1.724594e+02
      vertex   3.293485e+01 7.812592e+01 1.660242e+02
      vertex   3.248358e+01 7.833635e+01 1.644604e+02
    endloop
  endfacet
  facet normal 4.226183e-01 9.063078e-01 -4.684870e-08
    outer loop
      vertex   3.248358e+01 7.833635e+01 1.644604e+02
      vertex   3.175259e+01 7.867722e+01 1.630311e+02
      vertex   2.900903e+01 7.995656e+01 1.724594e+02
    endloop
  endfacet
  facet normal 4.226183e-01 9.063078e-01 -3.931448e-08
    outer loop
      vertex   2.900903e+01 7.995656e+01 1.724594e+02
      vertex   3.175259e+01 7.867722e+01 1.630311e+02
      vertex   3.104822e+01 7.900567e+01 1.619344e+02
    endloop
  endfacet
  facet normal 4.226183e-01 9.063078e-01 -4.684871e-08
    outer loop
      vertex   2.900903e+01 7.995656e+01 1.724594e+02
      vertex   3.104822e+01 7.900567e+01 1.619344e+02
      vertex   2.900903e+01 7.995656e+01 1.619344e+02
    endloop
  endfacet
  facet normal 7.394548e-01 -3.448135e-01 -5.781956e-01
    outer loop
      vertex   2.574084e+01 6.578499e+01 1.630311e+02
      vertex   2.503648e+01 6.611344e+01 1.619344e+02
      vertex   3.175259e+01 7.867722e+01 1.630311e+02
    endloop
  endfacet
  facet normal 7.394548e-01 -3.448135e-01 -5.781956e-01
    outer loop
      vertex   3.175259e+01 7.867722e+01 1.630311e+02
      vertex   2.503648e+01 6.611344e+01 1.619344e+02
      vertex   3.104822e+01 7.900567e+01 1.619344e+02
    endloop
  endfacet
  facet normal 4.115214e-01 8.738785e-01 -2.588174e-01
    outer loop
      vertex   1.932808e+01 7.713446e+01 1.658594e+02
      vertex   3.000113e+01 7.204475e+01 1.656446e+02
      vertex   1.924315e+01 7.695233e+01 1.651094e+02
    endloop
  endfacet
  facet normal 4.159797e-01 8.933296e-01 -1.700683e-01
    outer loop
      vertex   1.924315e+01 7.695233e+01 1.651094e+02
      vertex   3.000113e+01 7.204475e+01 1.656446e+02
      vertex   2.980483e+01 7.202778e+01 1.650754e+02
    endloop
  endfacet
  facet normal 4.135936e-01 8.855714e-01 2.114323e-01
    outer loop
      vertex   1.924315e+01 7.695233e+01 1.651094e+02
      vertex   2.980483e+01 7.202778e+01 1.650754e+02
      vertex   2.966291e+01 7.222666e+01 1.645200e+02
    endloop
  endfacet
  facet normal 3.550155e-01 7.670207e-01 -5.344560e-01
    outer loop
      vertex   3.000113e+01 7.204475e+01 1.656446e+02
      vertex   1.932808e+01 7.713446e+01 1.658594e+02
      vertex   3.023830e+01 7.228499e+01 1.661469e+02
    endloop
  endfacet
  facet normal 3.026853e-01 6.390544e-01 -7.071004e-01
    outer loop
      vertex   3.023830e+01 7.228499e+01 1.661469e+02
      vertex   1.932808e+01 7.713446e+01 1.658594e+02
      vertex   1.956011e+01 7.763206e+01 1.664085e+02
    endloop
  endfacet
  facet normal 2.389094e-01 5.173019e-01 -8.217792e-01
    outer loop
      vertex   3.023830e+01 7.228499e+01 1.661469e+02
      vertex   1.956011e+01 7.763206e+01 1.664085e+02
      vertex   3.049880e+01 7.270656e+01 1.664881e+02
    endloop
  endfacet
  facet normal 1.120810e-01 2.333097e-01 -9.659216e-01
    outer loop
      vertex   3.049880e+01 7.270656e+01 1.664881e+02
      vertex   1.956011e+01 7.763206e+01 1.664085e+02
      vertex   1.987707e+01 7.831179e+01 1.666094e+02
    endloop
  endfacet
  facet normal 8.500257e-02 1.822923e-01 -9.795632e-01
    outer loop
      vertex   3.049880e+01 7.270656e+01 1.664881e+02
      vertex   1.987707e+01 7.831179e+01 1.666094e+02
      vertex   3.076405e+01 7.323521e+01 1.666094e+02
    endloop
  endfacet
  facet normal -8.502413e-02 -1.823385e-01 -9.795527e-01
    outer loop
      vertex   3.076405e+01 7.323521e+01 1.666094e+02
      vertex   1.987707e+01 7.831179e+01 1.666094e+02
      vertex   3.099844e+01 7.377803e+01 1.664881e+02
    endloop
  endfacet
  facet normal -1.066809e-01 -2.358279e-01 -9.659215e-01
    outer loop
      vertex   3.099844e+01 7.377803e+01 1.664881e+02
      vertex   1.987707e+01 7.831179e+01 1.666094e+02
      vertex   2.019404e+01 7.899152e+01 1.664085e+02
    endloop
  endfacet
  facet normal -2.427157e-01 -5.155451e-01 -8.217678e-01
    outer loop
      vertex   3.099844e+01 7.377803e+01 1.664881e+02
      vertex   2.019404e+01 7.899152e+01 1.664085e+02
      vertex   3.115396e+01 7.424866e+01 1.661469e+02
    endloop
  endfacet
  facet normal -2.949814e-01 -6.426469e-01 -7.071004e-01
    outer loop
      vertex   3.115396e+01 7.424866e+01 1.661469e+02
      vertex   2.019404e+01 7.899152e+01 1.664085e+02
      vertex   2.042607e+01 7.948912e+01 1.658594e+02
    endloop
  endfacet
  facet normal -3.593820e-01 -7.650119e-01 -5.344169e-01
    outer loop
      vertex   3.115396e+01 7.424866e+01 1.661469e+02
      vertex   2.042607e+01 7.948912e+01 1.658594e+02
      vertex   3.118553e+01 7.458470e+01 1.656446e+02
    endloop
  endfacet
  facet normal -4.049086e-01 -8.769622e-01 -2.588173e-01
    outer loop
      vertex   3.118553e+01 7.458470e+01 1.656446e+02
      vertex   2.042607e+01 7.948912e+01 1.658594e+02
      vertex   2.051100e+01 7.967125e+01 1.651094e+02
    endloop
  endfacet
  facet normal -4.169515e-01 -8.928901e-01 -1.699960e-01
    outer loop
      vertex   3.118553e+01 7.458470e+01 1.656446e+02
      vertex   2.051100e+01 7.967125e+01 1.651094e+02
      vertex   3.107228e+01 7.474599e+01 1.650752e+02
    endloop
  endfacet
  facet normal -4.124935e-01 -8.859879e-01 2.118362e-01
    outer loop
      vertex   3.107228e+01 7.474599e+01 1.650752e+02
      vertex   2.051100e+01 7.967125e+01 1.651094e+02
      vertex   3.082823e+01 7.472665e+01 1.645190e+02
    endloop
  endfacet
  facet normal -4.053758e-01 -8.767462e-01 2.588178e-01
    outer loop
      vertex   3.082823e+01 7.472665e+01 1.645190e+02
      vertex   2.051100e+01 7.967125e+01 1.651094e+02
      vertex   2.042607e+01 7.948912e+01 1.643594e+02
    endloop
  endfacet
  facet normal -3.518560e-01 -7.497408e-01 5.604339e-01
    outer loop
      vertex   3.082823e+01 7.472665e+01 1.645190e+02
      vertex   2.042607e+01 7.948912e+01 1.643594e+02
      vertex   3.049701e+01 7.453190e+01 1.640506e+02
    endloop
  endfacet
  facet normal -2.947057e-01 -6.427744e-01 7.070995e-01
    outer loop
      vertex   3.049701e+01 7.453190e+01 1.640506e+02
      vertex   2.042607e+01 7.948912e+01 1.643594e+02
      vertex   2.019404e+01 7.899152e+01 1.638104e+02
    endloop
  endfacet
  facet normal -2.380189e-01 -5.052195e-01 8.295181e-01
    outer loop
      vertex   3.049701e+01 7.453190e+01 1.640506e+02
      vertex   2.019404e+01 7.899152e+01 1.638104e+02
      vertex   3.013809e+01 7.417050e+01 1.637275e+02
    endloop
  endfacet
  facet normal -1.063507e-01 -2.359814e-01 9.659204e-01
    outer loop
      vertex   3.013809e+01 7.417050e+01 1.637275e+02
      vertex   2.019404e+01 7.899152e+01 1.638104e+02
      vertex   1.987707e+01 7.831179e+01 1.636094e+02
    endloop
  endfacet
  facet normal -8.382373e-02 -1.797605e-01 9.801325e-01
    outer loop
      vertex   3.013809e+01 7.417050e+01 1.637275e+02
      vertex   1.987707e+01 7.831179e+01 1.636094e+02
      vertex   2.983010e+01 7.367062e+01 1.636094e+02
    endloop
  endfacet
  facet normal 8.396800e-02 1.800700e-01 9.800634e-01
    outer loop
      vertex   2.983010e+01 7.367062e+01 1.636094e+02
      vertex   1.987707e+01 7.831179e+01 1.636094e+02
      vertex   2.964495e+01 7.311241e+01 1.637279e+02
    endloop
  endfacet
  facet normal 1.123995e-01 2.331610e-01 9.659205e-01
    outer loop
      vertex   2.964495e+01 7.311241e+01 1.637279e+02
      vertex   1.987707e+01 7.831179e+01 1.636094e+02
      vertex   1.956011e+01 7.763206e+01 1.638104e+02
    endloop
  endfacet
  facet normal 2.341940e-01 5.074209e-01 8.292631e-01
    outer loop
      vertex   2.964495e+01 7.311241e+01 1.637279e+02
      vertex   1.956011e+01 7.763206e+01 1.638104e+02
      vertex   2.959901e+01 7.260589e+01 1.640508e+02
    endloop
  endfacet
  facet normal 3.029596e-01 6.389256e-01 7.070994e-01
    outer loop
      vertex   2.959901e+01 7.260589e+01 1.640508e+02
      vertex   1.956011e+01 7.763206e+01 1.638104e+02
      vertex   1.932808e+01 7.713446e+01 1.643594e+02
    endloop
  endfacet
  facet normal 3.482543e-01 7.516751e-01 5.600924e-01
    outer loop
      vertex   2.959901e+01 7.260589e+01 1.640508e+02
      vertex   1.932808e+01 7.713446e+01 1.643594e+02
      vertex   2.966291e+01 7.222666e+01 1.645200e+02
    endloop
  endfacet
  facet normal 4.110679e-01 8.740919e-01 2.588177e-01
    outer loop
      vertex   2.966291e+01 7.222666e+01 1.645200e+02
      vertex   1.932808e+01 7.713446e+01 1.643594e+02
      vertex   1.924315e+01 7.695233e+01 1.651094e+02
    endloop
  endfacet
  facet normal -9.029144e-01 4.149458e-01 -1.120964e-01
    outer loop
      vertex   3.609218e+01 7.009822e+01 1.664880e+02
      vertex   3.251351e+01 6.262684e+01 1.676567e+02
      vertex   3.632664e+01 7.064123e+01 1.666094e+02
    endloop
  endfacet
  facet normal -9.043559e-01 4.217081e-01 -6.559503e-02
    outer loop
      vertex   3.632664e+01 7.064123e+01 1.666094e+02
      vertex   3.251351e+01 6.262684e+01 1.676567e+02
      vertex   3.852526e+01 7.551907e+01 1.676567e+02
    endloop
  endfacet
  facet normal -8.983296e-01 4.270483e-01 -1.031198e-01
    outer loop
      vertex   3.632664e+01 7.064123e+01 1.666094e+02
      vertex   3.852526e+01 7.551907e+01 1.676567e+02
      vertex   3.659180e+01 7.116970e+01 1.664881e+02
    endloop
  endfacet
  facet normal -8.984397e-01 4.269493e-01 -1.025691e-01
    outer loop
      vertex   3.659180e+01 7.116970e+01 1.664881e+02
      vertex   3.852526e+01 7.551907e+01 1.676567e+02
      vertex   3.867782e+01 7.544793e+01 1.660242e+02
    endloop
  endfacet
  facet normal -8.933249e-01 4.175581e-01 -1.661800e-01
    outer loop
      vertex   3.659180e+01 7.116970e+01 1.664881e+02
      vertex   3.867782e+01 7.544793e+01 1.660242e+02
      vertex   3.685236e+01 7.159138e+01 1.661469e+02
    endloop
  endfacet
  facet normal -8.842731e-01 4.115394e-01 -2.206724e-01
    outer loop
      vertex   3.685236e+01 7.159138e+01 1.661469e+02
      vertex   3.867782e+01 7.544793e+01 1.660242e+02
      vertex   3.708949e+01 7.183159e+01 1.656447e+02
    endloop
  endfacet
  facet normal -8.658194e-01 4.103256e-01 -2.863382e-01
    outer loop
      vertex   3.708949e+01 7.183159e+01 1.656447e+02
      vertex   3.867782e+01 7.544793e+01 1.660242e+02
      vertex   3.728586e+01 7.184856e+01 1.650753e+02
    endloop
  endfacet
  facet normal -8.590905e-01 4.122169e-01 -3.033821e-01
    outer loop
      vertex   3.728586e+01 7.184856e+01 1.650753e+02
      vertex   3.867782e+01 7.544793e+01 1.660242e+02
      vertex   3.912909e+01 7.523750e+01 1.644604e+02
    endloop
  endfacet
  facet normal -8.460281e-01 3.952390e-01 -3.578025e-01
    outer loop
      vertex   3.728586e+01 7.184856e+01 1.650753e+02
      vertex   3.912909e+01 7.523750e+01 1.644604e+02
      vertex   3.742792e+01 7.164920e+01 1.645191e+02
    endloop
  endfacet
  facet normal -8.220790e-01 3.828437e-01 -4.214460e-01
    outer loop
      vertex   3.742792e+01 7.164920e+01 1.645191e+02
      vertex   3.912909e+01 7.523750e+01 1.644604e+02
      vertex   3.749165e+01 7.127032e+01 1.640506e+02
    endloop
  endfacet
  facet normal -7.932527e-01 3.768172e-01 -4.782875e-01
    outer loop
      vertex   3.749165e+01 7.127032e+01 1.640506e+02
      vertex   3.912909e+01 7.523750e+01 1.644604e+02
      vertex   3.744553e+01 7.076308e+01 1.637275e+02
    endloop
  endfacet
  facet normal -7.855330e-01 3.760667e-01 -4.914384e-01
    outer loop
      vertex   3.744553e+01 7.076308e+01 1.637275e+02
      vertex   3.912909e+01 7.523750e+01 1.644604e+02
      vertex   3.986008e+01 7.489663e+01 1.630311e+02
    endloop
  endfacet
  facet normal -7.754238e-01 3.663046e-01 -5.143335e-01
    outer loop
      vertex   3.744553e+01 7.076308e+01 1.637275e+02
      vertex   3.986008e+01 7.489663e+01 1.630311e+02
      vertex   3.726059e+01 7.020583e+01 1.636094e+02
    endloop
  endfacet
  facet normal -7.613175e-01 3.550082e-01 -5.425540e-01
    outer loop
      vertex   3.726059e+01 7.020583e+01 1.636094e+02
      vertex   3.986008e+01 7.489663e+01 1.630311e+02
      vertex   3.384834e+01 6.200440e+01 1.630311e+02
    endloop
  endfacet
  facet normal -7.810526e-01 3.608967e-01 -5.096179e-01
    outer loop
      vertex   3.726059e+01 7.020583e+01 1.636094e+02
      vertex   3.384834e+01 6.200440e+01 1.630311e+02
      vertex   3.695202e+01 6.970517e+01 1.637278e+02
    endloop
  endfacet
  facet normal -7.914453e-01 3.634418e-01 -4.914513e-01
    outer loop
      vertex   3.695202e+01 6.970517e+01 1.637278e+02
      vertex   3.384834e+01 6.200440e+01 1.630311e+02
      vertex   3.311735e+01 6.234527e+01 1.644604e+02
    endloop
  endfacet
  facet normal -7.990156e-01 3.690497e-01 -4.747382e-01
    outer loop
      vertex   3.695202e+01 6.970517e+01 1.637278e+02
      vertex   3.311735e+01 6.234527e+01 1.644604e+02
      vertex   3.659352e+01 6.934436e+01 1.640507e+02
    endloop
  endfacet
  facet normal -8.217573e-01 3.834602e-01 -4.215130e-01
    outer loop
      vertex   3.659352e+01 6.934436e+01 1.640507e+02
      vertex   3.311735e+01 6.234527e+01 1.644604e+02
      vertex   3.626193e+01 6.914952e+01 1.645199e+02
    endloop
  endfacet
  facet normal -8.464960e-01 3.943351e-01 -3.576930e-01
    outer loop
      vertex   3.626193e+01 6.914952e+01 1.645199e+02
      vertex   3.311735e+01 6.234527e+01 1.644604e+02
      vertex   3.601834e+01 6.913038e+01 1.650753e+02
    endloop
  endfacet
  facet normal -8.658976e-01 3.977100e-01 -3.033943e-01
    outer loop
      vertex   3.601834e+01 6.913038e+01 1.650753e+02
      vertex   3.311735e+01 6.234527e+01 1.644604e+02
      vertex   3.266608e+01 6.255570e+01 1.660242e+02
    endloop
  endfacet
  facet normal -8.695752e-01 4.019813e-01 -2.867926e-01
    outer loop
      vertex   3.601834e+01 6.913038e+01 1.650753e+02
      vertex   3.266608e+01 6.255570e+01 1.660242e+02
      vertex   3.590514e+01 6.929163e+01 1.656445e+02
    endloop
  endfacet
  facet normal -8.838360e-01 4.125762e-01 -2.204874e-01
    outer loop
      vertex   3.590514e+01 6.929163e+01 1.656445e+02
      vertex   3.266608e+01 6.255570e+01 1.660242e+02
      vertex   3.593671e+01 6.962771e+01 1.661469e+02
    endloop
  endfacet
  facet normal -8.938186e-01 4.162613e-01 -1.667776e-01
    outer loop
      vertex   3.593671e+01 6.962771e+01 1.661469e+02
      vertex   3.266608e+01 6.255570e+01 1.660242e+02
      vertex   3.609218e+01 7.009822e+01 1.664880e+02
    endloop
  endfacet
  facet normal -9.032799e-01 4.166109e-01 -1.025709e-01
    outer loop
      vertex   3.609218e+01 7.009822e+01 1.664880e+02
      vertex   3.266608e+01 6.255570e+01 1.660242e+02
      vertex   3.251351e+01 6.262684e+01 1.676567e+02
    endloop
  endfacet
  facet normal -9.063078e-01 4.226183e-01 -6.479495e-09
    outer loop
      vertex   3.852526e+01 7.551907e+01 1.676567e+02
      vertex   3.251351e+01 6.262684e+01 1.676567e+02
      vertex   3.852526e+01 7.551907e+01 1.724594e+02
    endloop
  endfacet
  facet normal -9.063078e-01 4.226183e-01 -6.479493e-09
    outer loop
      vertex   3.852526e+01 7.551907e+01 1.724594e+02
      vertex   3.251351e+01 6.262684e+01 1.676567e+02
      vertex   3.251351e+01 6.262684e+01 1.724594e+02
    endloop
  endfacet
  facet normal -4.115210e-01 -8.738788e-01 -2.588173e-01
    outer loop
      vertex   4.776258e+01 6.674190e+01 1.658594e+02
      vertex   3.708949e+01 7.183159e+01 1.656447e+02
      vertex   4.784751e+01 6.692403e+01 1.651094e+02
    endloop
  endfacet
  facet normal -4.159790e-01 -8.933319e-01 -1.700575e-01
    outer loop
      vertex   4.784751e+01 6.692403e+01 1.651094e+02
      vertex   3.708949e+01 7.183159e+01 1.656447e+02
      vertex   3.728586e+01 7.184856e+01 1.650753e+02
    endloop
  endfacet
  facet normal -4.135644e-01 -8.855026e-01 2.117775e-01
    outer loop
      vertex   4.784751e+01 6.692403e+01 1.651094e+02
      vertex   3.728586e+01 7.184856e+01 1.650753e+02
      vertex   3.742792e+01 7.164920e+01 1.645191e+02
    endloop
  endfacet
  facet normal -3.550129e-01 -7.670118e-01 -5.344705e-01
    outer loop
      vertex   3.708949e+01 7.183159e+01 1.656447e+02
      vertex   4.776258e+01 6.674190e+01 1.658594e+02
      vertex   3.685236e+01 7.159138e+01 1.661469e+02
    endloop
  endfacet
  facet normal -3.026859e-01 -6.390542e-01 -7.071004e-01
    outer loop
      vertex   3.685236e+01 7.159138e+01 1.661469e+02
      vertex   4.776258e+01 6.674190e+01 1.658594e+02
      vertex   4.753055e+01 6.624430e+01 1.664085e+02
    endloop
  endfacet
  facet normal -2.388929e-01 -5.172694e-01 -8.218044e-01
    outer loop
      vertex   3.685236e+01 7.159138e+01 1.661469e+02
      vertex   4.753055e+01 6.624430e+01 1.664085e+02
      vertex   3.659180e+01 7.116970e+01 1.664881e+02
    endloop
  endfacet
  facet normal -1.120825e-01 -2.333091e-01 -9.659215e-01
    outer loop
      vertex   3.659180e+01 7.116970e+01 1.664881e+02
      vertex   4.753055e+01 6.624430e+01 1.664085e+02
      vertex   4.721358e+01 6.556457e+01 1.666094e+02
    endloop
  endfacet
  facet normal -8.499892e-02 -1.822808e-01 -9.795657e-01
    outer loop
      vertex   3.659180e+01 7.116970e+01 1.664881e+02
      vertex   4.721358e+01 6.556457e+01 1.666094e+02
      vertex   3.632664e+01 7.064123e+01 1.666094e+02
    endloop
  endfacet
  facet normal 8.503064e-02 1.823488e-01 -9.795503e-01
    outer loop
      vertex   3.632664e+01 7.064123e+01 1.666094e+02
      vertex   4.721358e+01 6.556457e+01 1.666094e+02
      vertex   3.609218e+01 7.009822e+01 1.664880e+02
    endloop
  endfacet
  facet normal 1.066823e-01 2.358271e-01 -9.659216e-01
    outer loop
      vertex   3.609218e+01 7.009822e+01 1.664880e+02
      vertex   4.721358e+01 6.556457e+01 1.666094e+02
      vertex   4.689662e+01 6.488484e+01 1.664085e+02
    endloop
  endfacet
  facet normal 2.427300e-01 5.155786e-01 -8.217426e-01
    outer loop
      vertex   3.609218e+01 7.009822e+01 1.664880e+02
      vertex   4.689662e+01 6.488484e+01 1.664085e+02
      vertex   3.593671e+01 6.962771e+01 1.661469e+02
    endloop
  endfacet
  facet normal 2.949819e-01 6.426466e-01 -7.071004e-01
    outer loop
      vertex   3.593671e+01 6.962771e+01 1.661469e+02
      vertex   4.689662e+01 6.488484e+01 1.664085e+02
      vertex   4.666459e+01 6.438724e+01 1.658594e+02
    endloop
  endfacet
  facet normal 3.593871e-01 7.650196e-01 -5.344023e-01
    outer loop
      vertex   3.593671e+01 6.962771e+01 1.661469e+02
      vertex   4.666459e+01 6.438724e+01 1.658594e+02
      vertex   3.590514e+01 6.929163e+01 1.656445e+02
    endloop
  endfacet
  facet normal 4.049082e-01 8.769623e-01 -2.588174e-01
    outer loop
      vertex   3.590514e+01 6.929163e+01 1.656445e+02
      vertex   4.666459e+01 6.438724e+01 1.658594e+02
      vertex   4.657966e+01 6.420511e+01 1.651094e+02
    endloop
  endfacet
  facet normal 4.169493e-01 8.928891e-01 -1.700068e-01
    outer loop
      vertex   3.590514e+01 6.929163e+01 1.656445e+02
      vertex   4.657966e+01 6.420511e+01 1.651094e+02
      vertex   3.601834e+01 6.913038e+01 1.650753e+02
    endloop
  endfacet
  facet normal 4.125274e-01 8.860546e-01 2.114909e-01
    outer loop
      vertex   3.601834e+01 6.913038e+01 1.650753e+02
      vertex   4.657966e+01 6.420511e+01 1.651094e+02
      vertex   3.626193e+01 6.914952e+01 1.645199e+02
    endloop
  endfacet
  facet normal 4.053649e-01 8.767512e-01 2.588177e-01
    outer loop
      vertex   3.626193e+01 6.914952e+01 1.645199e+02
      vertex   4.657966e+01 6.420511e+01 1.651094e+02
      vertex   4.666459e+01 6.438724e+01 1.643594e+02
    endloop
  endfacet
  facet normal 3.519482e-01 7.499154e-01 5.601423e-01
    outer loop
      vertex   3.626193e+01 6.914952e+01 1.645199e+02
      vertex   4.666459e+01 6.438724e+01 1.643594e+02
      vertex   3.659352e+01 6.934436e+01 1.640507e+02
    endloop
  endfacet
  facet normal 2.947067e-01 6.427739e-01 7.070994e-01
    outer loop
      vertex   3.659352e+01 6.934436e+01 1.640507e+02
      vertex   4.666459e+01 6.438724e+01 1.643594e+02
      vertex   4.689662e+01 6.488484e+01 1.638104e+02
    endloop
  endfacet
  facet normal 2.381488e-01 5.055199e-01 8.292977e-01
    outer loop
      vertex   3.659352e+01 6.934436e+01 1.640507e+02
      vertex   4.689662e+01 6.488484e+01 1.638104e+02
      vertex   3.695202e+01 6.970517e+01 1.637278e+02
    endloop
  endfacet
  facet normal 1.063616e-01 2.359765e-01 9.659205e-01
    outer loop
      vertex   3.695202e+01 6.970517e+01 1.637278e+02
      vertex   4.689662e+01 6.488484e+01 1.638104e+02
      vertex   4.721358e+01 6.556457e+01 1.636094e+02
    endloop
  endfacet
  facet normal 8.394313e-02 1.800126e-01 9.800760e-01
    outer loop
      vertex   3.695202e+01 6.970517e+01 1.637278e+02
      vertex   4.721358e+01 6.556457e+01 1.636094e+02
      vertex   3.726059e+01 7.020583e+01 1.636094e+02
    endloop
  endfacet
  facet normal -8.385162e-02 -1.798163e-01 9.801199e-01
    outer loop
      vertex   3.726059e+01 7.020583e+01 1.636094e+02
      vertex   4.721358e+01 6.556457e+01 1.636094e+02
      vertex   3.744553e+01 7.076308e+01 1.637275e+02
    endloop
  endfacet
  facet normal -1.124103e-01 -2.331558e-01 9.659204e-01
    outer loop
      vertex   3.744553e+01 7.076308e+01 1.637275e+02
      vertex   4.721358e+01 6.556457e+01 1.636094e+02
      vertex   4.753055e+01 6.624430e+01 1.638104e+02
    endloop
  endfacet
  facet normal -2.340472e-01 -5.071280e-01 8.294836e-01
    outer loop
      vertex   3.744553e+01 7.076308e+01 1.637275e+02
      vertex   4.753055e+01 6.624430e+01 1.638104e+02
      vertex   3.749165e+01 7.127032e+01 1.640506e+02
    endloop
  endfacet
  facet normal -3.029606e-01 -6.389250e-01 7.070995e-01
    outer loop
      vertex   3.749165e+01 7.127032e+01 1.640506e+02
      vertex   4.753055e+01 6.624430e+01 1.638104e+02
      vertex   4.776258e+01 6.674190e+01 1.643594e+02
    endloop
  endfacet
  facet normal -3.481798e-01 -7.514922e-01 5.603841e-01
    outer loop
      vertex   3.749165e+01 7.127032e+01 1.640506e+02
      vertex   4.776258e+01 6.674190e+01 1.643594e+02
      vertex   3.742792e+01 7.164920e+01 1.645191e+02
    endloop
  endfacet
  facet normal -4.110571e-01 -8.740969e-01 2.588178e-01
    outer loop
      vertex   3.742792e+01 7.164920e+01 1.645191e+02
      vertex   4.776258e+01 6.674190e+01 1.643594e+02
      vertex   4.784751e+01 6.692403e+01 1.651094e+02
    endloop
  endfacet
  facet normal 9.337601e-02 -9.899467e-01 -1.062377e-01
    outer loop
      vertex   -7.875293e+01 -3.792375e+00 1.664880e+02
      vertex   -7.300858e+01 -3.375964e+00 1.676567e+02
      vertex   -7.934042e+01 -3.860822e+00 1.666095e+02
    endloop
  endfacet
  facet normal 8.696802e-02 -9.940492e-01 -6.559497e-02
    outer loop
      vertex   -7.934042e+01 -3.860822e+00 1.666095e+02
      vertex   -7.300858e+01 -3.375964e+00 1.676567e+02
      vertex   -8.466406e+01 -4.395686e+00 1.676567e+02
    endloop
  endfacet
  facet normal 7.933013e-02 -9.915004e-01 -1.031197e-01
    outer loop
      vertex   -7.934042e+01 -3.860822e+00 1.666095e+02
      vertex   -8.466406e+01 -4.395686e+00 1.676567e+02
      vertex   -7.993067e+01 -3.895427e+00 1.664881e+02
    endloop
  endfacet
  facet normal 7.947090e-02 -9.915462e-01 -1.025691e-01
    outer loop
      vertex   -7.993067e+01 -3.895427e+00 1.664881e+02
      vertex   -8.466406e+01 -4.395686e+00 1.676567e+02
      vertex   -8.467873e+01 -4.227991e+00 1.660242e+02
    endloop
  endfacet
  facet normal 8.504653e-02 -9.824211e-01 -1.661800e-01
    outer loop
      vertex   -7.993067e+01 -3.895427e+00 1.664881e+02
      vertex   -8.467873e+01 -4.227991e+00 1.660242e+02
      vertex   -8.042613e+01 -3.880610e+00 1.661469e+02
    endloop
  endfacet
  facet normal 8.573296e-02 -9.715727e-01 -2.206723e-01
    outer loop
      vertex   -8.042613e+01 -3.880610e+00 1.661469e+02
      vertex   -8.467873e+01 -4.227991e+00 1.660242e+02
      vertex   -8.075273e+01 -3.795356e+00 1.656447e+02
    endloop
  endfacet
  facet normal 7.755727e-02 -9.549845e-01 -2.863382e-01
    outer loop
      vertex   -8.075273e+01 -3.795356e+00 1.656447e+02
      vertex   -8.467873e+01 -4.227991e+00 1.660242e+02
      vertex   -8.086560e+01 -3.633785e+00 1.650753e+02
    endloop
  endfacet
  facet normal 7.255492e-02 -9.501027e-01 -3.033821e-01
    outer loop
      vertex   -8.086560e+01 -3.633785e+00 1.650753e+02
      vertex   -8.467873e+01 -4.227991e+00 1.660242e+02
      vertex   -8.472213e+01 -3.731963e+00 1.644604e+02
    endloop
  endfacet
  facet normal 8.072696e-02 -9.303013e-01 -3.578024e-01
    outer loop
      vertex   -8.086560e+01 -3.633785e+00 1.650753e+02
      vertex   -8.472213e+01 -3.731963e+00 1.644604e+02
      vertex   -8.076399e+01 -3.411075e+00 1.645191e+02
    endloop
  endfacet
  facet normal 7.948708e-02 -9.033632e-01 -4.214460e-01
    outer loop
      vertex   -8.076399e+01 -3.411075e+00 1.645191e+02
      vertex   -8.472213e+01 -3.731963e+00 1.644604e+02
      vertex   -8.046773e+01 -3.166438e+00 1.640506e+02
    endloop
  endfacet
  facet normal 7.029305e-02 -8.753857e-01 -4.782874e-01
    outer loop
      vertex   -8.046773e+01 -3.166438e+00 1.640506e+02
      vertex   -8.472213e+01 -3.731963e+00 1.644604e+02
      vertex   -8.000539e+01 -2.952765e+00 1.637275e+02
    endloop
  endfacet
  facet normal 6.708312e-02 -8.683249e-01 -4.914385e-01
    outer loop
      vertex   -8.000539e+01 -2.952765e+00 1.637275e+02
      vertex   -8.472213e+01 -3.731963e+00 1.644604e+02
      vertex   -8.479242e+01 -2.928476e+00 1.630311e+02
    endloop
  endfacet
  facet normal 7.048280e-02 -8.546890e-01 -5.143334e-01
    outer loop
      vertex   -8.000539e+01 -2.952765e+00 1.637275e+02
      vertex   -8.479242e+01 -2.928476e+00 1.630311e+02
      vertex   -7.943032e+01 -2.834296e+00 1.636095e+02
    endloop
  endfacet
  facet normal 7.321262e-02 -8.368244e-01 -5.425540e-01
    outer loop
      vertex   -7.943032e+01 -2.834296e+00 1.636095e+02
      vertex   -8.479242e+01 -2.928476e+00 1.630311e+02
      vertex   -7.313695e+01 -1.908754e+00 1.630311e+02
    endloop
  endfacet
  facet normal 7.863783e-02 -8.550086e-01 -5.126171e-01
    outer loop
      vertex   -7.943032e+01 -2.834296e+00 1.636095e+02
      vertex   -7.313695e+01 -1.908754e+00 1.630311e+02
      vertex   -7.884245e+01 -2.851206e+00 1.637278e+02
    endloop
  endfacet
  facet normal 8.319179e-02 -8.669264e-01 -4.914446e-01
    outer loop
      vertex   -7.884245e+01 -2.851206e+00 1.637278e+02
      vertex   -7.313695e+01 -1.908754e+00 1.630311e+02
      vertex   -7.306665e+01 -2.712241e+00 1.644604e+02
    endloop
  endfacet
  facet normal 8.152445e-02 -8.752685e-01 -4.767167e-01
    outer loop
      vertex   -7.884245e+01 -2.851206e+00 1.637278e+02
      vertex   -7.306665e+01 -2.712241e+00 1.644604e+02
      vertex   -7.835074e+01 -2.981269e+00 1.640507e+02
    endloop
  endfacet
  facet normal 7.867301e-02 -9.034350e-01 -4.214449e-01
    outer loop
      vertex   -7.835074e+01 -2.981269e+00 1.640507e+02
      vertex   -7.306665e+01 -2.712241e+00 1.644604e+02
      vertex   -7.801621e+01 -3.171011e+00 1.645199e+02
    endloop
  endfacet
  facet normal 8.192212e-02 -9.302259e-01 -3.577269e-01
    outer loop
      vertex   -7.801621e+01 -3.171011e+00 1.645199e+02
      vertex   -7.306665e+01 -2.712241e+00 1.644604e+02
      vertex   -7.787783e+01 -3.372392e+00 1.650753e+02
    endloop
  endfacet
  facet normal 9.137051e-02 -9.484761e-01 -3.033883e-01
    outer loop
      vertex   -7.787783e+01 -3.372392e+00 1.650753e+02
      vertex   -7.306665e+01 -2.712241e+00 1.644604e+02
      vertex   -7.302325e+01 -3.208269e+00 1.660242e+02
    endloop
  endfacet
  facet normal 8.826309e-02 -9.539949e-01 -2.865369e-01
    outer loop
      vertex   -7.787783e+01 -3.372392e+00 1.650753e+02
      vertex   -7.302325e+01 -3.208269e+00 1.660242e+02
      vertex   -7.796088e+01 -3.551054e+00 1.656445e+02
    endloop
  endfacet
  facet normal 8.442238e-02 -9.717032e-01 -2.206033e-01
    outer loop
      vertex   -7.796088e+01 -3.551054e+00 1.656445e+02
      vertex   -7.302325e+01 -3.208269e+00 1.660242e+02
      vertex   -7.826772e+01 -3.691760e+00 1.661469e+02
    endloop
  endfacet
  facet normal 8.666021e-02 -9.822359e-01 -1.664413e-01
    outer loop
      vertex   -7.826772e+01 -3.691760e+00 1.661469e+02
      vertex   -7.302325e+01 -3.208269e+00 1.660242e+02
      vertex   -7.875293e+01 -3.792375e+00 1.664880e+02
    endloop
  endfacet
  facet normal 9.266270e-02 -9.904004e-01 -1.025700e-01
    outer loop
      vertex   -7.875293e+01 -3.792375e+00 1.664880e+02
      vertex   -7.302325e+01 -3.208269e+00 1.660242e+02
      vertex   -7.300858e+01 -3.375964e+00 1.676567e+02
    endloop
  endfacet
  facet normal 8.715573e-02 -9.961947e-01 4.381192e-08
    outer loop
      vertex   -7.300858e+01 -3.375964e+00 1.676567e+02
      vertex   -7.300858e+01 -3.375964e+00 1.724595e+02
      vertex   -8.466406e+01 -4.395686e+00 1.676567e+02
    endloop
  endfacet
  facet normal 8.715573e-02 -9.961947e-01 4.381192e-08
    outer loop
      vertex   -8.466406e+01 -4.395686e+00 1.676567e+02
      vertex   -7.300858e+01 -3.375964e+00 1.724595e+02
      vertex   -8.466406e+01 -4.395686e+00 1.724595e+02
    endloop
  endfacet
  facet normal 9.625617e-01 8.055171e-02 -2.588173e-01
    outer loop
      vertex   -8.168146e+01 7.992656e+00 1.658595e+02
      vertex   -8.075273e+01 -3.795356e+00 1.656447e+02
      vertex   -8.188166e+01 7.975141e+00 1.651095e+02
    endloop
  endfacet
  facet normal 9.816376e-01 8.641759e-02 -1.700575e-01
    outer loop
      vertex   -8.188166e+01 7.975141e+00 1.651095e+02
      vertex   -8.075273e+01 -3.795356e+00 1.656447e+02
      vertex   -8.086560e+01 -3.633785e+00 1.650753e+02
    endloop
  endfacet
  facet normal 9.736499e-01 8.459404e-02 2.117775e-01
    outer loop
      vertex   -8.188166e+01 7.975141e+00 1.651095e+02
      vertex   -8.086560e+01 -3.633785e+00 1.650753e+02
      vertex   -8.076399e+01 -3.411075e+00 1.645191e+02
    endloop
  endfacet
  facet normal 8.417581e-01 7.605572e-02 -5.344706e-01
    outer loop
      vertex   -8.075273e+01 -3.795356e+00 1.656447e+02
      vertex   -8.168146e+01 7.992656e+00 1.658595e+02
      vertex   -8.042613e+01 -3.880610e+00 1.661469e+02
    endloop
  endfacet
  facet normal 7.047801e-01 5.739339e-02 -7.071004e-01
    outer loop
      vertex   -8.042613e+01 -3.880610e+00 1.661469e+02
      vertex   -8.168146e+01 7.992656e+00 1.658595e+02
      vertex   -8.113452e+01 8.040508e+00 1.664085e+02
    endloop
  endfacet
  facet normal 5.674148e-01 5.174736e-02 -8.218045e-01
    outer loop
      vertex   -8.042613e+01 -3.880610e+00 1.661469e+02
      vertex   -8.113452e+01 8.040508e+00 1.664085e+02
      vertex   -7.993067e+01 -3.895427e+00 1.664881e+02
    endloop
  endfacet
  facet normal 2.580928e-01 1.958816e-02 -9.659215e-01
    outer loop
      vertex   -7.993067e+01 -3.895427e+00 1.664881e+02
      vertex   -8.113452e+01 8.040508e+00 1.664085e+02
      vertex   -8.038737e+01 8.105874e+00 1.666095e+02
    endloop
  endfacet
  facet normal 2.003592e-01 1.752911e-02 -9.795657e-01
    outer loop
      vertex   -7.993067e+01 -3.895427e+00 1.664881e+02
      vertex   -8.038737e+01 8.105874e+00 1.666095e+02
      vertex   -7.934042e+01 -3.860822e+00 1.666095e+02
    endloop
  endfacet
  facet normal -2.004341e-01 -1.753575e-02 -9.795502e-01
    outer loop
      vertex   -7.934042e+01 -3.860822e+00 1.666095e+02
      vertex   -8.038737e+01 8.105874e+00 1.666095e+02
      vertex   -7.875293e+01 -3.792375e+00 1.664880e+02
    endloop
  endfacet
  facet normal -2.575735e-01 -2.552399e-02 -9.659215e-01
    outer loop
      vertex   -7.875293e+01 -3.792375e+00 1.664880e+02
      vertex   -8.038737e+01 8.105874e+00 1.666095e+02
      vertex   -7.964022e+01 8.171241e+00 1.664085e+02
    endloop
  endfacet
  facet normal -5.678692e-01 -4.757901e-02 -8.217425e-01
    outer loop
      vertex   -7.875293e+01 -3.792375e+00 1.664880e+02
      vertex   -7.964022e+01 8.171241e+00 1.664085e+02
      vertex   -7.826772e+01 -3.691760e+00 1.661469e+02
    endloop
  endfacet
  facet normal -7.040393e-01 -6.586152e-02 -7.071004e-01
    outer loop
      vertex   -7.826772e+01 -3.691760e+00 1.661469e+02
      vertex   -7.964022e+01 8.171241e+00 1.664085e+02
      vertex   -7.909327e+01 8.219093e+00 1.658595e+02
    endloop
  endfacet
  facet normal -8.422200e-01 -7.127149e-02 -5.344023e-01
    outer loop
      vertex   -7.826772e+01 -3.691760e+00 1.661469e+02
      vertex   -7.909327e+01 8.219093e+00 1.658595e+02
      vertex   -7.796088e+01 -3.551054e+00 1.656445e+02
    endloop
  endfacet
  facet normal -9.619258e-01 -8.782041e-02 -2.588173e-01
    outer loop
      vertex   -7.796088e+01 -3.551054e+00 1.656445e+02
      vertex   -7.909327e+01 8.219093e+00 1.658595e+02
      vertex   -7.889308e+01 8.236608e+00 1.651095e+02
    endloop
  endfacet
  facet normal -9.817393e-01 -8.535592e-02 -1.700068e-01
    outer loop
      vertex   -7.796088e+01 -3.551054e+00 1.656445e+02
      vertex   -7.889308e+01 8.236608e+00 1.651095e+02
      vertex   -7.787783e+01 -3.372392e+00 1.650753e+02
    endloop
  endfacet
  facet normal -9.736095e-01 -8.576807e-02 2.114910e-01
    outer loop
      vertex   -7.787783e+01 -3.372392e+00 1.650753e+02
      vertex   -7.889308e+01 8.236608e+00 1.651095e+02
      vertex   -7.801621e+01 -3.171011e+00 1.645199e+02
    endloop
  endfacet
  facet normal -9.619713e-01 -8.731926e-02 2.588178e-01
    outer loop
      vertex   -7.801621e+01 -3.171011e+00 1.645199e+02
      vertex   -7.889308e+01 8.236608e+00 1.651095e+02
      vertex   -7.909327e+01 8.219093e+00 1.643595e+02
    endloop
  endfacet
  facet normal -8.254198e-01 -7.016156e-02 5.601423e-01
    outer loop
      vertex   -7.801621e+01 -3.171011e+00 1.645199e+02
      vertex   -7.909327e+01 8.219093e+00 1.643595e+02
      vertex   -7.835074e+01 -2.981269e+00 1.640507e+02
    endloop
  endfacet
  facet normal -7.040119e-01 -6.616341e-02 7.070995e-01
    outer loop
      vertex   -7.835074e+01 -2.981269e+00 1.640507e+02
      vertex   -7.909327e+01 8.219093e+00 1.643595e+02
      vertex   -7.964022e+01 8.171241e+00 1.638104e+02
    endloop
  endfacet
  facet normal -5.568674e-01 -4.651700e-02 8.292978e-01
    outer loop
      vertex   -7.835074e+01 -2.981269e+00 1.640507e+02
      vertex   -7.964022e+01 8.171241e+00 1.638104e+02
      vertex   -7.884245e+01 -2.851206e+00 1.637278e+02
    endloop
  endfacet
  facet normal -2.575423e-01 -2.587636e-02 9.659205e-01
    outer loop
      vertex   -7.884245e+01 -2.851206e+00 1.637278e+02
      vertex   -7.964022e+01 8.171241e+00 1.638104e+02
      vertex   -8.038737e+01 8.105874e+00 1.636095e+02
    endloop
  endfacet
  facet normal -1.978670e-01 -1.730937e-02 9.800760e-01
    outer loop
      vertex   -7.884245e+01 -2.851206e+00 1.637278e+02
      vertex   -8.038737e+01 8.105874e+00 1.636095e+02
      vertex   -7.943032e+01 -2.834296e+00 1.636095e+02
    endloop
  endfacet
  facet normal 1.976514e-01 1.729060e-02 9.801199e-01
    outer loop
      vertex   -7.943032e+01 -2.834296e+00 1.636095e+02
      vertex   -8.038737e+01 8.105874e+00 1.636095e+02
      vertex   -8.000539e+01 -2.952765e+00 1.637275e+02
    endloop
  endfacet
  facet normal 2.581240e-01 1.922781e-02 9.659204e-01
    outer loop
      vertex   -8.000539e+01 -2.952765e+00 1.637275e+02
      vertex   -8.038737e+01 8.105874e+00 1.636095e+02
      vertex   -8.113452e+01 8.040507e+00 1.638104e+02
    endloop
  endfacet
  facet normal 5.562094e-01 5.087321e-02 8.294836e-01
    outer loop
      vertex   -8.000539e+01 -2.952765e+00 1.637275e+02
      vertex   -8.113452e+01 8.040507e+00 1.638104e+02
      vertex   -8.046773e+01 -3.166438e+00 1.640506e+02
    endloop
  endfacet
  facet normal 7.048057e-01 5.709099e-02 7.070994e-01
    outer loop
      vertex   -8.046773e+01 -3.166438e+00 1.640506e+02
      vertex   -8.113452e+01 8.040507e+00 1.638104e+02
      vertex   -8.168146e+01 7.992656e+00 1.643595e+02
    endloop
  endfacet
  facet normal 8.249012e-01 7.421354e-02 5.603841e-01
    outer loop
      vertex   -8.046773e+01 -3.166438e+00 1.640506e+02
      vertex   -8.168146e+01 7.992656e+00 1.643595e+02
      vertex   -8.076399e+01 -3.411075e+00 1.645191e+02
    endloop
  endfacet
  facet normal 9.625187e-01 8.106261e-02 2.588178e-01
    outer loop
      vertex   -8.076399e+01 -3.411075e+00 1.645191e+02
      vertex   -8.168146e+01 7.992656e+00 1.643595e+02
      vertex   -8.188166e+01 7.975141e+00 1.651095e+02
    endloop
  endfacet
  facet normal -7.102974e-02 8.556555e-01 -5.126485e-01
    outer loop
      vertex   -7.814060e+01 -1.088324e+01 1.637275e+02
      vertex   -7.235728e+01 -1.082034e+01 1.630311e+02
      vertex   -7.871567e+01 -1.100169e+01 1.636095e+02
    endloop
  endfacet
  facet normal -7.321264e-02 8.368244e-01 -5.425541e-01
    outer loop
      vertex   -7.871567e+01 -1.100169e+01 1.636095e+02
      vertex   -7.235728e+01 -1.082034e+01 1.630311e+02
      vertex   -8.401276e+01 -1.184006e+01 1.630311e+02
    endloop
  endfacet
  facet normal -7.900935e-02 8.539617e-01 -5.143024e-01
    outer loop
      vertex   -7.871567e+01 -1.100169e+01 1.636095e+02
      vertex   -8.401276e+01 -1.184006e+01 1.630311e+02
      vertex   -7.930354e+01 -1.098475e+01 1.637279e+02
    endloop
  endfacet
  facet normal -8.472047e-02 8.667817e-01 -4.914386e-01
    outer loop
      vertex   -7.930354e+01 -1.098475e+01 1.637279e+02
      vertex   -8.401276e+01 -1.184006e+01 1.630311e+02
      vertex   -8.408306e+01 -1.103658e+01 1.644604e+02
    endloop
  endfacet
  facet normal -8.277867e-02 8.743215e-01 -4.782360e-01
    outer loop
      vertex   -7.930354e+01 -1.098475e+01 1.637279e+02
      vertex   -8.408306e+01 -1.103658e+01 1.644604e+02
      vertex   -7.979523e+01 -1.085468e+01 1.640508e+02
    endloop
  endfacet
  facet normal -7.858398e-02 9.034708e-01 -4.213847e-01
    outer loop
      vertex   -7.979523e+01 -1.085468e+01 1.640508e+02
      vertex   -8.408306e+01 -1.103658e+01 1.644604e+02
      vertex   -8.012974e+01 -1.066493e+01 1.645200e+02
    endloop
  endfacet
  facet normal -8.205670e-02 9.302084e-01 -3.577416e-01
    outer loop
      vertex   -8.012974e+01 -1.066493e+01 1.645200e+02
      vertex   -8.408306e+01 -1.103658e+01 1.644604e+02
      vertex   -8.026808e+01 -1.046355e+01 1.650754e+02
    endloop
  endfacet
  facet normal -9.353146e-02 9.482674e-01 -3.033822e-01
    outer loop
      vertex   -8.026808e+01 -1.046355e+01 1.650754e+02
      vertex   -8.408306e+01 -1.103658e+01 1.644604e+02
      vertex   -8.412645e+01 -1.054055e+01 1.660242e+02
    endloop
  endfacet
  facet normal -8.945253e-02 9.539447e-01 -2.863351e-01
    outer loop
      vertex   -8.026808e+01 -1.046355e+01 1.650754e+02
      vertex   -8.412645e+01 -1.054055e+01 1.660242e+02
      vertex   -8.018500e+01 -1.028489e+01 1.656446e+02
    endloop
  endfacet
  facet normal -8.428078e-02 9.716985e-01 -2.206781e-01
    outer loop
      vertex   -8.018500e+01 -1.028489e+01 1.656446e+02
      vertex   -8.412645e+01 -1.054055e+01 1.660242e+02
      vertex   -7.987812e+01 -1.014420e+01 1.661470e+02
    endloop
  endfacet
  facet normal -8.684069e-02 9.822632e-01 -1.661856e-01
    outer loop
      vertex   -7.987812e+01 -1.014420e+01 1.661470e+02
      vertex   -8.412645e+01 -1.054055e+01 1.660242e+02
      vertex   -7.939289e+01 -1.004359e+01 1.664881e+02
    endloop
  endfacet
  facet normal -9.391630e-02 9.902824e-01 -1.025692e-01
    outer loop
      vertex   -7.939289e+01 -1.004359e+01 1.664881e+02
      vertex   -8.412645e+01 -1.054055e+01 1.660242e+02
      vertex   -8.414113e+01 -1.037285e+01 1.676567e+02
    endloop
  endfacet
  facet normal -9.404780e-02 9.902124e-01 -1.031232e-01
    outer loop
      vertex   -7.939289e+01 -1.004359e+01 1.664881e+02
      vertex   -8.414113e+01 -1.037285e+01 1.676567e+02
      vertex   -7.880539e+01 -9.975144e+00 1.666095e+02
    endloop
  endfacet
  facet normal -8.696802e-02 9.940492e-01 -6.559504e-02
    outer loop
      vertex   -7.880539e+01 -9.975144e+00 1.666095e+02
      vertex   -8.414113e+01 -1.037285e+01 1.676567e+02
      vertex   -7.248565e+01 -9.353132e+00 1.676567e+02
    endloop
  endfacet
  facet normal -7.994551e-02 9.911221e-01 -1.062342e-01
    outer loop
      vertex   -7.880539e+01 -9.975144e+00 1.666095e+02
      vertex   -7.248565e+01 -9.353132e+00 1.676567e+02
      vertex   -7.821514e+01 -9.940545e+00 1.664881e+02
    endloop
  endfacet
  facet normal -8.072597e-02 9.914448e-01 -1.025701e-01
    outer loop
      vertex   -7.821514e+01 -9.940545e+00 1.664881e+02
      vertex   -7.248565e+01 -9.353132e+00 1.676567e+02
      vertex   -7.247098e+01 -9.520827e+00 1.660242e+02
    endloop
  endfacet
  facet normal -8.521958e-02 9.823628e-01 -1.664358e-01
    outer loop
      vertex   -7.821514e+01 -9.940545e+00 1.664881e+02
      vertex   -7.247098e+01 -9.520827e+00 1.660242e+02
      vertex   -7.771971e+01 -9.955371e+00 1.661469e+02
    endloop
  endfacet
  facet normal -8.559441e-02 9.716019e-01 -2.205976e-01
    outer loop
      vertex   -7.771971e+01 -9.955371e+00 1.661469e+02
      vertex   -7.247098e+01 -9.520827e+00 1.660242e+02
      vertex   -7.739314e+01 -1.004064e+01 1.656446e+02
    endloop
  endfacet
  facet normal -7.873733e-02 9.548273e-01 -2.865401e-01
    outer loop
      vertex   -7.739314e+01 -1.004064e+01 1.656446e+02
      vertex   -7.247098e+01 -9.520827e+00 1.660242e+02
      vertex   -7.728030e+01 -1.020222e+01 1.650752e+02
    endloop
  endfacet
  facet normal -7.471915e-02 9.499329e-01 -3.033884e-01
    outer loop
      vertex   -7.728030e+01 -1.020222e+01 1.650752e+02
      vertex   -7.247098e+01 -9.520827e+00 1.660242e+02
      vertex   -7.242758e+01 -1.001686e+01 1.644604e+02
    endloop
  endfacet
  facet normal -8.086047e-02 9.302952e-01 -3.577882e-01
    outer loop
      vertex   -7.728030e+01 -1.020222e+01 1.650752e+02
      vertex   -7.242758e+01 -1.001686e+01 1.644604e+02
      vertex   -7.738195e+01 -1.042494e+01 1.645191e+02
    endloop
  endfacet
  facet normal -7.939448e-02 9.033436e-01 -4.215055e-01
    outer loop
      vertex   -7.738195e+01 -1.042494e+01 1.645191e+02
      vertex   -7.242758e+01 -1.001686e+01 1.644604e+02
      vertex   -7.767823e+01 -1.066957e+01 1.640506e+02
    endloop
  endfacet
  facet normal -7.169468e-02 8.761023e-01 -4.767648e-01
    outer loop
      vertex   -7.767823e+01 -1.066957e+01 1.640506e+02
      vertex   -7.242758e+01 -1.001686e+01 1.644604e+02
      vertex   -7.814060e+01 -1.088324e+01 1.637275e+02
    endloop
  endfacet
  facet normal -6.861320e-02 8.682018e-01 -4.914447e-01
    outer loop
      vertex   -7.814060e+01 -1.088324e+01 1.637275e+02
      vertex   -7.242758e+01 -1.001686e+01 1.644604e+02
      vertex   -7.235728e+01 -1.082034e+01 1.630311e+02
    endloop
  endfacet
  facet normal -9.961947e-01 -8.715573e-02 1.781294e-08
    outer loop
      vertex   -8.414113e+01 -1.037285e+01 1.724595e+02
      vertex   -8.414113e+01 -1.037285e+01 1.676567e+02
      vertex   -8.374893e+01 -1.485573e+01 1.724595e+02
    endloop
  endfacet
  facet normal -9.961947e-01 -8.715573e-02 1.781295e-08
    outer loop
      vertex   -8.374893e+01 -1.485573e+01 1.724595e+02
      vertex   -8.414113e+01 -1.037285e+01 1.676567e+02
      vertex   -8.412645e+01 -1.054055e+01 1.660242e+02
    endloop
  endfacet
  facet normal -9.961947e-01 -8.715573e-02 1.781294e-08
    outer loop
      vertex   -8.374893e+01 -1.485573e+01 1.724595e+02
      vertex   -8.412645e+01 -1.054055e+01 1.660242e+02
      vertex   -8.408306e+01 -1.103658e+01 1.644604e+02
    endloop
  endfacet
  facet normal -9.961947e-01 -8.715573e-02 1.781295e-08
    outer loop
      vertex   -8.408306e+01 -1.103658e+01 1.644604e+02
      vertex   -8.401276e+01 -1.184006e+01 1.630311e+02
      vertex   -8.374893e+01 -1.485573e+01 1.724595e+02
    endloop
  endfacet
  facet normal -9.961947e-01 -8.715570e-02 2.533381e-08
    outer loop
      vertex   -8.374893e+01 -1.485573e+01 1.724595e+02
      vertex   -8.401276e+01 -1.184006e+01 1.630311e+02
      vertex   -8.394503e+01 -1.261429e+01 1.619345e+02
    endloop
  endfacet
  facet normal -9.961947e-01 -8.715574e-02 1.781295e-08
    outer loop
      vertex   -8.374893e+01 -1.485573e+01 1.724595e+02
      vertex   -8.394503e+01 -1.261429e+01 1.619345e+02
      vertex   -8.374893e+01 -1.485573e+01 1.619345e+02
    endloop
  endfacet
  facet normal -7.111020e-02 8.127934e-01 -5.781957e-01
    outer loop
      vertex   -7.235728e+01 -1.082034e+01 1.630311e+02
      vertex   -7.228955e+01 -1.159457e+01 1.619345e+02
      vertex   -8.401276e+01 -1.184006e+01 1.630311e+02
    endloop
  endfacet
  facet normal -7.111020e-02 8.127934e-01 -5.781957e-01
    outer loop
      vertex   -8.401276e+01 -1.184006e+01 1.630311e+02
      vertex   -7.228955e+01 -1.159457e+01 1.619345e+02
      vertex   -8.394503e+01 -1.261429e+01 1.619345e+02
    endloop
  endfacet
  facet normal -9.625618e-01 -8.055090e-02 -2.588173e-01
    outer loop
      vertex   -7.646444e+01 -2.182863e+01 1.658595e+02
      vertex   -7.739314e+01 -1.004064e+01 1.656446e+02
      vertex   -7.626424e+01 -2.181111e+01 1.651095e+02
    endloop
  endfacet
  facet normal -9.816481e-01 -8.641983e-02 -1.699960e-01
    outer loop
      vertex   -7.626424e+01 -2.181111e+01 1.651095e+02
      vertex   -7.739314e+01 -1.004064e+01 1.656446e+02
      vertex   -7.728030e+01 -1.020222e+01 1.650752e+02
    endloop
  endfacet
  facet normal -9.736374e-01 -8.459130e-02 2.118362e-01
    outer loop
      vertex   -7.626424e+01 -2.181111e+01 1.651095e+02
      vertex   -7.728030e+01 -1.020222e+01 1.650752e+02
      vertex   -7.738195e+01 -1.042494e+01 1.645191e+02
    endloop
  endfacet
  facet normal -8.417919e-01 -7.605909e-02 -5.344169e-01
    outer loop
      vertex   -7.739314e+01 -1.004064e+01 1.656446e+02
      vertex   -7.646444e+01 -2.182863e+01 1.658595e+02
      vertex   -7.771971e+01 -9.955371e+00 1.661469e+02
    endloop
  endfacet
  facet normal -7.047801e-01 -5.739363e-02 -7.071004e-01
    outer loop
      vertex   -7.771971e+01 -9.955371e+00 1.661469e+02
      vertex   -7.646444e+01 -2.182863e+01 1.658595e+02
      vertex   -7.701139e+01 -2.187648e+01 1.664085e+02
    endloop
  endfacet
  facet normal -5.674675e-01 -5.175133e-02 -8.217679e-01
    outer loop
      vertex   -7.771971e+01 -9.955371e+00 1.661469e+02
      vertex   -7.701139e+01 -2.187648e+01 1.664085e+02
      vertex   -7.821514e+01 -9.940545e+00 1.664881e+02
    endloop
  endfacet
  facet normal -2.580927e-01 -1.958943e-02 -9.659215e-01
    outer loop
      vertex   -7.821514e+01 -9.940545e+00 1.664881e+02
      vertex   -7.701139e+01 -2.187648e+01 1.664085e+02
      vertex   -7.775853e+01 -2.194185e+01 1.666095e+02
    endloop
  endfacet
  facet normal -2.004221e-01 -1.753313e-02 -9.795527e-01
    outer loop
      vertex   -7.821514e+01 -9.940545e+00 1.664881e+02
      vertex   -7.775853e+01 -2.194185e+01 1.666095e+02
      vertex   -7.880539e+01 -9.975144e+00 1.666095e+02
    endloop
  endfacet
  facet normal 2.003714e-01 1.752860e-02 -9.795632e-01
    outer loop
      vertex   -7.880539e+01 -9.975144e+00 1.666095e+02
      vertex   -7.775853e+01 -2.194185e+01 1.666095e+02
      vertex   -7.939289e+01 -1.004359e+01 1.664881e+02
    endloop
  endfacet
  facet normal 2.575734e-01 2.552508e-02 -9.659215e-01
    outer loop
      vertex   -7.939289e+01 -1.004359e+01 1.664881e+02
      vertex   -7.775853e+01 -2.194185e+01 1.666095e+02
      vertex   -7.850568e+01 -2.200722e+01 1.664085e+02
    endloop
  endfacet
  facet normal 5.678166e-01 4.757363e-02 -8.217792e-01
    outer loop
      vertex   -7.939289e+01 -1.004359e+01 1.664881e+02
      vertex   -7.850568e+01 -2.200722e+01 1.664085e+02
      vertex   -7.987812e+01 -1.014420e+01 1.661470e+02
    endloop
  endfacet
  facet normal 7.040392e-01 6.586163e-02 -7.071004e-01
    outer loop
      vertex   -7.987812e+01 -1.014420e+01 1.661470e+02
      vertex   -7.850568e+01 -2.200722e+01 1.664085e+02
      vertex   -7.905263e+01 -2.205507e+01 1.658595e+02
    endloop
  endfacet
  facet normal 8.421862e-01 7.126885e-02 -5.344559e-01
    outer loop
      vertex   -7.987812e+01 -1.014420e+01 1.661470e+02
      vertex   -7.905263e+01 -2.205507e+01 1.658595e+02
      vertex   -8.018500e+01 -1.028489e+01 1.656446e+02
    endloop
  endfacet
  facet normal 9.619258e-01 8.781955e-02 -2.588173e-01
    outer loop
      vertex   -8.018500e+01 -1.028489e+01 1.656446e+02
      vertex   -7.905263e+01 -2.205507e+01 1.658595e+02
      vertex   -7.925283e+01 -2.207258e+01 1.651095e+02
    endloop
  endfacet
  facet normal 9.817286e-01 8.535628e-02 -1.700682e-01
    outer loop
      vertex   -8.018500e+01 -1.028489e+01 1.656446e+02
      vertex   -7.925283e+01 -2.207258e+01 1.651095e+02
      vertex   -8.026808e+01 -1.046355e+01 1.650754e+02
    endloop
  endfacet
  facet normal 9.736223e-01 8.576758e-02 2.114323e-01
    outer loop
      vertex   -8.026808e+01 -1.046355e+01 1.650754e+02
      vertex   -7.925283e+01 -2.207258e+01 1.651095e+02
      vertex   -8.012974e+01 -1.066493e+01 1.645200e+02
    endloop
  endfacet
  facet normal 9.619712e-01 8.732042e-02 2.588177e-01
    outer loop
      vertex   -8.012974e+01 -1.066493e+01 1.645200e+02
      vertex   -7.925283e+01 -2.207258e+01 1.651095e+02
      vertex   -7.905263e+01 -2.205507e+01 1.643595e+02
    endloop
  endfacet
  facet normal 8.254535e-01 7.016395e-02 5.600925e-01
    outer loop
      vertex   -8.012974e+01 -1.066493e+01 1.645200e+02
      vertex   -7.905263e+01 -2.205507e+01 1.643595e+02
      vertex   -7.979523e+01 -1.085468e+01 1.640508e+02
    endloop
  endfacet
  facet normal 7.040119e-01 6.616344e-02 7.070994e-01
    outer loop
      vertex   -7.979523e+01 -1.085468e+01 1.640508e+02
      vertex   -7.905263e+01 -2.205507e+01 1.643595e+02
      vertex   -7.850568e+01 -2.200722e+01 1.638104e+02
    endloop
  endfacet
  facet normal 5.569186e-01 4.652221e-02 8.292631e-01
    outer loop
      vertex   -7.979523e+01 -1.085468e+01 1.640508e+02
      vertex   -7.850568e+01 -2.200722e+01 1.638104e+02
      vertex   -7.930354e+01 -1.098475e+01 1.637279e+02
    endloop
  endfacet
  facet normal 2.575425e-01 2.587523e-02 9.659205e-01
    outer loop
      vertex   -7.930354e+01 -1.098475e+01 1.637279e+02
      vertex   -7.850568e+01 -2.200722e+01 1.638104e+02
      vertex   -7.775853e+01 -2.194185e+01 1.636095e+02
    endloop
  endfacet
  facet normal 1.979291e-01 1.731659e-02 9.800634e-01
    outer loop
      vertex   -7.930354e+01 -1.098475e+01 1.637279e+02
      vertex   -7.775853e+01 -2.194185e+01 1.636095e+02
      vertex   -7.871567e+01 -1.100169e+01 1.636095e+02
    endloop
  endfacet
  facet normal -1.975891e-01 -1.728676e-02 9.801325e-01
    outer loop
      vertex   -7.871567e+01 -1.100169e+01 1.636095e+02
      vertex   -7.775853e+01 -2.194185e+01 1.636095e+02
      vertex   -7.814060e+01 -1.088324e+01 1.637275e+02
    endloop
  endfacet
  facet normal -2.581241e-01 -1.922652e-02 9.659204e-01
    outer loop
      vertex   -7.814060e+01 -1.088324e+01 1.637275e+02
      vertex   -7.775853e+01 -2.194185e+01 1.636095e+02
      vertex   -7.701139e+01 -2.187648e+01 1.638104e+02
    endloop
  endfacet
  facet normal -5.561583e-01 -5.086932e-02 8.295181e-01
    outer loop
      vertex   -7.814060e+01 -1.088324e+01 1.637275e+02
      vertex   -7.701139e+01 -2.187648e+01 1.638104e+02
      vertex   -7.767823e+01 -1.066957e+01 1.640506e+02
    endloop
  endfacet
  facet normal -7.048056e-01 -5.709090e-02 7.070995e-01
    outer loop
      vertex   -7.767823e+01 -1.066957e+01 1.640506e+02
      vertex   -7.701139e+01 -2.187648e+01 1.638104e+02
      vertex   -7.646444e+01 -2.182863e+01 1.643595e+02
    endloop
  endfacet
  facet normal -8.248678e-01 -7.420996e-02 5.604338e-01
    outer loop
      vertex   -7.767823e+01 -1.066957e+01 1.640506e+02
      vertex   -7.646444e+01 -2.182863e+01 1.643595e+02
      vertex   -7.738195e+01 -1.042494e+01 1.645191e+02
    endloop
  endfacet
  facet normal -9.625186e-01 -8.106373e-02 2.588178e-01
    outer loop
      vertex   -7.738195e+01 -1.042494e+01 1.645191e+02
      vertex   -7.646444e+01 -2.182863e+01 1.643595e+02
      vertex   -7.626424e+01 -2.181111e+01 1.651095e+02
    endloop
  endfacet
  facet normal 8.106329e-01 5.758386e-01 -1.062272e-01
    outer loop
      vertex   4.266089e+01 -6.630601e+01 1.664881e+02
      vertex   3.942796e+01 -6.153931e+01 1.676567e+02
      vertex   4.301378e+01 -6.678041e+01 1.666095e+02
    endloop
  endfacet
  facet normal 8.173879e-01 5.723411e-01 -6.559506e-02
    outer loop
      vertex   4.301378e+01 -6.678041e+01 1.666095e+02
      vertex   3.942796e+01 -6.153931e+01 1.676567e+02
      vertex   4.613881e+01 -7.112339e+01 1.676567e+02
    endloop
  endfacet
  facet normal 8.189998e-01 5.644498e-01 -1.031302e-01
    outer loop
      vertex   4.301378e+01 -6.678041e+01 1.666095e+02
      vertex   4.613881e+01 -7.112339e+01 1.676567e+02
      vertex   4.333898e+01 -6.727445e+01 1.664880e+02
    endloop
  endfacet
  facet normal 8.189685e-01 5.645974e-01 -1.025692e-01
    outer loop
      vertex   4.333898e+01 -6.727445e+01 1.664880e+02
      vertex   4.613881e+01 -7.112339e+01 1.676567e+02
      vertex   4.600092e+01 -7.121994e+01 1.660242e+02
    endloop
  endfacet
  facet normal 8.082760e-01 5.648625e-01 -1.661934e-01
    outer loop
      vertex   4.333898e+01 -6.727445e+01 1.664880e+02
      vertex   4.600092e+01 -7.121994e+01 1.660242e+02
      vertex   4.357379e+01 -6.771082e+01 1.661469e+02
    endloop
  endfacet
  facet normal 7.985372e-01 5.600314e-01 -2.206879e-01
    outer loop
      vertex   4.357379e+01 -6.771082e+01 1.661469e+02
      vertex   4.600092e+01 -7.121994e+01 1.660242e+02
      vertex   4.366324e+01 -6.803632e+01 1.656445e+02
    endloop
  endfacet
  facet normal 7.882614e-01 5.446555e-01 -2.863464e-01
    outer loop
      vertex   4.366324e+01 -6.803632e+01 1.656445e+02
      vertex   4.600092e+01 -7.121994e+01 1.660242e+02
      vertex   4.357976e+01 -6.821478e+01 1.650753e+02
    endloop
  endfacet
  facet normal 7.865356e-01 5.378857e-01 -3.033821e-01
    outer loop
      vertex   4.357976e+01 -6.821478e+01 1.650753e+02
      vertex   4.600092e+01 -7.121994e+01 1.660242e+02
      vertex   4.559304e+01 -7.150554e+01 1.644604e+02
    endloop
  endfacet
  facet normal 7.653220e-01 5.350658e-01 -3.577524e-01
    outer loop
      vertex   4.357976e+01 -6.821478e+01 1.650753e+02
      vertex   4.559304e+01 -7.150554e+01 1.644604e+02
      vertex   4.333654e+01 -6.823822e+01 1.645199e+02
    endloop
  endfacet
  facet normal 7.426083e-01 5.205379e-01 -4.213943e-01
    outer loop
      vertex   4.333654e+01 -6.823822e+01 1.645199e+02
      vertex   4.559304e+01 -7.150554e+01 1.644604e+02
      vertex   4.297616e+01 -6.810392e+01 1.640507e+02
    endloop
  endfacet
  facet normal 7.229751e-01 4.985868e-01 -4.782450e-01
    outer loop
      vertex   4.297616e+01 -6.810392e+01 1.640507e+02
      vertex   4.559304e+01 -7.150554e+01 1.644604e+02
      vertex   4.256046e+01 -6.781084e+01 1.637278e+02
    endloop
  endfacet
  facet normal 7.184506e-01 4.922570e-01 -4.914385e-01
    outer loop
      vertex   4.256046e+01 -6.781084e+01 1.637278e+02
      vertex   4.559304e+01 -7.150554e+01 1.644604e+02
      vertex   4.493235e+01 -7.196816e+01 1.630312e+02
    endloop
  endfacet
  facet normal 7.049562e-01 4.883904e-01 -5.143070e-01
    outer loop
      vertex   4.256046e+01 -6.781084e+01 1.637278e+02
      vertex   4.493235e+01 -7.196816e+01 1.630312e+02
      vertex   4.216963e+01 -6.737138e+01 1.636095e+02
    endloop
  endfacet
  facet normal 6.881049e-01 4.818162e-01 -5.425540e-01
    outer loop
      vertex   4.216963e+01 -6.737138e+01 1.636095e+02
      vertex   4.493235e+01 -7.196816e+01 1.630312e+02
      vertex   3.822151e+01 -6.238408e+01 1.630312e+02
    endloop
  endfacet
  facet normal 7.011291e-01 4.955948e-01 -5.126439e-01
    outer loop
      vertex   4.216963e+01 -6.737138e+01 1.636095e+02
      vertex   3.822151e+01 -6.238408e+01 1.630312e+02
      vertex   4.189073e+01 -6.685470e+01 1.637275e+02
    endloop
  endfacet
  facet normal 7.091849e-01 5.055087e-01 -4.914446e-01
    outer loop
      vertex   4.189073e+01 -6.685470e+01 1.637275e+02
      vertex   3.822151e+01 -6.238408e+01 1.630312e+02
      vertex   3.888220e+01 -6.192146e+01 1.644604e+02
    endloop
  endfacet
  facet normal 7.172220e-01 5.082280e-01 -4.767566e-01
    outer loop
      vertex   4.189073e+01 -6.685470e+01 1.637275e+02
      vertex   3.888220e+01 -6.192146e+01 1.644604e+02
      vertex   4.175723e+01 -6.636318e+01 1.640506e+02
    endloop
  endfacet
  facet normal 7.430390e-01 5.198405e-01 -4.214961e-01
    outer loop
      vertex   4.175723e+01 -6.636318e+01 1.640506e+02
      vertex   3.888220e+01 -6.192146e+01 1.644604e+02
      vertex   4.175420e+01 -6.597899e+01 1.645191e+02
    endloop
  endfacet
  facet normal 7.646265e-01 5.360425e-01 -3.577775e-01
    outer loop
      vertex   4.175420e+01 -6.597899e+01 1.645191e+02
      vertex   3.888220e+01 -6.192146e+01 1.644604e+02
      vertex   4.185949e+01 -6.575799e+01 1.650753e+02
    endloop
  endfacet
  facet normal 7.757192e-01 5.533672e-01 -3.033883e-01
    outer loop
      vertex   4.185949e+01 -6.575799e+01 1.650753e+02
      vertex   3.888220e+01 -6.192146e+01 1.644604e+02
      vertex   3.929007e+01 -6.163586e+01 1.660242e+02
    endloop
  endfacet
  facet normal 7.820553e-01 5.534354e-01 -2.865289e-01
    outer loop
      vertex   4.185949e+01 -6.575799e+01 1.650753e+02
      vertex   3.929007e+01 -6.163586e+01 1.660242e+02
      vertex   4.205582e+01 -6.574060e+01 1.656447e+02
    endloop
  endfacet
  facet normal 7.993112e-01 5.589656e-01 -2.205879e-01
    outer loop
      vertex   4.205582e+01 -6.574060e+01 1.656447e+02
      vertex   3.929007e+01 -6.163586e+01 1.660242e+02
      vertex   4.233106e+01 -6.593599e+01 1.661469e+02
    endloop
  endfacet
  facet normal 8.073125e-01 5.661697e-01 -1.664284e-01
    outer loop
      vertex   4.233106e+01 -6.593599e+01 1.661469e+02
      vertex   3.929007e+01 -6.163586e+01 1.660242e+02
      vertex   4.266089e+01 -6.630601e+01 1.664881e+02
    endloop
  endfacet
  facet normal 8.113803e-01 5.754489e-01 -1.025700e-01
    outer loop
      vertex   4.266089e+01 -6.630601e+01 1.664881e+02
      vertex   3.929007e+01 -6.163586e+01 1.660242e+02
      vertex   3.942796e+01 -6.153931e+01 1.676567e+02
    endloop
  endfacet
  facet normal 8.191521e-01 5.735764e-01 -3.733242e-08
    outer loop
      vertex   3.942796e+01 -6.153931e+01 1.676567e+02
      vertex   3.942796e+01 -6.153931e+01 1.724595e+02
      vertex   4.613881e+01 -7.112339e+01 1.676567e+02
    endloop
  endfacet
  facet normal 8.191521e-01 5.735764e-01 -3.733242e-08
    outer loop
      vertex   4.613881e+01 -7.112339e+01 1.676567e+02
      vertex   3.942796e+01 -6.153931e+01 1.724595e+02
      vertex   4.613881e+01 -7.112339e+01 1.724595e+02
    endloop
  endfacet
  facet normal -5.510396e-01 7.933278e-01 -2.588174e-01
    outer loop
      vertex   3.391889e+01 -7.473455e+01 1.658595e+02
      vertex   4.366324e+01 -6.803632e+01 1.656445e+02
      vertex   3.403416e+01 -7.489917e+01 1.651095e+02
    endloop
  endfacet
  facet normal -5.656634e-01 8.069217e-01 -1.700068e-01
    outer loop
      vertex   3.403416e+01 -7.489917e+01 1.651095e+02
      vertex   4.366324e+01 -6.803632e+01 1.656445e+02
      vertex   4.357976e+01 -6.821478e+01 1.650753e+02
    endloop
  endfacet
  facet normal -5.601219e-01 8.009588e-01 2.114909e-01
    outer loop
      vertex   3.403416e+01 -7.489917e+01 1.651095e+02
      vertex   4.357976e+01 -6.821478e+01 1.650753e+02
      vertex   4.333654e+01 -6.823822e+01 1.645199e+02
    endloop
  endfacet
  facet normal -4.867715e-01 6.909904e-01 -5.344023e-01
    outer loop
      vertex   4.366324e+01 -6.803632e+01 1.656445e+02
      vertex   3.391889e+01 -7.473455e+01 1.658595e+02
      vertex   4.357379e+01 -6.771082e+01 1.661469e+02
    endloop
  endfacet
  facet normal -4.020949e-01 5.816603e-01 -7.071004e-01
    outer loop
      vertex   4.357379e+01 -6.771082e+01 1.661469e+02
      vertex   3.391889e+01 -7.473455e+01 1.658595e+02
      vertex   3.360398e+01 -7.428481e+01 1.664085e+02
    endloop
  endfacet
  facet normal -3.285717e-01 4.655962e-01 -8.217426e-01
    outer loop
      vertex   4.357379e+01 -6.771082e+01 1.661469e+02
      vertex   3.360398e+01 -7.428481e+01 1.664085e+02
      vertex   4.333898e+01 -6.727445e+01 1.664880e+02
    endloop
  endfacet
  facet normal -1.460126e-01 2.137192e-01 -9.659216e-01
    outer loop
      vertex   4.333898e+01 -6.727445e+01 1.664880e+02
      vertex   3.360398e+01 -7.428481e+01 1.664085e+02
      vertex   3.317379e+01 -7.367045e+01 1.666095e+02
    endloop
  endfacet
  facet normal -1.154034e-01 1.648131e-01 -9.795503e-01
    outer loop
      vertex   4.333898e+01 -6.727445e+01 1.664880e+02
      vertex   3.317379e+01 -7.367045e+01 1.666095e+02
      vertex   4.301378e+01 -6.678041e+01 1.666095e+02
    endloop
  endfacet
  facet normal 1.153603e-01 -1.647516e-01 -9.795657e-01
    outer loop
      vertex   4.301378e+01 -6.678041e+01 1.666095e+02
      vertex   3.317379e+01 -7.367045e+01 1.666095e+02
      vertex   4.266089e+01 -6.630601e+01 1.664881e+02
    endloop
  endfacet
  facet normal 1.508934e-01 -2.103017e-01 -9.659215e-01
    outer loop
      vertex   4.266089e+01 -6.630601e+01 1.664881e+02
      vertex   3.317379e+01 -7.367045e+01 1.666095e+02
      vertex   3.274361e+01 -7.305608e+01 1.664085e+02
    endloop
  endfacet
  facet normal 3.250864e-01 -4.679276e-01 -8.218045e-01
    outer loop
      vertex   4.266089e+01 -6.630601e+01 1.664881e+02
      vertex   3.274361e+01 -7.305608e+01 1.664085e+02
      vertex   4.233106e+01 -6.593599e+01 1.661469e+02
    endloop
  endfacet
  facet normal 4.090580e-01 -5.767847e-01 -7.071004e-01
    outer loop
      vertex   4.233106e+01 -6.593599e+01 1.661469e+02
      vertex   3.274361e+01 -7.305608e+01 1.664085e+02
      vertex   3.242870e+01 -7.260634e+01 1.658595e+02
    endloop
  endfacet
  facet normal 4.828096e-01 -6.937119e-01 -5.344705e-01
    outer loop
      vertex   4.233106e+01 -6.593599e+01 1.661469e+02
      vertex   3.242870e+01 -7.260634e+01 1.658595e+02
      vertex   4.205582e+01 -6.574060e+01 1.656447e+02
    endloop
  endfacet
  facet normal 5.570165e-01 -7.891427e-01 -2.588173e-01
    outer loop
      vertex   4.205582e+01 -6.574060e+01 1.656447e+02
      vertex   3.242870e+01 -7.260634e+01 1.658595e+02
      vertex   3.231343e+01 -7.244172e+01 1.651095e+02
    endloop
  endfacet
  facet normal 5.647848e-01 -8.075262e-01 -1.700575e-01
    outer loop
      vertex   4.205582e+01 -6.574060e+01 1.656447e+02
      vertex   3.231343e+01 -7.244172e+01 1.651095e+02
      vertex   4.185949e+01 -6.575799e+01 1.650753e+02
    endloop
  endfacet
  facet normal 5.610473e-01 -8.002351e-01 2.117775e-01
    outer loop
      vertex   4.185949e+01 -6.575799e+01 1.650753e+02
      vertex   3.231343e+01 -7.244172e+01 1.651095e+02
      vertex   4.175420e+01 -6.597899e+01 1.645191e+02
    endloop
  endfacet
  facet normal 5.565975e-01 -7.894381e-01 2.588178e-01
    outer loop
      vertex   4.175420e+01 -6.597899e+01 1.645191e+02
      vertex   3.231343e+01 -7.244172e+01 1.651095e+02
      vertex   3.242870e+01 -7.260634e+01 1.643595e+02
    endloop
  endfacet
  facet normal 4.733854e-01 -6.796145e-01 5.603841e-01
    outer loop
      vertex   4.175420e+01 -6.597899e+01 1.645191e+02
      vertex   3.242870e+01 -7.260634e+01 1.643595e+02
      vertex   4.175723e+01 -6.636318e+01 1.640506e+02
    endloop
  endfacet
  facet normal 4.093061e-01 -5.766098e-01 7.070995e-01
    outer loop
      vertex   4.175723e+01 -6.636318e+01 1.640506e+02
      vertex   3.242870e+01 -7.260634e+01 1.643595e+02
      vertex   3.274361e+01 -7.305608e+01 1.638104e+02
    endloop
  endfacet
  facet normal 3.185534e-01 -4.587817e-01 8.294836e-01
    outer loop
      vertex   4.175723e+01 -6.636318e+01 1.640506e+02
      vertex   3.274361e+01 -7.305608e+01 1.638104e+02
      vertex   4.189073e+01 -6.685470e+01 1.637275e+02
    endloop
  endfacet
  facet normal 1.511896e-01 -2.100938e-01 9.659204e-01
    outer loop
      vertex   4.189073e+01 -6.685470e+01 1.637275e+02
      vertex   3.274361e+01 -7.305608e+01 1.638104e+02
      vertex   3.317379e+01 -7.367045e+01 1.636095e+02
    endloop
  endfacet
  facet normal 1.138025e-01 -1.625238e-01 9.801199e-01
    outer loop
      vertex   4.189073e+01 -6.685470e+01 1.637275e+02
      vertex   3.317379e+01 -7.367045e+01 1.636095e+02
      vertex   4.216963e+01 -6.737138e+01 1.636095e+02
    endloop
  endfacet
  facet normal -1.139267e-01 1.627013e-01 9.800760e-01
    outer loop
      vertex   4.216963e+01 -6.737138e+01 1.636095e+02
      vertex   3.317379e+01 -7.367045e+01 1.636095e+02
      vertex   4.256046e+01 -6.781084e+01 1.637278e+02
    endloop
  endfacet
  facet normal -1.457225e-01 2.139220e-01 9.659205e-01
    outer loop
      vertex   4.256046e+01 -6.781084e+01 1.637278e+02
      vertex   3.317379e+01 -7.367045e+01 1.636095e+02
      vertex   3.360398e+01 -7.428481e+01 1.638104e+02
    endloop
  endfacet
  facet normal -3.223134e-01 4.564859e-01 8.292978e-01
    outer loop
      vertex   4.256046e+01 -6.781084e+01 1.637278e+02
      vertex   3.360398e+01 -7.428481e+01 1.638104e+02
      vertex   4.297616e+01 -6.810392e+01 1.640507e+02
    endloop
  endfacet
  facet normal -4.018460e-01 5.818335e-01 7.070994e-01
    outer loop
      vertex   4.297616e+01 -6.810392e+01 1.640507e+02
      vertex   3.360398e+01 -7.428481e+01 1.638104e+02
      vertex   3.391889e+01 -7.473455e+01 1.643595e+02
    endloop
  endfacet
  facet normal -4.768227e-01 6.774073e-01 5.601423e-01
    outer loop
      vertex   4.297616e+01 -6.810392e+01 1.640507e+02
      vertex   3.391889e+01 -7.473455e+01 1.643595e+02
      vertex   4.333654e+01 -6.823822e+01 1.645199e+02
    endloop
  endfacet
  facet normal -5.514527e-01 7.930405e-01 2.588177e-01
    outer loop
      vertex   4.333654e+01 -6.823822e+01 1.645199e+02
      vertex   3.391889e+01 -7.473455e+01 1.643595e+02
      vertex   3.403416e+01 -7.489917e+01 1.651095e+02
    endloop
  endfacet
  facet normal -7.055244e-01 -4.893498e-01 -5.126130e-01
    outer loop
      vertex   4.849475e+01 -6.222949e+01 1.637279e+02
      vertex   4.554934e+01 -5.725308e+01 1.630311e+02
      vertex   4.888558e+01 -6.266894e+01 1.636095e+02
    endloop
  endfacet
  facet normal -6.881049e-01 -4.818162e-01 -5.425540e-01
    outer loop
      vertex   4.888558e+01 -6.266894e+01 1.636095e+02
      vertex   4.554934e+01 -5.725308e+01 1.630311e+02
      vertex   5.226018e+01 -6.683716e+01 1.630311e+02
    endloop
  endfacet
  facet normal -7.000477e-01 -4.954048e-01 -5.143027e-01
    outer loop
      vertex   4.888558e+01 -6.266894e+01 1.636095e+02
      vertex   5.226018e+01 -6.683716e+01 1.630311e+02
      vertex   4.916484e+01 -6.318650e+01 1.637279e+02
    endloop
  endfacet
  facet normal -7.082948e-01 -5.067609e-01 -4.914385e-01
    outer loop
      vertex   4.916484e+01 -6.318650e+01 1.637279e+02
      vertex   5.226018e+01 -6.683716e+01 1.630311e+02
      vertex   5.159949e+01 -6.729978e+01 1.644604e+02
    endloop
  endfacet
  facet normal -7.157943e-01 -5.088489e-01 -4.782377e-01
    outer loop
      vertex   4.916484e+01 -6.318650e+01 1.637279e+02
      vertex   5.159949e+01 -6.729978e+01 1.644604e+02
      vertex   4.929804e+01 -6.367735e+01 1.640508e+02
    endloop
  endfacet
  facet normal -7.431354e-01 -5.197905e-01 -4.213878e-01
    outer loop
      vertex   4.929804e+01 -6.367735e+01 1.640508e+02
      vertex   5.159949e+01 -6.729978e+01 1.644604e+02
      vertex   4.930097e+01 -6.406191e+01 1.645200e+02
    endloop
  endfacet
  facet normal -7.645545e-01 -5.361660e-01 -3.577463e-01
    outer loop
      vertex   4.930097e+01 -6.406191e+01 1.645200e+02
      vertex   5.159949e+01 -6.729978e+01 1.644604e+02
      vertex   4.919575e+01 -6.428241e+01 1.650753e+02
    endloop
  endfacet
  facet normal -7.744581e-01 -5.551341e-01 -3.033821e-01
    outer loop
      vertex   4.919575e+01 -6.428241e+01 1.650753e+02
      vertex   5.159949e+01 -6.729978e+01 1.644604e+02
      vertex   5.119161e+01 -6.758538e+01 1.660242e+02
    endloop
  endfacet
  facet normal -7.814118e-01 -5.544404e-01 -2.863413e-01
    outer loop
      vertex   4.919575e+01 -6.428241e+01 1.650753e+02
      vertex   5.119161e+01 -6.758538e+01 1.660242e+02
      vertex   4.899950e+01 -6.429981e+01 1.656446e+02
    endloop
  endfacet
  facet normal -7.993739e-01 -5.588378e-01 -2.206846e-01
    outer loop
      vertex   4.899950e+01 -6.429981e+01 1.656446e+02
      vertex   5.119161e+01 -6.758538e+01 1.660242e+02
      vertex   4.872423e+01 -6.410442e+01 1.661469e+02
    endloop
  endfacet
  facet normal -8.072440e-01 -5.663369e-01 -1.661917e-01
    outer loop
      vertex   4.872423e+01 -6.410442e+01 1.661469e+02
      vertex   5.119161e+01 -6.758538e+01 1.660242e+02
      vertex   4.839450e+01 -6.373453e+01 1.664880e+02
    endloop
  endfacet
  facet normal -8.106517e-01 -5.764750e-01 -1.025691e-01
    outer loop
      vertex   4.839450e+01 -6.373453e+01 1.664880e+02
      vertex   5.119161e+01 -6.758538e+01 1.660242e+02
      vertex   5.105372e+01 -6.768193e+01 1.676567e+02
    endloop
  endfacet
  facet normal -8.105239e-01 -5.765547e-01 -1.031295e-01
    outer loop
      vertex   4.839450e+01 -6.373453e+01 1.664880e+02
      vertex   5.105372e+01 -6.768193e+01 1.676567e+02
      vertex   4.804148e+01 -6.325998e+01 1.666095e+02
    endloop
  endfacet
  facet normal -8.173879e-01 -5.723411e-01 -6.559496e-02
    outer loop
      vertex   4.804148e+01 -6.325998e+01 1.666095e+02
      vertex   5.105372e+01 -6.768193e+01 1.676567e+02
      vertex   4.434288e+01 -5.809785e+01 1.676567e+02
    endloop
  endfacet
  facet normal -8.183641e-01 -5.647954e-01 -1.062371e-01
    outer loop
      vertex   4.804148e+01 -6.325998e+01 1.666095e+02
      vertex   4.434288e+01 -5.809785e+01 1.676567e+02
      vertex   4.771629e+01 -6.276595e+01 1.664880e+02
    endloop
  endfacet
  facet normal -8.182532e-01 -5.656333e-01 -1.025700e-01
    outer loop
      vertex   4.771629e+01 -6.276595e+01 1.664880e+02
      vertex   4.434288e+01 -5.809785e+01 1.676567e+02
      vertex   4.448077e+01 -5.800130e+01 1.660242e+02
    endloop
  endfacet
  facet normal -8.081407e-01 -5.649835e-01 -1.664397e-01
    outer loop
      vertex   4.771629e+01 -6.276595e+01 1.664880e+02
      vertex   4.448077e+01 -5.800130e+01 1.660242e+02
      vertex   4.748148e+01 -6.232959e+01 1.661469e+02
    endloop
  endfacet
  facet normal -7.986341e-01 -5.599279e-01 -2.206001e-01
    outer loop
      vertex   4.748148e+01 -6.232959e+01 1.661469e+02
      vertex   4.448077e+01 -5.800130e+01 1.660242e+02
      vertex   4.739202e+01 -6.200409e+01 1.656446e+02
    endloop
  endfacet
  facet normal -7.875377e-01 -5.456040e-01 -2.865320e-01
    outer loop
      vertex   4.739202e+01 -6.200409e+01 1.656446e+02
      vertex   4.448077e+01 -5.800130e+01 1.660242e+02
      vertex   4.747549e+01 -6.182562e+01 1.650753e+02
    endloop
  endfacet
  facet normal -7.853068e-01 -5.396746e-01 -3.033883e-01
    outer loop
      vertex   4.747549e+01 -6.182562e+01 1.650753e+02
      vertex   4.448077e+01 -5.800130e+01 1.660242e+02
      vertex   4.488864e+01 -5.771570e+01 1.644604e+02
    endloop
  endfacet
  facet normal -7.652551e-01 -5.351826e-01 -3.577209e-01
    outer loop
      vertex   4.747549e+01 -6.182562e+01 1.650753e+02
      vertex   4.488864e+01 -5.771570e+01 1.644604e+02
      vertex   4.771869e+01 -6.180217e+01 1.645200e+02
    endloop
  endfacet
  facet normal -7.426437e-01 -5.204517e-01 -4.214384e-01
    outer loop
      vertex   4.771869e+01 -6.180217e+01 1.645200e+02
      vertex   4.488864e+01 -5.771570e+01 1.644604e+02
      vertex   4.807905e+01 -6.193645e+01 1.640508e+02
    endloop
  endfacet
  facet normal -7.228999e-01 -5.001632e-01 -4.767100e-01
    outer loop
      vertex   4.807905e+01 -6.193645e+01 1.640508e+02
      vertex   4.488864e+01 -5.771570e+01 1.644604e+02
      vertex   4.849475e+01 -6.222949e+01 1.637279e+02
    endloop
  endfacet
  facet normal -7.175788e-01 -4.935208e-01 -4.914446e-01
    outer loop
      vertex   4.849475e+01 -6.222949e+01 1.637279e+02
      vertex   4.488864e+01 -5.771570e+01 1.644604e+02
      vertex   4.554934e+01 -5.725308e+01 1.630311e+02
    endloop
  endfacet
  facet normal 5.735764e-01 -8.191521e-01 2.903575e-08
    outer loop
      vertex   5.105372e+01 -6.768193e+01 1.724595e+02
      vertex   5.105372e+01 -6.768193e+01 1.676567e+02
      vertex   5.473991e+01 -6.510084e+01 1.724595e+02
    endloop
  endfacet
  facet normal 5.735764e-01 -8.191521e-01 2.903577e-08
    outer loop
      vertex   5.473991e+01 -6.510084e+01 1.724595e+02
      vertex   5.105372e+01 -6.768193e+01 1.676567e+02
      vertex   5.119161e+01 -6.758538e+01 1.660242e+02
    endloop
  endfacet
  facet normal 5.735764e-01 -8.191521e-01 2.903576e-08
    outer loop
      vertex   5.473991e+01 -6.510084e+01 1.724595e+02
      vertex   5.119161e+01 -6.758538e+01 1.660242e+02
      vertex   5.159949e+01 -6.729978e+01 1.644604e+02
    endloop
  endfacet
  facet normal 5.735764e-01 -8.191521e-01 2.903576e-08
    outer loop
      vertex   5.159949e+01 -6.729978e+01 1.644604e+02
      vertex   5.226018e+01 -6.683716e+01 1.630311e+02
      vertex   5.473991e+01 -6.510084e+01 1.724595e+02
    endloop
  endfacet
  facet normal 5.735764e-01 -8.191521e-01 3.655271e-08
    outer loop
      vertex   5.473991e+01 -6.510084e+01 1.724595e+02
      vertex   5.226018e+01 -6.683716e+01 1.630311e+02
      vertex   5.289681e+01 -6.639138e+01 1.619345e+02
    endloop
  endfacet
  facet normal 5.735764e-01 -8.191520e-01 2.903576e-08
    outer loop
      vertex   5.473991e+01 -6.510084e+01 1.724595e+02
      vertex   5.289681e+01 -6.639138e+01 1.619345e+02
      vertex   5.473991e+01 -6.510084e+01 1.619345e+02
    endloop
  endfacet
  facet normal -6.683447e-01 -4.679800e-01 -5.781956e-01
    outer loop
      vertex   4.554934e+01 -5.725308e+01 1.630311e+02
      vertex   4.618597e+01 -5.680730e+01 1.619345e+02
      vertex   5.226018e+01 -6.683716e+01 1.630311e+02
    endloop
  endfacet
  facet normal -6.683447e-01 -4.679800e-01 -5.781956e-01
    outer loop
      vertex   5.226018e+01 -6.683716e+01 1.630311e+02
      vertex   4.618597e+01 -5.680730e+01 1.619345e+02
      vertex   5.289681e+01 -6.639138e+01 1.619345e+02
    endloop
  endfacet
  facet normal 5.510399e-01 -7.933276e-01 -2.588173e-01
    outer loop
      vertex   5.713637e+01 -5.530584e+01 1.658595e+02
      vertex   4.739202e+01 -6.200409e+01 1.656446e+02
      vertex   5.702110e+01 -5.514122e+01 1.651095e+02
    endloop
  endfacet
  facet normal 5.656602e-01 -8.069183e-01 -1.700335e-01
    outer loop
      vertex   5.702110e+01 -5.514122e+01 1.651095e+02
      vertex   4.739202e+01 -6.200409e+01 1.656446e+02
      vertex   4.747549e+01 -6.182562e+01 1.650753e+02
    endloop
  endfacet
  facet normal 5.601267e-01 -8.009642e-01 2.114579e-01
    outer loop
      vertex   5.702110e+01 -5.514122e+01 1.651095e+02
      vertex   4.747549e+01 -6.182562e+01 1.650753e+02
      vertex   4.771869e+01 -6.180217e+01 1.645200e+02
    endloop
  endfacet
  facet normal 4.867652e-01 -6.909818e-01 -5.344191e-01
    outer loop
      vertex   4.739202e+01 -6.200409e+01 1.656446e+02
      vertex   5.713637e+01 -5.530584e+01 1.658595e+02
      vertex   4.748148e+01 -6.232959e+01 1.661469e+02
    endloop
  endfacet
  facet normal 4.020948e-01 -5.816604e-01 -7.071004e-01
    outer loop
      vertex   4.748148e+01 -6.232959e+01 1.661469e+02
      vertex   5.713637e+01 -5.530584e+01 1.658595e+02
      vertex   5.745129e+01 -5.575558e+01 1.664085e+02
    endloop
  endfacet
  facet normal 3.285660e-01 -4.655882e-01 -8.217493e-01
    outer loop
      vertex   4.748148e+01 -6.232959e+01 1.661469e+02
      vertex   5.745129e+01 -5.575558e+01 1.664085e+02
      vertex   4.771629e+01 -6.276595e+01 1.664880e+02
    endloop
  endfacet
  facet normal 1.460124e-01 -2.137193e-01 -9.659215e-01
    outer loop
      vertex   4.771629e+01 -6.276595e+01 1.664880e+02
      vertex   5.745129e+01 -5.575558e+01 1.664085e+02
      vertex   5.788147e+01 -5.636995e+01 1.666095e+02
    endloop
  endfacet
  facet normal 1.154010e-01 -1.648098e-01 -9.795511e-01
    outer loop
      vertex   4.771629e+01 -6.276595e+01 1.664880e+02
      vertex   5.788147e+01 -5.636995e+01 1.666095e+02
      vertex   4.804148e+01 -6.325998e+01 1.666095e+02
    endloop
  endfacet
  facet normal -1.154011e-01 1.648097e-01 -9.795511e-01
    outer loop
      vertex   4.804148e+01 -6.325998e+01 1.666095e+02
      vertex   5.788147e+01 -5.636995e+01 1.666095e+02
      vertex   4.839450e+01 -6.373453e+01 1.664880e+02
    endloop
  endfacet
  facet normal -1.508913e-01 2.103031e-01 -9.659216e-01
    outer loop
      vertex   4.839450e+01 -6.373453e+01 1.664880e+02
      vertex   5.788147e+01 -5.636995e+01 1.666095e+02
      vertex   5.831165e+01 -5.698431e+01 1.664085e+02
    endloop
  endfacet
  facet normal -3.251336e-01 4.679916e-01 -8.217494e-01
    outer loop
      vertex   4.839450e+01 -6.373453e+01 1.664880e+02
      vertex   5.831165e+01 -5.698431e+01 1.664085e+02
      vertex   4.872423e+01 -6.410442e+01 1.661469e+02
    endloop
  endfacet
  facet normal -4.090574e-01 5.767851e-01 -7.071004e-01
    outer loop
      vertex   4.872423e+01 -6.410442e+01 1.661469e+02
      vertex   5.831165e+01 -5.698431e+01 1.664085e+02
      vertex   5.862657e+01 -5.743406e+01 1.658595e+02
    endloop
  endfacet
  facet normal -4.828270e-01 6.937393e-01 -5.344192e-01
    outer loop
      vertex   4.872423e+01 -6.410442e+01 1.661469e+02
      vertex   5.862657e+01 -5.743406e+01 1.658595e+02
      vertex   4.899950e+01 -6.429981e+01 1.656446e+02
    endloop
  endfacet
  facet normal -5.570173e-01 7.891421e-01 -2.588174e-01
    outer loop
      vertex   4.899950e+01 -6.429981e+01 1.656446e+02
      vertex   5.862657e+01 -5.743406e+01 1.658595e+02
      vertex   5.874183e+01 -5.759867e+01 1.651095e+02
    endloop
  endfacet
  facet normal -5.647879e-01 8.075291e-01 -1.700336e-01
    outer loop
      vertex   4.899950e+01 -6.429981e+01 1.656446e+02
      vertex   5.874183e+01 -5.759867e+01 1.651095e+02
      vertex   4.919575e+01 -6.428241e+01 1.650753e+02
    endloop
  endfacet
  facet normal -5.610855e-01 8.002928e-01 2.114579e-01
    outer loop
      vertex   4.919575e+01 -6.428241e+01 1.650753e+02
      vertex   5.874183e+01 -5.759867e+01 1.651095e+02
      vertex   4.930097e+01 -6.406191e+01 1.645200e+02
    endloop
  endfacet
  facet normal -5.566069e-01 7.894315e-01 2.588177e-01
    outer loop
      vertex   4.930097e+01 -6.406191e+01 1.645200e+02
      vertex   5.874183e+01 -5.759867e+01 1.651095e+02
      vertex   5.862657e+01 -5.743406e+01 1.643595e+02
    endloop
  endfacet
  facet normal -4.734846e-01 6.797729e-01 5.601081e-01
    outer loop
      vertex   4.930097e+01 -6.406191e+01 1.645200e+02
      vertex   5.862657e+01 -5.743406e+01 1.643595e+02
      vertex   4.929804e+01 -6.367735e+01 1.640508e+02
    endloop
  endfacet
  facet normal -4.093051e-01 5.766105e-01 7.070994e-01
    outer loop
      vertex   4.929804e+01 -6.367735e+01 1.640508e+02
      vertex   5.862657e+01 -5.743406e+01 1.643595e+02
      vertex   5.831165e+01 -5.698431e+01 1.638104e+02
    endloop
  endfacet
  facet normal -3.187432e-01 4.590369e-01 8.292695e-01
    outer loop
      vertex   4.929804e+01 -6.367735e+01 1.640508e+02
      vertex   5.831165e+01 -5.698431e+01 1.638104e+02
      vertex   4.916484e+01 -6.318650e+01 1.637279e+02
    endloop
  endfacet
  facet normal -1.511799e-01 2.101007e-01 9.659205e-01
    outer loop
      vertex   4.916484e+01 -6.318650e+01 1.637279e+02
      vertex   5.831165e+01 -5.698431e+01 1.638104e+02
      vertex   5.788147e+01 -5.636995e+01 1.636095e+02
    endloop
  endfacet
  facet normal -1.139588e-01 1.627502e-01 9.800642e-01
    outer loop
      vertex   4.916484e+01 -6.318650e+01 1.637279e+02
      vertex   5.788147e+01 -5.636995e+01 1.636095e+02
      vertex   4.888558e+01 -6.266894e+01 1.636095e+02
    endloop
  endfacet
  facet normal 1.139589e-01 -1.627501e-01 9.800642e-01
    outer loop
      vertex   4.888558e+01 -6.266894e+01 1.636095e+02
      vertex   5.788147e+01 -5.636995e+01 1.636095e+02
      vertex   4.849475e+01 -6.222949e+01 1.637279e+02
    endloop
  endfacet
  facet normal 1.457234e-01 -2.139213e-01 9.659205e-01
    outer loop
      vertex   4.849475e+01 -6.222949e+01 1.637279e+02
      vertex   5.788147e+01 -5.636995e+01 1.636095e+02
      vertex   5.745129e+01 -5.575558e+01 1.638104e+02
    endloop
  endfacet
  facet normal 3.223369e-01 -4.565205e-01 8.292695e-01
    outer loop
      vertex   4.849475e+01 -6.222949e+01 1.637279e+02
      vertex   5.745129e+01 -5.575558e+01 1.638104e+02
      vertex   4.807905e+01 -6.193645e+01 1.640508e+02
    endloop
  endfacet
  facet normal 4.018460e-01 -5.818334e-01 7.070995e-01
    outer loop
      vertex   4.807905e+01 -6.193645e+01 1.640508e+02
      vertex   5.745129e+01 -5.575558e+01 1.638104e+02
      vertex   5.713637e+01 -5.530584e+01 1.643595e+02
    endloop
  endfacet
  facet normal 4.768363e-01 -6.774261e-01 5.601081e-01
    outer loop
      vertex   4.807905e+01 -6.193645e+01 1.640508e+02
      vertex   5.713637e+01 -5.530584e+01 1.643595e+02
      vertex   4.771869e+01 -6.180217e+01 1.645200e+02
    endloop
  endfacet
  facet normal 5.514522e-01 -7.930409e-01 2.588178e-01
    outer loop
      vertex   4.771869e+01 -6.180217e+01 1.645200e+02
      vertex   5.713637e+01 -5.530584e+01 1.643595e+02
      vertex   5.702110e+01 -5.514122e+01 1.651095e+02
    endloop
  endfacet
  facet normal 6.683447e-01 4.679800e-01 -5.781955e-01
    outer loop
      vertex   4.493235e+01 -7.196816e+01 1.630312e+02
      vertex   4.429572e+01 -7.241394e+01 1.619345e+02
      vertex   3.822151e+01 -6.238408e+01 1.630312e+02
    endloop
  endfacet
  facet normal 6.683447e-01 4.679800e-01 -5.781955e-01
    outer loop
      vertex   3.822151e+01 -6.238408e+01 1.630312e+02
      vertex   4.429572e+01 -7.241394e+01 1.619345e+02
      vertex   3.758487e+01 -6.282986e+01 1.619345e+02
    endloop
  endfacet
  facet normal 5.735764e-01 -8.191521e-01 3.380652e-08
    outer loop
      vertex   3.758487e+01 -6.282986e+01 1.619345e+02
      vertex   3.942796e+01 -6.153931e+01 1.619345e+02
      vertex   3.822151e+01 -6.238408e+01 1.630312e+02
    endloop
  endfacet
  facet normal 5.735764e-01 -8.191521e-01 3.380651e-08
    outer loop
      vertex   3.822151e+01 -6.238408e+01 1.630312e+02
      vertex   3.942796e+01 -6.153931e+01 1.619345e+02
      vertex   3.942796e+01 -6.153931e+01 1.651095e+02
    endloop
  endfacet
  facet normal -1.392667e-08 -4.519766e-08 -1.000000e+00
    outer loop
      vertex   3.758487e+01 -6.282986e+01 1.619345e+02
      vertex   3.369180e+01 -5.780390e+01 1.619345e+02
      vertex   3.942796e+01 -6.153931e+01 1.619345e+02
    endloop
  endfacet
  facet normal -1.392670e-08 -4.519770e-08 -1.000000e+00
    outer loop
      vertex   3.942796e+01 -6.153931e+01 1.619345e+02
      vertex   3.369180e+01 -5.780390e+01 1.619345e+02
      vertex   4.279462e+01 -5.143003e+01 1.619345e+02
    endloop
  endfacet
  facet normal -1.392671e-08 -4.519770e-08 -1.000000e+00
    outer loop
      vertex   3.942796e+01 -6.153931e+01 1.619345e+02
      vertex   4.279462e+01 -5.143003e+01 1.619345e+02
      vertex   4.434288e+01 -5.809785e+01 1.619345e+02
    endloop
  endfacet
  facet normal -1.392668e-08 -4.519769e-08 -1.000000e+00
    outer loop
      vertex   4.434288e+01 -5.809785e+01 1.619345e+02
      vertex   4.279462e+01 -5.143003e+01 1.619345e+02
      vertex   4.618597e+01 -5.680730e+01 1.619345e+02
    endloop
  endfacet
  facet normal -1.392671e-08 -4.519771e-08 -1.000000e+00
    outer loop
      vertex   4.618597e+01 -5.680730e+01 1.619345e+02
      vertex   4.279462e+01 -5.143003e+01 1.619345e+02
      vertex   4.385105e+01 -5.017104e+01 1.619345e+02
    endloop
  endfacet
  facet normal -1.392669e-08 -4.519771e-08 -1.000000e+00
    outer loop
      vertex   4.618597e+01 -5.680730e+01 1.619345e+02
      vertex   4.385105e+01 -5.017104e+01 1.619345e+02
      vertex   4.413644e+01 -4.855250e+01 1.619345e+02
    endloop
  endfacet
  facet normal -1.392672e-08 -4.519772e-08 -1.000000e+00
    outer loop
      vertex   4.429572e+01 -7.241394e+01 1.619345e+02
      vertex   4.245262e+01 -7.370448e+01 1.619345e+02
      vertex   3.758487e+01 -6.282986e+01 1.619345e+02
    endloop
  endfacet
  facet normal -1.392669e-08 -4.519771e-08 -1.000000e+00
    outer loop
      vertex   3.758487e+01 -6.282986e+01 1.619345e+02
      vertex   4.245262e+01 -7.370448e+01 1.619345e+02
      vertex   3.624243e+01 -7.805291e+01 1.619345e+02
    endloop
  endfacet
  facet normal -1.392672e-08 -4.519770e-08 -1.000000e+00
    outer loop
      vertex   3.758487e+01 -6.282986e+01 1.619345e+02
      vertex   3.624243e+01 -7.805291e+01 1.619345e+02
      vertex   3.052888e+01 -5.808062e+01 1.619345e+02
    endloop
  endfacet
  facet normal -1.392669e-08 -4.519770e-08 -1.000000e+00
    outer loop
      vertex   3.052888e+01 -5.808062e+01 1.619345e+02
      vertex   3.624243e+01 -7.805291e+01 1.619345e+02
      vertex   2.926988e+01 -5.702420e+01 1.619345e+02
    endloop
  endfacet
  facet normal -1.392670e-08 -4.519770e-08 -1.000000e+00
    outer loop
      vertex   2.926988e+01 -5.702420e+01 1.619345e+02
      vertex   3.624243e+01 -7.805291e+01 1.619345e+02
      vertex   1.803394e+01 -5.204849e+01 1.619345e+02
    endloop
  endfacet
  facet normal -1.392670e-08 -4.519770e-08 -1.000000e+00
    outer loop
      vertex   2.926988e+01 -5.702420e+01 1.619345e+02
      vertex   1.803394e+01 -5.204849e+01 1.619345e+02
      vertex   1.985870e+01 -4.358364e+01 1.619345e+02
    endloop
  endfacet
  facet normal -1.392668e-08 -4.519771e-08 -1.000000e+00
    outer loop
      vertex   1.985870e+01 -4.358364e+01 1.619345e+02
      vertex   1.803394e+01 -5.204849e+01 1.619345e+02
      vertex   1.622934e+01 -5.032574e+01 1.619345e+02
    endloop
  endfacet
  facet normal -1.392671e-08 -4.519769e-08 -1.000000e+00
    outer loop
      vertex   1.985870e+01 -4.358364e+01 1.619345e+02
      vertex   1.622934e+01 -5.032574e+01 1.619345e+02
      vertex   1.390036e+01 -4.943116e+01 1.619345e+02
    endloop
  endfacet
  facet normal -1.392673e-08 -4.519768e-08 -1.000000e+00
    outer loop
      vertex   4.262967e+01 -7.419090e+01 1.619345e+02
      vertex   4.220705e+01 -7.509721e+01 1.619345e+02
      vertex   4.245262e+01 -7.370448e+01 1.619345e+02
    endloop
  endfacet
  facet normal -1.392671e-08 -4.519768e-08 -1.000000e+00
    outer loop
      vertex   4.245262e+01 -7.370448e+01 1.619345e+02
      vertex   4.220705e+01 -7.509721e+01 1.619345e+02
      vertex   3.763516e+01 -7.829848e+01 1.619345e+02
    endloop
  endfacet
  facet normal -1.392670e-08 -4.519769e-08 -1.000000e+00
    outer loop
      vertex   4.245262e+01 -7.370448e+01 1.619345e+02
      vertex   3.763516e+01 -7.829848e+01 1.619345e+02
      vertex   3.624243e+01 -7.805291e+01 1.619345e+02
    endloop
  endfacet
  facet normal -1.392672e-08 -4.519776e-08 -1.000000e+00
    outer loop
      vertex   3.624243e+01 -7.805291e+01 1.619345e+02
      vertex   3.763516e+01 -7.829848e+01 1.619345e+02
      vertex   3.663896e+01 -7.838564e+01 1.619345e+02
    endloop
  endfacet
  facet normal -1.392672e-08 -4.519767e-08 -1.000000e+00
    outer loop
      vertex   3.663896e+01 -7.838564e+01 1.619345e+02
      vertex   3.763516e+01 -7.829848e+01 1.619345e+02
      vertex   3.714874e+01 -7.847553e+01 1.619345e+02
    endloop
  endfacet
  facet normal -1.392672e-08 -4.519768e-08 -1.000000e+00
    outer loop
      vertex   4.262967e+01 -7.419090e+01 1.619345e+02
      vertex   4.253978e+01 -7.470068e+01 1.619345e+02
      vertex   4.220705e+01 -7.509721e+01 1.619345e+02
    endloop
  endfacet
  facet normal -1.392670e-08 -4.519770e-08 -1.000000e+00
    outer loop
      vertex   1.985870e+01 -4.358364e+01 1.619345e+02
      vertex   1.390036e+01 -4.943116e+01 1.619345e+02
      vertex   1.929659e+01 -4.203925e+01 1.619345e+02
    endloop
  endfacet
  facet normal -1.392671e-08 -4.519769e-08 -1.000000e+00
    outer loop
      vertex   1.929659e+01 -4.203925e+01 1.619345e+02
      vertex   1.390036e+01 -4.943116e+01 1.619345e+02
      vertex   1.140651e+01 -4.950285e+01 1.619345e+02
    endloop
  endfacet
  facet normal -1.392670e-08 -4.519770e-08 -1.000000e+00
    outer loop
      vertex   1.929659e+01 -4.203925e+01 1.619345e+02
      vertex   1.140651e+01 -4.950285e+01 1.619345e+02
      vertex   1.160749e+01 -3.628879e+01 1.619345e+02
    endloop
  endfacet
  facet normal -1.392671e-08 -4.519770e-08 -1.000000e+00
    outer loop
      vertex   1.160749e+01 -3.628879e+01 1.619345e+02
      vertex   1.140651e+01 -4.950285e+01 1.619345e+02
      vertex   5.476236e+00 -3.770439e+01 1.619345e+02
    endloop
  endfacet
  facet normal -1.392670e-08 -4.519770e-08 -1.000000e+00
    outer loop
      vertex   5.476236e+00 -3.770439e+01 1.619345e+02
      vertex   1.140651e+01 -4.950285e+01 1.619345e+02
      vertex   4.763535e+00 -5.057617e+01 1.619345e+02
    endloop
  endfacet
  facet normal -1.392670e-08 -4.519770e-08 -1.000000e+00
    outer loop
      vertex   5.476236e+00 -3.770439e+01 1.619345e+02
      vertex   4.763535e+00 -5.057617e+01 1.619345e+02
      vertex   -1.963023e+00 -5.076206e+01 1.619345e+02
    endloop
  endfacet
  facet normal -1.392670e-08 -4.519770e-08 -1.000000e+00
    outer loop
      vertex   5.476236e+00 -3.770439e+01 1.619345e+02
      vertex   -1.963023e+00 -5.076206e+01 1.619345e+02
      vertex   -8.043914e-01 -3.809151e+01 1.619345e+02
    endloop
  endfacet
  facet normal -1.392670e-08 -4.519770e-08 -1.000000e+00
    outer loop
      vertex   -8.043914e-01 -3.809151e+01 1.619345e+02
      vertex   -1.963023e+00 -5.076206e+01 1.619345e+02
      vertex   -8.655138e+00 -5.005725e+01 1.619345e+02
    endloop
  endfacet
  facet normal -1.392670e-08 -4.519770e-08 -1.000000e+00
    outer loop
      vertex   -8.043914e-01 -3.809151e+01 1.619345e+02
      vertex   -8.655138e+00 -5.005725e+01 1.619345e+02
      vertex   -7.063077e+00 -3.743959e+01 1.619345e+02
    endloop
  endfacet
  facet normal -1.392670e-08 -4.519770e-08 -1.000000e+00
    outer loop
      vertex   -7.063077e+00 -3.743959e+01 1.619345e+02
      vertex   -8.655138e+00 -5.005725e+01 1.619345e+02
      vertex   -1.519538e+01 -4.847412e+01 1.619345e+02
    endloop
  endfacet
  facet normal -1.392670e-08 -4.519770e-08 -1.000000e+00
    outer loop
      vertex   -7.063077e+00 -3.743959e+01 1.619345e+02
      vertex   -1.519538e+01 -4.847412e+01 1.619345e+02
      vertex   -1.312910e+01 -3.576642e+01 1.619345e+02
    endloop
  endfacet
  facet normal -1.392670e-08 -4.519770e-08 -1.000000e+00
    outer loop
      vertex   -1.312910e+01 -3.576642e+01 1.619345e+02
      vertex   -1.519538e+01 -4.847412e+01 1.619345e+02
      vertex   -2.146901e+01 -4.604044e+01 1.619345e+02
    endloop
  endfacet
  facet normal -1.392671e-08 -4.519770e-08 -1.000000e+00
    outer loop
      vertex   -1.312910e+01 -3.576642e+01 1.619345e+02
      vertex   -2.146901e+01 -4.604044e+01 1.619345e+02
      vertex   -1.883699e+01 -3.311763e+01 1.619345e+02
    endloop
  endfacet
  facet normal -1.392671e-08 -4.519770e-08 -1.000000e+00
    outer loop
      vertex   -1.883699e+01 -3.311763e+01 1.619345e+02
      vertex   -2.146901e+01 -4.604044e+01 1.619345e+02
      vertex   -2.736592e+01 -4.279891e+01 1.619345e+02
    endloop
  endfacet
  facet normal -1.392671e-08 -4.519770e-08 -1.000000e+00
    outer loop
      vertex   -1.883699e+01 -3.311763e+01 1.619345e+02
      vertex   -2.736592e+01 -4.279891e+01 1.619345e+02
      vertex   -2.403107e+01 -2.956548e+01 1.619345e+02
    endloop
  endfacet
  facet normal -1.392670e-08 -4.519770e-08 -1.000000e+00
    outer loop
      vertex   -2.403107e+01 -2.956548e+01 1.619345e+02
      vertex   -2.736592e+01 -4.279891e+01 1.619345e+02
      vertex   -3.278266e+01 -3.880640e+01 1.619345e+02
    endloop
  endfacet
  facet normal -1.392670e-08 -4.519769e-08 -1.000000e+00
    outer loop
      vertex   -2.403107e+01 -2.956548e+01 1.619345e+02
      vertex   -3.278266e+01 -3.880640e+01 1.619345e+02
      vertex   -3.762418e+01 -3.413299e+01 1.619345e+02
    endloop
  endfacet
  facet normal -1.392670e-08 -4.519770e-08 -1.000000e+00
    outer loop
      vertex   -2.403107e+01 -2.956548e+01 1.619345e+02
      vertex   -3.762418e+01 -3.413299e+01 1.619345e+02
      vertex   -2.856963e+01 -2.520687e+01 1.619345e+02
    endloop
  endfacet
  facet normal -1.392670e-08 -4.519770e-08 -1.000000e+00
    outer loop
      vertex   -2.856963e+01 -2.520687e+01 1.619345e+02
      vertex   -3.762418e+01 -3.413299e+01 1.619345e+02
      vertex   -4.180553e+01 -2.886066e+01 1.619345e+02
    endloop
  endfacet
  facet normal -1.392670e-08 -4.519770e-08 -1.000000e+00
    outer loop
      vertex   -2.856963e+01 -2.520687e+01 1.619345e+02
      vertex   -4.180553e+01 -2.886066e+01 1.619345e+02
      vertex   -3.232889e+01 -2.016067e+01 1.619345e+02
    endloop
  endfacet
  facet normal -1.392671e-08 -4.519770e-08 -1.000000e+00
    outer loop
      vertex   -3.232889e+01 -2.016067e+01 1.619345e+02
      vertex   -4.180553e+01 -2.886066e+01 1.619345e+02
      vertex   -4.525334e+01 -2.308192e+01 1.619345e+02
    endloop
  endfacet
  facet normal -1.392671e-08 -4.519770e-08 -1.000000e+00
    outer loop
      vertex   -3.232889e+01 -2.016067e+01 1.619345e+02
      vertex   -4.525334e+01 -2.308192e+01 1.619345e+02
      vertex   -3.520631e+01 -1.456454e+01 1.619345e+02
    endloop
  endfacet
  facet normal -1.392669e-08 -4.519772e-08 -1.000000e+00
    outer loop
      vertex   -3.520631e+01 -1.456454e+01 1.619345e+02
      vertex   -4.525334e+01 -2.308192e+01 1.619345e+02
      vertex   -4.680144e+01 -2.112545e+01 1.619345e+02
    endloop
  endfacet
  facet normal -1.392670e-08 -4.519770e-08 -1.000000e+00
    outer loop
      vertex   -3.520631e+01 -1.456454e+01 1.619345e+02
      vertex   -4.680144e+01 -2.112545e+01 1.619345e+02
      vertex   -4.460754e+01 -1.224026e+01 1.619345e+02
    endloop
  endfacet
  facet normal -1.392670e-08 -4.519770e-08 -1.000000e+00
    outer loop
      vertex   -4.460754e+01 -1.224026e+01 1.619345e+02
      vertex   -4.680144e+01 -2.112545e+01 1.619345e+02
      vertex   -4.615193e+01 -1.280237e+01 1.619345e+02
    endloop
  endfacet
  facet normal -1.392671e-08 -4.519770e-08 -1.000000e+00
    outer loop
      vertex   -4.615193e+01 -1.280237e+01 1.619345e+02
      vertex   -4.680144e+01 -2.112545e+01 1.619345e+02
      vertex   -4.898377e+01 -1.991637e+01 1.619345e+02
    endloop
  endfacet
  facet normal -1.392672e-08 -4.519769e-08 -1.000000e+00
    outer loop
      vertex   -4.615193e+01 -1.280237e+01 1.619345e+02
      vertex   -4.898377e+01 -1.991637e+01 1.619345e+02
      vertex   -5.146345e+01 -1.964133e+01 1.619345e+02
    endloop
  endfacet
  facet normal -1.392670e-08 -4.519770e-08 -1.000000e+00
    outer loop
      vertex   -4.615193e+01 -1.280237e+01 1.619345e+02
      vertex   -5.146345e+01 -1.964133e+01 1.619345e+02
      vertex   -6.249738e+01 -1.423241e+01 1.619345e+02
    endloop
  endfacet
  facet normal -1.392670e-08 -4.519770e-08 -1.000000e+00
    outer loop
      vertex   -6.249738e+01 -1.423241e+01 1.619345e+02
      vertex   -5.146345e+01 -1.964133e+01 1.619345e+02
      vertex   -8.308818e+01 -2.240813e+01 1.619345e+02
    endloop
  endfacet
  facet normal -1.392670e-08 -4.519769e-08 -1.000000e+00
    outer loop
      vertex   -6.249738e+01 -1.423241e+01 1.619345e+02
      vertex   -8.308818e+01 -2.240813e+01 1.619345e+02
      vertex   -6.411592e+01 -1.394702e+01 1.619345e+02
    endloop
  endfacet
  facet normal -1.392670e-08 -4.519771e-08 -1.000000e+00
    outer loop
      vertex   -6.411592e+01 -1.394702e+01 1.619345e+02
      vertex   -8.308818e+01 -2.240813e+01 1.619345e+02
      vertex   -7.228955e+01 -1.159457e+01 1.619345e+02
    endloop
  endfacet
  facet normal -1.392668e-08 -4.519765e-08 -1.000000e+00
    outer loop
      vertex   -6.411592e+01 -1.394702e+01 1.619345e+02
      vertex   -7.228955e+01 -1.159457e+01 1.619345e+02
      vertex   -6.537491e+01 -1.289060e+01 1.619345e+02
    endloop
  endfacet
  facet normal -1.392669e-08 -4.519771e-08 -1.000000e+00
    outer loop
      vertex   -6.537491e+01 -1.289060e+01 1.619345e+02
      vertex   -7.228955e+01 -1.159457e+01 1.619345e+02
      vertex   -6.593702e+01 -1.134622e+01 1.619345e+02
    endloop
  endfacet
  facet normal -1.392669e-08 -4.519766e-08 -1.000000e+00
    outer loop
      vertex   -6.593702e+01 -1.134622e+01 1.619345e+02
      vertex   -7.228955e+01 -1.159457e+01 1.619345e+02
      vertex   -7.248565e+01 -9.353132e+00 1.619345e+02
    endloop
  endfacet
  facet normal -1.392670e-08 -4.519770e-08 -1.000000e+00
    outer loop
      vertex   -6.593702e+01 -1.134622e+01 1.619345e+02
      vertex   -7.248565e+01 -9.353132e+00 1.619345e+02
      vertex   -6.690554e+01 -2.760027e-01 1.619345e+02
    endloop
  endfacet
  facet normal -1.392670e-08 -4.519770e-08 -1.000000e+00
    outer loop
      vertex   -6.690554e+01 -2.760027e-01 1.619345e+02
      vertex   -7.248565e+01 -9.353132e+00 1.619345e+02
      vertex   -7.300858e+01 -3.375964e+00 1.619345e+02
    endloop
  endfacet
  facet normal -1.392670e-08 -4.519771e-08 -1.000000e+00
    outer loop
      vertex   -6.690554e+01 -2.760027e-01 1.619345e+02
      vertex   -7.300858e+01 -3.375964e+00 1.619345e+02
      vertex   -7.320468e+01 -1.134526e+00 1.619345e+02
    endloop
  endfacet
  facet normal -1.392675e-08 -4.519780e-08 -1.000000e+00
    outer loop
      vertex   -8.359795e+01 -2.231824e+01 1.619345e+02
      vertex   -8.399448e+01 -2.198551e+01 1.619345e+02
      vertex   -8.308818e+01 -2.240813e+01 1.619345e+02
    endloop
  endfacet
  facet normal -1.392668e-08 -4.519766e-08 -1.000000e+00
    outer loop
      vertex   -8.308818e+01 -2.240813e+01 1.619345e+02
      vertex   -8.399448e+01 -2.198551e+01 1.619345e+02
      vertex   -8.417153e+01 -2.149909e+01 1.619345e+02
    endloop
  endfacet
  facet normal -1.392672e-08 -4.519770e-08 -1.000000e+00
    outer loop
      vertex   -8.308818e+01 -2.240813e+01 1.619345e+02
      vertex   -8.417153e+01 -2.149909e+01 1.619345e+02
      vertex   -8.374893e+01 -1.485573e+01 1.619345e+02
    endloop
  endfacet
  facet normal -1.392670e-08 -4.519770e-08 -1.000000e+00
    outer loop
      vertex   -8.374893e+01 -1.485573e+01 1.619345e+02
      vertex   -8.417153e+01 -2.149909e+01 1.619345e+02
      vertex   -8.465796e+01 -1.593908e+01 1.619345e+02
    endloop
  endfacet
  facet normal -1.392664e-08 -4.519775e-08 -1.000000e+00
    outer loop
      vertex   -8.374893e+01 -1.485573e+01 1.619345e+02
      vertex   -8.465796e+01 -1.593908e+01 1.619345e+02
      vertex   -8.456808e+01 -1.542931e+01 1.619345e+02
    endloop
  endfacet
  facet normal -1.392676e-08 -4.519758e-08 -1.000000e+00
    outer loop
      vertex   -8.456808e+01 -1.542931e+01 1.619345e+02
      vertex   -8.423535e+01 -1.503277e+01 1.619345e+02
      vertex   -8.374893e+01 -1.485573e+01 1.619345e+02
    endloop
  endfacet
  facet normal -1.392670e-08 -4.519772e-08 -1.000000e+00
    outer loop
      vertex   -8.394503e+01 -1.261429e+01 1.619345e+02
      vertex   -7.228955e+01 -1.159457e+01 1.619345e+02
      vertex   -8.374893e+01 -1.485573e+01 1.619345e+02
    endloop
  endfacet
  facet normal -1.392671e-08 -4.519770e-08 -1.000000e+00
    outer loop
      vertex   -8.374893e+01 -1.485573e+01 1.619345e+02
      vertex   -7.228955e+01 -1.159457e+01 1.619345e+02
      vertex   -8.308818e+01 -2.240813e+01 1.619345e+02
    endloop
  endfacet
  facet normal -1.392670e-08 -4.519768e-08 -1.000000e+00
    outer loop
      vertex   -8.486016e+01 -2.154248e+00 1.619345e+02
      vertex   -8.505626e+01 8.718996e-02 1.619345e+02
      vertex   -7.320468e+01 -1.134526e+00 1.619345e+02
    endloop
  endfacet
  facet normal -1.392670e-08 -4.519770e-08 -1.000000e+00
    outer loop
      vertex   -7.320468e+01 -1.134526e+00 1.619345e+02
      vertex   -8.505626e+01 8.718996e-02 1.619345e+02
      vertex   -8.571701e+01 7.639591e+00 1.619345e+02
    endloop
  endfacet
  facet normal -1.392670e-08 -4.519770e-08 -1.000000e+00
    outer loop
      vertex   -7.320468e+01 -1.134526e+00 1.619345e+02
      vertex   -8.571701e+01 7.639591e+00 1.619345e+02
      vertex   -6.556373e+01 2.601525e+00 1.619345e+02
    endloop
  endfacet
  facet normal -1.392670e-08 -4.519770e-08 -1.000000e+00
    outer loop
      vertex   -6.556373e+01 2.601525e+00 1.619345e+02
      vertex   -8.571701e+01 7.639591e+00 1.619345e+02
      vertex   -6.401934e+01 3.163635e+00 1.619345e+02
    endloop
  endfacet
  facet normal -1.392670e-08 -4.519770e-08 -1.000000e+00
    outer loop
      vertex   -6.401934e+01 3.163635e+00 1.619345e+02
      vertex   -8.571701e+01 7.639591e+00 1.619345e+02
      vertex   -5.409228e+01 1.040640e+01 1.619345e+02
    endloop
  endfacet
  facet normal -1.392670e-08 -4.519770e-08 -1.000000e+00
    outer loop
      vertex   -6.401934e+01 3.163635e+00 1.619345e+02
      vertex   -5.409228e+01 1.040640e+01 1.619345e+02
      vertex   -4.767388e+01 4.593677e+00 1.619345e+02
    endloop
  endfacet
  facet normal -1.392670e-08 -4.519770e-08 -1.000000e+00
    outer loop
      vertex   -4.767388e+01 4.593677e+00 1.619345e+02
      vertex   -5.409228e+01 1.040640e+01 1.619345e+02
      vertex   -5.169804e+01 1.110785e+01 1.619345e+02
    endloop
  endfacet
  facet normal -1.392670e-08 -4.519770e-08 -1.000000e+00
    outer loop
      vertex   -4.767388e+01 4.593677e+00 1.619345e+02
      vertex   -5.169804e+01 1.110785e+01 1.619345e+02
      vertex   -4.975882e+01 1.267752e+01 1.619345e+02
    endloop
  endfacet
  facet normal -1.392668e-08 -4.519771e-08 -1.000000e+00
    outer loop
      vertex   -8.556604e+01 1.770769e-01 1.619345e+02
      vertex   -8.596257e+01 5.098082e-01 1.619345e+02
      vertex   -8.505626e+01 8.718996e-02 1.619345e+02
    endloop
  endfacet
  facet normal -1.392665e-08 -4.519765e-08 -1.000000e+00
    outer loop
      vertex   -8.505626e+01 8.718996e-02 1.619345e+02
      vertex   -8.596257e+01 5.098082e-01 1.619345e+02
      vertex   -8.613961e+01 9.962289e-01 1.619345e+02
    endloop
  endfacet
  facet normal -1.392669e-08 -4.519770e-08 -1.000000e+00
    outer loop
      vertex   -8.505626e+01 8.718996e-02 1.619345e+02
      vertex   -8.613961e+01 9.962289e-01 1.619345e+02
      vertex   -8.571701e+01 7.639591e+00 1.619345e+02
    endloop
  endfacet
  facet normal -1.392670e-08 -4.519770e-08 -1.000000e+00
    outer loop
      vertex   -8.571701e+01 7.639591e+00 1.619345e+02
      vertex   -8.613961e+01 9.962289e-01 1.619345e+02
      vertex   -8.662605e+01 6.556241e+00 1.619345e+02
    endloop
  endfacet
  facet normal -1.392672e-08 -4.519768e-08 -1.000000e+00
    outer loop
      vertex   -8.571701e+01 7.639591e+00 1.619345e+02
      vertex   -8.662605e+01 6.556241e+00 1.619345e+02
      vertex   -8.653616e+01 7.066015e+00 1.619345e+02
    endloop
  endfacet
  facet normal -1.392672e-08 -4.519768e-08 -1.000000e+00
    outer loop
      vertex   -8.653616e+01 7.066015e+00 1.619345e+02
      vertex   -8.620343e+01 7.462548e+00 1.619345e+02
      vertex   -8.571701e+01 7.639591e+00 1.619345e+02
    endloop
  endfacet
  facet normal -1.392670e-08 -4.519769e-08 -1.000000e+00
    outer loop
      vertex   -4.857397e+01 1.487310e+01 1.619345e+02
      vertex   -3.672845e+01 1.013069e+01 1.619345e+02
      vertex   -4.975882e+01 1.267752e+01 1.619345e+02
    endloop
  endfacet
  facet normal -1.392670e-08 -4.519770e-08 -1.000000e+00
    outer loop
      vertex   -4.975882e+01 1.267752e+01 1.619345e+02
      vertex   -3.672845e+01 1.013069e+01 1.619345e+02
      vertex   -4.605535e+01 4.308286e+00 1.619345e+02
    endloop
  endfacet
  facet normal -1.392669e-08 -4.519770e-08 -1.000000e+00
    outer loop
      vertex   -4.975882e+01 1.267752e+01 1.619345e+02
      vertex   -4.605535e+01 4.308286e+00 1.619345e+02
      vertex   -4.767388e+01 4.593677e+00 1.619345e+02
    endloop
  endfacet
  facet normal -1.392671e-08 -4.519770e-08 -1.000000e+00
    outer loop
      vertex   -3.672845e+01 1.013069e+01 1.619345e+02
      vertex   -4.857397e+01 1.487310e+01 1.619345e+02
      vertex   -3.456006e+01 1.603783e+01 1.619345e+02
    endloop
  endfacet
  facet normal -1.392670e-08 -4.519771e-08 -1.000000e+00
    outer loop
      vertex   -3.456006e+01 1.603783e+01 1.619345e+02
      vertex   -4.857397e+01 1.487310e+01 1.619345e+02
      vertex   -4.618201e+01 2.116274e+01 1.619345e+02
    endloop
  endfacet
  facet normal -1.392670e-08 -4.519770e-08 -1.000000e+00
    outer loop
      vertex   -3.456006e+01 1.603783e+01 1.619345e+02
      vertex   -4.618201e+01 2.116274e+01 1.619345e+02
      vertex   -3.144897e+01 2.150749e+01 1.619345e+02
    endloop
  endfacet
  facet normal -1.392670e-08 -4.519769e-08 -1.000000e+00
    outer loop
      vertex   -3.144897e+01 2.150749e+01 1.619345e+02
      vertex   -4.618201e+01 2.116274e+01 1.619345e+02
      vertex   -4.297972e+01 2.708106e+01 1.619345e+02
    endloop
  endfacet
  facet normal -1.392671e-08 -4.519770e-08 -1.000000e+00
    outer loop
      vertex   -3.144897e+01 2.150749e+01 1.619345e+02
      vertex   -4.297972e+01 2.708106e+01 1.619345e+02
      vertex   -3.902328e+01 3.252420e+01 1.619345e+02
    endloop
  endfacet
  facet normal -1.392670e-08 -4.519769e-08 -1.000000e+00
    outer loop
      vertex   -3.144897e+01 2.150749e+01 1.619345e+02
      vertex   -3.902328e+01 3.252420e+01 1.619345e+02
      vertex   -2.748003e+01 2.639049e+01 1.619345e+02
    endloop
  endfacet
  facet normal -1.392670e-08 -4.519770e-08 -1.000000e+00
    outer loop
      vertex   -2.748003e+01 2.639049e+01 1.619345e+02
      vertex   -3.902328e+01 3.252420e+01 1.619345e+02
      vertex   -3.438212e+01 3.739665e+01 1.619345e+02
    endloop
  endfacet
  facet normal -1.392670e-08 -4.519770e-08 -1.000000e+00
    outer loop
      vertex   -2.748003e+01 2.639049e+01 1.619345e+02
      vertex   -3.438212e+01 3.739665e+01 1.619345e+02
      vertex   -2.276151e+01 3.055362e+01 1.619345e+02
    endloop
  endfacet
  facet normal -1.392670e-08 -4.519770e-08 -1.000000e+00
    outer loop
      vertex   -2.276151e+01 3.055362e+01 1.619345e+02
      vertex   -3.438212e+01 3.739665e+01 1.619345e+02
      vertex   -2.913768e+01 4.161292e+01 1.619345e+02
    endloop
  endfacet
  facet normal -1.392670e-08 -4.519770e-08 -1.000000e+00
    outer loop
      vertex   -2.276151e+01 3.055362e+01 1.619345e+02
      vertex   -2.913768e+01 4.161292e+01 1.619345e+02
      vertex   -1.742211e+01 3.388333e+01 1.619345e+02
    endloop
  endfacet
  facet normal -1.392670e-08 -4.519770e-08 -1.000000e+00
    outer loop
      vertex   -1.742211e+01 3.388333e+01 1.619345e+02
      vertex   -2.913768e+01 4.161292e+01 1.619345e+02
      vertex   -2.338197e+01 4.509904e+01 1.619345e+02
    endloop
  endfacet
  facet normal -1.392670e-08 -4.519770e-08 -1.000000e+00
    outer loop
      vertex   -1.742211e+01 3.388333e+01 1.619345e+02
      vertex   -2.338197e+01 4.509904e+01 1.619345e+02
      vertex   -1.721600e+01 4.779382e+01 1.619345e+02
    endloop
  endfacet
  facet normal -1.392671e-08 -4.519770e-08 -1.000000e+00
    outer loop
      vertex   -1.742211e+01 3.388333e+01 1.619345e+02
      vertex   -1.721600e+01 4.779382e+01 1.619345e+02
      vertex   -1.160748e+01 3.628879e+01 1.619345e+02
    endloop
  endfacet
  facet normal -1.392670e-08 -4.519770e-08 -1.000000e+00
    outer loop
      vertex   -1.160748e+01 3.628879e+01 1.619345e+02
      vertex   -1.721600e+01 4.779382e+01 1.619345e+02
      vertex   -1.074794e+01 4.964999e+01 1.619345e+02
    endloop
  endfacet
  facet normal -1.392671e-08 -4.519770e-08 -1.000000e+00
    outer loop
      vertex   -1.160748e+01 3.628879e+01 1.619345e+02
      vertex   -1.074794e+01 4.964999e+01 1.619345e+02
      vertex   -5.476231e+00 3.770439e+01 1.619345e+02
    endloop
  endfacet
  facet normal -1.392670e-08 -4.519770e-08 -1.000000e+00
    outer loop
      vertex   -5.476231e+00 3.770439e+01 1.619345e+02
      vertex   -1.074794e+01 4.964999e+01 1.619345e+02
      vertex   -4.091291e+00 5.063498e+01 1.619344e+02
    endloop
  endfacet
  facet normal -1.392670e-08 -4.519770e-08 -1.000000e+00
    outer loop
      vertex   -5.476231e+00 3.770439e+01 1.619345e+02
      vertex   -4.091291e+00 5.063498e+01 1.619344e+02
      vertex   8.043962e-01 3.809151e+01 1.619345e+02
    endloop
  endfacet
  facet normal -1.392670e-08 -4.519770e-08 -1.000000e+00
    outer loop
      vertex   8.043962e-01 3.809151e+01 1.619345e+02
      vertex   -4.091291e+00 5.063498e+01 1.619344e+02
      vertex   2.637143e+00 5.073150e+01 1.619344e+02
    endloop
  endfacet
  facet normal -1.392670e-08 -4.519770e-08 -1.000000e+00
    outer loop
      vertex   8.043962e-01 3.809151e+01 1.619345e+02
      vertex   2.637143e+00 5.073150e+01 1.619344e+02
      vertex   5.105553e+00 5.109396e+01 1.619344e+02
    endloop
  endfacet
  facet normal -1.392670e-08 -4.519769e-08 -1.000000e+00
    outer loop
      vertex   7.243810e+00 5.237937e+01 1.619344e+02
      vertex   1.198879e+01 4.636993e+01 1.619344e+02
      vertex   5.105553e+00 5.109396e+01 1.619344e+02
    endloop
  endfacet
  facet normal -1.392672e-08 -4.519772e-08 -1.000000e+00
    outer loop
      vertex   5.105553e+00 5.109396e+01 1.619344e+02
      vertex   1.198879e+01 4.636993e+01 1.619344e+02
      vertex   1.170340e+01 4.475139e+01 1.619344e+02
    endloop
  endfacet
  facet normal -1.392670e-08 -4.519770e-08 -1.000000e+00
    outer loop
      vertex   5.105553e+00 5.109396e+01 1.619344e+02
      vertex   1.170340e+01 4.475139e+01 1.619344e+02
      vertex   7.063081e+00 3.743959e+01 1.619345e+02
    endloop
  endfacet
  facet normal -1.392672e-08 -4.519768e-08 -1.000000e+00
    outer loop
      vertex   7.063081e+00 3.743959e+01 1.619345e+02
      vertex   1.170340e+01 4.475139e+01 1.619344e+02
      vertex   1.226551e+01 4.320701e+01 1.619345e+02
    endloop
  endfacet
  facet normal -1.392670e-08 -4.519770e-08 -1.000000e+00
    outer loop
      vertex   7.063081e+00 3.743959e+01 1.619345e+02
      vertex   1.226551e+01 4.320701e+01 1.619345e+02
      vertex   1.352450e+01 4.215059e+01 1.619345e+02
    endloop
  endfacet
  facet normal -1.392671e-08 -4.519770e-08 -1.000000e+00
    outer loop
      vertex   7.243810e+00 5.237937e+01 1.619344e+02
      vertex   8.721840e+00 5.438931e+01 1.619344e+02
      vertex   1.198879e+01 4.636993e+01 1.619344e+02
    endloop
  endfacet
  facet normal -1.392670e-08 -4.519770e-08 -1.000000e+00
    outer loop
      vertex   1.198879e+01 4.636993e+01 1.619344e+02
      vertex   8.721840e+00 5.438931e+01 1.619344e+02
      vertex   1.785595e+01 5.895210e+01 1.619344e+02
    endloop
  endfacet
  facet normal -1.392668e-08 -4.519774e-08 -1.000000e+00
    outer loop
      vertex   1.785595e+01 5.895210e+01 1.619344e+02
      vertex   8.721840e+00 5.438931e+01 1.619344e+02
      vertex   1.891237e+01 6.021110e+01 1.619344e+02
    endloop
  endfacet
  facet normal -1.392671e-08 -4.519770e-08 -1.000000e+00
    outer loop
      vertex   1.891237e+01 6.021110e+01 1.619344e+02
      vertex   8.721840e+00 5.438931e+01 1.619344e+02
      vertex   2.213808e+01 8.316054e+01 1.619344e+02
    endloop
  endfacet
  facet normal -1.392670e-08 -4.519770e-08 -1.000000e+00
    outer loop
      vertex   1.891237e+01 6.021110e+01 1.619344e+02
      vertex   2.213808e+01 8.316054e+01 1.619344e+02
      vertex   2.503648e+01 6.611344e+01 1.619344e+02
    endloop
  endfacet
  facet normal -1.392670e-08 -4.519770e-08 -1.000000e+00
    outer loop
      vertex   2.503648e+01 6.611344e+01 1.619344e+02
      vertex   2.213808e+01 8.316054e+01 1.619344e+02
      vertex   2.900903e+01 7.995656e+01 1.619344e+02
    endloop
  endfacet
  facet normal -1.392670e-08 -4.519770e-08 -1.000000e+00
    outer loop
      vertex   2.503648e+01 6.611344e+01 1.619344e+02
      vertex   2.900903e+01 7.995656e+01 1.619344e+02
      vertex   3.104822e+01 7.900567e+01 1.619344e+02
    endloop
  endfacet
  facet normal -1.392676e-08 -4.519758e-08 -1.000000e+00
    outer loop
      vertex   2.247081e+01 8.355707e+01 1.619344e+02
      vertex   2.295723e+01 8.373411e+01 1.619344e+02
      vertex   2.213808e+01 8.316054e+01 1.619344e+02
    endloop
  endfacet
  facet normal -1.392672e-08 -4.519764e-08 -1.000000e+00
    outer loop
      vertex   2.213808e+01 8.316054e+01 1.619344e+02
      vertex   2.295723e+01 8.373411e+01 1.619344e+02
      vertex   2.346701e+01 8.364423e+01 1.619344e+02
    endloop
  endfacet
  facet normal -1.392670e-08 -4.519769e-08 -1.000000e+00
    outer loop
      vertex   2.213808e+01 8.316054e+01 1.619344e+02
      vertex   2.346701e+01 8.364423e+01 1.619344e+02
      vertex   2.852534e+01 8.128549e+01 1.619344e+02
    endloop
  endfacet
  facet normal -1.392670e-08 -4.519769e-08 -1.000000e+00
    outer loop
      vertex   2.213808e+01 8.316054e+01 1.619344e+02
      vertex   2.852534e+01 8.128549e+01 1.619344e+02
      vertex   2.900903e+01 7.995656e+01 1.619344e+02
    endloop
  endfacet
  facet normal -1.392654e-08 -4.519763e-08 -1.000000e+00
    outer loop
      vertex   2.900903e+01 7.995656e+01 1.619344e+02
      vertex   2.852534e+01 8.128549e+01 1.619344e+02
      vertex   2.892187e+01 8.095276e+01 1.619344e+02
    endloop
  endfacet
  facet normal -1.392663e-08 -4.519764e-08 -1.000000e+00
    outer loop
      vertex   2.900903e+01 7.995656e+01 1.619344e+02
      vertex   2.892187e+01 8.095276e+01 1.619344e+02
      vertex   2.909891e+01 8.046634e+01 1.619344e+02
    endloop
  endfacet
  facet normal -1.392669e-08 -4.519771e-08 -1.000000e+00
    outer loop
      vertex   2.707567e+01 6.516255e+01 1.619344e+02
      vertex   2.207529e+01 6.048782e+01 1.619344e+02
      vertex   2.503648e+01 6.611344e+01 1.619344e+02
    endloop
  endfacet
  facet normal -1.392669e-08 -4.519771e-08 -1.000000e+00
    outer loop
      vertex   2.503648e+01 6.611344e+01 1.619344e+02
      vertex   2.207529e+01 6.048782e+01 1.619344e+02
      vertex   2.045676e+01 6.077321e+01 1.619344e+02
    endloop
  endfacet
  facet normal -1.392670e-08 -4.519770e-08 -1.000000e+00
    outer loop
      vertex   2.503648e+01 6.611344e+01 1.619344e+02
      vertex   2.045676e+01 6.077321e+01 1.619344e+02
      vertex   1.891237e+01 6.021110e+01 1.619344e+02
    endloop
  endfacet
  facet normal -1.392670e-08 -4.519770e-08 -1.000000e+00
    outer loop
      vertex   2.207529e+01 6.048782e+01 1.619344e+02
      vertex   2.707567e+01 6.516255e+01 1.619344e+02
      vertex   3.214664e+01 5.579147e+01 1.619344e+02
    endloop
  endfacet
  facet normal -1.392670e-08 -4.519770e-08 -1.000000e+00
    outer loop
      vertex   3.214664e+01 5.579147e+01 1.619344e+02
      vertex   2.707567e+01 6.516255e+01 1.619344e+02
      vertex   3.455271e+01 6.167595e+01 1.619344e+02
    endloop
  endfacet
  facet normal -1.392668e-08 -4.519771e-08 -1.000000e+00
    outer loop
      vertex   3.214664e+01 5.579147e+01 1.619344e+02
      vertex   3.455271e+01 6.167595e+01 1.619344e+02
      vertex   3.340563e+01 5.473505e+01 1.619344e+02
    endloop
  endfacet
  facet normal -1.392675e-08 -4.519770e-08 -1.000000e+00
    outer loop
      vertex   3.340563e+01 5.473505e+01 1.619344e+02
      vertex   3.455271e+01 6.167595e+01 1.619344e+02
      vertex   3.396774e+01 5.319066e+01 1.619344e+02
    endloop
  endfacet
  facet normal -1.392671e-08 -4.519770e-08 -1.000000e+00
    outer loop
      vertex   3.396774e+01 5.319066e+01 1.619344e+02
      vertex   3.455271e+01 6.167595e+01 1.619344e+02
      vertex   4.947459e+01 7.041331e+01 1.619344e+02
    endloop
  endfacet
  facet normal -1.392670e-08 -4.519770e-08 -1.000000e+00
    outer loop
      vertex   3.396774e+01 5.319066e+01 1.619344e+02
      vertex   4.947459e+01 7.041331e+01 1.619344e+02
      vertex   3.605835e+01 4.164209e+01 1.619344e+02
    endloop
  endfacet
  facet normal -1.392671e-08 -4.519770e-08 -1.000000e+00
    outer loop
      vertex   4.056445e+01 7.456818e+01 1.619344e+02
      vertex   4.260364e+01 7.361729e+01 1.619344e+02
      vertex   3.455271e+01 6.167595e+01 1.619344e+02
    endloop
  endfacet
  facet normal -1.392670e-08 -4.519770e-08 -1.000000e+00
    outer loop
      vertex   3.455271e+01 6.167595e+01 1.619344e+02
      vertex   4.260364e+01 7.361729e+01 1.619344e+02
      vertex   4.947459e+01 7.041331e+01 1.619344e+02
    endloop
  endfacet
  facet normal -1.392676e-08 -4.519758e-08 -1.000000e+00
    outer loop
      vertex   4.293638e+01 7.401382e+01 1.619344e+02
      vertex   4.342280e+01 7.419086e+01 1.619344e+02
      vertex   4.260364e+01 7.361729e+01 1.619344e+02
    endloop
  endfacet
  facet normal -1.392672e-08 -4.519764e-08 -1.000000e+00
    outer loop
      vertex   4.260364e+01 7.361729e+01 1.619344e+02
      vertex   4.342280e+01 7.419086e+01 1.619344e+02
      vertex   4.393257e+01 7.410098e+01 1.619344e+02
    endloop
  endfacet
  facet normal -1.392670e-08 -4.519769e-08 -1.000000e+00
    outer loop
      vertex   4.260364e+01 7.361729e+01 1.619344e+02
      vertex   4.393257e+01 7.410098e+01 1.619344e+02
      vertex   4.899090e+01 7.174224e+01 1.619344e+02
    endloop
  endfacet
  facet normal -1.392669e-08 -4.519767e-08 -1.000000e+00
    outer loop
      vertex   4.260364e+01 7.361729e+01 1.619344e+02
      vertex   4.899090e+01 7.174224e+01 1.619344e+02
      vertex   4.947459e+01 7.041331e+01 1.619344e+02
    endloop
  endfacet
  facet normal -1.392672e-08 -4.519768e-08 -1.000000e+00
    outer loop
      vertex   4.947459e+01 7.041331e+01 1.619344e+02
      vertex   4.899090e+01 7.174224e+01 1.619344e+02
      vertex   4.938743e+01 7.140951e+01 1.619344e+02
    endloop
  endfacet
  facet normal -1.392673e-08 -4.519768e-08 -1.000000e+00
    outer loop
      vertex   4.947459e+01 7.041331e+01 1.619344e+02
      vertex   4.938743e+01 7.140951e+01 1.619344e+02
      vertex   4.956448e+01 7.092309e+01 1.619344e+02
    endloop
  endfacet
  facet normal -1.392670e-08 -4.519771e-08 -1.000000e+00
    outer loop
      vertex   3.546870e+01 3.921789e+01 1.619344e+02
      vertex   2.781519e+01 3.898996e+01 1.619344e+02
      vertex   3.605835e+01 4.164209e+01 1.619344e+02
    endloop
  endfacet
  facet normal -1.392670e-08 -4.519770e-08 -1.000000e+00
    outer loop
      vertex   3.605835e+01 4.164209e+01 1.619344e+02
      vertex   2.781519e+01 3.898996e+01 1.619344e+02
      vertex   3.368235e+01 5.157213e+01 1.619344e+02
    endloop
  endfacet
  facet normal -1.392666e-08 -4.519769e-08 -1.000000e+00
    outer loop
      vertex   3.605835e+01 4.164209e+01 1.619344e+02
      vertex   3.368235e+01 5.157213e+01 1.619344e+02
      vertex   3.396774e+01 5.319066e+01 1.619344e+02
    endloop
  endfacet
  facet normal -1.392670e-08 -4.519769e-08 -1.000000e+00
    outer loop
      vertex   3.546870e+01 3.921789e+01 1.619344e+02
      vertex   3.585847e+01 3.675364e+01 1.619344e+02
      vertex   2.781519e+01 3.898996e+01 1.619344e+02
    endloop
  endfacet
  facet normal -1.392670e-08 -4.519772e-08 -1.000000e+00
    outer loop
      vertex   2.781519e+01 3.898996e+01 1.619344e+02
      vertex   3.585847e+01 3.675364e+01 1.619344e+02
      vertex   2.675877e+01 3.773096e+01 1.619345e+02
    endloop
  endfacet
  facet normal -1.392670e-08 -4.519769e-08 -1.000000e+00
    outer loop
      vertex   2.675877e+01 3.773096e+01 1.619345e+02
      vertex   3.585847e+01 3.675364e+01 1.619344e+02
      vertex   2.403107e+01 2.956548e+01 1.619345e+02
    endloop
  endfacet
  facet normal -1.392670e-08 -4.519769e-08 -1.000000e+00
    outer loop
      vertex   2.675877e+01 3.773096e+01 1.619345e+02
      vertex   2.403107e+01 2.956548e+01 1.619345e+02
      vertex   2.521438e+01 3.716885e+01 1.619345e+02
    endloop
  endfacet
  facet normal -1.392669e-08 -4.519770e-08 -1.000000e+00
    outer loop
      vertex   2.521438e+01 3.716885e+01 1.619345e+02
      vertex   2.403107e+01 2.956548e+01 1.619345e+02
      vertex   2.359585e+01 3.745424e+01 1.619345e+02
    endloop
  endfacet
  facet normal -1.392671e-08 -4.519770e-08 -1.000000e+00
    outer loop
      vertex   2.359585e+01 3.745424e+01 1.619345e+02
      vertex   2.403107e+01 2.956548e+01 1.619345e+02
      vertex   1.883700e+01 3.311763e+01 1.619345e+02
    endloop
  endfacet
  facet normal -1.392671e-08 -4.519770e-08 -1.000000e+00
    outer loop
      vertex   2.359585e+01 3.745424e+01 1.619345e+02
      vertex   1.883700e+01 3.311763e+01 1.619345e+02
      vertex   1.312910e+01 3.576642e+01 1.619345e+02
    endloop
  endfacet
  facet normal -1.392670e-08 -4.519770e-08 -1.000000e+00
    outer loop
      vertex   3.585847e+01 3.675364e+01 1.619344e+02
      vertex   3.716747e+01 3.462975e+01 1.619345e+02
      vertex   2.403107e+01 2.956548e+01 1.619345e+02
    endloop
  endfacet
  facet normal -1.392670e-08 -4.519771e-08 -1.000000e+00
    outer loop
      vertex   2.403107e+01 2.956548e+01 1.619345e+02
      vertex   3.716747e+01 3.462975e+01 1.619345e+02
      vertex   2.856964e+01 2.520686e+01 1.619345e+02
    endloop
  endfacet
  facet normal -1.392670e-08 -4.519770e-08 -1.000000e+00
    outer loop
      vertex   2.856964e+01 2.520686e+01 1.619345e+02
      vertex   3.716747e+01 3.462975e+01 1.619345e+02
      vertex   4.141848e+01 2.941342e+01 1.619345e+02
    endloop
  endfacet
  facet normal -1.392670e-08 -4.519770e-08 -1.000000e+00
    outer loop
      vertex   2.856964e+01 2.520686e+01 1.619345e+02
      vertex   4.141848e+01 2.941342e+01 1.619345e+02
      vertex   3.232890e+01 2.016067e+01 1.619345e+02
    endloop
  endfacet
  facet normal -1.392670e-08 -4.519770e-08 -1.000000e+00
    outer loop
      vertex   3.232890e+01 2.016067e+01 1.619345e+02
      vertex   4.141848e+01 2.941342e+01 1.619345e+02
      vertex   4.494275e+01 2.368100e+01 1.619345e+02
    endloop
  endfacet
  facet normal -1.392670e-08 -4.519769e-08 -1.000000e+00
    outer loop
      vertex   3.232890e+01 2.016067e+01 1.619345e+02
      vertex   4.494275e+01 2.368100e+01 1.619345e+02
      vertex   3.520631e+01 1.456454e+01 1.619345e+02
    endloop
  endfacet
  facet normal -1.392670e-08 -4.519770e-08 -1.000000e+00
    outer loop
      vertex   3.520631e+01 1.456454e+01 1.619345e+02
      vertex   4.494275e+01 2.368100e+01 1.619345e+02
      vertex   4.767842e+01 1.753305e+01 1.619345e+02
    endloop
  endfacet
  facet normal -1.392670e-08 -4.519770e-08 -1.000000e+00
    outer loop
      vertex   3.520631e+01 1.456454e+01 1.619345e+02
      vertex   4.767842e+01 1.753305e+01 1.619345e+02
      vertex   3.712339e+01 8.571131e+00 1.619345e+02
    endloop
  endfacet
  facet normal -1.392670e-08 -4.519770e-08 -1.000000e+00
    outer loop
      vertex   3.712339e+01 8.571131e+00 1.619345e+02
      vertex   4.767842e+01 1.753305e+01 1.619345e+02
      vertex   4.957751e+01 1.107747e+01 1.619345e+02
    endloop
  endfacet
  facet normal -1.392670e-08 -4.519770e-08 -1.000000e+00
    outer loop
      vertex   3.712339e+01 8.571131e+00 1.619345e+02
      vertex   4.957751e+01 1.107747e+01 1.619345e+02
      vertex   3.802783e+01 2.343924e+00 1.619345e+02
    endloop
  endfacet
  facet normal -1.392670e-08 -4.519770e-08 -1.000000e+00
    outer loop
      vertex   3.802783e+01 2.343924e+00 1.619345e+02
      vertex   4.957751e+01 1.107747e+01 1.619345e+02
      vertex   5.060669e+01 4.427509e+00 1.619345e+02
    endloop
  endfacet
  facet normal -1.392670e-08 -4.519770e-08 -1.000000e+00
    outer loop
      vertex   3.802783e+01 2.343924e+00 1.619345e+02
      vertex   5.060669e+01 4.427509e+00 1.619345e+02
      vertex   5.074790e+01 -2.300135e+00 1.619345e+02
    endloop
  endfacet
  facet normal -1.392670e-08 -4.519770e-08 -1.000000e+00
    outer loop
      vertex   3.802783e+01 2.343924e+00 1.619345e+02
      vertex   5.074790e+01 -2.300135e+00 1.619345e+02
      vertex   3.789498e+01 -3.947220e+00 1.619345e+02
    endloop
  endfacet
  facet normal -1.392670e-08 -4.519770e-08 -1.000000e+00
    outer loop
      vertex   3.789498e+01 -3.947220e+00 1.619345e+02
      vertex   5.074790e+01 -2.300135e+00 1.619345e+02
      vertex   4.999867e+01 -8.987421e+00 1.619345e+02
    endloop
  endfacet
  facet normal -1.392670e-08 -4.519769e-08 -1.000000e+00
    outer loop
      vertex   3.789498e+01 -3.947220e+00 1.619345e+02
      vertex   4.999867e+01 -8.987421e+00 1.619345e+02
      vertex   3.672845e+01 -1.013069e+01 1.619345e+02
    endloop
  endfacet
  facet normal -1.392670e-08 -4.519770e-08 -1.000000e+00
    outer loop
      vertex   3.672845e+01 -1.013069e+01 1.619345e+02
      vertex   4.999867e+01 -8.987421e+00 1.619345e+02
      vertex   4.837213e+01 -1.551701e+01 1.619345e+02
    endloop
  endfacet
  facet normal -1.392670e-08 -4.519770e-08 -1.000000e+00
    outer loop
      vertex   3.672845e+01 -1.013069e+01 1.619345e+02
      vertex   4.837213e+01 -1.551701e+01 1.619345e+02
      vertex   3.456007e+01 -1.603783e+01 1.619345e+02
    endloop
  endfacet
  facet normal -1.392670e-08 -4.519769e-08 -1.000000e+00
    outer loop
      vertex   3.456007e+01 -1.603783e+01 1.619345e+02
      vertex   4.837213e+01 -1.551701e+01 1.619345e+02
      vertex   4.589683e+01 -2.177433e+01 1.619345e+02
    endloop
  endfacet
  facet normal -1.392671e-08 -4.519770e-08 -1.000000e+00
    outer loop
      vertex   3.456007e+01 -1.603783e+01 1.619345e+02
      vertex   4.589683e+01 -2.177433e+01 1.619345e+02
      vertex   3.144897e+01 -2.150749e+01 1.619345e+02
    endloop
  endfacet
  facet normal -1.392671e-08 -4.519771e-08 -1.000000e+00
    outer loop
      vertex   3.144897e+01 -2.150749e+01 1.619345e+02
      vertex   4.589683e+01 -2.177433e+01 1.619345e+02
      vertex   4.261620e+01 -2.764958e+01 1.619345e+02
    endloop
  endfacet
  facet normal -1.392670e-08 -4.519770e-08 -1.000000e+00
    outer loop
      vertex   3.144897e+01 -2.150749e+01 1.619345e+02
      vertex   4.261620e+01 -2.764958e+01 1.619345e+02
      vertex   3.290415e+01 -3.251114e+01 1.619345e+02
    endloop
  endfacet
  facet normal -1.392670e-08 -4.519769e-08 -1.000000e+00
    outer loop
      vertex   3.290415e+01 -3.251114e+01 1.619345e+02
      vertex   4.261620e+01 -2.764958e+01 1.619345e+02
      vertex   4.169590e+01 -2.996852e+01 1.619345e+02
    endloop
  endfacet
  facet normal -1.392670e-08 -4.519770e-08 -1.000000e+00
    outer loop
      vertex   3.290415e+01 -3.251114e+01 1.619345e+02
      vertex   4.169590e+01 -2.996852e+01 1.619345e+02
      vertex   3.416315e+01 -3.356756e+01 1.619345e+02
    endloop
  endfacet
  facet normal -1.392671e-08 -4.519769e-08 -1.000000e+00
    outer loop
      vertex   3.416315e+01 -3.356756e+01 1.619345e+02
      vertex   4.169590e+01 -2.996852e+01 1.619345e+02
      vertex   4.173997e+01 -3.246301e+01 1.619345e+02
    endloop
  endfacet
  facet normal -1.392670e-08 -4.519771e-08 -1.000000e+00
    outer loop
      vertex   3.416315e+01 -3.356756e+01 1.619345e+02
      vertex   4.173997e+01 -3.246301e+01 1.619345e+02
      vertex   4.274161e+01 -3.474799e+01 1.619345e+02
    endloop
  endfacet
  facet normal -1.392670e-08 -4.519770e-08 -1.000000e+00
    outer loop
      vertex   3.416315e+01 -3.356756e+01 1.619345e+02
      vertex   4.274161e+01 -3.474799e+01 1.619345e+02
      vertex   4.357433e+01 -4.700812e+01 1.619345e+02
    endloop
  endfacet
  facet normal -1.392670e-08 -4.519770e-08 -1.000000e+00
    outer loop
      vertex   4.357433e+01 -4.700812e+01 1.619345e+02
      vertex   4.274161e+01 -3.474799e+01 1.619345e+02
      vertex   6.095010e+01 -6.075241e+01 1.619345e+02
    endloop
  endfacet
  facet normal -1.392668e-08 -4.519767e-08 -1.000000e+00
    outer loop
      vertex   4.357433e+01 -4.700812e+01 1.619345e+02
      vertex   6.095010e+01 -6.075241e+01 1.619345e+02
      vertex   4.413644e+01 -4.855250e+01 1.619345e+02
    endloop
  endfacet
  facet normal -1.392671e-08 -4.519771e-08 -1.000000e+00
    outer loop
      vertex   4.413644e+01 -4.855250e+01 1.619345e+02
      vertex   6.095010e+01 -6.075241e+01 1.619345e+02
      vertex   4.618597e+01 -5.680730e+01 1.619345e+02
    endloop
  endfacet
  facet normal -1.392677e-08 -4.519769e-08 -1.000000e+00
    outer loop
      vertex   6.112714e+01 -6.123883e+01 1.619345e+02
      vertex   6.070453e+01 -6.214514e+01 1.619345e+02
      vertex   6.095010e+01 -6.075241e+01 1.619345e+02
    endloop
  endfacet
  facet normal -1.392670e-08 -4.519770e-08 -1.000000e+00
    outer loop
      vertex   6.095010e+01 -6.075241e+01 1.619345e+02
      vertex   6.070453e+01 -6.214514e+01 1.619345e+02
      vertex   5.613263e+01 -6.534641e+01 1.619345e+02
    endloop
  endfacet
  facet normal -1.392672e-08 -4.519768e-08 -1.000000e+00
    outer loop
      vertex   6.095010e+01 -6.075241e+01 1.619345e+02
      vertex   5.613263e+01 -6.534641e+01 1.619345e+02
      vertex   5.473991e+01 -6.510084e+01 1.619345e+02
    endloop
  endfacet
  facet normal -1.392672e-08 -4.519768e-08 -1.000000e+00
    outer loop
      vertex   5.473991e+01 -6.510084e+01 1.619345e+02
      vertex   5.613263e+01 -6.534641e+01 1.619345e+02
      vertex   5.513644e+01 -6.543357e+01 1.619345e+02
    endloop
  endfacet
  facet normal -1.392672e-08 -4.519767e-08 -1.000000e+00
    outer loop
      vertex   5.513644e+01 -6.543357e+01 1.619345e+02
      vertex   5.613263e+01 -6.534641e+01 1.619345e+02
      vertex   5.564621e+01 -6.552345e+01 1.619345e+02
    endloop
  endfacet
  facet normal -1.392645e-08 -4.519784e-08 -1.000000e+00
    outer loop
      vertex   6.112714e+01 -6.123883e+01 1.619345e+02
      vertex   6.103726e+01 -6.174860e+01 1.619345e+02
      vertex   6.070453e+01 -6.214514e+01 1.619345e+02
    endloop
  endfacet
  facet normal -1.392669e-08 -4.519769e-08 -1.000000e+00
    outer loop
      vertex   5.289681e+01 -6.639138e+01 1.619345e+02
      vertex   4.618597e+01 -5.680730e+01 1.619345e+02
      vertex   5.473991e+01 -6.510084e+01 1.619345e+02
    endloop
  endfacet
  facet normal -1.392671e-08 -4.519770e-08 -1.000000e+00
    outer loop
      vertex   5.473991e+01 -6.510084e+01 1.619345e+02
      vertex   4.618597e+01 -5.680730e+01 1.619345e+02
      vertex   6.095010e+01 -6.075241e+01 1.619345e+02
    endloop
  endfacet
  facet normal -1.392670e-08 -4.519770e-08 -1.000000e+00
    outer loop
      vertex   7.063081e+00 3.743959e+01 1.619345e+02
      vertex   1.352450e+01 4.215059e+01 1.619345e+02
      vertex   1.312910e+01 3.576642e+01 1.619345e+02
    endloop
  endfacet
  facet normal -1.392671e-08 -4.519770e-08 -1.000000e+00
    outer loop
      vertex   1.312910e+01 3.576642e+01 1.619345e+02
      vertex   1.352450e+01 4.215059e+01 1.619345e+02
      vertex   2.359585e+01 3.745424e+01 1.619345e+02
    endloop
  endfacet
  facet normal -1.392669e-08 -4.519769e-08 -1.000000e+00
    outer loop
      vertex   3.290415e+01 -3.251114e+01 1.619345e+02
      vertex   3.128562e+01 -3.222575e+01 1.619345e+02
      vertex   3.144897e+01 -2.150749e+01 1.619345e+02
    endloop
  endfacet
  facet normal -1.392670e-08 -4.519769e-08 -1.000000e+00
    outer loop
      vertex   3.144897e+01 -2.150749e+01 1.619345e+02
      vertex   3.128562e+01 -3.222575e+01 1.619345e+02
      vertex   2.748003e+01 -2.639049e+01 1.619345e+02
    endloop
  endfacet
  facet normal -1.392672e-08 -4.519771e-08 -1.000000e+00
    outer loop
      vertex   2.748003e+01 -2.639049e+01 1.619345e+02
      vertex   3.128562e+01 -3.222575e+01 1.619345e+02
      vertex   2.974123e+01 -3.278786e+01 1.619345e+02
    endloop
  endfacet
  facet normal -1.392670e-08 -4.519770e-08 -1.000000e+00
    outer loop
      vertex   2.748003e+01 -2.639049e+01 1.619345e+02
      vertex   2.974123e+01 -3.278786e+01 1.619345e+02
      vertex   2.276151e+01 -3.055362e+01 1.619345e+02
    endloop
  endfacet
  facet normal -1.392670e-08 -4.519770e-08 -1.000000e+00
    outer loop
      vertex   2.276151e+01 -3.055362e+01 1.619345e+02
      vertex   2.974123e+01 -3.278786e+01 1.619345e+02
      vertex   2.063841e+01 -3.916172e+01 1.619345e+02
    endloop
  endfacet
  facet normal -1.392670e-08 -4.519770e-08 -1.000000e+00
    outer loop
      vertex   2.276151e+01 -3.055362e+01 1.619345e+02
      vertex   2.063841e+01 -3.916172e+01 1.619345e+02
      vertex   1.742211e+01 -3.388333e+01 1.619345e+02
    endloop
  endfacet
  facet normal -1.392671e-08 -4.519771e-08 -1.000000e+00
    outer loop
      vertex   1.742211e+01 -3.388333e+01 1.619345e+02
      vertex   2.063841e+01 -3.916172e+01 1.619345e+02
      vertex   1.958198e+01 -4.042072e+01 1.619345e+02
    endloop
  endfacet
  facet normal -1.392670e-08 -4.519771e-08 -1.000000e+00
    outer loop
      vertex   1.742211e+01 -3.388333e+01 1.619345e+02
      vertex   1.958198e+01 -4.042072e+01 1.619345e+02
      vertex   1.160749e+01 -3.628879e+01 1.619345e+02
    endloop
  endfacet
  facet normal -1.392669e-08 -4.519769e-08 -1.000000e+00
    outer loop
      vertex   1.160749e+01 -3.628879e+01 1.619345e+02
      vertex   1.958198e+01 -4.042072e+01 1.619345e+02
      vertex   1.929659e+01 -4.203925e+01 1.619345e+02
    endloop
  endfacet
  facet normal -1.392668e-08 -4.519764e-08 -1.000000e+00
    outer loop
      vertex   3.052888e+01 -5.808062e+01 1.619345e+02
      vertex   3.214741e+01 -5.836601e+01 1.619345e+02
      vertex   3.758487e+01 -6.282986e+01 1.619345e+02
    endloop
  endfacet
  facet normal -1.392673e-08 -4.519771e-08 -1.000000e+00
    outer loop
      vertex   3.758487e+01 -6.282986e+01 1.619345e+02
      vertex   3.214741e+01 -5.836601e+01 1.619345e+02
      vertex   3.369180e+01 -5.780390e+01 1.619345e+02
    endloop
  endfacet
  facet normal -1.392670e-08 -4.519770e-08 -1.000000e+00
    outer loop
      vertex   7.063081e+00 3.743959e+01 1.619345e+02
      vertex   8.043962e-01 3.809151e+01 1.619345e+02
      vertex   5.105553e+00 5.109396e+01 1.619344e+02
    endloop
  endfacet
  facet normal -1.392671e-08 -4.519769e-08 -1.000000e+00
    outer loop
      vertex   -4.605535e+01 4.308286e+00 1.619345e+02
      vertex   -3.672845e+01 1.013069e+01 1.619345e+02
      vertex   -4.479636e+01 3.251864e+00 1.619345e+02
    endloop
  endfacet
  facet normal -1.392671e-08 -4.519769e-08 -1.000000e+00
    outer loop
      vertex   -4.479636e+01 3.251864e+00 1.619345e+02
      vertex   -3.672845e+01 1.013069e+01 1.619345e+02
      vertex   -3.789498e+01 3.947217e+00 1.619345e+02
    endloop
  endfacet
  facet normal -1.392671e-08 -4.519770e-08 -1.000000e+00
    outer loop
      vertex   -4.479636e+01 3.251864e+00 1.619345e+02
      vertex   -3.789498e+01 3.947217e+00 1.619345e+02
      vertex   -4.423425e+01 1.707478e+00 1.619345e+02
    endloop
  endfacet
  facet normal -1.392671e-08 -4.519770e-08 -1.000000e+00
    outer loop
      vertex   -4.423425e+01 1.707478e+00 1.619345e+02
      vertex   -3.789498e+01 3.947217e+00 1.619345e+02
      vertex   -3.802783e+01 -2.343927e+00 1.619345e+02
    endloop
  endfacet
  facet normal -1.392671e-08 -4.519770e-08 -1.000000e+00
    outer loop
      vertex   -4.423425e+01 1.707478e+00 1.619345e+02
      vertex   -3.802783e+01 -2.343927e+00 1.619345e+02
      vertex   -4.326573e+01 -9.362736e+00 1.619345e+02
    endloop
  endfacet
  facet normal -1.392671e-08 -4.519770e-08 -1.000000e+00
    outer loop
      vertex   -4.326573e+01 -9.362736e+00 1.619345e+02
      vertex   -3.802783e+01 -2.343927e+00 1.619345e+02
      vertex   -3.712338e+01 -8.571134e+00 1.619345e+02
    endloop
  endfacet
  facet normal -1.392671e-08 -4.519767e-08 -1.000000e+00
    outer loop
      vertex   -4.326573e+01 -9.362736e+00 1.619345e+02
      vertex   -3.712338e+01 -8.571134e+00 1.619345e+02
      vertex   -4.355112e+01 -1.098127e+01 1.619345e+02
    endloop
  endfacet
  facet normal -1.392670e-08 -4.519770e-08 -1.000000e+00
    outer loop
      vertex   -4.355112e+01 -1.098127e+01 1.619345e+02
      vertex   -3.712338e+01 -8.571134e+00 1.619345e+02
      vertex   -3.520631e+01 -1.456454e+01 1.619345e+02
    endloop
  endfacet
  facet normal -1.392670e-08 -4.519772e-08 -1.000000e+00
    outer loop
      vertex   -4.355112e+01 -1.098127e+01 1.619345e+02
      vertex   -3.520631e+01 -1.456454e+01 1.619345e+02
      vertex   -4.460754e+01 -1.224026e+01 1.619345e+02
    endloop
  endfacet
  facet normal -1.392669e-08 -4.519774e-08 -1.000000e+00
    outer loop
      vertex   -6.556373e+01 2.601525e+00 1.619345e+02
      vertex   -6.662015e+01 1.342530e+00 1.619345e+02
      vertex   -7.320468e+01 -1.134526e+00 1.619345e+02
    endloop
  endfacet
  facet normal -1.392670e-08 -4.519770e-08 -1.000000e+00
    outer loop
      vertex   -7.320468e+01 -1.134526e+00 1.619345e+02
      vertex   -6.662015e+01 1.342530e+00 1.619345e+02
      vertex   -6.690554e+01 -2.760027e-01 1.619345e+02
    endloop
  endfacet
  facet normal 5.735764e-01 -8.191521e-01 2.150469e-08
    outer loop
      vertex   4.429572e+01 -7.241394e+01 1.619345e+02
      vertex   4.493235e+01 -7.196816e+01 1.630312e+02
      vertex   4.245262e+01 -7.370448e+01 1.724595e+02
    endloop
  endfacet
  facet normal 5.735764e-01 -8.191521e-01 2.903577e-08
    outer loop
      vertex   4.245262e+01 -7.370448e+01 1.724595e+02
      vertex   4.493235e+01 -7.196816e+01 1.630312e+02
      vertex   4.559304e+01 -7.150554e+01 1.644604e+02
    endloop
  endfacet
  facet normal 5.735764e-01 -8.191521e-01 2.903576e-08
    outer loop
      vertex   4.245262e+01 -7.370448e+01 1.724595e+02
      vertex   4.559304e+01 -7.150554e+01 1.644604e+02
      vertex   4.600092e+01 -7.121994e+01 1.660242e+02
    endloop
  endfacet
  facet normal 5.735764e-01 -8.191521e-01 2.903576e-08
    outer loop
      vertex   4.600092e+01 -7.121994e+01 1.660242e+02
      vertex   4.613881e+01 -7.112339e+01 1.676567e+02
      vertex   4.245262e+01 -7.370448e+01 1.724595e+02
    endloop
  endfacet
  facet normal 5.735764e-01 -8.191521e-01 2.903576e-08
    outer loop
      vertex   4.245262e+01 -7.370448e+01 1.724595e+02
      vertex   4.613881e+01 -7.112339e+01 1.676567e+02
      vertex   4.613881e+01 -7.112339e+01 1.724595e+02
    endloop
  endfacet
  facet normal 5.735764e-01 -8.191520e-01 2.903576e-08
    outer loop
      vertex   4.245262e+01 -7.370448e+01 1.724595e+02
      vertex   4.245262e+01 -7.370448e+01 1.619345e+02
      vertex   4.429572e+01 -7.241394e+01 1.619345e+02
    endloop
  endfacet
  facet normal 5.735763e-01 -8.191521e-01 2.903576e-08
    outer loop
      vertex   4.434288e+01 -5.809785e+01 1.676567e+02
      vertex   4.434288e+01 -5.809785e+01 1.619345e+02
      vertex   4.448077e+01 -5.800130e+01 1.660242e+02
    endloop
  endfacet
  facet normal 5.735764e-01 -8.191521e-01 2.576681e-08
    outer loop
      vertex   4.448077e+01 -5.800130e+01 1.660242e+02
      vertex   4.434288e+01 -5.809785e+01 1.619345e+02
      vertex   4.488864e+01 -5.771570e+01 1.644604e+02
    endloop
  endfacet
  facet normal 5.735764e-01 -8.191521e-01 2.496267e-08
    outer loop
      vertex   4.488864e+01 -5.771570e+01 1.644604e+02
      vertex   4.434288e+01 -5.809785e+01 1.619345e+02
      vertex   4.554934e+01 -5.725308e+01 1.630311e+02
    endloop
  endfacet
  facet normal 5.735764e-01 -8.191521e-01 2.428066e-08
    outer loop
      vertex   4.554934e+01 -5.725308e+01 1.630311e+02
      vertex   4.434288e+01 -5.809785e+01 1.619345e+02
      vertex   4.618597e+01 -5.680730e+01 1.619345e+02
    endloop
  endfacet
  facet normal -9.961947e-01 -8.715563e-02 1.781295e-08
    outer loop
      vertex   -7.248565e+01 -9.353132e+00 1.676567e+02
      vertex   -7.248565e+01 -9.353132e+00 1.619345e+02
      vertex   -7.247098e+01 -9.520827e+00 1.660242e+02
    endloop
  endfacet
  facet normal -9.961947e-01 -8.715571e-02 1.454102e-08
    outer loop
      vertex   -7.247098e+01 -9.520827e+00 1.660242e+02
      vertex   -7.248565e+01 -9.353132e+00 1.619345e+02
      vertex   -7.242758e+01 -1.001686e+01 1.644604e+02
    endloop
  endfacet
  facet normal -9.961947e-01 -8.715571e-02 1.373616e-08
    outer loop
      vertex   -7.242758e+01 -1.001686e+01 1.644604e+02
      vertex   -7.248565e+01 -9.353132e+00 1.619345e+02
      vertex   -7.235728e+01 -1.082034e+01 1.630311e+02
    endloop
  endfacet
  facet normal -9.961947e-01 -8.715571e-02 1.305350e-08
    outer loop
      vertex   -7.235728e+01 -1.082034e+01 1.630311e+02
      vertex   -7.248565e+01 -9.353132e+00 1.619345e+02
      vertex   -7.228955e+01 -1.159457e+01 1.619345e+02
    endloop
  endfacet
  facet normal -8.715573e-02 9.961947e-01 -4.381192e-08
    outer loop
      vertex   -8.414113e+01 -1.037285e+01 1.676567e+02
      vertex   -8.414113e+01 -1.037285e+01 1.724595e+02
      vertex   -7.248565e+01 -9.353132e+00 1.676567e+02
    endloop
  endfacet
  facet normal -8.715573e-02 9.961947e-01 -4.381192e-08
    outer loop
      vertex   -7.248565e+01 -9.353132e+00 1.676567e+02
      vertex   -8.414113e+01 -1.037285e+01 1.724595e+02
      vertex   -7.248565e+01 -9.353132e+00 1.724595e+02
    endloop
  endfacet
  facet normal 7.111019e-02 -8.127935e-01 -5.781955e-01
    outer loop
      vertex   -8.479242e+01 -2.928476e+00 1.630311e+02
      vertex   -8.486016e+01 -2.154248e+00 1.619345e+02
      vertex   -7.313695e+01 -1.908754e+00 1.630311e+02
    endloop
  endfacet
  facet normal 7.111019e-02 -8.127935e-01 -5.781955e-01
    outer loop
      vertex   -7.313695e+01 -1.908754e+00 1.630311e+02
      vertex   -8.486016e+01 -2.154248e+00 1.619345e+02
      vertex   -7.320468e+01 -1.134526e+00 1.619345e+02
    endloop
  endfacet
  facet normal -9.961947e-01 -8.715571e-02 2.257936e-08
    outer loop
      vertex   -7.300858e+01 -3.375964e+00 1.651095e+02
      vertex   -7.313695e+01 -1.908754e+00 1.630311e+02
      vertex   -7.300858e+01 -3.375964e+00 1.619345e+02
    endloop
  endfacet
  facet normal -9.961947e-01 -8.715571e-02 2.257936e-08
    outer loop
      vertex   -7.300858e+01 -3.375964e+00 1.619345e+02
      vertex   -7.313695e+01 -1.908754e+00 1.630311e+02
      vertex   -7.320468e+01 -1.134526e+00 1.619345e+02
    endloop
  endfacet
  facet normal -9.961947e-01 -8.715570e-02 1.028579e-08
    outer loop
      vertex   -8.486016e+01 -2.154248e+00 1.619345e+02
      vertex   -8.479242e+01 -2.928476e+00 1.630311e+02
      vertex   -8.505626e+01 8.719043e-02 1.724595e+02
    endloop
  endfacet
  facet normal -9.961947e-01 -8.715573e-02 1.781294e-08
    outer loop
      vertex   -8.505626e+01 8.719043e-02 1.724595e+02
      vertex   -8.479242e+01 -2.928476e+00 1.630311e+02
      vertex   -8.472213e+01 -3.731963e+00 1.644604e+02
    endloop
  endfacet
  facet normal -9.961947e-01 -8.715573e-02 1.781294e-08
    outer loop
      vertex   -8.505626e+01 8.719043e-02 1.724595e+02
      vertex   -8.472213e+01 -3.731963e+00 1.644604e+02
      vertex   -8.467873e+01 -4.227991e+00 1.660242e+02
    endloop
  endfacet
  facet normal -9.961947e-01 -8.715573e-02 1.781296e-08
    outer loop
      vertex   -8.467873e+01 -4.227991e+00 1.660242e+02
      vertex   -8.466406e+01 -4.395686e+00 1.676567e+02
      vertex   -8.505626e+01 8.719043e-02 1.724595e+02
    endloop
  endfacet
  facet normal -9.961947e-01 -8.715573e-02 1.781295e-08
    outer loop
      vertex   -8.505626e+01 8.719043e-02 1.724595e+02
      vertex   -8.466406e+01 -4.395686e+00 1.676567e+02
      vertex   -8.466406e+01 -4.395686e+00 1.724595e+02
    endloop
  endfacet
  facet normal -9.961947e-01 -8.715574e-02 1.781295e-08
    outer loop
      vertex   -8.505626e+01 8.719043e-02 1.724595e+02
      vertex   -8.505626e+01 8.718996e-02 1.619345e+02
      vertex   -8.486016e+01 -2.154248e+00 1.619345e+02
    endloop
  endfacet
  facet normal -7.394549e-01 3.448135e-01 -5.781955e-01
    outer loop
      vertex   3.986008e+01 7.489663e+01 1.630311e+02
      vertex   4.056445e+01 7.456818e+01 1.619344e+02
      vertex   3.384834e+01 6.200440e+01 1.630311e+02
    endloop
  endfacet
  facet normal -7.394549e-01 3.448135e-01 -5.781955e-01
    outer loop
      vertex   3.384834e+01 6.200440e+01 1.630311e+02
      vertex   4.056445e+01 7.456818e+01 1.619344e+02
      vertex   3.455271e+01 6.167595e+01 1.619344e+02
    endloop
  endfacet
  facet normal 4.226183e-01 9.063078e-01 -4.684870e-08
    outer loop
      vertex   4.056445e+01 7.456818e+01 1.619344e+02
      vertex   3.986008e+01 7.489663e+01 1.630311e+02
      vertex   4.260364e+01 7.361729e+01 1.724594e+02
    endloop
  endfacet
  facet normal 4.226183e-01 9.063078e-01 -4.684871e-08
    outer loop
      vertex   4.260364e+01 7.361729e+01 1.724594e+02
      vertex   3.986008e+01 7.489663e+01 1.630311e+02
      vertex   3.912909e+01 7.523750e+01 1.644604e+02
    endloop
  endfacet
  facet normal 4.226183e-01 9.063078e-01 -4.684870e-08
    outer loop
      vertex   4.260364e+01 7.361729e+01 1.724594e+02
      vertex   3.912909e+01 7.523750e+01 1.644604e+02
      vertex   3.867782e+01 7.544793e+01 1.660242e+02
    endloop
  endfacet
  facet normal 4.226183e-01 9.063078e-01 -4.684871e-08
    outer loop
      vertex   3.867782e+01 7.544793e+01 1.660242e+02
      vertex   3.852526e+01 7.551907e+01 1.676567e+02
      vertex   4.260364e+01 7.361729e+01 1.724594e+02
    endloop
  endfacet
  facet normal 4.226183e-01 9.063078e-01 -4.684871e-08
    outer loop
      vertex   4.260364e+01 7.361729e+01 1.724594e+02
      vertex   3.852526e+01 7.551907e+01 1.676567e+02
      vertex   3.852526e+01 7.551907e+01 1.724594e+02
    endloop
  endfacet
  facet normal 4.226183e-01 9.063078e-01 -4.684871e-08
    outer loop
      vertex   4.260364e+01 7.361729e+01 1.724594e+02
      vertex   4.260364e+01 7.361729e+01 1.619344e+02
      vertex   4.056445e+01 7.456818e+01 1.619344e+02
    endloop
  endfacet
  facet normal 4.226183e-01 9.063078e-01 -5.162292e-08
    outer loop
      vertex   2.503648e+01 6.611344e+01 1.619344e+02
      vertex   2.574084e+01 6.578499e+01 1.630311e+02
      vertex   2.707567e+01 6.516255e+01 1.619344e+02
    endloop
  endfacet
  facet normal 4.226183e-01 9.063078e-01 -5.093818e-08
    outer loop
      vertex   2.707567e+01 6.516255e+01 1.619344e+02
      vertex   2.574084e+01 6.578499e+01 1.630311e+02
      vertex   2.647183e+01 6.544413e+01 1.644604e+02
    endloop
  endfacet
  facet normal 4.226183e-01 9.063078e-01 -5.013080e-08
    outer loop
      vertex   2.707567e+01 6.516255e+01 1.619344e+02
      vertex   2.647183e+01 6.544413e+01 1.644604e+02
      vertex   2.692310e+01 6.523369e+01 1.660242e+02
    endloop
  endfacet
  facet normal 4.226184e-01 9.063077e-01 -4.684870e-08
    outer loop
      vertex   2.692310e+01 6.523369e+01 1.660242e+02
      vertex   2.707567e+01 6.516255e+01 1.676567e+02
      vertex   2.707567e+01 6.516255e+01 1.619344e+02
    endloop
  endfacet
  facet normal 5.735764e-01 -8.191521e-01 3.380651e-08
    outer loop
      vertex   3.942796e+01 -6.153931e+01 1.619345e+02
      vertex   4.434288e+01 -5.809785e+01 1.619345e+02
      vertex   3.942796e+01 -6.153931e+01 1.651095e+02
    endloop
  endfacet
  facet normal 5.735764e-01 -8.191521e-01 2.903576e-08
    outer loop
      vertex   3.942796e+01 -6.153931e+01 1.651095e+02
      vertex   4.434288e+01 -5.809785e+01 1.619345e+02
      vertex   4.434288e+01 -5.809785e+01 1.676567e+02
    endloop
  endfacet
  facet normal 5.735764e-01 -8.191521e-01 2.308931e-08
    outer loop
      vertex   3.942796e+01 -6.153931e+01 1.651095e+02
      vertex   4.434288e+01 -5.809785e+01 1.676567e+02
      vertex   3.942796e+01 -6.153931e+01 1.676567e+02
    endloop
  endfacet
  facet normal 5.735764e-01 -8.191521e-01 2.903576e-08
    outer loop
      vertex   3.942796e+01 -6.153931e+01 1.676567e+02
      vertex   4.434288e+01 -5.809785e+01 1.676567e+02
      vertex   4.434288e+01 -5.809785e+01 1.724595e+02
    endloop
  endfacet
  facet normal 5.735764e-01 -8.191521e-01 2.903576e-08
    outer loop
      vertex   3.942796e+01 -6.153931e+01 1.676567e+02
      vertex   4.434288e+01 -5.809785e+01 1.724595e+02
      vertex   3.942796e+01 -6.153931e+01 1.724595e+02
    endloop
  endfacet
  facet normal 5.735765e-01 -8.191520e-01 2.308930e-08
    outer loop
      vertex   3.942796e+01 -6.153931e+01 1.676567e+02
      vertex   3.929007e+01 -6.163586e+01 1.660242e+02
      vertex   3.942796e+01 -6.153931e+01 1.651095e+02
    endloop
  endfacet
  facet normal 5.735764e-01 -8.191520e-01 1.854201e-08
    outer loop
      vertex   3.942796e+01 -6.153931e+01 1.651095e+02
      vertex   3.929007e+01 -6.163586e+01 1.660242e+02
      vertex   3.888220e+01 -6.192146e+01 1.644604e+02
    endloop
  endfacet
  facet normal 5.735765e-01 -8.191520e-01 -3.452686e-08
    outer loop
      vertex   3.942796e+01 -6.153931e+01 1.651095e+02
      vertex   3.888220e+01 -6.192146e+01 1.644604e+02
      vertex   3.822151e+01 -6.238408e+01 1.630312e+02
    endloop
  endfacet
  facet normal -1.392670e-08 -4.519770e-08 -1.000000e+00
    outer loop
      vertex   3.942796e+01 -6.153931e+01 1.724595e+02
      vertex   4.434288e+01 -5.809785e+01 1.724595e+02
      vertex   4.613881e+01 -7.112339e+01 1.724595e+02
    endloop
  endfacet
  facet normal -1.392670e-08 -4.519770e-08 -1.000000e+00
    outer loop
      vertex   4.613881e+01 -7.112339e+01 1.724595e+02
      vertex   4.434288e+01 -5.809785e+01 1.724595e+02
      vertex   5.105372e+01 -6.768193e+01 1.724595e+02
    endloop
  endfacet
  facet normal -1.392665e-08 -4.519777e-08 -1.000000e+00
    outer loop
      vertex   4.613881e+01 -7.112339e+01 1.724595e+02
      vertex   5.105372e+01 -6.768193e+01 1.724595e+02
      vertex   4.253978e+01 -7.470068e+01 1.724595e+02
    endloop
  endfacet
  facet normal -1.392671e-08 -4.519770e-08 -1.000000e+00
    outer loop
      vertex   4.253978e+01 -7.470068e+01 1.724595e+02
      vertex   5.105372e+01 -6.768193e+01 1.724595e+02
      vertex   5.564621e+01 -6.552345e+01 1.724595e+02
    endloop
  endfacet
  facet normal -1.392684e-08 -4.519751e-08 -1.000000e+00
    outer loop
      vertex   4.253978e+01 -7.470068e+01 1.724595e+02
      vertex   5.564621e+01 -6.552345e+01 1.724595e+02
      vertex   4.220705e+01 -7.509721e+01 1.724595e+02
    endloop
  endfacet
  facet normal -1.392673e-08 -4.519767e-08 -1.000000e+00
    outer loop
      vertex   4.220705e+01 -7.509721e+01 1.724595e+02
      vertex   5.564621e+01 -6.552345e+01 1.724595e+02
      vertex   5.613263e+01 -6.534641e+01 1.724595e+02
    endloop
  endfacet
  facet normal -1.392672e-08 -4.519768e-08 -1.000000e+00
    outer loop
      vertex   5.473991e+01 -6.510084e+01 1.724595e+02
      vertex   5.513644e+01 -6.543357e+01 1.724595e+02
      vertex   5.105372e+01 -6.768193e+01 1.724595e+02
    endloop
  endfacet
  facet normal -1.392672e-08 -4.519766e-08 -1.000000e+00
    outer loop
      vertex   5.105372e+01 -6.768193e+01 1.724595e+02
      vertex   5.513644e+01 -6.543357e+01 1.724595e+02
      vertex   5.564621e+01 -6.552345e+01 1.724595e+02
    endloop
  endfacet
  facet normal -1.392667e-08 -4.519775e-08 -1.000000e+00
    outer loop
      vertex   4.253978e+01 -7.470068e+01 1.724595e+02
      vertex   4.262967e+01 -7.419090e+01 1.724595e+02
      vertex   4.613881e+01 -7.112339e+01 1.724595e+02
    endloop
  endfacet
  facet normal -1.392673e-08 -4.519768e-08 -1.000000e+00
    outer loop
      vertex   4.613881e+01 -7.112339e+01 1.724595e+02
      vertex   4.262967e+01 -7.419090e+01 1.724595e+02
      vertex   4.245262e+01 -7.370448e+01 1.724595e+02
    endloop
  endfacet
  facet normal -8.191521e-01 -5.735764e-01 3.733242e-08
    outer loop
      vertex   5.105372e+01 -6.768193e+01 1.676567e+02
      vertex   5.105372e+01 -6.768193e+01 1.724595e+02
      vertex   4.434288e+01 -5.809785e+01 1.676567e+02
    endloop
  endfacet
  facet normal -8.191521e-01 -5.735764e-01 3.733242e-08
    outer loop
      vertex   4.434288e+01 -5.809785e+01 1.676567e+02
      vertex   5.105372e+01 -6.768193e+01 1.724595e+02
      vertex   4.434288e+01 -5.809785e+01 1.724595e+02
    endloop
  endfacet
  facet normal 9.063078e-01 -4.226183e-01 6.479495e-09
    outer loop
      vertex   3.308741e+01 7.805478e+01 1.676567e+02
      vertex   3.308741e+01 7.805478e+01 1.724594e+02
      vertex   2.707567e+01 6.516255e+01 1.676567e+02
    endloop
  endfacet
  facet normal 9.063078e-01 -4.226183e-01 6.479495e-09
    outer loop
      vertex   2.707567e+01 6.516255e+01 1.676567e+02
      vertex   3.308741e+01 7.805478e+01 1.724594e+02
      vertex   2.707567e+01 6.516255e+01 1.724594e+02
    endloop
  endfacet
  facet normal -1.392672e-08 -4.519774e-08 -1.000000e+00
    outer loop
      vertex   2.900903e+01 7.995656e+01 1.724594e+02
      vertex   2.909891e+01 8.046634e+01 1.724594e+02
      vertex   3.308741e+01 7.805478e+01 1.724594e+02
    endloop
  endfacet
  facet normal -1.392668e-08 -4.519766e-08 -1.000000e+00
    outer loop
      vertex   3.308741e+01 7.805478e+01 1.724594e+02
      vertex   2.909891e+01 8.046634e+01 1.724594e+02
      vertex   2.892187e+01 8.095276e+01 1.724594e+02
    endloop
  endfacet
  facet normal -1.392670e-08 -4.519770e-08 -1.000000e+00
    outer loop
      vertex   3.308741e+01 7.805478e+01 1.724594e+02
      vertex   2.892187e+01 8.095276e+01 1.724594e+02
      vertex   4.393257e+01 7.410098e+01 1.724594e+02
    endloop
  endfacet
  facet normal -1.392675e-08 -4.519780e-08 -1.000000e+00
    outer loop
      vertex   4.393257e+01 7.410098e+01 1.724594e+02
      vertex   2.892187e+01 8.095276e+01 1.724594e+02
      vertex   2.852534e+01 8.128549e+01 1.724594e+02
    endloop
  endfacet
  facet normal -1.392669e-08 -4.519765e-08 -1.000000e+00
    outer loop
      vertex   3.308741e+01 7.805478e+01 1.724594e+02
      vertex   4.393257e+01 7.410098e+01 1.724594e+02
      vertex   3.852526e+01 7.551907e+01 1.724594e+02
    endloop
  endfacet
  facet normal -1.392663e-08 -4.519743e-08 -1.000000e+00
    outer loop
      vertex   3.852526e+01 7.551907e+01 1.724594e+02
      vertex   4.393257e+01 7.410098e+01 1.724594e+02
      vertex   4.342280e+01 7.419086e+01 1.724594e+02
    endloop
  endfacet
  facet normal -1.392671e-08 -4.519772e-08 -1.000000e+00
    outer loop
      vertex   3.852526e+01 7.551907e+01 1.724594e+02
      vertex   4.342280e+01 7.419086e+01 1.724594e+02
      vertex   4.293638e+01 7.401382e+01 1.724594e+02
    endloop
  endfacet
  facet normal -1.392668e-08 -4.519765e-08 -1.000000e+00
    outer loop
      vertex   4.293638e+01 7.401382e+01 1.724594e+02
      vertex   4.260364e+01 7.361729e+01 1.724594e+02
      vertex   3.852526e+01 7.551907e+01 1.724594e+02
    endloop
  endfacet
  facet normal -1.392671e-08 -4.519770e-08 -1.000000e+00
    outer loop
      vertex   3.251351e+01 6.262684e+01 1.724594e+02
      vertex   2.707567e+01 6.516255e+01 1.724594e+02
      vertex   3.852526e+01 7.551907e+01 1.724594e+02
    endloop
  endfacet
  facet normal -1.392671e-08 -4.519770e-08 -1.000000e+00
    outer loop
      vertex   3.852526e+01 7.551907e+01 1.724594e+02
      vertex   2.707567e+01 6.516255e+01 1.724594e+02
      vertex   3.308741e+01 7.805478e+01 1.724594e+02
    endloop
  endfacet
  facet normal -1.392670e-08 -4.519770e-08 -1.000000e+00
    outer loop
      vertex   -7.248565e+01 -9.353132e+00 1.724595e+02
      vertex   -8.414113e+01 -1.037285e+01 1.724595e+02
      vertex   -7.300858e+01 -3.375964e+00 1.724595e+02
    endloop
  endfacet
  facet normal -1.392670e-08 -4.519770e-08 -1.000000e+00
    outer loop
      vertex   -7.300858e+01 -3.375964e+00 1.724595e+02
      vertex   -8.414113e+01 -1.037285e+01 1.724595e+02
      vertex   -8.466406e+01 -4.395686e+00 1.724595e+02
    endloop
  endfacet
  facet normal -1.392671e-08 -4.519770e-08 -1.000000e+00
    outer loop
      vertex   -8.466406e+01 -4.395686e+00 1.724595e+02
      vertex   -8.414113e+01 -1.037285e+01 1.724595e+02
      vertex   -8.465796e+01 -1.593908e+01 1.724595e+02
    endloop
  endfacet
  facet normal -1.392671e-08 -4.519770e-08 -1.000000e+00
    outer loop
      vertex   -8.466406e+01 -4.395686e+00 1.724595e+02
      vertex   -8.465796e+01 -1.593908e+01 1.724595e+02
      vertex   -8.613961e+01 9.962294e-01 1.724595e+02
    endloop
  endfacet
  facet normal -1.392672e-08 -4.519770e-08 -1.000000e+00
    outer loop
      vertex   -8.374893e+01 -1.485573e+01 1.724595e+02
      vertex   -8.423535e+01 -1.503277e+01 1.724595e+02
      vertex   -8.414113e+01 -1.037285e+01 1.724595e+02
    endloop
  endfacet
  facet normal -1.392662e-08 -4.519770e-08 -1.000000e+00
    outer loop
      vertex   -8.414113e+01 -1.037285e+01 1.724595e+02
      vertex   -8.423535e+01 -1.503277e+01 1.724595e+02
      vertex   -8.456808e+01 -1.542931e+01 1.724595e+02
    endloop
  endfacet
  facet normal -1.392784e-08 -4.519760e-08 -1.000000e+00
    outer loop
      vertex   -8.414113e+01 -1.037285e+01 1.724595e+02
      vertex   -8.456808e+01 -1.542931e+01 1.724595e+02
      vertex   -8.465796e+01 -1.593908e+01 1.724595e+02
    endloop
  endfacet
  facet normal -1.392704e-08 -4.519779e-08 -1.000000e+00
    outer loop
      vertex   -8.613961e+01 9.962294e-01 1.724595e+02
      vertex   -8.596257e+01 5.098087e-01 1.724595e+02
      vertex   -8.466406e+01 -4.395686e+00 1.724595e+02
    endloop
  endfacet
  facet normal -1.392666e-08 -4.519769e-08 -1.000000e+00
    outer loop
      vertex   -8.466406e+01 -4.395686e+00 1.724595e+02
      vertex   -8.596257e+01 5.098087e-01 1.724595e+02
      vertex   -8.556604e+01 1.770774e-01 1.724595e+02
    endloop
  endfacet
  facet normal -1.392667e-08 -4.519769e-08 -1.000000e+00
    outer loop
      vertex   -8.466406e+01 -4.395686e+00 1.724595e+02
      vertex   -8.556604e+01 1.770774e-01 1.724595e+02
      vertex   -8.505626e+01 8.719043e-02 1.724595e+02
    endloop
  endfacet
  facet normal -9.961947e-01 -8.715573e-02 2.257936e-08
    outer loop
      vertex   -7.300858e+01 -3.375964e+00 1.619345e+02
      vertex   -7.248565e+01 -9.353132e+00 1.619345e+02
      vertex   -7.300858e+01 -3.375964e+00 1.651095e+02
    endloop
  endfacet
  facet normal -9.961947e-01 -8.715572e-02 1.781295e-08
    outer loop
      vertex   -7.300858e+01 -3.375964e+00 1.651095e+02
      vertex   -7.248565e+01 -9.353132e+00 1.619345e+02
      vertex   -7.248565e+01 -9.353132e+00 1.676567e+02
    endloop
  endfacet
  facet normal -9.961947e-01 -8.715573e-02 1.187191e-08
    outer loop
      vertex   -7.300858e+01 -3.375964e+00 1.651095e+02
      vertex   -7.248565e+01 -9.353132e+00 1.676567e+02
      vertex   -7.300858e+01 -3.375964e+00 1.676567e+02
    endloop
  endfacet
  facet normal -9.961947e-01 -8.715573e-02 1.781294e-08
    outer loop
      vertex   -7.300858e+01 -3.375964e+00 1.676567e+02
      vertex   -7.248565e+01 -9.353132e+00 1.676567e+02
      vertex   -7.248565e+01 -9.353132e+00 1.724595e+02
    endloop
  endfacet
  facet normal -9.961947e-01 -8.715573e-02 1.781293e-08
    outer loop
      vertex   -7.300858e+01 -3.375964e+00 1.676567e+02
      vertex   -7.248565e+01 -9.353132e+00 1.724595e+02
      vertex   -7.300858e+01 -3.375964e+00 1.724595e+02
    endloop
  endfacet
  facet normal -9.961947e-01 -8.715578e-02 1.187191e-08
    outer loop
      vertex   -7.300858e+01 -3.375964e+00 1.676567e+02
      vertex   -7.302325e+01 -3.208269e+00 1.660242e+02
      vertex   -7.300858e+01 -3.375964e+00 1.651095e+02
    endloop
  endfacet
  facet normal -9.961947e-01 -8.715576e-02 7.328745e-09
    outer loop
      vertex   -7.300858e+01 -3.375964e+00 1.651095e+02
      vertex   -7.302325e+01 -3.208269e+00 1.660242e+02
      vertex   -7.306665e+01 -2.712241e+00 1.644604e+02
    endloop
  endfacet
  facet normal -9.961947e-01 -8.715581e-02 -4.570232e-08
    outer loop
      vertex   -7.300858e+01 -3.375964e+00 1.651095e+02
      vertex   -7.306665e+01 -2.712241e+00 1.644604e+02
      vertex   -7.313695e+01 -1.908754e+00 1.630311e+02
    endloop
  endfacet
  facet normal -4.226183e-01 -9.063078e-01 4.684871e-08
    outer loop
      vertex   2.852534e+01 8.128549e+01 1.682844e+02
      vertex   4.393257e+01 7.410098e+01 1.682844e+02
      vertex   2.852534e+01 8.128549e+01 1.724594e+02
    endloop
  endfacet
  facet normal -4.226183e-01 -9.063078e-01 4.684871e-08
    outer loop
      vertex   2.852534e+01 8.128549e+01 1.724594e+02
      vertex   4.393257e+01 7.410098e+01 1.682844e+02
      vertex   4.393257e+01 7.410098e+01 1.724594e+02
    endloop
  endfacet
  facet normal 9.251207e-01 -3.796731e-01 4.276467e-09
    outer loop
      vertex   1.130280e+02 -4.030719e+01 1.682845e+02
      vertex   1.130280e+02 -4.030719e+01 1.746345e+02
      vertex   1.087569e+02 -5.071419e+01 1.682845e+02
    endloop
  endfacet
  facet normal 9.251207e-01 -3.796731e-01 4.276467e-09
    outer loop
      vertex   1.087569e+02 -5.071419e+01 1.682845e+02
      vertex   1.130280e+02 -4.030719e+01 1.746345e+02
      vertex   1.087569e+02 -5.071419e+01 1.746345e+02
    endloop
  endfacet
  facet normal 8.855026e-01 -4.646345e-01 8.668276e-09
    outer loop
      vertex   1.087569e+02 -5.071419e+01 1.682845e+02
      vertex   1.087569e+02 -5.071419e+01 1.746345e+02
      vertex   1.035301e+02 -6.067552e+01 1.682845e+02
    endloop
  endfacet
  facet normal 8.855026e-01 -4.646345e-01 8.668278e-09
    outer loop
      vertex   1.035301e+02 -6.067552e+01 1.682845e+02
      vertex   1.087569e+02 -5.071419e+01 1.746345e+02
      vertex   1.035301e+02 -6.067552e+01 1.746345e+02
    endloop
  endfacet
  facet normal 8.381026e-01 -5.455126e-01 1.298391e-08
    outer loop
      vertex   1.035301e+02 -6.067552e+01 1.682845e+02
      vertex   1.035301e+02 -6.067552e+01 1.746345e+02
      vertex   9.739344e+01 -7.010362e+01 1.682845e+02
    endloop
  endfacet
  facet normal 8.381026e-01 -5.455126e-01 1.298391e-08
    outer loop
      vertex   9.739344e+01 -7.010362e+01 1.682845e+02
      vertex   1.035301e+02 -6.067552e+01 1.746345e+02
      vertex   9.739344e+01 -7.010362e+01 1.746345e+02
    endloop
  endfacet
  facet normal 7.833373e-01 -6.215968e-01 1.718544e-08
    outer loop
      vertex   9.739344e+01 -7.010362e+01 1.682845e+02
      vertex   9.739344e+01 -7.010362e+01 1.746345e+02
      vertex   9.040089e+01 -7.891565e+01 1.682845e+02
    endloop
  endfacet
  facet normal 7.833373e-01 -6.215968e-01 1.718544e-08
    outer loop
      vertex   9.040089e+01 -7.891565e+01 1.682845e+02
      vertex   9.739344e+01 -7.010362e+01 1.746345e+02
      vertex   9.040089e+01 -7.891565e+01 1.746345e+02
    endloop
  endfacet
  facet normal 7.216881e-01 -6.922184e-01 2.123594e-08
    outer loop
      vertex   9.040089e+01 -7.891565e+01 1.682845e+02
      vertex   9.040089e+01 -7.891565e+01 1.746345e+02
      vertex   8.261389e+01 -8.703417e+01 1.682845e+02
    endloop
  endfacet
  facet normal 7.216881e-01 -6.922184e-01 2.123595e-08
    outer loop
      vertex   8.261389e+01 -8.703417e+01 1.682845e+02
      vertex   9.040089e+01 -7.891565e+01 1.746345e+02
      vertex   8.261389e+01 -8.703417e+01 1.746345e+02
    endloop
  endfacet
  facet normal 6.536966e-01 -7.567567e-01 2.509983e-08
    outer loop
      vertex   8.261389e+01 -8.703417e+01 1.682845e+02
      vertex   8.261389e+01 -8.703417e+01 1.746345e+02
      vertex   7.410087e+01 -9.438783e+01 1.682845e+02
    endloop
  endfacet
  facet normal 6.536966e-01 -7.567567e-01 2.509982e-08
    outer loop
      vertex   7.410087e+01 -9.438783e+01 1.682845e+02
      vertex   8.261389e+01 -8.703417e+01 1.746345e+02
      vertex   7.410087e+01 -9.438782e+01 1.746345e+02
    endloop
  endfacet
  facet normal 5.799604e-01 -8.146446e-01 2.874313e-08
    outer loop
      vertex   7.410087e+01 -9.438783e+01 1.682845e+02
      vertex   7.410087e+01 -9.438782e+01 1.746345e+02
      vertex   6.493665e+01 -1.009120e+02 1.682845e+02
    endloop
  endfacet
  facet normal 5.799604e-01 -8.146446e-01 2.874313e-08
    outer loop
      vertex   6.493665e+01 -1.009120e+02 1.682845e+02
      vertex   7.410087e+01 -9.438782e+01 1.746345e+02
      vertex   6.493665e+01 -1.009120e+02 1.746345e+02
    endloop
  endfacet
  facet normal 5.011275e-01 -8.653734e-01 3.213384e-08
    outer loop
      vertex   6.493665e+01 -1.009120e+02 1.682845e+02
      vertex   6.493665e+01 -1.009120e+02 1.746345e+02
      vertex   5.520177e+01 -1.065494e+02 1.682845e+02
    endloop
  endfacet
  facet normal 5.011275e-01 -8.653734e-01 3.213383e-08
    outer loop
      vertex   5.520177e+01 -1.065494e+02 1.682845e+02
      vertex   6.493665e+01 -1.009120e+02 1.746345e+02
      vertex   5.520177e+01 -1.065494e+02 1.746345e+02
    endloop
  endfacet
  facet normal 4.178907e-01 -9.084973e-01 3.524214e-08
    outer loop
      vertex   5.520177e+01 -1.065494e+02 1.682845e+02
      vertex   5.520177e+01 -1.065494e+02 1.746345e+02
      vertex   4.498177e+01 -1.112504e+02 1.682845e+02
    endloop
  endfacet
  facet normal 4.178907e-01 -9.084973e-01 3.524215e-08
    outer loop
      vertex   4.498177e+01 -1.112504e+02 1.682845e+02
      vertex   5.520177e+01 -1.065494e+02 1.746345e+02
      vertex   4.498177e+01 -1.112504e+02 1.746345e+02
    endloop
  endfacet
  facet normal 3.309815e-01 -9.436373e-01 3.804076e-08
    outer loop
      vertex   4.498177e+01 -1.112504e+02 1.682845e+02
      vertex   4.498177e+01 -1.112504e+02 1.746345e+02
      vertex   3.436647e+01 -1.149737e+02 1.682845e+02
    endloop
  endfacet
  facet normal 3.309815e-01 -9.436373e-01 3.804075e-08
    outer loop
      vertex   3.436647e+01 -1.149737e+02 1.682845e+02
      vertex   4.498177e+01 -1.112504e+02 1.746345e+02
      vertex   3.436647e+01 -1.149737e+02 1.746345e+02
    endloop
  endfacet
  facet normal 2.411635e-01 -9.704845e-01 4.050505e-08
    outer loop
      vertex   3.436647e+01 -1.149737e+02 1.682845e+02
      vertex   3.436647e+01 -1.149737e+02 1.746345e+02
      vertex   2.344916e+01 -1.176866e+02 1.682845e+02
    endloop
  endfacet
  facet normal 2.411635e-01 -9.704845e-01 4.050505e-08
    outer loop
      vertex   2.344916e+01 -1.176866e+02 1.682845e+02
      vertex   3.436647e+01 -1.149737e+02 1.746345e+02
      vertex   2.344916e+01 -1.176866e+02 1.746345e+02
    endloop
  endfacet
  facet normal 1.492262e-01 -9.888031e-01 4.261340e-08
    outer loop
      vertex   2.344916e+01 -1.176866e+02 1.682845e+02
      vertex   2.344916e+01 -1.176866e+02 1.746345e+02
      vertex   1.232578e+01 -1.193653e+02 1.682845e+02
    endloop
  endfacet
  facet normal 1.492262e-01 -9.888031e-01 4.261340e-08
    outer loop
      vertex   1.232578e+01 -1.193653e+02 1.682845e+02
      vertex   2.344916e+01 -1.176866e+02 1.746345e+02
      vertex   1.232578e+01 -1.193653e+02 1.746345e+02
    endloop
  endfacet
  facet normal 5.597754e-02 -9.984320e-01 4.434725e-08
    outer loop
      vertex   1.232578e+01 -1.193653e+02 1.682845e+02
      vertex   1.232578e+01 -1.193653e+02 1.746345e+02
      vertex   1.094072e+00 -1.199950e+02 1.682845e+02
    endloop
  endfacet
  facet normal 5.597754e-02 -9.984320e-01 4.434725e-08
    outer loop
      vertex   1.094072e+00 -1.199950e+02 1.682845e+02
      vertex   1.232578e+01 -1.193653e+02 1.746345e+02
      vertex   1.094072e+00 -1.199950e+02 1.746345e+02
    endloop
  endfacet
  facet normal -3.776309e-02 -9.992867e-01 4.569138e-08
    outer loop
      vertex   1.094072e+00 -1.199950e+02 1.682845e+02
      vertex   1.094072e+00 -1.199950e+02 1.746345e+02
      vertex   -1.014725e+01 -1.195702e+02 1.682845e+02
    endloop
  endfacet
  facet normal -3.776309e-02 -9.992867e-01 4.569138e-08
    outer loop
      vertex   -1.014725e+01 -1.195702e+02 1.682845e+02
      vertex   1.094072e+00 -1.199950e+02 1.746345e+02
      vertex   -1.014725e+01 -1.195702e+02 1.746345e+02
    endloop
  endfacet
  facet normal -1.311719e-01 -9.913596e-01 4.663397e-08
    outer loop
      vertex   -1.014725e+01 -1.195702e+02 1.682845e+02
      vertex   -1.014725e+01 -1.195702e+02 1.746345e+02
      vertex   -2.129939e+01 -1.180946e+02 1.682845e+02
    endloop
  endfacet
  facet normal -1.311719e-01 -9.913596e-01 4.663397e-08
    outer loop
      vertex   -2.129939e+01 -1.180946e+02 1.682845e+02
      vertex   -1.014725e+01 -1.195702e+02 1.746345e+02
      vertex   -2.129939e+01 -1.180946e+02 1.746345e+02
    endloop
  endfacet
  facet normal -2.234279e-01 -9.747205e-01 4.716674e-08
    outer loop
      vertex   -2.129939e+01 -1.180946e+02 1.682845e+02
      vertex   -2.129939e+01 -1.180946e+02 1.746345e+02
      vertex   -3.226436e+01 -1.155812e+02 1.682845e+02
    endloop
  endfacet
  facet normal -2.234279e-01 -9.747205e-01 4.716674e-08
    outer loop
      vertex   -3.226436e+01 -1.155812e+02 1.682845e+02
      vertex   -2.129939e+01 -1.180946e+02 1.746345e+02
      vertex   -3.226436e+01 -1.155812e+02 1.746345e+02
    endloop
  endfacet
  facet normal -3.137204e-01 -9.495154e-01 4.728500e-08
    outer loop
      vertex   -3.226436e+01 -1.155812e+02 1.682845e+02
      vertex   -3.226436e+01 -1.155812e+02 1.746345e+02
      vertex   -4.294578e+01 -1.120520e+02 1.682845e+02
    endloop
  endfacet
  facet normal -3.137204e-01 -9.495154e-01 4.728500e-08
    outer loop
      vertex   -4.294578e+01 -1.120520e+02 1.682845e+02
      vertex   -3.226436e+01 -1.155812e+02 1.746345e+02
      vertex   -4.294578e+01 -1.120520e+02 1.746345e+02
    endloop
  endfacet
  facet normal -4.012559e-01 -9.159660e-01 4.698773e-08
    outer loop
      vertex   -4.294578e+01 -1.120520e+02 1.682845e+02
      vertex   -4.294578e+01 -1.120520e+02 1.746345e+02
      vertex   -5.324980e+01 -1.075382e+02 1.682845e+02
    endloop
  endfacet
  facet normal -4.012559e-01 -9.159660e-01 4.698773e-08
    outer loop
      vertex   -5.324980e+01 -1.075382e+02 1.682845e+02
      vertex   -4.294578e+01 -1.120520e+02 1.746345e+02
      vertex   -5.324980e+01 -1.075382e+02 1.746345e+02
    endloop
  endfacet
  facet normal -4.852652e-01 -8.743670e-01 4.627752e-08
    outer loop
      vertex   -5.324980e+01 -1.075382e+02 1.682845e+02
      vertex   -5.324980e+01 -1.075382e+02 1.746345e+02
      vertex   -6.308585e+01 -1.020793e+02 1.682845e+02
    endloop
  endfacet
  facet normal -4.852652e-01 -8.743670e-01 4.627752e-08
    outer loop
      vertex   -6.308585e+01 -1.020793e+02 1.682845e+02
      vertex   -5.324980e+01 -1.075382e+02 1.746345e+02
      vertex   -6.308585e+01 -1.020793e+02 1.746345e+02
    endloop
  endfacet
  facet normal -5.650100e-01 -8.250841e-01 4.516063e-08
    outer loop
      vertex   -6.308585e+01 -1.020793e+02 1.682845e+02
      vertex   -6.308585e+01 -1.020793e+02 1.746345e+02
      vertex   -7.236750e+01 -9.572327e+01 1.682845e+02
    endloop
  endfacet
  facet normal -5.650100e-01 -8.250841e-01 4.516063e-08
    outer loop
      vertex   -7.236750e+01 -9.572327e+01 1.682845e+02
      vertex   -6.308585e+01 -1.020793e+02 1.746345e+02
      vertex   -7.236750e+01 -9.572327e+01 1.746345e+02
    endloop
  endfacet
  facet normal -6.397894e-01 -7.685502e-01 4.364686e-08
    outer loop
      vertex   -7.236750e+01 -9.572327e+01 1.682845e+02
      vertex   -7.236750e+01 -9.572327e+01 1.746345e+02
      vertex   -8.101319e+01 -8.852606e+01 1.682845e+02
    endloop
  endfacet
  facet normal -6.397894e-01 -7.685502e-01 4.364686e-08
    outer loop
      vertex   -8.101319e+01 -8.852606e+01 1.682845e+02
      vertex   -7.236750e+01 -9.572327e+01 1.746345e+02
      vertex   -8.101319e+01 -8.852606e+01 1.746345e+02
    endloop
  endfacet
  facet normal -7.089464e-01 -7.052624e-01 4.174952e-08
    outer loop
      vertex   -8.101319e+01 -8.852606e+01 1.682845e+02
      vertex   -8.101319e+01 -8.852606e+01 1.746345e+02
      vertex   -8.894693e+01 -8.055088e+01 1.682845e+02
    endloop
  endfacet
  facet normal -7.089464e-01 -7.052624e-01 4.174952e-08
    outer loop
      vertex   -8.894693e+01 -8.055088e+01 1.682845e+02
      vertex   -8.101319e+01 -8.852606e+01 1.746345e+02
      vertex   -8.894693e+01 -8.055088e+01 1.746345e+02
    endloop
  endfacet
  facet normal -7.718731e-01 -6.357766e-01 3.948529e-08
    outer loop
      vertex   -8.894693e+01 -8.055088e+01 1.682845e+02
      vertex   -8.894693e+01 -8.055088e+01 1.746345e+02
      vertex   -9.609900e+01 -7.186781e+01 1.682845e+02
    endloop
  endfacet
  facet normal -7.718731e-01 -6.357766e-01 3.948529e-08
    outer loop
      vertex   -9.609900e+01 -7.186781e+01 1.682845e+02
      vertex   -8.894693e+01 -8.055088e+01 1.746345e+02
      vertex   -9.609900e+01 -7.186781e+01 1.746345e+02
    endloop
  endfacet
  facet normal -8.280165e-01 -5.607037e-01 3.687406e-08
    outer loop
      vertex   -9.609900e+01 -7.186781e+01 1.682845e+02
      vertex   -9.609900e+01 -7.186781e+01 1.746345e+02
      vertex   -1.024065e+02 -6.255317e+01 1.682845e+02
    endloop
  endfacet
  facet normal -8.280165e-01 -5.607037e-01 3.687406e-08
    outer loop
      vertex   -1.024065e+02 -6.255317e+01 1.682845e+02
      vertex   -9.609900e+01 -7.186781e+01 1.746345e+02
      vertex   -1.024065e+02 -6.255317e+01 1.746345e+02
    endloop
  endfacet
  facet normal -8.768833e-01 -4.807032e-01 3.393878e-08
    outer loop
      vertex   -1.024065e+02 -6.255317e+01 1.682845e+02
      vertex   -1.024065e+02 -6.255317e+01 1.746345e+02
      vertex   -1.078141e+02 -5.268881e+01 1.682845e+02
    endloop
  endfacet
  facet normal -8.768833e-01 -4.807032e-01 3.393877e-08
    outer loop
      vertex   -1.078141e+02 -5.268881e+01 1.682845e+02
      vertex   -1.024065e+02 -6.255317e+01 1.746345e+02
      vertex   -1.078141e+02 -5.268881e+01 1.746345e+02
    endloop
  endfacet
  facet normal -9.180441e-01 -3.964784e-01 3.070524e-08
    outer loop
      vertex   -1.078141e+02 -5.268881e+01 1.682845e+02
      vertex   -1.078141e+02 -5.268881e+01 1.746345e+02
      vertex   -1.122743e+02 -4.236142e+01 1.682845e+02
    endloop
  endfacet
  facet normal -9.180441e-01 -3.964784e-01 3.070524e-08
    outer loop
      vertex   -1.122743e+02 -4.236142e+01 1.682845e+02
      vertex   -1.078141e+02 -5.268881e+01 1.746345e+02
      vertex   -1.122743e+02 -4.236142e+01 1.746345e+02
    endloop
  endfacet
  facet normal -9.511370e-01 -3.087692e-01 2.720186e-08
    outer loop
      vertex   -1.122743e+02 -4.236142e+01 1.682845e+02
      vertex   -1.122743e+02 -4.236142e+01 1.746345e+02
      vertex   -1.157477e+02 -3.166175e+01 1.682845e+02
    endloop
  endfacet
  facet normal -9.511370e-01 -3.087692e-01 2.720186e-08
    outer loop
      vertex   -1.157477e+02 -3.166175e+01 1.682845e+02
      vertex   -1.122743e+02 -4.236142e+01 1.746345e+02
      vertex   -1.157477e+02 -3.166175e+01 1.746345e+02
    endloop
  endfacet
  facet normal -9.758713e-01 -2.183466e-01 2.345943e-08
    outer loop
      vertex   -1.157477e+02 -3.166175e+01 1.682845e+02
      vertex   -1.157477e+02 -3.166175e+01 1.746345e+02
      vertex   -1.182040e+02 -2.068384e+01 1.682845e+02
    endloop
  endfacet
  facet normal -9.758713e-01 -2.183466e-01 2.345943e-08
    outer loop
      vertex   -1.182040e+02 -2.068384e+01 1.682845e+02
      vertex   -1.157477e+02 -3.166175e+01 1.746345e+02
      vertex   -1.182040e+02 -2.068384e+01 1.746345e+02
    endloop
  endfacet
  facet normal -9.920296e-01 -1.260051e-01 1.951084e-08
    outer loop
      vertex   -1.182040e+02 -2.068384e+01 1.682845e+02
      vertex   -1.182040e+02 -2.068384e+01 1.746345e+02
      vertex   -1.196214e+02 -9.524158e+00 1.682845e+02
    endloop
  endfacet
  facet normal -9.920296e-01 -1.260051e-01 1.951084e-08
    outer loop
      vertex   -1.196214e+02 -9.524158e+00 1.682845e+02
      vertex   -1.182040e+02 -2.068384e+01 1.746345e+02
      vertex   -1.196214e+02 -9.524158e+00 1.746345e+02
    endloop
  endfacet
  facet normal -9.994699e-01 -3.255634e-02 1.539079e-08
    outer loop
      vertex   -1.196214e+02 -9.524158e+00 1.682845e+02
      vertex   -1.196214e+02 -9.524158e+00 1.746345e+02
      vertex   -1.199877e+02 1.719222e+00 1.682845e+02
    endloop
  endfacet
  facet normal -9.994699e-01 -3.255634e-02 1.539079e-08
    outer loop
      vertex   -1.199877e+02 1.719222e+00 1.682845e+02
      vertex   -1.196214e+02 -9.524158e+00 1.746345e+02
      vertex   -1.199877e+02 1.719222e+00 1.746345e+02
    endloop
  endfacet
  facet normal -9.981268e-01 6.117856e-02 1.113549e-08
    outer loop
      vertex   -1.199877e+02 1.719222e+00 1.682845e+02
      vertex   -1.199877e+02 1.719222e+00 1.746345e+02
      vertex   -1.192995e+02 1.294749e+01 1.682845e+02
    endloop
  endfacet
  facet normal -9.981268e-01 6.117856e-02 1.113549e-08
    outer loop
      vertex   -1.192995e+02 1.294749e+01 1.682845e+02
      vertex   -1.199877e+02 1.719222e+00 1.746345e+02
      vertex   -1.192995e+02 1.294749e+01 1.746345e+02
    endloop
  endfacet
  facet normal -9.880122e-01 1.543758e-01 6.782320e-09
    outer loop
      vertex   -1.192995e+02 1.294749e+01 1.682845e+02
      vertex   -1.192995e+02 1.294749e+01 1.746345e+02
      vertex   -1.175628e+02 2.406198e+01 1.682845e+02
    endloop
  endfacet
  facet normal -9.880122e-01 1.543758e-01 6.782319e-09
    outer loop
      vertex   -1.175628e+02 2.406198e+01 1.682845e+02
      vertex   -1.192995e+02 1.294749e+01 1.746345e+02
      vertex   -1.175628e+02 2.406198e+01 1.746345e+02
    endloop
  endfacet
  facet normal -9.692149e-01 2.462164e-01 2.369551e-09
    outer loop
      vertex   -1.175628e+02 2.406198e+01 1.682845e+02
      vertex   -1.175628e+02 2.406198e+01 1.746345e+02
      vertex   -1.147931e+02 3.496501e+01 1.682845e+02
    endloop
  endfacet
  facet normal -9.692149e-01 2.462164e-01 2.369551e-09
    outer loop
      vertex   -1.147931e+02 3.496501e+01 1.682845e+02
      vertex   -1.175628e+02 2.406198e+01 1.746345e+02
      vertex   -1.147931e+02 3.496501e+01 1.746345e+02
    endloop
  endfacet
  facet normal -9.419001e-01 3.358933e-01 -2.064041e-09
    outer loop
      vertex   -1.147931e+02 3.496501e+01 1.682845e+02
      vertex   -1.147931e+02 3.496501e+01 1.746345e+02
      vertex   -1.110145e+02 4.556077e+01 1.682845e+02
    endloop
  endfacet
  facet normal -9.419001e-01 3.358933e-01 -2.064041e-09
    outer loop
      vertex   -1.110145e+02 4.556077e+01 1.682845e+02
      vertex   -1.147931e+02 3.496501e+01 1.746345e+02
      vertex   -1.110145e+02 4.556077e+01 1.746345e+02
    endloop
  endfacet
  facet normal -9.063078e-01 4.226183e-01 -6.479495e-09
    outer loop
      vertex   -1.110145e+02 4.556077e+01 1.682845e+02
      vertex   -1.110145e+02 4.556077e+01 1.746345e+02
      vertex   -1.062603e+02 5.575614e+01 1.682845e+02
    endloop
  endfacet
  facet normal -9.063078e-01 4.226183e-01 -6.479497e-09
    outer loop
      vertex   -1.062603e+02 5.575614e+01 1.682845e+02
      vertex   -1.110145e+02 4.556077e+01 1.746345e+02
      vertex   -1.062603e+02 5.575614e+01 1.746345e+02
    endloop
  endfacet
  facet normal -8.627508e-01 5.056293e-01 -1.083801e-08
    outer loop
      vertex   -1.062603e+02 5.575614e+01 1.682845e+02
      vertex   -1.062603e+02 5.575614e+01 1.746345e+02
      vertex   -1.005723e+02 6.546152e+01 1.682845e+02
    endloop
  endfacet
  facet normal -8.627508e-01 5.056293e-01 -1.083801e-08
    outer loop
      vertex   -1.005723e+02 6.546152e+01 1.682845e+02
      vertex   -1.062603e+02 5.575614e+01 1.746345e+02
      vertex   -1.005723e+02 6.546152e+01 1.746345e+02
    endloop
  endfacet
  facet normal -8.116120e-01 5.841968e-01 -1.510127e-08
    outer loop
      vertex   -1.005723e+02 6.546152e+01 1.682845e+02
      vertex   -1.005723e+02 6.546152e+01 1.746345e+02
      vertex   -9.400048e+01 7.459162e+01 1.682845e+02
    endloop
  endfacet
  facet normal -8.116120e-01 5.841968e-01 -1.510127e-08
    outer loop
      vertex   -9.400048e+01 7.459162e+01 1.682845e+02
      vertex   -1.005723e+02 6.546152e+01 1.746345e+02
      vertex   -9.400048e+01 7.459162e+01 1.746345e+02
    endloop
  endfacet
  facet normal -7.533407e-01 6.576304e-01 -1.923183e-08
    outer loop
      vertex   -9.400048e+01 7.459162e+01 1.682845e+02
      vertex   -9.400048e+01 7.459162e+01 1.746345e+02
      vertex   -8.660257e+01 8.306621e+01 1.682844e+02
    endloop
  endfacet
  facet normal -7.533407e-01 6.576304e-01 -1.923183e-08
    outer loop
      vertex   -8.660257e+01 8.306621e+01 1.682844e+02
      vertex   -9.400048e+01 7.459162e+01 1.746345e+02
      vertex   -8.660257e+01 8.306621e+01 1.746344e+02
    endloop
  endfacet
  facet normal -6.884490e-01 7.252847e-01 -2.319337e-08
    outer loop
      vertex   -8.660257e+01 8.306621e+01 1.682844e+02
      vertex   -8.660257e+01 8.306621e+01 1.746344e+02
      vertex   -7.844359e+01 9.081080e+01 1.682844e+02
    endloop
  endfacet
  facet normal -6.884490e-01 7.252847e-01 -2.319337e-08
    outer loop
      vertex   -7.844359e+01 9.081080e+01 1.682844e+02
      vertex   -8.660257e+01 8.306621e+01 1.746344e+02
      vertex   -7.844359e+01 9.081081e+01 1.746344e+02
    endloop
  endfacet
  facet normal -6.175072e-01 7.865652e-01 -2.695109e-08
    outer loop
      vertex   -7.844359e+01 9.081080e+01 1.682844e+02
      vertex   -7.844359e+01 9.081081e+01 1.746344e+02
      vertex   -6.959525e+01 9.775736e+01 1.682844e+02
    endloop
  endfacet
  facet normal -6.175072e-01 7.865652e-01 -2.695110e-08
    outer loop
      vertex   -6.959525e+01 9.775736e+01 1.682844e+02
      vertex   -7.844359e+01 9.081081e+01 1.746344e+02
      vertex   -6.959525e+01 9.775736e+01 1.746344e+02
    endloop
  endfacet
  facet normal -5.411388e-01 8.409333e-01 -3.047197e-08
    outer loop
      vertex   -6.959525e+01 9.775736e+01 1.682844e+02
      vertex   -6.959525e+01 9.775736e+01 1.746344e+02
      vertex   -6.013530e+01 1.038448e+02 1.682844e+02
    endloop
  endfacet
  facet normal -5.411388e-01 8.409333e-01 -3.047197e-08
    outer loop
      vertex   -6.013530e+01 1.038448e+02 1.682844e+02
      vertex   -6.959525e+01 9.775736e+01 1.746344e+02
      vertex   -6.013530e+01 1.038448e+02 1.746344e+02
    endloop
  endfacet
  facet normal -4.600147e-01 8.879113e-01 -3.372506e-08
    outer loop
      vertex   -6.013530e+01 1.038448e+02 1.682844e+02
      vertex   -6.013530e+01 1.038448e+02 1.746344e+02
      vertex   -5.014688e+01 1.090197e+02 1.682844e+02
    endloop
  endfacet
  facet normal -4.600147e-01 8.879113e-01 -3.372506e-08
    outer loop
      vertex   -5.014688e+01 1.090197e+02 1.682844e+02
      vertex   -6.013530e+01 1.038448e+02 1.746344e+02
      vertex   -5.014688e+01 1.090197e+02 1.746344e+02
    endloop
  endfacet
  facet normal -3.748481e-01 9.270862e-01 -3.668177e-08
    outer loop
      vertex   -5.014688e+01 1.090197e+02 1.682844e+02
      vertex   -5.014688e+01 1.090197e+02 1.746344e+02
      vertex   -3.971777e+01 1.132365e+02 1.682844e+02
    endloop
  endfacet
  facet normal -3.748481e-01 9.270862e-01 -3.668177e-08
    outer loop
      vertex   -3.971777e+01 1.132365e+02 1.682844e+02
      vertex   -5.014688e+01 1.090197e+02 1.746344e+02
      vertex   -3.971777e+01 1.132365e+02 1.746344e+02
    endloop
  endfacet
  facet normal -2.863873e-01 9.581139e-01 -3.931611e-08
    outer loop
      vertex   -3.971777e+01 1.132365e+02 1.682844e+02
      vertex   -3.971777e+01 1.132365e+02 1.746344e+02
      vertex   -2.893962e+01 1.164581e+02 1.682844e+02
    endloop
  endfacet
  facet normal -2.863873e-01 9.581139e-01 -3.931612e-08
    outer loop
      vertex   -2.893962e+01 1.164581e+02 1.682844e+02
      vertex   -3.971777e+01 1.132365e+02 1.746344e+02
      vertex   -2.893962e+01 1.164581e+02 1.746344e+02
    endloop
  endfacet
  facet normal -1.954097e-01 9.807217e-01 -4.160495e-08
    outer loop
      vertex   -2.893962e+01 1.164581e+02 1.682844e+02
      vertex   -2.893962e+01 1.164581e+02 1.746344e+02
      vertex   -1.790715e+01 1.186564e+02 1.682844e+02
    endloop
  endfacet
  facet normal -1.954097e-01 9.807217e-01 -4.160496e-08
    outer loop
      vertex   -1.790715e+01 1.186564e+02 1.682844e+02
      vertex   -2.893962e+01 1.164581e+02 1.746344e+02
      vertex   -1.790715e+01 1.186564e+02 1.746344e+02
    endloop
  endfacet
  facet normal -1.027148e-01 9.947108e-01 -4.352817e-08
    outer loop
      vertex   -1.790715e+01 1.186564e+02 1.682844e+02
      vertex   -1.790715e+01 1.186564e+02 1.746344e+02
      vertex   -6.717302e+00 1.198118e+02 1.682844e+02
    endloop
  endfacet
  facet normal -1.027148e-01 9.947108e-01 -4.352817e-08
    outer loop
      vertex   -6.717302e+00 1.198118e+02 1.682844e+02
      vertex   -1.790715e+01 1.186564e+02 1.746344e+02
      vertex   -6.717302e+00 1.198118e+02 1.746344e+02
    endloop
  endfacet
  facet normal -9.117248e-03 9.999584e-01 -4.506885e-08
    outer loop
      vertex   -6.717302e+00 1.198118e+02 1.682844e+02
      vertex   -6.717302e+00 1.198118e+02 1.746344e+02
      vertex   4.531573e+00 1.199144e+02 1.682844e+02
    endloop
  endfacet
  facet normal -9.117248e-03 9.999584e-01 -4.506885e-08
    outer loop
      vertex   4.531573e+00 1.199144e+02 1.682844e+02
      vertex   -6.717302e+00 1.198118e+02 1.746344e+02
      vertex   4.531573e+00 1.199144e+02 1.746344e+02
    endloop
  endfacet
  facet normal 8.456041e-02 9.964184e-01 -4.621347e-08
    outer loop
      vertex   4.531573e+00 1.199144e+02 1.682844e+02
      vertex   4.531573e+00 1.199144e+02 1.746344e+02
      vertex   1.574062e+01 1.189632e+02 1.682844e+02
    endloop
  endfacet
  facet normal 8.456041e-02 9.964184e-01 -4.621347e-08
    outer loop
      vertex   1.574062e+01 1.189632e+02 1.682844e+02
      vertex   4.531573e+00 1.199144e+02 1.746344e+02
      vertex   1.574062e+01 1.189632e+02 1.746344e+02
    endloop
  endfacet
  facet normal 1.774950e-01 9.841217e-01 -4.695196e-08
    outer loop
      vertex   1.574062e+01 1.189632e+02 1.682844e+02
      vertex   1.574062e+01 1.189632e+02 1.746344e+02
      vertex   2.681135e+01 1.169665e+02 1.682844e+02
    endloop
  endfacet
  facet normal 1.774950e-01 9.841217e-01 -4.695196e-08
    outer loop
      vertex   2.681135e+01 1.169665e+02 1.682844e+02
      vertex   1.574062e+01 1.189632e+02 1.746344e+02
      vertex   2.681135e+01 1.169665e+02 1.746344e+02
    endloop
  endfacet
  facet normal 2.688697e-01 9.631766e-01 -4.727783e-08
    outer loop
      vertex   2.681135e+01 1.169665e+02 1.682844e+02
      vertex   2.681135e+01 1.169665e+02 1.746344e+02
      vertex   3.764645e+01 1.139418e+02 1.682844e+02
    endloop
  endfacet
  facet normal 2.688697e-01 9.631766e-01 -4.727783e-08
    outer loop
      vertex   3.764645e+01 1.139418e+02 1.682844e+02
      vertex   2.681135e+01 1.169665e+02 1.746344e+02
      vertex   3.764645e+01 1.139418e+02 1.746344e+02
    endloop
  endfacet
  facet normal 3.578815e-01 9.337670e-01 -4.718823e-08
    outer loop
      vertex   3.764645e+01 1.139418e+02 1.682844e+02
      vertex   3.764645e+01 1.139418e+02 1.746344e+02
      vertex   4.815072e+01 1.099159e+02 1.682844e+02
    endloop
  endfacet
  facet normal 3.578815e-01 9.337670e-01 -4.718823e-08
    outer loop
      vertex   4.815072e+01 1.099159e+02 1.682844e+02
      vertex   3.764645e+01 1.139418e+02 1.746344e+02
      vertex   4.815072e+01 1.099159e+02 1.746344e+02
    endloop
  endfacet
  facet normal 4.437483e-01 8.961515e-01 -4.668393e-08
    outer loop
      vertex   4.815072e+01 1.099159e+02 1.682844e+02
      vertex   4.815072e+01 1.099159e+02 1.746344e+02
      vertex   5.823183e+01 1.049240e+02 1.682844e+02
    endloop
  endfacet
  facet normal 4.437483e-01 8.961515e-01 -4.668393e-08
    outer loop
      vertex   5.823183e+01 1.049240e+02 1.682844e+02
      vertex   4.815072e+01 1.099159e+02 1.746344e+02
      vertex   5.823183e+01 1.049240e+02 1.746344e+02
    endloop
  endfacet
  facet normal 5.257154e-01 8.506605e-01 -4.576938e-08
    outer loop
      vertex   5.823183e+01 1.049240e+02 1.682844e+02
      vertex   5.823183e+01 1.049240e+02 1.746344e+02
      vertex   6.780120e+01 9.901009e+01 1.682844e+02
    endloop
  endfacet
  facet normal 5.257154e-01 8.506605e-01 -4.576938e-08
    outer loop
      vertex   6.780120e+01 9.901009e+01 1.682844e+02
      vertex   5.823183e+01 1.049240e+02 1.746344e+02
      vertex   6.780120e+01 9.901009e+01 1.746344e+02
    endloop
  endfacet
  facet normal 6.030626e-01 7.976939e-01 -4.445260e-08
    outer loop
      vertex   6.780120e+01 9.901009e+01 1.682844e+02
      vertex   6.780120e+01 9.901009e+01 1.746344e+02
      vertex   7.677474e+01 9.222603e+01 1.682844e+02
    endloop
  endfacet
  facet normal 6.030626e-01 7.976939e-01 -4.445260e-08
    outer loop
      vertex   7.677474e+01 9.222603e+01 1.682844e+02
      vertex   6.780120e+01 9.901009e+01 1.746344e+02
      vertex   7.677474e+01 9.222603e+01 1.746344e+02
    endloop
  endfacet
  facet normal 6.751099e-01 7.377171e-01 -4.274517e-08
    outer loop
      vertex   7.677474e+01 9.222603e+01 1.682844e+02
      vertex   7.677474e+01 9.222603e+01 1.746344e+02
      vertex   8.507357e+01 8.463148e+01 1.682844e+02
    endloop
  endfacet
  facet normal 6.751099e-01 7.377171e-01 -4.274517e-08
    outer loop
      vertex   8.507357e+01 8.463148e+01 1.682844e+02
      vertex   7.677474e+01 9.222603e+01 1.746344e+02
      vertex   8.507357e+01 8.463148e+01 1.746344e+02
    endloop
  endfacet
  facet normal 7.412244e-01 6.712573e-01 -4.066210e-08
    outer loop
      vertex   8.507357e+01 8.463148e+01 1.682844e+02
      vertex   8.507357e+01 8.463148e+01 1.746344e+02
      vertex   9.262477e+01 7.629320e+01 1.682844e+02
    endloop
  endfacet
  facet normal 7.412244e-01 6.712573e-01 -4.066210e-08
    outer loop
      vertex   9.262477e+01 7.629320e+01 1.682844e+02
      vertex   8.507357e+01 8.463148e+01 1.746344e+02
      vertex   9.262477e+01 7.629320e+01 1.746344e+02
    endloop
  endfacet
  facet normal 8.008250e-01 5.988984e-01 -3.822169e-08
    outer loop
      vertex   9.262477e+01 7.629320e+01 1.682844e+02
      vertex   9.262477e+01 7.629320e+01 1.746344e+02
      vertex   9.936199e+01 6.728444e+01 1.682844e+02
    endloop
  endfacet
  facet normal 8.008250e-01 5.988984e-01 -3.822168e-08
    outer loop
      vertex   9.936199e+01 6.728444e+01 1.682844e+02
      vertex   9.262477e+01 7.629320e+01 1.746344e+02
      vertex   9.936199e+01 6.728444e+01 1.746344e+02
    endloop
  endfacet
  facet normal 8.533879e-01 5.212764e-01 -3.544537e-08
    outer loop
      vertex   9.936199e+01 6.728444e+01 1.682844e+02
      vertex   9.936199e+01 6.728444e+01 1.746344e+02
      vertex   1.052260e+02 5.768439e+01 1.682844e+02
    endloop
  endfacet
  facet normal 8.533879e-01 5.212764e-01 -3.544537e-08
    outer loop
      vertex   1.052260e+02 5.768439e+01 1.682844e+02
      vertex   9.936199e+01 6.728444e+01 1.746344e+02
      vertex   1.052260e+02 5.768439e+01 1.746344e+02
    endloop
  endfacet
  facet normal 8.984512e-01 4.390734e-01 -3.235757e-08
    outer loop
      vertex   1.052260e+02 5.768439e+01 1.682844e+02
      vertex   1.052260e+02 5.768439e+01 1.746344e+02
      vertex   1.101653e+02 4.757740e+01 1.682844e+02
    endloop
  endfacet
  facet normal 8.984512e-01 4.390734e-01 -3.235757e-08
    outer loop
      vertex   1.101653e+02 4.757740e+01 1.682844e+02
      vertex   1.052260e+02 5.768439e+01 1.746344e+02
      vertex   1.101653e+02 4.757740e+01 1.746344e+02
    endloop
  endfacet
  facet normal 9.356189e-01 3.530118e-01 -2.898541e-08
    outer loop
      vertex   1.101653e+02 4.757740e+01 1.682844e+02
      vertex   1.101653e+02 4.757740e+01 1.746344e+02
      vertex   1.141364e+02 3.705231e+01 1.682844e+02
    endloop
  endfacet
  facet normal 9.356189e-01 3.530118e-01 -2.898540e-08
    outer loop
      vertex   1.141364e+02 3.705231e+01 1.682844e+02
      vertex   1.101653e+02 4.757740e+01 1.746344e+02
      vertex   1.141364e+02 3.705231e+01 1.746344e+02
    endloop
  endfacet
  facet normal 9.645643e-01 2.638479e-01 -2.535852e-08
    outer loop
      vertex   1.141364e+02 3.705231e+01 1.682844e+02
      vertex   1.141364e+02 3.705231e+01 1.746344e+02
      vertex   1.171046e+02 2.620159e+01 1.682844e+02
    endloop
  endfacet
  facet normal 9.645643e-01 2.638479e-01 -2.535852e-08
    outer loop
      vertex   1.171046e+02 2.620159e+01 1.682844e+02
      vertex   1.141364e+02 3.705231e+01 1.746344e+02
      vertex   1.171046e+02 2.620159e+01 1.746344e+02
    endloop
  endfacet
  facet normal 9.850331e-01 1.723653e-01 -2.150878e-08
    outer loop
      vertex   1.171046e+02 2.620159e+01 1.682844e+02
      vertex   1.171046e+02 2.620159e+01 1.746344e+02
      vertex   1.190436e+02 1.512062e+01 1.682844e+02
    endloop
  endfacet
  facet normal 9.850331e-01 1.723653e-01 -2.150878e-08
    outer loop
      vertex   1.190436e+02 1.512062e+01 1.682844e+02
      vertex   1.171046e+02 2.620159e+01 1.746344e+02
      vertex   1.190436e+02 1.512062e+01 1.746344e+02
    endloop
  endfacet
  facet normal 9.968454e-01 7.936797e-02 -1.747002e-08
    outer loop
      vertex   1.190436e+02 1.512062e+01 1.682844e+02
      vertex   1.190436e+02 1.512062e+01 1.746344e+02
      vertex   1.199364e+02 3.906760e+00 1.682845e+02
    endloop
  endfacet
  facet normal 9.968454e-01 7.936797e-02 -1.747002e-08
    outer loop
      vertex   1.199364e+02 3.906760e+00 1.682845e+02
      vertex   1.190436e+02 1.512062e+01 1.746344e+02
      vertex   1.199364e+02 3.906760e+00 1.746345e+02
    endloop
  endfacet
  facet normal 9.998974e-01 -1.432686e-02 -1.327773e-08
    outer loop
      vertex   1.199364e+02 3.906760e+00 1.682845e+02
      vertex   1.199364e+02 3.906760e+00 1.746345e+02
      vertex   1.197752e+02 -7.341429e+00 1.682845e+02
    endloop
  endfacet
  facet normal 9.998974e-01 -1.432686e-02 -1.327773e-08
    outer loop
      vertex   1.197752e+02 -7.341429e+00 1.682845e+02
      vertex   1.199364e+02 3.906760e+00 1.746345e+02
      vertex   1.197752e+02 -7.341428e+00 1.746345e+02
    endloop
  endfacet
  facet normal 9.941622e-01 -1.078958e-01 -8.968760e-09
    outer loop
      vertex   1.197752e+02 -7.341429e+00 1.682845e+02
      vertex   1.197752e+02 -7.341428e+00 1.746345e+02
      vertex   1.185615e+02 -1.852510e+01 1.682845e+02
    endloop
  endfacet
  facet normal 9.941622e-01 -1.078958e-01 -8.968760e-09
    outer loop
      vertex   1.185615e+02 -1.852510e+01 1.682845e+02
      vertex   1.197752e+02 -7.341428e+00 1.746345e+02
      vertex   1.185615e+02 -1.852510e+01 1.746345e+02
    endloop
  endfacet
  facet normal 9.796903e-01 -2.005165e-01 -4.580970e-09
    outer loop
      vertex   1.185615e+02 -1.852510e+01 1.682845e+02
      vertex   1.185615e+02 -1.852510e+01 1.746345e+02
      vertex   1.163058e+02 -2.954597e+01 1.682845e+02
    endloop
  endfacet
  facet normal 9.796903e-01 -2.005165e-01 -4.580971e-09
    outer loop
      vertex   1.163058e+02 -2.954597e+01 1.682845e+02
      vertex   1.185615e+02 -1.852510e+01 1.746345e+02
      vertex   1.163058e+02 -2.954597e+01 1.746345e+02
    endloop
  endfacet
  facet normal 9.566089e-01 -2.913751e-01 -1.529220e-10
    outer loop
      vertex   1.163058e+02 -2.954597e+01 1.682845e+02
      vertex   1.163058e+02 -2.954597e+01 1.746345e+02
      vertex   1.130280e+02 -4.030719e+01 1.682845e+02
    endloop
  endfacet
  facet normal 9.566089e-01 -2.913751e-01 -1.529233e-10
    outer loop
      vertex   1.130280e+02 -4.030719e+01 1.682845e+02
      vertex   1.163058e+02 -2.954597e+01 1.746345e+02
      vertex   1.130280e+02 -4.030719e+01 1.746345e+02
    endloop
  endfacet
  facet normal -9.063078e-01 4.226183e-01 -6.479480e-09
    outer loop
      vertex   2.213808e+01 8.316054e+01 1.682844e+02
      vertex   1.987707e+01 7.831179e+01 1.666094e+02
      vertex   8.721840e+00 5.438931e+01 1.682844e+02
    endloop
  endfacet
  facet normal -9.063078e-01 4.226183e-01 -6.479482e-09
    outer loop
      vertex   8.721840e+00 5.438931e+01 1.682844e+02
      vertex   1.987707e+01 7.831179e+01 1.666094e+02
      vertex   1.956011e+01 7.763206e+01 1.664085e+02
    endloop
  endfacet
  facet normal -9.063078e-01 4.226183e-01 -6.479507e-09
    outer loop
      vertex   8.721840e+00 5.438931e+01 1.682844e+02
      vertex   1.956011e+01 7.763206e+01 1.664085e+02
      vertex   1.932808e+01 7.713446e+01 1.658594e+02
    endloop
  endfacet
  facet normal -9.063078e-01 4.226183e-01 -6.479491e-09
    outer loop
      vertex   2.213808e+01 8.316054e+01 1.619344e+02
      vertex   2.051100e+01 7.967125e+01 1.651094e+02
      vertex   2.213808e+01 8.316054e+01 1.682844e+02
    endloop
  endfacet
  facet normal -9.063078e-01 4.226183e-01 -6.479494e-09
    outer loop
      vertex   2.213808e+01 8.316054e+01 1.682844e+02
      vertex   2.051100e+01 7.967125e+01 1.651094e+02
      vertex   2.042607e+01 7.948912e+01 1.658594e+02
    endloop
  endfacet
  facet normal -9.063078e-01 4.226183e-01 -6.479496e-09
    outer loop
      vertex   2.213808e+01 8.316054e+01 1.682844e+02
      vertex   2.042607e+01 7.948912e+01 1.658594e+02
      vertex   2.019404e+01 7.899152e+01 1.664085e+02
    endloop
  endfacet
  facet normal -9.063078e-01 4.226183e-01 -6.479497e-09
    outer loop
      vertex   8.721840e+00 5.438931e+01 1.619344e+02
      vertex   1.987707e+01 7.831179e+01 1.636094e+02
      vertex   2.213808e+01 8.316054e+01 1.619344e+02
    endloop
  endfacet
  facet normal -9.063078e-01 4.226183e-01 -6.479486e-09
    outer loop
      vertex   2.213808e+01 8.316054e+01 1.619344e+02
      vertex   1.987707e+01 7.831179e+01 1.636094e+02
      vertex   2.019404e+01 7.899152e+01 1.638104e+02
    endloop
  endfacet
  facet normal -9.063078e-01 4.226183e-01 -6.479510e-09
    outer loop
      vertex   2.213808e+01 8.316054e+01 1.619344e+02
      vertex   2.019404e+01 7.899152e+01 1.638104e+02
      vertex   2.042607e+01 7.948912e+01 1.643594e+02
    endloop
  endfacet
  facet normal -9.063078e-01 4.226183e-01 -6.479495e-09
    outer loop
      vertex   8.721840e+00 5.438931e+01 1.682844e+02
      vertex   1.924315e+01 7.695233e+01 1.651094e+02
      vertex   8.721840e+00 5.438931e+01 1.619344e+02
    endloop
  endfacet
  facet normal -9.063078e-01 4.226183e-01 -6.479493e-09
    outer loop
      vertex   8.721840e+00 5.438931e+01 1.619344e+02
      vertex   1.924315e+01 7.695233e+01 1.651094e+02
      vertex   1.932808e+01 7.713446e+01 1.643594e+02
    endloop
  endfacet
  facet normal -9.063078e-01 4.226183e-01 -6.479489e-09
    outer loop
      vertex   8.721840e+00 5.438931e+01 1.619344e+02
      vertex   1.932808e+01 7.713446e+01 1.643594e+02
      vertex   1.956011e+01 7.763206e+01 1.638104e+02
    endloop
  endfacet
  facet normal -9.063078e-01 4.226183e-01 -6.479513e-09
    outer loop
      vertex   1.956011e+01 7.763206e+01 1.638104e+02
      vertex   1.987707e+01 7.831179e+01 1.636094e+02
      vertex   8.721840e+00 5.438931e+01 1.619344e+02
    endloop
  endfacet
  facet normal -9.063078e-01 4.226183e-01 -6.479486e-09
    outer loop
      vertex   2.042607e+01 7.948912e+01 1.643594e+02
      vertex   2.051100e+01 7.967125e+01 1.651094e+02
      vertex   2.213808e+01 8.316054e+01 1.619344e+02
    endloop
  endfacet
  facet normal -9.063078e-01 4.226183e-01 -6.479474e-09
    outer loop
      vertex   2.019404e+01 7.899152e+01 1.664085e+02
      vertex   1.987707e+01 7.831179e+01 1.666094e+02
      vertex   2.213808e+01 8.316054e+01 1.682844e+02
    endloop
  endfacet
  facet normal -9.063078e-01 4.226183e-01 -6.479492e-09
    outer loop
      vertex   1.932808e+01 7.713446e+01 1.658594e+02
      vertex   1.924315e+01 7.695233e+01 1.651094e+02
      vertex   8.721840e+00 5.438931e+01 1.682844e+02
    endloop
  endfacet
  facet normal -7.660444e-01 6.427876e-01 -1.838404e-08
    outer loop
      vertex   2.213808e+01 8.316054e+01 1.619344e+02
      vertex   2.213808e+01 8.316054e+01 1.682844e+02
      vertex   2.247081e+01 8.355707e+01 1.619344e+02
    endloop
  endfacet
  facet normal -7.660444e-01 6.427876e-01 -1.838405e-08
    outer loop
      vertex   2.247081e+01 8.355707e+01 1.619344e+02
      vertex   2.213808e+01 8.316054e+01 1.682844e+02
      vertex   2.247081e+01 8.355707e+01 1.682844e+02
    endloop
  endfacet
  facet normal -3.420201e-01 9.396926e-01 -3.770873e-08
    outer loop
      vertex   2.247081e+01 8.355707e+01 1.619344e+02
      vertex   2.247081e+01 8.355707e+01 1.682844e+02
      vertex   2.295723e+01 8.373411e+01 1.619344e+02
    endloop
  endfacet
  facet normal -3.420201e-01 9.396926e-01 -3.770873e-08
    outer loop
      vertex   2.295723e+01 8.373411e+01 1.619344e+02
      vertex   2.247081e+01 8.355707e+01 1.682844e+02
      vertex   2.295723e+01 8.373411e+01 1.682844e+02
    endloop
  endfacet
  facet normal 1.736482e-01 9.848077e-01 -4.692939e-08
    outer loop
      vertex   2.295723e+01 8.373411e+01 1.619344e+02
      vertex   2.295723e+01 8.373411e+01 1.682844e+02
      vertex   2.346701e+01 8.364423e+01 1.619344e+02
    endloop
  endfacet
  facet normal 1.736482e-01 9.848077e-01 -4.692939e-08
    outer loop
      vertex   2.346701e+01 8.364423e+01 1.619344e+02
      vertex   2.295723e+01 8.373411e+01 1.682844e+02
      vertex   2.346701e+01 8.364423e+01 1.682844e+02
    endloop
  endfacet
  facet normal 4.226183e-01 9.063078e-01 -4.684870e-08
    outer loop
      vertex   4.393257e+01 7.410098e+01 1.682844e+02
      vertex   4.899090e+01 7.174224e+01 1.682844e+02
      vertex   4.393257e+01 7.410098e+01 1.619344e+02
    endloop
  endfacet
  facet normal 4.226183e-01 9.063078e-01 -4.684870e-08
    outer loop
      vertex   4.393257e+01 7.410098e+01 1.619344e+02
      vertex   4.899090e+01 7.174224e+01 1.682844e+02
      vertex   4.899090e+01 7.174224e+01 1.619344e+02
    endloop
  endfacet
  facet normal 4.226183e-01 9.063078e-01 -4.684870e-08
    outer loop
      vertex   2.346701e+01 8.364423e+01 1.682844e+02
      vertex   2.852534e+01 8.128549e+01 1.682844e+02
      vertex   2.346701e+01 8.364423e+01 1.619344e+02
    endloop
  endfacet
  facet normal 4.226183e-01 9.063078e-01 -4.684870e-08
    outer loop
      vertex   2.346701e+01 8.364423e+01 1.619344e+02
      vertex   2.852534e+01 8.128549e+01 1.682844e+02
      vertex   2.852534e+01 8.128549e+01 1.619344e+02
    endloop
  endfacet
  facet normal 9.961947e-01 8.715573e-02 -1.781295e-08
    outer loop
      vertex   -8.465796e+01 -1.593908e+01 1.682845e+02
      vertex   -8.613961e+01 9.962292e-01 1.682845e+02
      vertex   -8.465796e+01 -1.593908e+01 1.724595e+02
    endloop
  endfacet
  facet normal 9.961947e-01 8.715573e-02 -1.781295e-08
    outer loop
      vertex   -8.465796e+01 -1.593908e+01 1.724595e+02
      vertex   -8.613961e+01 9.962292e-01 1.682845e+02
      vertex   -8.613961e+01 9.962294e-01 1.724595e+02
    endloop
  endfacet
  facet normal -5.735764e-01 8.191521e-01 -2.903576e-08
    outer loop
      vertex   5.613263e+01 -6.534641e+01 1.682845e+02
      vertex   4.220705e+01 -7.509721e+01 1.682845e+02
      vertex   5.613263e+01 -6.534641e+01 1.724595e+02
    endloop
  endfacet
  facet normal -5.735764e-01 8.191521e-01 -2.903576e-08
    outer loop
      vertex   5.613263e+01 -6.534641e+01 1.724595e+02
      vertex   4.220705e+01 -7.509721e+01 1.682845e+02
      vertex   4.220705e+01 -7.509721e+01 1.724595e+02
    endloop
  endfacet
  facet normal 4.226183e-01 9.063078e-01 -4.684870e-08
    outer loop
      vertex   2.707567e+01 6.516255e+01 1.676567e+02
      vertex   3.266608e+01 6.255570e+01 1.660242e+02
      vertex   2.707567e+01 6.516255e+01 1.619344e+02
    endloop
  endfacet
  facet normal 4.226183e-01 9.063078e-01 -4.684870e-08
    outer loop
      vertex   2.707567e+01 6.516255e+01 1.619344e+02
      vertex   3.266608e+01 6.255570e+01 1.660242e+02
      vertex   3.311735e+01 6.234527e+01 1.644604e+02
    endloop
  endfacet
  facet normal 4.226183e-01 9.063078e-01 -4.684867e-08
    outer loop
      vertex   2.707567e+01 6.516255e+01 1.619344e+02
      vertex   3.311735e+01 6.234527e+01 1.644604e+02
      vertex   3.384834e+01 6.200440e+01 1.630311e+02
    endloop
  endfacet
  facet normal 4.226183e-01 9.063078e-01 -4.684874e-08
    outer loop
      vertex   3.266608e+01 6.255570e+01 1.660242e+02
      vertex   2.707567e+01 6.516255e+01 1.676567e+02
      vertex   3.251351e+01 6.262684e+01 1.676567e+02
    endloop
  endfacet
  facet normal 4.226183e-01 9.063078e-01 -4.684871e-08
    outer loop
      vertex   3.251351e+01 6.262684e+01 1.676567e+02
      vertex   2.707567e+01 6.516255e+01 1.676567e+02
      vertex   2.707567e+01 6.516255e+01 1.724594e+02
    endloop
  endfacet
  facet normal 4.226183e-01 9.063078e-01 -4.684871e-08
    outer loop
      vertex   3.251351e+01 6.262684e+01 1.676567e+02
      vertex   2.707567e+01 6.516255e+01 1.724594e+02
      vertex   3.251351e+01 6.262684e+01 1.724594e+02
    endloop
  endfacet
  facet normal 4.226183e-01 9.063078e-01 -4.684870e-08
    outer loop
      vertex   3.384834e+01 6.200440e+01 1.630311e+02
      vertex   3.455271e+01 6.167595e+01 1.619344e+02
      vertex   2.707567e+01 6.516255e+01 1.619344e+02
    endloop
  endfacet
  facet normal -9.848077e-01 1.736482e-01 5.866625e-09
    outer loop
      vertex   3.368235e+01 5.157213e+01 1.619344e+02
      vertex   3.368235e+01 5.157213e+01 1.682844e+02
      vertex   3.396774e+01 5.319066e+01 1.619344e+02
    endloop
  endfacet
  facet normal -9.848077e-01 1.736482e-01 5.866626e-09
    outer loop
      vertex   3.396774e+01 5.319066e+01 1.619344e+02
      vertex   3.368235e+01 5.157213e+01 1.682844e+02
      vertex   3.396774e+01 5.319066e+01 1.682844e+02
    endloop
  endfacet
  facet normal -9.396926e-01 -3.420201e-01 2.854534e-08
    outer loop
      vertex   3.396774e+01 5.319066e+01 1.619344e+02
      vertex   3.396774e+01 5.319066e+01 1.682844e+02
      vertex   3.340563e+01 5.473505e+01 1.619344e+02
    endloop
  endfacet
  facet normal -9.396926e-01 -3.420201e-01 2.854534e-08
    outer loop
      vertex   3.340563e+01 5.473505e+01 1.619344e+02
      vertex   3.396774e+01 5.319066e+01 1.682844e+02
      vertex   3.340563e+01 5.473505e+01 1.682844e+02
    endloop
  endfacet
  facet normal -6.427876e-01 -7.660444e-01 4.357536e-08
    outer loop
      vertex   3.340563e+01 5.473505e+01 1.619344e+02
      vertex   3.340563e+01 5.473505e+01 1.682844e+02
      vertex   3.214664e+01 5.579147e+01 1.619344e+02
    endloop
  endfacet
  facet normal -6.427876e-01 -7.660444e-01 4.357536e-08
    outer loop
      vertex   3.214664e+01 5.579147e+01 1.619344e+02
      vertex   3.340563e+01 5.473505e+01 1.682844e+02
      vertex   3.214664e+01 5.579147e+01 1.682844e+02
    endloop
  endfacet
  facet normal -4.226183e-01 -9.063078e-01 4.684870e-08
    outer loop
      vertex   3.214664e+01 5.579147e+01 1.682844e+02
      vertex   2.207529e+01 6.048782e+01 1.682844e+02
      vertex   3.214664e+01 5.579147e+01 1.619344e+02
    endloop
  endfacet
  facet normal -4.226183e-01 -9.063078e-01 4.684871e-08
    outer loop
      vertex   3.214664e+01 5.579147e+01 1.619344e+02
      vertex   2.207529e+01 6.048782e+01 1.682844e+02
      vertex   2.207529e+01 6.048782e+01 1.619344e+02
    endloop
  endfacet
  facet normal -1.736482e-01 -9.848077e-01 4.692939e-08
    outer loop
      vertex   2.207529e+01 6.048782e+01 1.619344e+02
      vertex   2.207529e+01 6.048782e+01 1.682844e+02
      vertex   2.045676e+01 6.077321e+01 1.619344e+02
    endloop
  endfacet
  facet normal -1.736482e-01 -9.848077e-01 4.692939e-08
    outer loop
      vertex   2.045676e+01 6.077321e+01 1.619344e+02
      vertex   2.207529e+01 6.048782e+01 1.682844e+02
      vertex   2.045676e+01 6.077321e+01 1.682844e+02
    endloop
  endfacet
  facet normal 3.420201e-01 -9.396926e-01 3.770873e-08
    outer loop
      vertex   2.045676e+01 6.077321e+01 1.619344e+02
      vertex   2.045676e+01 6.077321e+01 1.682844e+02
      vertex   1.891237e+01 6.021110e+01 1.619344e+02
    endloop
  endfacet
  facet normal 3.420201e-01 -9.396926e-01 3.770873e-08
    outer loop
      vertex   1.891237e+01 6.021110e+01 1.619344e+02
      vertex   2.045676e+01 6.077321e+01 1.682844e+02
      vertex   1.891237e+01 6.021110e+01 1.682844e+02
    endloop
  endfacet
  facet normal 7.660444e-01 -6.427876e-01 1.838405e-08
    outer loop
      vertex   1.891237e+01 6.021110e+01 1.619344e+02
      vertex   1.891237e+01 6.021110e+01 1.682844e+02
      vertex   1.785595e+01 5.895210e+01 1.619344e+02
    endloop
  endfacet
  facet normal 7.660444e-01 -6.427876e-01 1.838405e-08
    outer loop
      vertex   1.785595e+01 5.895210e+01 1.619344e+02
      vertex   1.891237e+01 6.021110e+01 1.682844e+02
      vertex   1.785595e+01 5.895210e+01 1.682844e+02
    endloop
  endfacet
  facet normal -1.392669e-08 -4.519769e-08 -1.000000e+00
    outer loop
      vertex   3.340563e+01 5.473505e+01 1.682844e+02
      vertex   3.368235e+01 5.157213e+01 1.682844e+02
      vertex   3.214664e+01 5.579147e+01 1.682844e+02
    endloop
  endfacet
  facet normal -1.392670e-08 -4.519770e-08 -1.000000e+00
    outer loop
      vertex   3.214664e+01 5.579147e+01 1.682844e+02
      vertex   3.368235e+01 5.157213e+01 1.682844e+02
      vertex   1.198879e+01 4.636993e+01 1.682844e+02
    endloop
  endfacet
  facet normal -1.392670e-08 -4.519770e-08 -1.000000e+00
    outer loop
      vertex   3.214664e+01 5.579147e+01 1.682844e+02
      vertex   1.198879e+01 4.636993e+01 1.682844e+02
      vertex   1.785595e+01 5.895210e+01 1.682844e+02
    endloop
  endfacet
  facet normal -1.392668e-08 -4.519769e-08 -1.000000e+00
    outer loop
      vertex   3.340563e+01 5.473505e+01 1.682844e+02
      vertex   3.396774e+01 5.319066e+01 1.682844e+02
      vertex   3.368235e+01 5.157213e+01 1.682844e+02
    endloop
  endfacet
  facet normal -1.392670e-08 -4.519770e-08 -1.000000e+00
    outer loop
      vertex   1.198879e+01 4.636993e+01 1.682844e+02
      vertex   3.368235e+01 5.157213e+01 1.682844e+02
      vertex   1.352450e+01 4.215059e+01 1.682845e+02
    endloop
  endfacet
  facet normal -1.392670e-08 -4.519770e-08 -1.000000e+00
    outer loop
      vertex   1.352450e+01 4.215059e+01 1.682845e+02
      vertex   3.368235e+01 5.157213e+01 1.682844e+02
      vertex   2.781519e+01 3.898996e+01 1.682844e+02
    endloop
  endfacet
  facet normal -1.392670e-08 -4.519770e-08 -1.000000e+00
    outer loop
      vertex   1.352450e+01 4.215059e+01 1.682845e+02
      vertex   2.781519e+01 3.898996e+01 1.682844e+02
      vertex   2.359585e+01 3.745424e+01 1.682845e+02
    endloop
  endfacet
  facet normal -1.392670e-08 -4.519770e-08 -1.000000e+00
    outer loop
      vertex   2.359585e+01 3.745424e+01 1.682845e+02
      vertex   2.781519e+01 3.898996e+01 1.682844e+02
      vertex   2.521438e+01 3.716885e+01 1.682845e+02
    endloop
  endfacet
  facet normal -1.392670e-08 -4.519770e-08 -1.000000e+00
    outer loop
      vertex   2.521438e+01 3.716885e+01 1.682845e+02
      vertex   2.781519e+01 3.898996e+01 1.682844e+02
      vertex   2.675877e+01 3.773096e+01 1.682845e+02
    endloop
  endfacet
  facet normal -1.392672e-08 -4.519770e-08 -1.000000e+00
    outer loop
      vertex   1.352450e+01 4.215059e+01 1.682845e+02
      vertex   1.226551e+01 4.320701e+01 1.682845e+02
      vertex   1.198879e+01 4.636993e+01 1.682844e+02
    endloop
  endfacet
  facet normal -1.392671e-08 -4.519770e-08 -1.000000e+00
    outer loop
      vertex   1.198879e+01 4.636993e+01 1.682844e+02
      vertex   1.226551e+01 4.320701e+01 1.682845e+02
      vertex   1.170340e+01 4.475139e+01 1.682844e+02
    endloop
  endfacet
  facet normal -1.392670e-08 -4.519770e-08 -1.000000e+00
    outer loop
      vertex   1.891237e+01 6.021110e+01 1.682844e+02
      vertex   2.045676e+01 6.077321e+01 1.682844e+02
      vertex   1.785595e+01 5.895210e+01 1.682844e+02
    endloop
  endfacet
  facet normal -1.392670e-08 -4.519770e-08 -1.000000e+00
    outer loop
      vertex   1.785595e+01 5.895210e+01 1.682844e+02
      vertex   2.045676e+01 6.077321e+01 1.682844e+02
      vertex   2.207529e+01 6.048782e+01 1.682844e+02
    endloop
  endfacet
  facet normal -1.392670e-08 -4.519770e-08 -1.000000e+00
    outer loop
      vertex   1.785595e+01 5.895210e+01 1.682844e+02
      vertex   2.207529e+01 6.048782e+01 1.682844e+02
      vertex   3.214664e+01 5.579147e+01 1.682844e+02
    endloop
  endfacet
  facet normal -9.063078e-01 4.226183e-01 -6.479496e-09
    outer loop
      vertex   3.368235e+01 5.157213e+01 1.619344e+02
      vertex   2.781519e+01 3.898996e+01 1.619344e+02
      vertex   3.368235e+01 5.157213e+01 1.682844e+02
    endloop
  endfacet
  facet normal -9.063078e-01 4.226183e-01 -6.479494e-09
    outer loop
      vertex   3.368235e+01 5.157213e+01 1.682844e+02
      vertex   2.781519e+01 3.898996e+01 1.619344e+02
      vertex   2.781519e+01 3.898996e+01 1.682844e+02
    endloop
  endfacet
  facet normal 9.063078e-01 -4.226183e-01 6.479495e-09
    outer loop
      vertex   1.785595e+01 5.895210e+01 1.682844e+02
      vertex   1.198879e+01 4.636993e+01 1.682844e+02
      vertex   1.785595e+01 5.895210e+01 1.619344e+02
    endloop
  endfacet
  facet normal 9.063078e-01 -4.226183e-01 6.479496e-09
    outer loop
      vertex   1.785595e+01 5.895210e+01 1.619344e+02
      vertex   1.198879e+01 4.636993e+01 1.682844e+02
      vertex   1.198879e+01 4.636993e+01 1.619344e+02
    endloop
  endfacet
  facet normal -1.392670e-08 -4.519770e-08 -1.000000e+00
    outer loop
      vertex   8.721840e+00 5.438931e+01 1.682844e+02
      vertex   -4.091291e+00 5.063498e+01 1.682844e+02
      vertex   2.213808e+01 8.316054e+01 1.682844e+02
    endloop
  endfacet
  facet normal -1.392670e-08 -4.519770e-08 -1.000000e+00
    outer loop
      vertex   2.213808e+01 8.316054e+01 1.682844e+02
      vertex   -4.091291e+00 5.063498e+01 1.682844e+02
      vertex   -1.790715e+01 1.186564e+02 1.682844e+02
    endloop
  endfacet
  facet normal -1.392670e-08 -4.519770e-08 -1.000000e+00
    outer loop
      vertex   2.213808e+01 8.316054e+01 1.682844e+02
      vertex   -1.790715e+01 1.186564e+02 1.682844e+02
      vertex   -6.717302e+00 1.198118e+02 1.682844e+02
    endloop
  endfacet
  facet normal -1.392668e-08 -4.519773e-08 -1.000000e+00
    outer loop
      vertex   7.243810e+00 5.237938e+01 1.682844e+02
      vertex   5.105553e+00 5.109396e+01 1.682844e+02
      vertex   8.721840e+00 5.438931e+01 1.682844e+02
    endloop
  endfacet
  facet normal -1.392671e-08 -4.519769e-08 -1.000000e+00
    outer loop
      vertex   8.721840e+00 5.438931e+01 1.682844e+02
      vertex   5.105553e+00 5.109396e+01 1.682844e+02
      vertex   2.637143e+00 5.073150e+01 1.682844e+02
    endloop
  endfacet
  facet normal -1.392669e-08 -4.519772e-08 -1.000000e+00
    outer loop
      vertex   8.721840e+00 5.438931e+01 1.682844e+02
      vertex   2.637143e+00 5.073150e+01 1.682844e+02
      vertex   -4.091291e+00 5.063498e+01 1.682844e+02
    endloop
  endfacet
  facet normal -1.392671e-08 -4.519770e-08 -1.000000e+00
    outer loop
      vertex   -4.091291e+00 5.063498e+01 1.682844e+02
      vertex   -1.074794e+01 4.964999e+01 1.682845e+02
      vertex   -1.790715e+01 1.186564e+02 1.682844e+02
    endloop
  endfacet
  facet normal -1.392670e-08 -4.519770e-08 -1.000000e+00
    outer loop
      vertex   -1.790715e+01 1.186564e+02 1.682844e+02
      vertex   -1.074794e+01 4.964999e+01 1.682845e+02
      vertex   -2.893962e+01 1.164581e+02 1.682844e+02
    endloop
  endfacet
  facet normal -1.392670e-08 -4.519770e-08 -1.000000e+00
    outer loop
      vertex   -2.893962e+01 1.164581e+02 1.682844e+02
      vertex   -1.074794e+01 4.964999e+01 1.682845e+02
      vertex   -1.721600e+01 4.779382e+01 1.682845e+02
    endloop
  endfacet
  facet normal -1.392670e-08 -4.519770e-08 -1.000000e+00
    outer loop
      vertex   -2.893962e+01 1.164581e+02 1.682844e+02
      vertex   -1.721600e+01 4.779382e+01 1.682845e+02
      vertex   -3.971777e+01 1.132365e+02 1.682844e+02
    endloop
  endfacet
  facet normal -1.392670e-08 -4.519770e-08 -1.000000e+00
    outer loop
      vertex   -3.971777e+01 1.132365e+02 1.682844e+02
      vertex   -1.721600e+01 4.779382e+01 1.682845e+02
      vertex   -5.014688e+01 1.090197e+02 1.682844e+02
    endloop
  endfacet
  facet normal -1.392670e-08 -4.519770e-08 -1.000000e+00
    outer loop
      vertex   -5.014688e+01 1.090197e+02 1.682844e+02
      vertex   -1.721600e+01 4.779382e+01 1.682845e+02
      vertex   -2.338197e+01 4.509904e+01 1.682845e+02
    endloop
  endfacet
  facet normal -1.392670e-08 -4.519770e-08 -1.000000e+00
    outer loop
      vertex   -5.014688e+01 1.090197e+02 1.682844e+02
      vertex   -2.338197e+01 4.509904e+01 1.682845e+02
      vertex   -6.013530e+01 1.038448e+02 1.682844e+02
    endloop
  endfacet
  facet normal -1.392670e-08 -4.519770e-08 -1.000000e+00
    outer loop
      vertex   -6.013530e+01 1.038448e+02 1.682844e+02
      vertex   -2.338197e+01 4.509904e+01 1.682845e+02
      vertex   -2.913768e+01 4.161292e+01 1.682845e+02
    endloop
  endfacet
  facet normal -1.392670e-08 -4.519770e-08 -1.000000e+00
    outer loop
      vertex   -6.013530e+01 1.038448e+02 1.682844e+02
      vertex   -2.913768e+01 4.161292e+01 1.682845e+02
      vertex   -6.959525e+01 9.775736e+01 1.682844e+02
    endloop
  endfacet
  facet normal -1.392670e-08 -4.519770e-08 -1.000000e+00
    outer loop
      vertex   -6.959525e+01 9.775736e+01 1.682844e+02
      vertex   -2.913768e+01 4.161292e+01 1.682845e+02
      vertex   -7.844359e+01 9.081080e+01 1.682844e+02
    endloop
  endfacet
  facet normal -1.392670e-08 -4.519770e-08 -1.000000e+00
    outer loop
      vertex   -7.844359e+01 9.081080e+01 1.682844e+02
      vertex   -2.913768e+01 4.161292e+01 1.682845e+02
      vertex   -3.438212e+01 3.739665e+01 1.682845e+02
    endloop
  endfacet
  facet normal -1.392670e-08 -4.519770e-08 -1.000000e+00
    outer loop
      vertex   -7.844359e+01 9.081080e+01 1.682844e+02
      vertex   -3.438212e+01 3.739665e+01 1.682845e+02
      vertex   -8.660257e+01 8.306621e+01 1.682844e+02
    endloop
  endfacet
  facet normal -1.392670e-08 -4.519770e-08 -1.000000e+00
    outer loop
      vertex   -8.660257e+01 8.306621e+01 1.682844e+02
      vertex   -3.438212e+01 3.739665e+01 1.682845e+02
      vertex   -3.902328e+01 3.252420e+01 1.682845e+02
    endloop
  endfacet
  facet normal -1.392670e-08 -4.519770e-08 -1.000000e+00
    outer loop
      vertex   -8.660257e+01 8.306621e+01 1.682844e+02
      vertex   -3.902328e+01 3.252420e+01 1.682845e+02
      vertex   -9.400048e+01 7.459162e+01 1.682845e+02
    endloop
  endfacet
  facet normal -1.392670e-08 -4.519770e-08 -1.000000e+00
    outer loop
      vertex   -9.400048e+01 7.459162e+01 1.682845e+02
      vertex   -3.902328e+01 3.252420e+01 1.682845e+02
      vertex   -4.297972e+01 2.708106e+01 1.682845e+02
    endloop
  endfacet
  facet normal -1.392670e-08 -4.519770e-08 -1.000000e+00
    outer loop
      vertex   -9.400048e+01 7.459162e+01 1.682845e+02
      vertex   -4.297972e+01 2.708106e+01 1.682845e+02
      vertex   -1.005723e+02 6.546152e+01 1.682845e+02
    endloop
  endfacet
  facet normal -1.392670e-08 -4.519770e-08 -1.000000e+00
    outer loop
      vertex   -1.005723e+02 6.546152e+01 1.682845e+02
      vertex   -4.297972e+01 2.708106e+01 1.682845e+02
      vertex   -1.062603e+02 5.575614e+01 1.682845e+02
    endloop
  endfacet
  facet normal -1.392670e-08 -4.519770e-08 -1.000000e+00
    outer loop
      vertex   -1.062603e+02 5.575614e+01 1.682845e+02
      vertex   -4.297972e+01 2.708106e+01 1.682845e+02
      vertex   -4.618201e+01 2.116274e+01 1.682845e+02
    endloop
  endfacet
  facet normal -1.392670e-08 -4.519770e-08 -1.000000e+00
    outer loop
      vertex   -1.062603e+02 5.575614e+01 1.682845e+02
      vertex   -4.618201e+01 2.116274e+01 1.682845e+02
      vertex   -8.571701e+01 7.639591e+00 1.682845e+02
    endloop
  endfacet
  facet normal -1.392670e-08 -4.519770e-08 -1.000000e+00
    outer loop
      vertex   -8.571701e+01 7.639591e+00 1.682845e+02
      vertex   -4.618201e+01 2.116274e+01 1.682845e+02
      vertex   -5.409228e+01 1.040640e+01 1.682845e+02
    endloop
  endfacet
  facet normal -1.392670e-08 -4.519771e-08 -1.000000e+00
    outer loop
      vertex   -5.409228e+01 1.040640e+01 1.682845e+02
      vertex   -4.618201e+01 2.116274e+01 1.682845e+02
      vertex   -4.857397e+01 1.487310e+01 1.682845e+02
    endloop
  endfacet
  facet normal -1.392671e-08 -4.519770e-08 -1.000000e+00
    outer loop
      vertex   -5.409228e+01 1.040640e+01 1.682845e+02
      vertex   -4.857397e+01 1.487310e+01 1.682845e+02
      vertex   -4.975882e+01 1.267752e+01 1.682845e+02
    endloop
  endfacet
  facet normal -1.392670e-08 -4.519770e-08 -1.000000e+00
    outer loop
      vertex   -4.975882e+01 1.267752e+01 1.682845e+02
      vertex   -5.169804e+01 1.110785e+01 1.682845e+02
      vertex   -5.409228e+01 1.040640e+01 1.682845e+02
    endloop
  endfacet
  facet normal -1.392671e-08 -4.519771e-08 -1.000000e+00
    outer loop
      vertex   -8.620343e+01 7.462549e+00 1.682845e+02
      vertex   -1.147931e+02 3.496501e+01 1.682845e+02
      vertex   -8.571701e+01 7.639591e+00 1.682845e+02
    endloop
  endfacet
  facet normal -1.392671e-08 -4.519770e-08 -1.000000e+00
    outer loop
      vertex   -8.571701e+01 7.639591e+00 1.682845e+02
      vertex   -1.147931e+02 3.496501e+01 1.682845e+02
      vertex   -1.110145e+02 4.556077e+01 1.682845e+02
    endloop
  endfacet
  facet normal -1.392670e-08 -4.519770e-08 -1.000000e+00
    outer loop
      vertex   -8.571701e+01 7.639591e+00 1.682845e+02
      vertex   -1.110145e+02 4.556077e+01 1.682845e+02
      vertex   -1.062603e+02 5.575614e+01 1.682845e+02
    endloop
  endfacet
  facet normal -1.392670e-08 -4.519770e-08 -1.000000e+00
    outer loop
      vertex   -1.147931e+02 3.496501e+01 1.682845e+02
      vertex   -8.620343e+01 7.462549e+00 1.682845e+02
      vertex   -1.175628e+02 2.406198e+01 1.682845e+02
    endloop
  endfacet
  facet normal -1.392670e-08 -4.519770e-08 -1.000000e+00
    outer loop
      vertex   -1.175628e+02 2.406198e+01 1.682845e+02
      vertex   -8.620343e+01 7.462549e+00 1.682845e+02
      vertex   -8.653616e+01 7.066015e+00 1.682845e+02
    endloop
  endfacet
  facet normal -1.392670e-08 -4.519770e-08 -1.000000e+00
    outer loop
      vertex   -1.175628e+02 2.406198e+01 1.682845e+02
      vertex   -8.653616e+01 7.066015e+00 1.682845e+02
      vertex   -1.192995e+02 1.294749e+01 1.682845e+02
    endloop
  endfacet
  facet normal -1.392671e-08 -4.519774e-08 -1.000000e+00
    outer loop
      vertex   -1.192995e+02 1.294749e+01 1.682845e+02
      vertex   -8.653616e+01 7.066015e+00 1.682845e+02
      vertex   -8.662605e+01 6.556241e+00 1.682845e+02
    endloop
  endfacet
  facet normal -1.392670e-08 -4.519770e-08 -1.000000e+00
    outer loop
      vertex   -1.192995e+02 1.294749e+01 1.682845e+02
      vertex   -8.662605e+01 6.556241e+00 1.682845e+02
      vertex   -1.199877e+02 1.719222e+00 1.682845e+02
    endloop
  endfacet
  facet normal -1.392670e-08 -4.519770e-08 -1.000000e+00
    outer loop
      vertex   -1.199877e+02 1.719222e+00 1.682845e+02
      vertex   -8.662605e+01 6.556241e+00 1.682845e+02
      vertex   -8.613961e+01 9.962292e-01 1.682845e+02
    endloop
  endfacet
  facet normal -1.392670e-08 -4.519770e-08 -1.000000e+00
    outer loop
      vertex   -1.199877e+02 1.719222e+00 1.682845e+02
      vertex   -8.613961e+01 9.962292e-01 1.682845e+02
      vertex   -1.196214e+02 -9.524158e+00 1.682845e+02
    endloop
  endfacet
  facet normal -1.392670e-08 -4.519770e-08 -1.000000e+00
    outer loop
      vertex   -1.196214e+02 -9.524158e+00 1.682845e+02
      vertex   -8.613961e+01 9.962292e-01 1.682845e+02
      vertex   -8.465796e+01 -1.593908e+01 1.682845e+02
    endloop
  endfacet
  facet normal -1.392670e-08 -4.519770e-08 -1.000000e+00
    outer loop
      vertex   -1.196214e+02 -9.524158e+00 1.682845e+02
      vertex   -8.465796e+01 -1.593908e+01 1.682845e+02
      vertex   -1.182040e+02 -2.068384e+01 1.682845e+02
    endloop
  endfacet
  facet normal -1.392670e-08 -4.519770e-08 -1.000000e+00
    outer loop
      vertex   -1.182040e+02 -2.068384e+01 1.682845e+02
      vertex   -8.465796e+01 -1.593908e+01 1.682845e+02
      vertex   -8.417153e+01 -2.149909e+01 1.682845e+02
    endloop
  endfacet
  facet normal -1.392670e-08 -4.519770e-08 -1.000000e+00
    outer loop
      vertex   -1.182040e+02 -2.068384e+01 1.682845e+02
      vertex   -8.417153e+01 -2.149909e+01 1.682845e+02
      vertex   -1.157477e+02 -3.166175e+01 1.682845e+02
    endloop
  endfacet
  facet normal -1.392671e-08 -4.519767e-08 -1.000000e+00
    outer loop
      vertex   -1.157477e+02 -3.166175e+01 1.682845e+02
      vertex   -8.417153e+01 -2.149909e+01 1.682845e+02
      vertex   -8.399448e+01 -2.198551e+01 1.682845e+02
    endloop
  endfacet
  facet normal -1.392670e-08 -4.519770e-08 -1.000000e+00
    outer loop
      vertex   -1.157477e+02 -3.166175e+01 1.682845e+02
      vertex   -8.399448e+01 -2.198551e+01 1.682845e+02
      vertex   -1.122743e+02 -4.236142e+01 1.682845e+02
    endloop
  endfacet
  facet normal -1.392665e-08 -4.519777e-08 -1.000000e+00
    outer loop
      vertex   -1.122743e+02 -4.236142e+01 1.682845e+02
      vertex   -8.399448e+01 -2.198551e+01 1.682845e+02
      vertex   -8.359795e+01 -2.231824e+01 1.682845e+02
    endloop
  endfacet
  facet normal -1.392670e-08 -4.519770e-08 -1.000000e+00
    outer loop
      vertex   -1.122743e+02 -4.236142e+01 1.682845e+02
      vertex   -8.359795e+01 -2.231824e+01 1.682845e+02
      vertex   -1.078141e+02 -5.268881e+01 1.682845e+02
    endloop
  endfacet
  facet normal -1.392673e-08 -4.519768e-08 -1.000000e+00
    outer loop
      vertex   -1.078141e+02 -5.268881e+01 1.682845e+02
      vertex   -8.359795e+01 -2.231824e+01 1.682845e+02
      vertex   -8.308818e+01 -2.240813e+01 1.682845e+02
    endloop
  endfacet
  facet normal -1.392670e-08 -4.519770e-08 -1.000000e+00
    outer loop
      vertex   -1.078141e+02 -5.268881e+01 1.682845e+02
      vertex   -8.308818e+01 -2.240813e+01 1.682845e+02
      vertex   -1.024065e+02 -6.255317e+01 1.682845e+02
    endloop
  endfacet
  facet normal -1.392670e-08 -4.519770e-08 -1.000000e+00
    outer loop
      vertex   -1.024065e+02 -6.255317e+01 1.682845e+02
      vertex   -8.308818e+01 -2.240813e+01 1.682845e+02
      vertex   -9.609900e+01 -7.186781e+01 1.682845e+02
    endloop
  endfacet
  facet normal -1.392670e-08 -4.519770e-08 -1.000000e+00
    outer loop
      vertex   -9.609900e+01 -7.186781e+01 1.682845e+02
      vertex   -8.308818e+01 -2.240813e+01 1.682845e+02
      vertex   -4.180553e+01 -2.886066e+01 1.682845e+02
    endloop
  endfacet
  facet normal -1.392670e-08 -4.519770e-08 -1.000000e+00
    outer loop
      vertex   -9.609900e+01 -7.186781e+01 1.682845e+02
      vertex   -4.180553e+01 -2.886066e+01 1.682845e+02
      vertex   -3.762418e+01 -3.413299e+01 1.682845e+02
    endloop
  endfacet
  facet normal -1.392670e-08 -4.519770e-08 -1.000000e+00
    outer loop
      vertex   -8.308818e+01 -2.240813e+01 1.682845e+02
      vertex   -5.146345e+01 -1.964133e+01 1.682845e+02
      vertex   -4.180553e+01 -2.886066e+01 1.682845e+02
    endloop
  endfacet
  facet normal -1.392670e-08 -4.519770e-08 -1.000000e+00
    outer loop
      vertex   -4.180553e+01 -2.886066e+01 1.682845e+02
      vertex   -5.146345e+01 -1.964133e+01 1.682845e+02
      vertex   -4.525334e+01 -2.308192e+01 1.682845e+02
    endloop
  endfacet
  facet normal -1.392670e-08 -4.519770e-08 -1.000000e+00
    outer loop
      vertex   -4.525334e+01 -2.308192e+01 1.682845e+02
      vertex   -5.146345e+01 -1.964133e+01 1.682845e+02
      vertex   -4.680144e+01 -2.112545e+01 1.682845e+02
    endloop
  endfacet
  facet normal -1.392669e-08 -4.519768e-08 -1.000000e+00
    outer loop
      vertex   -4.680144e+01 -2.112545e+01 1.682845e+02
      vertex   -5.146345e+01 -1.964133e+01 1.682845e+02
      vertex   -4.898377e+01 -1.991637e+01 1.682845e+02
    endloop
  endfacet
  facet normal -1.392670e-08 -4.519770e-08 -1.000000e+00
    outer loop
      vertex   -3.278266e+01 -3.880640e+01 1.682845e+02
      vertex   -8.101319e+01 -8.852606e+01 1.682845e+02
      vertex   -3.762418e+01 -3.413299e+01 1.682845e+02
    endloop
  endfacet
  facet normal -1.392670e-08 -4.519770e-08 -1.000000e+00
    outer loop
      vertex   -3.762418e+01 -3.413299e+01 1.682845e+02
      vertex   -8.101319e+01 -8.852606e+01 1.682845e+02
      vertex   -8.894693e+01 -8.055088e+01 1.682845e+02
    endloop
  endfacet
  facet normal -1.392670e-08 -4.519770e-08 -1.000000e+00
    outer loop
      vertex   -3.762418e+01 -3.413299e+01 1.682845e+02
      vertex   -8.894693e+01 -8.055088e+01 1.682845e+02
      vertex   -9.609900e+01 -7.186781e+01 1.682845e+02
    endloop
  endfacet
  facet normal -1.392670e-08 -4.519770e-08 -1.000000e+00
    outer loop
      vertex   -8.101319e+01 -8.852606e+01 1.682845e+02
      vertex   -3.278266e+01 -3.880640e+01 1.682845e+02
      vertex   -7.236750e+01 -9.572327e+01 1.682845e+02
    endloop
  endfacet
  facet normal -1.392670e-08 -4.519770e-08 -1.000000e+00
    outer loop
      vertex   -7.236750e+01 -9.572327e+01 1.682845e+02
      vertex   -3.278266e+01 -3.880640e+01 1.682845e+02
      vertex   -2.736592e+01 -4.279891e+01 1.682845e+02
    endloop
  endfacet
  facet normal -1.392670e-08 -4.519770e-08 -1.000000e+00
    outer loop
      vertex   -7.236750e+01 -9.572327e+01 1.682845e+02
      vertex   -2.736592e+01 -4.279891e+01 1.682845e+02
      vertex   -6.308585e+01 -1.020793e+02 1.682845e+02
    endloop
  endfacet
  facet normal -1.392670e-08 -4.519770e-08 -1.000000e+00
    outer loop
      vertex   -6.308585e+01 -1.020793e+02 1.682845e+02
      vertex   -2.736592e+01 -4.279891e+01 1.682845e+02
      vertex   -5.324980e+01 -1.075382e+02 1.682845e+02
    endloop
  endfacet
  facet normal -1.392671e-08 -4.519770e-08 -1.000000e+00
    outer loop
      vertex   -5.324980e+01 -1.075382e+02 1.682845e+02
      vertex   -2.736592e+01 -4.279891e+01 1.682845e+02
      vertex   -2.146901e+01 -4.604044e+01 1.682845e+02
    endloop
  endfacet
  facet normal -1.392671e-08 -4.519770e-08 -1.000000e+00
    outer loop
      vertex   -5.324980e+01 -1.075382e+02 1.682845e+02
      vertex   -2.146901e+01 -4.604044e+01 1.682845e+02
      vertex   -4.294578e+01 -1.120520e+02 1.682845e+02
    endloop
  endfacet
  facet normal -1.392670e-08 -4.519770e-08 -1.000000e+00
    outer loop
      vertex   -4.294578e+01 -1.120520e+02 1.682845e+02
      vertex   -2.146901e+01 -4.604044e+01 1.682845e+02
      vertex   -1.519538e+01 -4.847412e+01 1.682845e+02
    endloop
  endfacet
  facet normal -1.392670e-08 -4.519770e-08 -1.000000e+00
    outer loop
      vertex   -4.294578e+01 -1.120520e+02 1.682845e+02
      vertex   -1.519538e+01 -4.847412e+01 1.682845e+02
      vertex   -3.226436e+01 -1.155812e+02 1.682845e+02
    endloop
  endfacet
  facet normal -1.392671e-08 -4.519770e-08 -1.000000e+00
    outer loop
      vertex   -3.226436e+01 -1.155812e+02 1.682845e+02
      vertex   -1.519538e+01 -4.847412e+01 1.682845e+02
      vertex   -8.655138e+00 -5.005725e+01 1.682845e+02
    endloop
  endfacet
  facet normal -1.392670e-08 -4.519770e-08 -1.000000e+00
    outer loop
      vertex   -3.226436e+01 -1.155812e+02 1.682845e+02
      vertex   -8.655138e+00 -5.005725e+01 1.682845e+02
      vertex   -2.129939e+01 -1.180946e+02 1.682845e+02
    endloop
  endfacet
  facet normal -1.392670e-08 -4.519770e-08 -1.000000e+00
    outer loop
      vertex   -2.129939e+01 -1.180946e+02 1.682845e+02
      vertex   -8.655138e+00 -5.005725e+01 1.682845e+02
      vertex   -1.014725e+01 -1.195702e+02 1.682845e+02
    endloop
  endfacet
  facet normal -1.392670e-08 -4.519770e-08 -1.000000e+00
    outer loop
      vertex   -1.014725e+01 -1.195702e+02 1.682845e+02
      vertex   -8.655138e+00 -5.005725e+01 1.682845e+02
      vertex   -1.963023e+00 -5.076206e+01 1.682845e+02
    endloop
  endfacet
  facet normal -1.392670e-08 -4.519770e-08 -1.000000e+00
    outer loop
      vertex   -1.014725e+01 -1.195702e+02 1.682845e+02
      vertex   -1.963023e+00 -5.076206e+01 1.682845e+02
      vertex   1.094072e+00 -1.199950e+02 1.682845e+02
    endloop
  endfacet
  facet normal -1.392670e-08 -4.519770e-08 -1.000000e+00
    outer loop
      vertex   1.094072e+00 -1.199950e+02 1.682845e+02
      vertex   -1.963023e+00 -5.076206e+01 1.682845e+02
      vertex   4.763535e+00 -5.057617e+01 1.682845e+02
    endloop
  endfacet
  facet normal -1.392670e-08 -4.519770e-08 -1.000000e+00
    outer loop
      vertex   1.094072e+00 -1.199950e+02 1.682845e+02
      vertex   4.763535e+00 -5.057617e+01 1.682845e+02
      vertex   3.624243e+01 -7.805291e+01 1.682845e+02
    endloop
  endfacet
  facet normal -1.392670e-08 -4.519770e-08 -1.000000e+00
    outer loop
      vertex   3.624243e+01 -7.805291e+01 1.682845e+02
      vertex   4.763535e+00 -5.057617e+01 1.682845e+02
      vertex   1.803394e+01 -5.204849e+01 1.682845e+02
    endloop
  endfacet
  facet normal -1.392670e-08 -4.519769e-08 -1.000000e+00
    outer loop
      vertex   1.803394e+01 -5.204849e+01 1.682845e+02
      vertex   4.763535e+00 -5.057617e+01 1.682845e+02
      vertex   1.140651e+01 -4.950285e+01 1.682845e+02
    endloop
  endfacet
  facet normal -1.392671e-08 -4.519770e-08 -1.000000e+00
    outer loop
      vertex   1.803394e+01 -5.204849e+01 1.682845e+02
      vertex   1.140651e+01 -4.950285e+01 1.682845e+02
      vertex   1.622934e+01 -5.032574e+01 1.682845e+02
    endloop
  endfacet
  facet normal -1.392670e-08 -4.519767e-08 -1.000000e+00
    outer loop
      vertex   1.622934e+01 -5.032574e+01 1.682845e+02
      vertex   1.140651e+01 -4.950285e+01 1.682845e+02
      vertex   1.390036e+01 -4.943116e+01 1.682845e+02
    endloop
  endfacet
  facet normal -1.392667e-08 -4.519771e-08 -1.000000e+00
    outer loop
      vertex   3.663896e+01 -7.838564e+01 1.682845e+02
      vertex   2.344916e+01 -1.176866e+02 1.682845e+02
      vertex   3.624243e+01 -7.805291e+01 1.682845e+02
    endloop
  endfacet
  facet normal -1.392671e-08 -4.519770e-08 -1.000000e+00
    outer loop
      vertex   3.624243e+01 -7.805291e+01 1.682845e+02
      vertex   2.344916e+01 -1.176866e+02 1.682845e+02
      vertex   1.232578e+01 -1.193653e+02 1.682845e+02
    endloop
  endfacet
  facet normal -1.392670e-08 -4.519770e-08 -1.000000e+00
    outer loop
      vertex   3.624243e+01 -7.805291e+01 1.682845e+02
      vertex   1.232578e+01 -1.193653e+02 1.682845e+02
      vertex   1.094072e+00 -1.199950e+02 1.682845e+02
    endloop
  endfacet
  facet normal -1.392670e-08 -4.519770e-08 -1.000000e+00
    outer loop
      vertex   2.344916e+01 -1.176866e+02 1.682845e+02
      vertex   3.663896e+01 -7.838564e+01 1.682845e+02
      vertex   3.436647e+01 -1.149737e+02 1.682845e+02
    endloop
  endfacet
  facet normal -1.392667e-08 -4.519770e-08 -1.000000e+00
    outer loop
      vertex   3.436647e+01 -1.149737e+02 1.682845e+02
      vertex   3.663896e+01 -7.838564e+01 1.682845e+02
      vertex   3.714874e+01 -7.847553e+01 1.682845e+02
    endloop
  endfacet
  facet normal -1.392670e-08 -4.519770e-08 -1.000000e+00
    outer loop
      vertex   3.436647e+01 -1.149737e+02 1.682845e+02
      vertex   3.714874e+01 -7.847553e+01 1.682845e+02
      vertex   4.498177e+01 -1.112504e+02 1.682845e+02
    endloop
  endfacet
  facet normal -1.392671e-08 -4.519770e-08 -1.000000e+00
    outer loop
      vertex   4.498177e+01 -1.112504e+02 1.682845e+02
      vertex   3.714874e+01 -7.847553e+01 1.682845e+02
      vertex   3.763516e+01 -7.829848e+01 1.682845e+02
    endloop
  endfacet
  facet normal -1.392670e-08 -4.519770e-08 -1.000000e+00
    outer loop
      vertex   4.498177e+01 -1.112504e+02 1.682845e+02
      vertex   3.763516e+01 -7.829848e+01 1.682845e+02
      vertex   5.520177e+01 -1.065494e+02 1.682845e+02
    endloop
  endfacet
  facet normal -1.392671e-08 -4.519770e-08 -1.000000e+00
    outer loop
      vertex   5.520177e+01 -1.065494e+02 1.682845e+02
      vertex   3.763516e+01 -7.829848e+01 1.682845e+02
      vertex   4.220705e+01 -7.509721e+01 1.682845e+02
    endloop
  endfacet
  facet normal -1.392670e-08 -4.519770e-08 -1.000000e+00
    outer loop
      vertex   5.520177e+01 -1.065494e+02 1.682845e+02
      vertex   4.220705e+01 -7.509721e+01 1.682845e+02
      vertex   6.493665e+01 -1.009120e+02 1.682845e+02
    endloop
  endfacet
  facet normal -1.392670e-08 -4.519770e-08 -1.000000e+00
    outer loop
      vertex   6.493665e+01 -1.009120e+02 1.682845e+02
      vertex   4.220705e+01 -7.509721e+01 1.682845e+02
      vertex   5.613263e+01 -6.534641e+01 1.682845e+02
    endloop
  endfacet
  facet normal -1.392670e-08 -4.519770e-08 -1.000000e+00
    outer loop
      vertex   6.493665e+01 -1.009120e+02 1.682845e+02
      vertex   5.613263e+01 -6.534641e+01 1.682845e+02
      vertex   7.410087e+01 -9.438783e+01 1.682845e+02
    endloop
  endfacet
  facet normal -1.392670e-08 -4.519770e-08 -1.000000e+00
    outer loop
      vertex   7.410087e+01 -9.438783e+01 1.682845e+02
      vertex   5.613263e+01 -6.534641e+01 1.682845e+02
      vertex   8.261389e+01 -8.703417e+01 1.682845e+02
    endloop
  endfacet
  facet normal -1.392670e-08 -4.519770e-08 -1.000000e+00
    outer loop
      vertex   8.261389e+01 -8.703417e+01 1.682845e+02
      vertex   5.613263e+01 -6.534641e+01 1.682845e+02
      vertex   6.070453e+01 -6.214514e+01 1.682845e+02
    endloop
  endfacet
  facet normal -1.392670e-08 -4.519770e-08 -1.000000e+00
    outer loop
      vertex   8.261389e+01 -8.703417e+01 1.682845e+02
      vertex   6.070453e+01 -6.214514e+01 1.682845e+02
      vertex   6.103726e+01 -6.174860e+01 1.682845e+02
    endloop
  endfacet
  facet normal -1.392670e-08 -4.519770e-08 -1.000000e+00
    outer loop
      vertex   8.261389e+01 -8.703417e+01 1.682845e+02
      vertex   6.103726e+01 -6.174860e+01 1.682845e+02
      vertex   9.040089e+01 -7.891565e+01 1.682845e+02
    endloop
  endfacet
  facet normal -1.392672e-08 -4.519774e-08 -1.000000e+00
    outer loop
      vertex   9.040089e+01 -7.891565e+01 1.682845e+02
      vertex   6.103726e+01 -6.174860e+01 1.682845e+02
      vertex   6.112714e+01 -6.123883e+01 1.682845e+02
    endloop
  endfacet
  facet normal -1.392670e-08 -4.519770e-08 -1.000000e+00
    outer loop
      vertex   9.040089e+01 -7.891565e+01 1.682845e+02
      vertex   6.112714e+01 -6.123883e+01 1.682845e+02
      vertex   9.739344e+01 -7.010362e+01 1.682845e+02
    endloop
  endfacet
  facet normal -1.392670e-08 -4.519770e-08 -1.000000e+00
    outer loop
      vertex   9.739344e+01 -7.010362e+01 1.682845e+02
      vertex   6.112714e+01 -6.123883e+01 1.682845e+02
      vertex   1.035301e+02 -6.067552e+01 1.682845e+02
    endloop
  endfacet
  facet normal -1.392670e-08 -4.519773e-08 -1.000000e+00
    outer loop
      vertex   1.035301e+02 -6.067552e+01 1.682845e+02
      vertex   6.112714e+01 -6.123883e+01 1.682845e+02
      vertex   6.095010e+01 -6.075241e+01 1.682845e+02
    endloop
  endfacet
  facet normal -1.392670e-08 -4.519770e-08 -1.000000e+00
    outer loop
      vertex   1.035301e+02 -6.067552e+01 1.682845e+02
      vertex   6.095010e+01 -6.075241e+01 1.682845e+02
      vertex   1.087569e+02 -5.071419e+01 1.682845e+02
    endloop
  endfacet
  facet normal -1.392670e-08 -4.519770e-08 -1.000000e+00
    outer loop
      vertex   1.087569e+02 -5.071419e+01 1.682845e+02
      vertex   6.095010e+01 -6.075241e+01 1.682845e+02
      vertex   1.130280e+02 -4.030719e+01 1.682845e+02
    endloop
  endfacet
  facet normal -1.392670e-08 -4.519770e-08 -1.000000e+00
    outer loop
      vertex   1.130280e+02 -4.030719e+01 1.682845e+02
      vertex   6.095010e+01 -6.075241e+01 1.682845e+02
      vertex   4.589683e+01 -2.177433e+01 1.682845e+02
    endloop
  endfacet
  facet normal -1.392670e-08 -4.519769e-08 -1.000000e+00
    outer loop
      vertex   1.130280e+02 -4.030719e+01 1.682845e+02
      vertex   4.589683e+01 -2.177433e+01 1.682845e+02
      vertex   4.837213e+01 -1.551701e+01 1.682845e+02
    endloop
  endfacet
  facet normal -1.392671e-08 -4.519770e-08 -1.000000e+00
    outer loop
      vertex   6.095010e+01 -6.075241e+01 1.682845e+02
      vertex   4.274161e+01 -3.474799e+01 1.682845e+02
      vertex   4.589683e+01 -2.177433e+01 1.682845e+02
    endloop
  endfacet
  facet normal -1.392672e-08 -4.519770e-08 -1.000000e+00
    outer loop
      vertex   4.589683e+01 -2.177433e+01 1.682845e+02
      vertex   4.274161e+01 -3.474799e+01 1.682845e+02
      vertex   4.261620e+01 -2.764958e+01 1.682845e+02
    endloop
  endfacet
  facet normal -1.392670e-08 -4.519770e-08 -1.000000e+00
    outer loop
      vertex   4.261620e+01 -2.764958e+01 1.682845e+02
      vertex   4.274161e+01 -3.474799e+01 1.682845e+02
      vertex   4.173997e+01 -3.246301e+01 1.682845e+02
    endloop
  endfacet
  facet normal -1.392681e-08 -4.519768e-08 -1.000000e+00
    outer loop
      vertex   4.261620e+01 -2.764958e+01 1.682845e+02
      vertex   4.173997e+01 -3.246301e+01 1.682845e+02
      vertex   4.169590e+01 -2.996852e+01 1.682845e+02
    endloop
  endfacet
  facet normal -1.392670e-08 -4.519770e-08 -1.000000e+00
    outer loop
      vertex   1.130280e+02 -4.030719e+01 1.682845e+02
      vertex   4.837213e+01 -1.551701e+01 1.682845e+02
      vertex   1.163058e+02 -2.954597e+01 1.682845e+02
    endloop
  endfacet
  facet normal -1.392670e-08 -4.519770e-08 -1.000000e+00
    outer loop
      vertex   1.163058e+02 -2.954597e+01 1.682845e+02
      vertex   4.837213e+01 -1.551701e+01 1.682845e+02
      vertex   4.999867e+01 -8.987420e+00 1.682845e+02
    endloop
  endfacet
  facet normal -1.392670e-08 -4.519770e-08 -1.000000e+00
    outer loop
      vertex   1.163058e+02 -2.954597e+01 1.682845e+02
      vertex   4.999867e+01 -8.987420e+00 1.682845e+02
      vertex   1.185615e+02 -1.852510e+01 1.682845e+02
    endloop
  endfacet
  facet normal -1.392670e-08 -4.519770e-08 -1.000000e+00
    outer loop
      vertex   1.185615e+02 -1.852510e+01 1.682845e+02
      vertex   4.999867e+01 -8.987420e+00 1.682845e+02
      vertex   5.074790e+01 -2.300135e+00 1.682845e+02
    endloop
  endfacet
  facet normal -1.392670e-08 -4.519770e-08 -1.000000e+00
    outer loop
      vertex   1.185615e+02 -1.852510e+01 1.682845e+02
      vertex   5.074790e+01 -2.300135e+00 1.682845e+02
      vertex   1.197752e+02 -7.341429e+00 1.682845e+02
    endloop
  endfacet
  facet normal -1.392670e-08 -4.519770e-08 -1.000000e+00
    outer loop
      vertex   1.197752e+02 -7.341429e+00 1.682845e+02
      vertex   5.074790e+01 -2.300135e+00 1.682845e+02
      vertex   1.199364e+02 3.906760e+00 1.682845e+02
    endloop
  endfacet
  facet normal -1.392670e-08 -4.519770e-08 -1.000000e+00
    outer loop
      vertex   1.199364e+02 3.906760e+00 1.682845e+02
      vertex   5.074790e+01 -2.300135e+00 1.682845e+02
      vertex   5.060669e+01 4.427510e+00 1.682845e+02
    endloop
  endfacet
  facet normal -1.392670e-08 -4.519770e-08 -1.000000e+00
    outer loop
      vertex   1.199364e+02 3.906760e+00 1.682845e+02
      vertex   5.060669e+01 4.427510e+00 1.682845e+02
      vertex   1.190436e+02 1.512062e+01 1.682844e+02
    endloop
  endfacet
  facet normal -1.392670e-08 -4.519770e-08 -1.000000e+00
    outer loop
      vertex   1.190436e+02 1.512062e+01 1.682844e+02
      vertex   5.060669e+01 4.427510e+00 1.682845e+02
      vertex   4.957751e+01 1.107747e+01 1.682845e+02
    endloop
  endfacet
  facet normal -1.392670e-08 -4.519770e-08 -1.000000e+00
    outer loop
      vertex   1.190436e+02 1.512062e+01 1.682844e+02
      vertex   4.957751e+01 1.107747e+01 1.682845e+02
      vertex   1.171046e+02 2.620159e+01 1.682844e+02
    endloop
  endfacet
  facet normal -1.392670e-08 -4.519770e-08 -1.000000e+00
    outer loop
      vertex   1.171046e+02 2.620159e+01 1.682844e+02
      vertex   4.957751e+01 1.107747e+01 1.682845e+02
      vertex   1.141364e+02 3.705231e+01 1.682844e+02
    endloop
  endfacet
  facet normal -1.392670e-08 -4.519770e-08 -1.000000e+00
    outer loop
      vertex   1.141364e+02 3.705231e+01 1.682844e+02
      vertex   4.957751e+01 1.107747e+01 1.682845e+02
      vertex   4.767843e+01 1.753305e+01 1.682845e+02
    endloop
  endfacet
  facet normal -1.392670e-08 -4.519770e-08 -1.000000e+00
    outer loop
      vertex   1.141364e+02 3.705231e+01 1.682844e+02
      vertex   4.767843e+01 1.753305e+01 1.682845e+02
      vertex   1.101653e+02 4.757740e+01 1.682844e+02
    endloop
  endfacet
  facet normal -1.392670e-08 -4.519770e-08 -1.000000e+00
    outer loop
      vertex   1.101653e+02 4.757740e+01 1.682844e+02
      vertex   4.767843e+01 1.753305e+01 1.682845e+02
      vertex   4.494275e+01 2.368100e+01 1.682845e+02
    endloop
  endfacet
  facet normal -1.392670e-08 -4.519770e-08 -1.000000e+00
    outer loop
      vertex   1.101653e+02 4.757740e+01 1.682844e+02
      vertex   4.494275e+01 2.368100e+01 1.682845e+02
      vertex   1.052260e+02 5.768439e+01 1.682844e+02
    endloop
  endfacet
  facet normal -1.392670e-08 -4.519770e-08 -1.000000e+00
    outer loop
      vertex   1.052260e+02 5.768439e+01 1.682844e+02
      vertex   4.494275e+01 2.368100e+01 1.682845e+02
      vertex   9.936199e+01 6.728444e+01 1.682844e+02
    endloop
  endfacet
  facet normal -1.392670e-08 -4.519770e-08 -1.000000e+00
    outer loop
      vertex   9.936199e+01 6.728444e+01 1.682844e+02
      vertex   4.494275e+01 2.368100e+01 1.682845e+02
      vertex   4.141848e+01 2.941342e+01 1.682845e+02
    endloop
  endfacet
  facet normal -1.392670e-08 -4.519770e-08 -1.000000e+00
    outer loop
      vertex   9.936199e+01 6.728444e+01 1.682844e+02
      vertex   4.141848e+01 2.941342e+01 1.682845e+02
      vertex   4.947459e+01 7.041331e+01 1.682844e+02
    endloop
  endfacet
  facet normal -1.392670e-08 -4.519770e-08 -1.000000e+00
    outer loop
      vertex   4.947459e+01 7.041331e+01 1.682844e+02
      vertex   4.141848e+01 2.941342e+01 1.682845e+02
      vertex   3.605835e+01 4.164209e+01 1.682844e+02
    endloop
  endfacet
  facet normal -1.392672e-08 -4.519771e-08 -1.000000e+00
    outer loop
      vertex   3.605835e+01 4.164209e+01 1.682844e+02
      vertex   4.141848e+01 2.941342e+01 1.682845e+02
      vertex   3.716747e+01 3.462975e+01 1.682845e+02
    endloop
  endfacet
  facet normal -1.392668e-08 -4.519770e-08 -1.000000e+00
    outer loop
      vertex   3.605835e+01 4.164209e+01 1.682844e+02
      vertex   3.716747e+01 3.462975e+01 1.682845e+02
      vertex   3.585847e+01 3.675364e+01 1.682844e+02
    endloop
  endfacet
  facet normal -1.392675e-08 -4.519770e-08 -1.000000e+00
    outer loop
      vertex   3.585847e+01 3.675364e+01 1.682844e+02
      vertex   3.546870e+01 3.921789e+01 1.682844e+02
      vertex   3.605835e+01 4.164209e+01 1.682844e+02
    endloop
  endfacet
  facet normal -1.392669e-08 -4.519774e-08 -1.000000e+00
    outer loop
      vertex   4.956448e+01 7.092309e+01 1.682844e+02
      vertex   8.507357e+01 8.463148e+01 1.682844e+02
      vertex   4.947459e+01 7.041331e+01 1.682844e+02
    endloop
  endfacet
  facet normal -1.392670e-08 -4.519770e-08 -1.000000e+00
    outer loop
      vertex   4.947459e+01 7.041331e+01 1.682844e+02
      vertex   8.507357e+01 8.463148e+01 1.682844e+02
      vertex   9.262477e+01 7.629320e+01 1.682844e+02
    endloop
  endfacet
  facet normal -1.392670e-08 -4.519770e-08 -1.000000e+00
    outer loop
      vertex   4.947459e+01 7.041331e+01 1.682844e+02
      vertex   9.262477e+01 7.629320e+01 1.682844e+02
      vertex   9.936199e+01 6.728444e+01 1.682844e+02
    endloop
  endfacet
  facet normal -1.392670e-08 -4.519770e-08 -1.000000e+00
    outer loop
      vertex   8.507357e+01 8.463148e+01 1.682844e+02
      vertex   4.956448e+01 7.092309e+01 1.682844e+02
      vertex   7.677474e+01 9.222603e+01 1.682844e+02
    endloop
  endfacet
  facet normal -1.392672e-08 -4.519768e-08 -1.000000e+00
    outer loop
      vertex   7.677474e+01 9.222603e+01 1.682844e+02
      vertex   4.956448e+01 7.092309e+01 1.682844e+02
      vertex   4.938743e+01 7.140951e+01 1.682844e+02
    endloop
  endfacet
  facet normal -1.392670e-08 -4.519770e-08 -1.000000e+00
    outer loop
      vertex   7.677474e+01 9.222603e+01 1.682844e+02
      vertex   4.938743e+01 7.140951e+01 1.682844e+02
      vertex   6.780120e+01 9.901009e+01 1.682844e+02
    endloop
  endfacet
  facet normal -1.392668e-08 -4.519772e-08 -1.000000e+00
    outer loop
      vertex   6.780120e+01 9.901009e+01 1.682844e+02
      vertex   4.938743e+01 7.140951e+01 1.682844e+02
      vertex   4.899090e+01 7.174224e+01 1.682844e+02
    endloop
  endfacet
  facet normal -1.392670e-08 -4.519770e-08 -1.000000e+00
    outer loop
      vertex   6.780120e+01 9.901009e+01 1.682844e+02
      vertex   4.899090e+01 7.174224e+01 1.682844e+02
      vertex   5.823183e+01 1.049240e+02 1.682844e+02
    endloop
  endfacet
  facet normal -1.392670e-08 -4.519770e-08 -1.000000e+00
    outer loop
      vertex   5.823183e+01 1.049240e+02 1.682844e+02
      vertex   4.899090e+01 7.174224e+01 1.682844e+02
      vertex   4.393257e+01 7.410098e+01 1.682844e+02
    endloop
  endfacet
  facet normal -1.392670e-08 -4.519770e-08 -1.000000e+00
    outer loop
      vertex   5.823183e+01 1.049240e+02 1.682844e+02
      vertex   4.393257e+01 7.410098e+01 1.682844e+02
      vertex   4.815072e+01 1.099159e+02 1.682844e+02
    endloop
  endfacet
  facet normal -1.392670e-08 -4.519770e-08 -1.000000e+00
    outer loop
      vertex   4.815072e+01 1.099159e+02 1.682844e+02
      vertex   4.393257e+01 7.410098e+01 1.682844e+02
      vertex   2.852534e+01 8.128549e+01 1.682844e+02
    endloop
  endfacet
  facet normal -1.392671e-08 -4.519770e-08 -1.000000e+00
    outer loop
      vertex   4.815072e+01 1.099159e+02 1.682844e+02
      vertex   2.852534e+01 8.128549e+01 1.682844e+02
      vertex   3.764645e+01 1.139418e+02 1.682844e+02
    endloop
  endfacet
  facet normal -1.392670e-08 -4.519770e-08 -1.000000e+00
    outer loop
      vertex   3.764645e+01 1.139418e+02 1.682844e+02
      vertex   2.852534e+01 8.128549e+01 1.682844e+02
      vertex   2.346701e+01 8.364423e+01 1.682844e+02
    endloop
  endfacet
  facet normal -1.392670e-08 -4.519770e-08 -1.000000e+00
    outer loop
      vertex   3.764645e+01 1.139418e+02 1.682844e+02
      vertex   2.346701e+01 8.364423e+01 1.682844e+02
      vertex   2.681135e+01 1.169665e+02 1.682844e+02
    endloop
  endfacet
  facet normal -1.392662e-08 -4.519771e-08 -1.000000e+00
    outer loop
      vertex   2.681135e+01 1.169665e+02 1.682844e+02
      vertex   2.346701e+01 8.364423e+01 1.682844e+02
      vertex   2.295723e+01 8.373411e+01 1.682844e+02
    endloop
  endfacet
  facet normal -1.392670e-08 -4.519770e-08 -1.000000e+00
    outer loop
      vertex   2.681135e+01 1.169665e+02 1.682844e+02
      vertex   2.295723e+01 8.373411e+01 1.682844e+02
      vertex   1.574062e+01 1.189632e+02 1.682844e+02
    endloop
  endfacet
  facet normal -1.392671e-08 -4.519770e-08 -1.000000e+00
    outer loop
      vertex   1.574062e+01 1.189632e+02 1.682844e+02
      vertex   2.295723e+01 8.373411e+01 1.682844e+02
      vertex   2.247081e+01 8.355707e+01 1.682844e+02
    endloop
  endfacet
  facet normal -1.392671e-08 -4.519770e-08 -1.000000e+00
    outer loop
      vertex   1.574062e+01 1.189632e+02 1.682844e+02
      vertex   2.247081e+01 8.355707e+01 1.682844e+02
      vertex   4.531573e+00 1.199144e+02 1.682844e+02
    endloop
  endfacet
  facet normal -1.392676e-08 -4.519772e-08 -1.000000e+00
    outer loop
      vertex   4.531573e+00 1.199144e+02 1.682844e+02
      vertex   2.247081e+01 8.355707e+01 1.682844e+02
      vertex   2.213808e+01 8.316054e+01 1.682844e+02
    endloop
  endfacet
  facet normal -1.392670e-08 -4.519770e-08 -1.000000e+00
    outer loop
      vertex   4.531573e+00 1.199144e+02 1.682844e+02
      vertex   2.213808e+01 8.316054e+01 1.682844e+02
      vertex   -6.717302e+00 1.198118e+02 1.682844e+02
    endloop
  endfacet
  facet normal -1.392672e-08 -4.519768e-08 -1.000000e+00
    outer loop
      vertex   4.413644e+01 -4.855250e+01 1.682845e+02
      vertex   4.385105e+01 -5.017104e+01 1.682845e+02
      vertex   4.357433e+01 -4.700812e+01 1.682845e+02
    endloop
  endfacet
  facet normal -1.392675e-08 -4.519769e-08 -1.000000e+00
    outer loop
      vertex   4.357433e+01 -4.700812e+01 1.682845e+02
      vertex   4.385105e+01 -5.017104e+01 1.682845e+02
      vertex   4.279462e+01 -5.143003e+01 1.682845e+02
    endloop
  endfacet
  facet normal -1.392670e-08 -4.519769e-08 -1.000000e+00
    outer loop
      vertex   4.357433e+01 -4.700812e+01 1.682845e+02
      vertex   4.279462e+01 -5.143003e+01 1.682845e+02
      vertex   3.416315e+01 -3.356756e+01 1.682845e+02
    endloop
  endfacet
  facet normal -1.392670e-08 -4.519770e-08 -1.000000e+00
    outer loop
      vertex   3.416315e+01 -3.356756e+01 1.682845e+02
      vertex   4.279462e+01 -5.143003e+01 1.682845e+02
      vertex   2.974123e+01 -3.278786e+01 1.682845e+02
    endloop
  endfacet
  facet normal -1.392670e-08 -4.519770e-08 -1.000000e+00
    outer loop
      vertex   3.416315e+01 -3.356756e+01 1.682845e+02
      vertex   2.974123e+01 -3.278786e+01 1.682845e+02
      vertex   3.128562e+01 -3.222574e+01 1.682845e+02
    endloop
  endfacet
  facet normal -1.392671e-08 -4.519770e-08 -1.000000e+00
    outer loop
      vertex   4.279462e+01 -5.143003e+01 1.682845e+02
      vertex   3.369180e+01 -5.780390e+01 1.682845e+02
      vertex   2.974123e+01 -3.278786e+01 1.682845e+02
    endloop
  endfacet
  facet normal -1.392670e-08 -4.519770e-08 -1.000000e+00
    outer loop
      vertex   2.974123e+01 -3.278786e+01 1.682845e+02
      vertex   3.369180e+01 -5.780390e+01 1.682845e+02
      vertex   2.063841e+01 -3.916172e+01 1.682845e+02
    endloop
  endfacet
  facet normal -1.392671e-08 -4.519771e-08 -1.000000e+00
    outer loop
      vertex   2.063841e+01 -3.916172e+01 1.682845e+02
      vertex   3.369180e+01 -5.780390e+01 1.682845e+02
      vertex   1.985870e+01 -4.358364e+01 1.682845e+02
    endloop
  endfacet
  facet normal -1.392669e-08 -4.519771e-08 -1.000000e+00
    outer loop
      vertex   2.063841e+01 -3.916172e+01 1.682845e+02
      vertex   1.985870e+01 -4.358364e+01 1.682845e+02
      vertex   1.958198e+01 -4.042072e+01 1.682845e+02
    endloop
  endfacet
  facet normal -1.392668e-08 -4.519771e-08 -1.000000e+00
    outer loop
      vertex   1.958198e+01 -4.042072e+01 1.682845e+02
      vertex   1.985870e+01 -4.358364e+01 1.682845e+02
      vertex   1.929659e+01 -4.203925e+01 1.682845e+02
    endloop
  endfacet
  facet normal -1.392669e-08 -4.519769e-08 -1.000000e+00
    outer loop
      vertex   1.985870e+01 -4.358364e+01 1.682845e+02
      vertex   3.369180e+01 -5.780390e+01 1.682845e+02
      vertex   2.926988e+01 -5.702420e+01 1.682845e+02
    endloop
  endfacet
  facet normal -1.392670e-08 -4.519771e-08 -1.000000e+00
    outer loop
      vertex   2.926988e+01 -5.702420e+01 1.682845e+02
      vertex   3.369180e+01 -5.780390e+01 1.682845e+02
      vertex   3.214741e+01 -5.836601e+01 1.682845e+02
    endloop
  endfacet
  facet normal -1.392669e-08 -4.519769e-08 -1.000000e+00
    outer loop
      vertex   2.926988e+01 -5.702420e+01 1.682845e+02
      vertex   3.214741e+01 -5.836601e+01 1.682845e+02
      vertex   3.052888e+01 -5.808062e+01 1.682845e+02
    endloop
  endfacet
  facet normal -1.392668e-08 -4.519765e-08 -1.000000e+00
    outer loop
      vertex   3.128562e+01 -3.222574e+01 1.682845e+02
      vertex   3.290415e+01 -3.251114e+01 1.682845e+02
      vertex   3.416315e+01 -3.356756e+01 1.682845e+02
    endloop
  endfacet
  facet normal -1.392670e-08 -4.519771e-08 -1.000000e+00
    outer loop
      vertex   2.403107e+01 2.956548e+01 1.682845e+02
      vertex   2.856964e+01 2.520686e+01 1.682845e+02
      vertex   -3.802783e+01 -2.343927e+00 1.682845e+02
    endloop
  endfacet
  facet normal -1.392670e-08 -4.519770e-08 -1.000000e+00
    outer loop
      vertex   -3.802783e+01 -2.343927e+00 1.682845e+02
      vertex   2.856964e+01 2.520686e+01 1.682845e+02
      vertex   3.232890e+01 2.016067e+01 1.682845e+02
    endloop
  endfacet
  facet normal -1.392670e-08 -4.519769e-08 -1.000000e+00
    outer loop
      vertex   -3.802783e+01 -2.343927e+00 1.682845e+02
      vertex   3.232890e+01 2.016067e+01 1.682845e+02
      vertex   3.520631e+01 1.456454e+01 1.682845e+02
    endloop
  endfacet
  facet normal -1.392670e-08 -4.519770e-08 -1.000000e+00
    outer loop
      vertex   3.520631e+01 1.456454e+01 1.682845e+02
      vertex   3.712339e+01 8.571131e+00 1.682845e+02
      vertex   -3.802783e+01 -2.343927e+00 1.682845e+02
    endloop
  endfacet
  facet normal -1.392670e-08 -4.519770e-08 -1.000000e+00
    outer loop
      vertex   -3.802783e+01 -2.343927e+00 1.682845e+02
      vertex   3.712339e+01 8.571131e+00 1.682845e+02
      vertex   3.802783e+01 2.343924e+00 1.682845e+02
    endloop
  endfacet
  facet normal -1.392670e-08 -4.519770e-08 -1.000000e+00
    outer loop
      vertex   -3.802783e+01 -2.343927e+00 1.682845e+02
      vertex   3.802783e+01 2.343924e+00 1.682845e+02
      vertex   3.789498e+01 -3.947219e+00 1.682845e+02
    endloop
  endfacet
  facet normal -1.392670e-08 -4.519770e-08 -1.000000e+00
    outer loop
      vertex   3.789498e+01 -3.947219e+00 1.682845e+02
      vertex   3.672845e+01 -1.013069e+01 1.682845e+02
      vertex   -3.802783e+01 -2.343927e+00 1.682845e+02
    endloop
  endfacet
  facet normal -1.392670e-08 -4.519770e-08 -1.000000e+00
    outer loop
      vertex   -3.802783e+01 -2.343927e+00 1.682845e+02
      vertex   3.672845e+01 -1.013069e+01 1.682845e+02
      vertex   3.456007e+01 -1.603783e+01 1.682845e+02
    endloop
  endfacet
  facet normal -1.392670e-08 -4.519770e-08 -1.000000e+00
    outer loop
      vertex   -3.802783e+01 -2.343927e+00 1.682845e+02
      vertex   3.456007e+01 -1.603783e+01 1.682845e+02
      vertex   3.144897e+01 -2.150749e+01 1.682845e+02
    endloop
  endfacet
  facet normal -1.392670e-08 -4.519770e-08 -1.000000e+00
    outer loop
      vertex   3.144897e+01 -2.150749e+01 1.682845e+02
      vertex   2.748003e+01 -2.639049e+01 1.682845e+02
      vertex   -3.802783e+01 -2.343927e+00 1.682845e+02
    endloop
  endfacet
  facet normal -1.392670e-08 -4.519770e-08 -1.000000e+00
    outer loop
      vertex   -3.802783e+01 -2.343927e+00 1.682845e+02
      vertex   2.748003e+01 -2.639049e+01 1.682845e+02
      vertex   2.276151e+01 -3.055362e+01 1.682845e+02
    endloop
  endfacet
  facet normal -1.392670e-08 -4.519770e-08 -1.000000e+00
    outer loop
      vertex   -3.802783e+01 -2.343927e+00 1.682845e+02
      vertex   2.276151e+01 -3.055362e+01 1.682845e+02
      vertex   1.742211e+01 -3.388333e+01 1.682845e+02
    endloop
  endfacet
  facet normal -1.392670e-08 -4.519770e-08 -1.000000e+00
    outer loop
      vertex   1.742211e+01 -3.388333e+01 1.682845e+02
      vertex   1.160749e+01 -3.628879e+01 1.682845e+02
      vertex   -3.802783e+01 -2.343927e+00 1.682845e+02
    endloop
  endfacet
  facet normal -1.392670e-08 -4.519770e-08 -1.000000e+00
    outer loop
      vertex   -3.802783e+01 -2.343927e+00 1.682845e+02
      vertex   1.160749e+01 -3.628879e+01 1.682845e+02
      vertex   5.476236e+00 -3.770439e+01 1.682845e+02
    endloop
  endfacet
  facet normal -1.392670e-08 -4.519770e-08 -1.000000e+00
    outer loop
      vertex   -3.802783e+01 -2.343927e+00 1.682845e+02
      vertex   5.476236e+00 -3.770439e+01 1.682845e+02
      vertex   -8.043913e-01 -3.809151e+01 1.682845e+02
    endloop
  endfacet
  facet normal -1.392670e-08 -4.519770e-08 -1.000000e+00
    outer loop
      vertex   -8.043913e-01 -3.809151e+01 1.682845e+02
      vertex   -7.063077e+00 -3.743959e+01 1.682845e+02
      vertex   -3.802783e+01 -2.343927e+00 1.682845e+02
    endloop
  endfacet
  facet normal -1.392670e-08 -4.519770e-08 -1.000000e+00
    outer loop
      vertex   -3.802783e+01 -2.343927e+00 1.682845e+02
      vertex   -7.063077e+00 -3.743959e+01 1.682845e+02
      vertex   -1.312910e+01 -3.576642e+01 1.682845e+02
    endloop
  endfacet
  facet normal -1.392671e-08 -4.519771e-08 -1.000000e+00
    outer loop
      vertex   -3.802783e+01 -2.343927e+00 1.682845e+02
      vertex   -1.312910e+01 -3.576642e+01 1.682845e+02
      vertex   -1.883699e+01 -3.311763e+01 1.682845e+02
    endloop
  endfacet
  facet normal -1.392670e-08 -4.519770e-08 -1.000000e+00
    outer loop
      vertex   -3.802783e+01 -2.343927e+00 1.682845e+02
      vertex   -1.883699e+01 -3.311763e+01 1.682845e+02
      vertex   -3.712338e+01 -8.571134e+00 1.682845e+02
    endloop
  endfacet
  facet normal -1.392671e-08 -4.519770e-08 -1.000000e+00
    outer loop
      vertex   -3.712338e+01 -8.571134e+00 1.682845e+02
      vertex   -1.883699e+01 -3.311763e+01 1.682845e+02
      vertex   -2.403107e+01 -2.956548e+01 1.682845e+02
    endloop
  endfacet
  facet normal -1.392671e-08 -4.519771e-08 -1.000000e+00
    outer loop
      vertex   -3.712338e+01 -8.571134e+00 1.682845e+02
      vertex   -2.403107e+01 -2.956548e+01 1.682845e+02
      vertex   -3.520631e+01 -1.456454e+01 1.682845e+02
    endloop
  endfacet
  facet normal -1.392668e-08 -4.519769e-08 -1.000000e+00
    outer loop
      vertex   -3.520631e+01 -1.456454e+01 1.682845e+02
      vertex   -2.403107e+01 -2.956548e+01 1.682845e+02
      vertex   -2.856963e+01 -2.520687e+01 1.682845e+02
    endloop
  endfacet
  facet normal -1.392666e-08 -4.519767e-08 -1.000000e+00
    outer loop
      vertex   -3.520631e+01 -1.456454e+01 1.682845e+02
      vertex   -2.856963e+01 -2.520687e+01 1.682845e+02
      vertex   -3.232889e+01 -2.016067e+01 1.682845e+02
    endloop
  endfacet
  facet normal -1.392670e-08 -4.519770e-08 -1.000000e+00
    outer loop
      vertex   -3.789498e+01 3.947217e+00 1.682845e+02
      vertex   1.312910e+01 3.576642e+01 1.682845e+02
      vertex   -3.802783e+01 -2.343927e+00 1.682845e+02
    endloop
  endfacet
  facet normal -1.392670e-08 -4.519770e-08 -1.000000e+00
    outer loop
      vertex   -3.802783e+01 -2.343927e+00 1.682845e+02
      vertex   1.312910e+01 3.576642e+01 1.682845e+02
      vertex   1.883700e+01 3.311763e+01 1.682845e+02
    endloop
  endfacet
  facet normal -1.392671e-08 -4.519769e-08 -1.000000e+00
    outer loop
      vertex   -3.802783e+01 -2.343927e+00 1.682845e+02
      vertex   1.883700e+01 3.311763e+01 1.682845e+02
      vertex   2.403107e+01 2.956548e+01 1.682845e+02
    endloop
  endfacet
  facet normal -1.392670e-08 -4.519770e-08 -1.000000e+00
    outer loop
      vertex   1.312910e+01 3.576642e+01 1.682845e+02
      vertex   -3.789498e+01 3.947217e+00 1.682845e+02
      vertex   7.063082e+00 3.743959e+01 1.682845e+02
    endloop
  endfacet
  facet normal -1.392671e-08 -4.519769e-08 -1.000000e+00
    outer loop
      vertex   7.063082e+00 3.743959e+01 1.682845e+02
      vertex   -3.789498e+01 3.947217e+00 1.682845e+02
      vertex   -3.672845e+01 1.013069e+01 1.682845e+02
    endloop
  endfacet
  facet normal -1.392670e-08 -4.519770e-08 -1.000000e+00
    outer loop
      vertex   7.063082e+00 3.743959e+01 1.682845e+02
      vertex   -3.672845e+01 1.013069e+01 1.682845e+02
      vertex   8.043963e-01 3.809151e+01 1.682845e+02
    endloop
  endfacet
  facet normal -1.392670e-08 -4.519771e-08 -1.000000e+00
    outer loop
      vertex   8.043963e-01 3.809151e+01 1.682845e+02
      vertex   -3.672845e+01 1.013069e+01 1.682845e+02
      vertex   -3.456006e+01 1.603783e+01 1.682845e+02
    endloop
  endfacet
  facet normal -1.392670e-08 -4.519770e-08 -1.000000e+00
    outer loop
      vertex   8.043963e-01 3.809151e+01 1.682845e+02
      vertex   -3.456006e+01 1.603783e+01 1.682845e+02
      vertex   -5.476231e+00 3.770439e+01 1.682845e+02
    endloop
  endfacet
  facet normal -1.392670e-08 -4.519770e-08 -1.000000e+00
    outer loop
      vertex   -5.476231e+00 3.770439e+01 1.682845e+02
      vertex   -3.456006e+01 1.603783e+01 1.682845e+02
      vertex   -3.144897e+01 2.150749e+01 1.682845e+02
    endloop
  endfacet
  facet normal -1.392671e-08 -4.519769e-08 -1.000000e+00
    outer loop
      vertex   -5.476231e+00 3.770439e+01 1.682845e+02
      vertex   -3.144897e+01 2.150749e+01 1.682845e+02
      vertex   -1.160748e+01 3.628879e+01 1.682845e+02
    endloop
  endfacet
  facet normal -1.392672e-08 -4.519768e-08 -1.000000e+00
    outer loop
      vertex   -1.160748e+01 3.628879e+01 1.682845e+02
      vertex   -3.144897e+01 2.150749e+01 1.682845e+02
      vertex   -2.748003e+01 2.639049e+01 1.682845e+02
    endloop
  endfacet
  facet normal -1.392670e-08 -4.519771e-08 -1.000000e+00
    outer loop
      vertex   -1.160748e+01 3.628879e+01 1.682845e+02
      vertex   -2.748003e+01 2.639049e+01 1.682845e+02
      vertex   -1.742211e+01 3.388333e+01 1.682845e+02
    endloop
  endfacet
  facet normal -1.392666e-08 -4.519776e-08 -1.000000e+00
    outer loop
      vertex   -1.742211e+01 3.388333e+01 1.682845e+02
      vertex   -2.748003e+01 2.639049e+01 1.682845e+02
      vertex   -2.276151e+01 3.055362e+01 1.682845e+02
    endloop
  endfacet
  facet normal -1.392669e-08 -4.519769e-08 -1.000000e+00
    outer loop
      vertex   -6.411591e+01 -1.394702e+01 1.682845e+02
      vertex   -6.537491e+01 -1.289060e+01 1.682845e+02
      vertex   -6.249738e+01 -1.423241e+01 1.682845e+02
    endloop
  endfacet
  facet normal -1.392670e-08 -4.519771e-08 -1.000000e+00
    outer loop
      vertex   -6.249738e+01 -1.423241e+01 1.682845e+02
      vertex   -6.537491e+01 -1.289060e+01 1.682845e+02
      vertex   -6.593702e+01 -1.134622e+01 1.682845e+02
    endloop
  endfacet
  facet normal -1.392669e-08 -4.519770e-08 -1.000000e+00
    outer loop
      vertex   -6.249738e+01 -1.423241e+01 1.682845e+02
      vertex   -6.593702e+01 -1.134622e+01 1.682845e+02
      vertex   -6.401934e+01 3.163635e+00 1.682845e+02
    endloop
  endfacet
  facet normal -1.392671e-08 -4.519770e-08 -1.000000e+00
    outer loop
      vertex   -6.401934e+01 3.163635e+00 1.682845e+02
      vertex   -6.593702e+01 -1.134622e+01 1.682845e+02
      vertex   -6.690554e+01 -2.760024e-01 1.682845e+02
    endloop
  endfacet
  facet normal -1.392673e-08 -4.519768e-08 -1.000000e+00
    outer loop
      vertex   -6.401934e+01 3.163635e+00 1.682845e+02
      vertex   -6.690554e+01 -2.760024e-01 1.682845e+02
      vertex   -6.662015e+01 1.342530e+00 1.682845e+02
    endloop
  endfacet
  facet normal -1.392669e-08 -4.519773e-08 -1.000000e+00
    outer loop
      vertex   -6.662015e+01 1.342530e+00 1.682845e+02
      vertex   -6.556373e+01 2.601525e+00 1.682845e+02
      vertex   -6.401934e+01 3.163635e+00 1.682845e+02
    endloop
  endfacet
  facet normal -1.392670e-08 -4.519770e-08 -1.000000e+00
    outer loop
      vertex   -6.401934e+01 3.163635e+00 1.682845e+02
      vertex   -4.767388e+01 4.593677e+00 1.682845e+02
      vertex   -6.249738e+01 -1.423241e+01 1.682845e+02
    endloop
  endfacet
  facet normal -1.392670e-08 -4.519770e-08 -1.000000e+00
    outer loop
      vertex   -6.249738e+01 -1.423241e+01 1.682845e+02
      vertex   -4.767388e+01 4.593677e+00 1.682845e+02
      vertex   -4.615193e+01 -1.280237e+01 1.682845e+02
    endloop
  endfacet
  facet normal -1.392670e-08 -4.519770e-08 -1.000000e+00
    outer loop
      vertex   -4.615193e+01 -1.280237e+01 1.682845e+02
      vertex   -4.767388e+01 4.593677e+00 1.682845e+02
      vertex   -4.423425e+01 1.707478e+00 1.682845e+02
    endloop
  endfacet
  facet normal -1.392671e-08 -4.519770e-08 -1.000000e+00
    outer loop
      vertex   -4.615193e+01 -1.280237e+01 1.682845e+02
      vertex   -4.423425e+01 1.707478e+00 1.682845e+02
      vertex   -4.326573e+01 -9.362735e+00 1.682845e+02
    endloop
  endfacet
  facet normal -1.392669e-08 -4.519769e-08 -1.000000e+00
    outer loop
      vertex   -4.605535e+01 4.308286e+00 1.682845e+02
      vertex   -4.479636e+01 3.251864e+00 1.682845e+02
      vertex   -4.767388e+01 4.593677e+00 1.682845e+02
    endloop
  endfacet
  facet normal -1.392668e-08 -4.519767e-08 -1.000000e+00
    outer loop
      vertex   -4.767388e+01 4.593677e+00 1.682845e+02
      vertex   -4.479636e+01 3.251864e+00 1.682845e+02
      vertex   -4.423425e+01 1.707478e+00 1.682845e+02
    endloop
  endfacet
  facet normal -1.392671e-08 -4.519770e-08 -1.000000e+00
    outer loop
      vertex   -4.326573e+01 -9.362735e+00 1.682845e+02
      vertex   -4.355112e+01 -1.098127e+01 1.682845e+02
      vertex   -4.615193e+01 -1.280237e+01 1.682845e+02
    endloop
  endfacet
  facet normal -1.392669e-08 -4.519773e-08 -1.000000e+00
    outer loop
      vertex   -4.615193e+01 -1.280237e+01 1.682845e+02
      vertex   -4.355112e+01 -1.098127e+01 1.682845e+02
      vertex   -4.460754e+01 -1.224026e+01 1.682845e+02
    endloop
  endfacet
  facet normal 1.392670e-08 4.519770e-08 1.000000e+00
    outer loop
      vertex   1.130280e+02 -4.030719e+01 1.746345e+02
      vertex   1.094072e+00 -1.199950e+02 1.746345e+02
      vertex   1.087569e+02 -5.071419e+01 1.746345e+02
    endloop
  endfacet
  facet normal 1.392670e-08 4.519770e-08 1.000000e+00
    outer loop
      vertex   1.087569e+02 -5.071419e+01 1.746345e+02
      vertex   1.094072e+00 -1.199950e+02 1.746345e+02
      vertex   1.232578e+01 -1.193653e+02 1.746345e+02
    endloop
  endfacet
  facet normal 1.392670e-08 4.519770e-08 1.000000e+00
    outer loop
      vertex   1.087569e+02 -5.071419e+01 1.746345e+02
      vertex   1.232578e+01 -1.193653e+02 1.746345e+02
      vertex   1.035301e+02 -6.067552e+01 1.746345e+02
    endloop
  endfacet
  facet normal 1.392671e-08 4.519769e-08 1.000000e+00
    outer loop
      vertex   1.035301e+02 -6.067552e+01 1.746345e+02
      vertex   1.232578e+01 -1.193653e+02 1.746345e+02
      vertex   2.344916e+01 -1.176866e+02 1.746345e+02
    endloop
  endfacet
  facet normal 1.392670e-08 4.519770e-08 1.000000e+00
    outer loop
      vertex   1.035301e+02 -6.067552e+01 1.746345e+02
      vertex   2.344916e+01 -1.176866e+02 1.746345e+02
      vertex   9.739344e+01 -7.010362e+01 1.746345e+02
    endloop
  endfacet
  facet normal 1.392670e-08 4.519771e-08 1.000000e+00
    outer loop
      vertex   9.739344e+01 -7.010362e+01 1.746345e+02
      vertex   2.344916e+01 -1.176866e+02 1.746345e+02
      vertex   3.436647e+01 -1.149737e+02 1.746345e+02
    endloop
  endfacet
  facet normal 1.392670e-08 4.519770e-08 1.000000e+00
    outer loop
      vertex   9.739344e+01 -7.010362e+01 1.746345e+02
      vertex   3.436647e+01 -1.149737e+02 1.746345e+02
      vertex   9.040089e+01 -7.891565e+01 1.746345e+02
    endloop
  endfacet
  facet normal 1.392671e-08 4.519769e-08 1.000000e+00
    outer loop
      vertex   9.040089e+01 -7.891565e+01 1.746345e+02
      vertex   3.436647e+01 -1.149737e+02 1.746345e+02
      vertex   4.498177e+01 -1.112504e+02 1.746345e+02
    endloop
  endfacet
  facet normal 1.392670e-08 4.519770e-08 1.000000e+00
    outer loop
      vertex   9.040089e+01 -7.891565e+01 1.746345e+02
      vertex   4.498177e+01 -1.112504e+02 1.746345e+02
      vertex   8.261389e+01 -8.703417e+01 1.746345e+02
    endloop
  endfacet
  facet normal 1.392669e-08 4.519772e-08 1.000000e+00
    outer loop
      vertex   8.261389e+01 -8.703417e+01 1.746345e+02
      vertex   4.498177e+01 -1.112504e+02 1.746345e+02
      vertex   5.520177e+01 -1.065494e+02 1.746345e+02
    endloop
  endfacet
  facet normal 1.392670e-08 4.519770e-08 1.000000e+00
    outer loop
      vertex   8.261389e+01 -8.703417e+01 1.746345e+02
      vertex   5.520177e+01 -1.065494e+02 1.746345e+02
      vertex   7.410087e+01 -9.438782e+01 1.746345e+02
    endloop
  endfacet
  facet normal 1.392671e-08 4.519768e-08 1.000000e+00
    outer loop
      vertex   7.410087e+01 -9.438782e+01 1.746345e+02
      vertex   5.520177e+01 -1.065494e+02 1.746345e+02
      vertex   6.493665e+01 -1.009120e+02 1.746345e+02
    endloop
  endfacet
  facet normal 1.392671e-08 4.519770e-08 1.000000e+00
    outer loop
      vertex   1.094072e+00 -1.199950e+02 1.746345e+02
      vertex   1.130280e+02 -4.030719e+01 1.746345e+02
      vertex   -1.014725e+01 -1.195702e+02 1.746345e+02
    endloop
  endfacet
  facet normal 1.392671e-08 4.519769e-08 1.000000e+00
    outer loop
      vertex   -1.014725e+01 -1.195702e+02 1.746345e+02
      vertex   1.130280e+02 -4.030719e+01 1.746345e+02
      vertex   1.163058e+02 -2.954597e+01 1.746345e+02
    endloop
  endfacet
  facet normal 1.392670e-08 4.519771e-08 1.000000e+00
    outer loop
      vertex   -1.014725e+01 -1.195702e+02 1.746345e+02
      vertex   1.163058e+02 -2.954597e+01 1.746345e+02
      vertex   -2.129939e+01 -1.180946e+02 1.746345e+02
    endloop
  endfacet
  facet normal 1.392670e-08 4.519771e-08 1.000000e+00
    outer loop
      vertex   -2.129939e+01 -1.180946e+02 1.746345e+02
      vertex   1.163058e+02 -2.954597e+01 1.746345e+02
      vertex   1.185615e+02 -1.852510e+01 1.746345e+02
    endloop
  endfacet
  facet normal 1.392670e-08 4.519770e-08 1.000000e+00
    outer loop
      vertex   -2.129939e+01 -1.180946e+02 1.746345e+02
      vertex   1.185615e+02 -1.852510e+01 1.746345e+02
      vertex   -3.226436e+01 -1.155812e+02 1.746345e+02
    endloop
  endfacet
  facet normal 1.392670e-08 4.519770e-08 1.000000e+00
    outer loop
      vertex   -3.226436e+01 -1.155812e+02 1.746345e+02
      vertex   1.185615e+02 -1.852510e+01 1.746345e+02
      vertex   1.197752e+02 -7.341428e+00 1.746345e+02
    endloop
  endfacet
  facet normal 1.392670e-08 4.519770e-08 1.000000e+00
    outer loop
      vertex   -3.226436e+01 -1.155812e+02 1.746345e+02
      vertex   1.197752e+02 -7.341428e+00 1.746345e+02
      vertex   -4.294578e+01 -1.120520e+02 1.746345e+02
    endloop
  endfacet
  facet normal 1.392670e-08 4.519770e-08 1.000000e+00
    outer loop
      vertex   -4.294578e+01 -1.120520e+02 1.746345e+02
      vertex   1.197752e+02 -7.341428e+00 1.746345e+02
      vertex   1.199364e+02 3.906760e+00 1.746345e+02
    endloop
  endfacet
  facet normal 1.392670e-08 4.519770e-08 1.000000e+00
    outer loop
      vertex   -4.294578e+01 -1.120520e+02 1.746345e+02
      vertex   1.199364e+02 3.906760e+00 1.746345e+02
      vertex   -5.324980e+01 -1.075382e+02 1.746345e+02
    endloop
  endfacet
  facet normal 1.392670e-08 4.519770e-08 1.000000e+00
    outer loop
      vertex   -5.324980e+01 -1.075382e+02 1.746345e+02
      vertex   1.199364e+02 3.906760e+00 1.746345e+02
      vertex   1.190436e+02 1.512062e+01 1.746344e+02
    endloop
  endfacet
  facet normal 1.392670e-08 4.519770e-08 1.000000e+00
    outer loop
      vertex   -5.324980e+01 -1.075382e+02 1.746345e+02
      vertex   1.190436e+02 1.512062e+01 1.746344e+02
      vertex   -6.308585e+01 -1.020793e+02 1.746345e+02
    endloop
  endfacet
  facet normal 1.392670e-08 4.519770e-08 1.000000e+00
    outer loop
      vertex   -6.308585e+01 -1.020793e+02 1.746345e+02
      vertex   1.190436e+02 1.512062e+01 1.746344e+02
      vertex   1.171046e+02 2.620159e+01 1.746344e+02
    endloop
  endfacet
  facet normal 1.392670e-08 4.519770e-08 1.000000e+00
    outer loop
      vertex   -6.308585e+01 -1.020793e+02 1.746345e+02
      vertex   1.171046e+02 2.620159e+01 1.746344e+02
      vertex   -7.236750e+01 -9.572327e+01 1.746345e+02
    endloop
  endfacet
  facet normal 1.392670e-08 4.519770e-08 1.000000e+00
    outer loop
      vertex   -7.236750e+01 -9.572327e+01 1.746345e+02
      vertex   1.171046e+02 2.620159e+01 1.746344e+02
      vertex   1.141364e+02 3.705231e+01 1.746344e+02
    endloop
  endfacet
  facet normal 1.392670e-08 4.519770e-08 1.000000e+00
    outer loop
      vertex   -7.236750e+01 -9.572327e+01 1.746345e+02
      vertex   1.141364e+02 3.705231e+01 1.746344e+02
      vertex   -8.101319e+01 -8.852606e+01 1.746345e+02
    endloop
  endfacet
  facet normal 1.392670e-08 4.519770e-08 1.000000e+00
    outer loop
      vertex   -8.101319e+01 -8.852606e+01 1.746345e+02
      vertex   1.141364e+02 3.705231e+01 1.746344e+02
      vertex   1.101653e+02 4.757740e+01 1.746344e+02
    endloop
  endfacet
  facet normal 1.392670e-08 4.519770e-08 1.000000e+00
    outer loop
      vertex   -8.101319e+01 -8.852606e+01 1.746345e+02
      vertex   1.101653e+02 4.757740e+01 1.746344e+02
      vertex   -8.894693e+01 -8.055088e+01 1.746345e+02
    endloop
  endfacet
  facet normal 1.392670e-08 4.519770e-08 1.000000e+00
    outer loop
      vertex   -8.894693e+01 -8.055088e+01 1.746345e+02
      vertex   1.101653e+02 4.757740e+01 1.746344e+02
      vertex   1.052260e+02 5.768439e+01 1.746344e+02
    endloop
  endfacet
  facet normal 1.392670e-08 4.519770e-08 1.000000e+00
    outer loop
      vertex   -8.894693e+01 -8.055088e+01 1.746345e+02
      vertex   1.052260e+02 5.768439e+01 1.746344e+02
      vertex   -9.609900e+01 -7.186781e+01 1.746345e+02
    endloop
  endfacet
  facet normal 1.392670e-08 4.519770e-08 1.000000e+00
    outer loop
      vertex   -9.609900e+01 -7.186781e+01 1.746345e+02
      vertex   1.052260e+02 5.768439e+01 1.746344e+02
      vertex   9.936199e+01 6.728444e+01 1.746344e+02
    endloop
  endfacet
  facet normal 1.392670e-08 4.519770e-08 1.000000e+00
    outer loop
      vertex   -9.609900e+01 -7.186781e+01 1.746345e+02
      vertex   9.936199e+01 6.728444e+01 1.746344e+02
      vertex   -1.024065e+02 -6.255317e+01 1.746345e+02
    endloop
  endfacet
  facet normal 1.392670e-08 4.519770e-08 1.000000e+00
    outer loop
      vertex   -1.024065e+02 -6.255317e+01 1.746345e+02
      vertex   9.936199e+01 6.728444e+01 1.746344e+02
      vertex   9.262477e+01 7.629320e+01 1.746344e+02
    endloop
  endfacet
  facet normal 1.392670e-08 4.519770e-08 1.000000e+00
    outer loop
      vertex   -1.024065e+02 -6.255317e+01 1.746345e+02
      vertex   9.262477e+01 7.629320e+01 1.746344e+02
      vertex   -1.078141e+02 -5.268881e+01 1.746345e+02
    endloop
  endfacet
  facet normal 1.392670e-08 4.519770e-08 1.000000e+00
    outer loop
      vertex   -1.078141e+02 -5.268881e+01 1.746345e+02
      vertex   9.262477e+01 7.629320e+01 1.746344e+02
      vertex   8.507357e+01 8.463148e+01 1.746344e+02
    endloop
  endfacet
  facet normal 1.392670e-08 4.519770e-08 1.000000e+00
    outer loop
      vertex   -1.078141e+02 -5.268881e+01 1.746345e+02
      vertex   8.507357e+01 8.463148e+01 1.746344e+02
      vertex   -1.122743e+02 -4.236142e+01 1.746345e+02
    endloop
  endfacet
  facet normal 1.392670e-08 4.519770e-08 1.000000e+00
    outer loop
      vertex   -1.122743e+02 -4.236142e+01 1.746345e+02
      vertex   8.507357e+01 8.463148e+01 1.746344e+02
      vertex   7.677474e+01 9.222603e+01 1.746344e+02
    endloop
  endfacet
  facet normal 1.392670e-08 4.519770e-08 1.000000e+00
    outer loop
      vertex   -1.122743e+02 -4.236142e+01 1.746345e+02
      vertex   7.677474e+01 9.222603e+01 1.746344e+02
      vertex   -1.157477e+02 -3.166175e+01 1.746345e+02
    endloop
  endfacet
  facet normal 1.392670e-08 4.519770e-08 1.000000e+00
    outer loop
      vertex   -1.157477e+02 -3.166175e+01 1.746345e+02
      vertex   7.677474e+01 9.222603e+01 1.746344e+02
      vertex   6.780120e+01 9.901009e+01 1.746344e+02
    endloop
  endfacet
  facet normal 1.392670e-08 4.519770e-08 1.000000e+00
    outer loop
      vertex   -1.157477e+02 -3.166175e+01 1.746345e+02
      vertex   6.780120e+01 9.901009e+01 1.746344e+02
      vertex   -1.182040e+02 -2.068384e+01 1.746345e+02
    endloop
  endfacet
  facet normal 1.392670e-08 4.519770e-08 1.000000e+00
    outer loop
      vertex   -1.182040e+02 -2.068384e+01 1.746345e+02
      vertex   6.780120e+01 9.901009e+01 1.746344e+02
      vertex   5.823183e+01 1.049240e+02 1.746344e+02
    endloop
  endfacet
  facet normal 1.392670e-08 4.519770e-08 1.000000e+00
    outer loop
      vertex   -1.182040e+02 -2.068384e+01 1.746345e+02
      vertex   5.823183e+01 1.049240e+02 1.746344e+02
      vertex   -1.196214e+02 -9.524158e+00 1.746345e+02
    endloop
  endfacet
  facet normal 1.392670e-08 4.519770e-08 1.000000e+00
    outer loop
      vertex   -1.196214e+02 -9.524158e+00 1.746345e+02
      vertex   5.823183e+01 1.049240e+02 1.746344e+02
      vertex   4.815072e+01 1.099159e+02 1.746344e+02
    endloop
  endfacet
  facet normal 1.392670e-08 4.519770e-08 1.000000e+00
    outer loop
      vertex   -1.196214e+02 -9.524158e+00 1.746345e+02
      vertex   4.815072e+01 1.099159e+02 1.746344e+02
      vertex   -1.199877e+02 1.719222e+00 1.746345e+02
    endloop
  endfacet
  facet normal 1.392670e-08 4.519770e-08 1.000000e+00
    outer loop
      vertex   -1.199877e+02 1.719222e+00 1.746345e+02
      vertex   4.815072e+01 1.099159e+02 1.746344e+02
      vertex   3.764645e+01 1.139418e+02 1.746344e+02
    endloop
  endfacet
  facet normal 1.392670e-08 4.519770e-08 1.000000e+00
    outer loop
      vertex   -1.199877e+02 1.719222e+00 1.746345e+02
      vertex   3.764645e+01 1.139418e+02 1.746344e+02
      vertex   -1.192995e+02 1.294749e+01 1.746345e+02
    endloop
  endfacet
  facet normal 1.392670e-08 4.519770e-08 1.000000e+00
    outer loop
      vertex   -1.192995e+02 1.294749e+01 1.746345e+02
      vertex   3.764645e+01 1.139418e+02 1.746344e+02
      vertex   2.681135e+01 1.169665e+02 1.746344e+02
    endloop
  endfacet
  facet normal 1.392671e-08 4.519770e-08 1.000000e+00
    outer loop
      vertex   -1.192995e+02 1.294749e+01 1.746345e+02
      vertex   2.681135e+01 1.169665e+02 1.746344e+02
      vertex   -1.175628e+02 2.406198e+01 1.746345e+02
    endloop
  endfacet
  facet normal 1.392670e-08 4.519770e-08 1.000000e+00
    outer loop
      vertex   -1.175628e+02 2.406198e+01 1.746345e+02
      vertex   2.681135e+01 1.169665e+02 1.746344e+02
      vertex   1.574062e+01 1.189632e+02 1.746344e+02
    endloop
  endfacet
  facet normal 1.392670e-08 4.519770e-08 1.000000e+00
    outer loop
      vertex   -1.175628e+02 2.406198e+01 1.746345e+02
      vertex   1.574062e+01 1.189632e+02 1.746344e+02
      vertex   -1.147931e+02 3.496501e+01 1.746345e+02
    endloop
  endfacet
  facet normal 1.392670e-08 4.519770e-08 1.000000e+00
    outer loop
      vertex   -1.147931e+02 3.496501e+01 1.746345e+02
      vertex   1.574062e+01 1.189632e+02 1.746344e+02
      vertex   4.531573e+00 1.199144e+02 1.746344e+02
    endloop
  endfacet
  facet normal 1.392670e-08 4.519770e-08 1.000000e+00
    outer loop
      vertex   -1.147931e+02 3.496501e+01 1.746345e+02
      vertex   4.531573e+00 1.199144e+02 1.746344e+02
      vertex   -1.110145e+02 4.556077e+01 1.746345e+02
    endloop
  endfacet
  facet normal 1.392670e-08 4.519770e-08 1.000000e+00
    outer loop
      vertex   -1.110145e+02 4.556077e+01 1.746345e+02
      vertex   4.531573e+00 1.199144e+02 1.746344e+02
      vertex   -6.717302e+00 1.198118e+02 1.746344e+02
    endloop
  endfacet
  facet normal 1.392670e-08 4.519770e-08 1.000000e+00
    outer loop
      vertex   -1.110145e+02 4.556077e+01 1.746345e+02
      vertex   -6.717302e+00 1.198118e+02 1.746344e+02
      vertex   -1.062603e+02 5.575614e+01 1.746345e+02
    endloop
  endfacet
  facet normal 1.392670e-08 4.519770e-08 1.000000e+00
    outer loop
      vertex   -1.062603e+02 5.575614e+01 1.746345e+02
      vertex   -6.717302e+00 1.198118e+02 1.746344e+02
      vertex   -1.790715e+01 1.186564e+02 1.746344e+02
    endloop
  endfacet
  facet normal 1.392670e-08 4.519770e-08 1.000000e+00
    outer loop
      vertex   -1.062603e+02 5.575614e+01 1.746345e+02
      vertex   -1.790715e+01 1.186564e+02 1.746344e+02
      vertex   -1.005723e+02 6.546152e+01 1.746345e+02
    endloop
  endfacet
  facet normal 1.392670e-08 4.519770e-08 1.000000e+00
    outer loop
      vertex   -1.005723e+02 6.546152e+01 1.746345e+02
      vertex   -1.790715e+01 1.186564e+02 1.746344e+02
      vertex   -2.893962e+01 1.164581e+02 1.746344e+02
    endloop
  endfacet
  facet normal 1.392670e-08 4.519770e-08 1.000000e+00
    outer loop
      vertex   -1.005723e+02 6.546152e+01 1.746345e+02
      vertex   -2.893962e+01 1.164581e+02 1.746344e+02
      vertex   -9.400048e+01 7.459162e+01 1.746345e+02
    endloop
  endfacet
  facet normal 1.392670e-08 4.519770e-08 1.000000e+00
    outer loop
      vertex   -9.400048e+01 7.459162e+01 1.746345e+02
      vertex   -2.893962e+01 1.164581e+02 1.746344e+02
      vertex   -3.971777e+01 1.132365e+02 1.746344e+02
    endloop
  endfacet
  facet normal 1.392670e-08 4.519770e-08 1.000000e+00
    outer loop
      vertex   -9.400048e+01 7.459162e+01 1.746345e+02
      vertex   -3.971777e+01 1.132365e+02 1.746344e+02
      vertex   -8.660257e+01 8.306621e+01 1.746344e+02
    endloop
  endfacet
  facet normal 1.392671e-08 4.519769e-08 1.000000e+00
    outer loop
      vertex   -8.660257e+01 8.306621e+01 1.746344e+02
      vertex   -3.971777e+01 1.132365e+02 1.746344e+02
      vertex   -5.014688e+01 1.090197e+02 1.746344e+02
    endloop
  endfacet
  facet normal 1.392670e-08 4.519770e-08 1.000000e+00
    outer loop
      vertex   -8.660257e+01 8.306621e+01 1.746344e+02
      vertex   -5.014688e+01 1.090197e+02 1.746344e+02
      vertex   -7.844359e+01 9.081081e+01 1.746344e+02
    endloop
  endfacet
  facet normal 1.392668e-08 4.519773e-08 1.000000e+00
    outer loop
      vertex   -7.844359e+01 9.081081e+01 1.746344e+02
      vertex   -5.014688e+01 1.090197e+02 1.746344e+02
      vertex   -6.013530e+01 1.038448e+02 1.746344e+02
    endloop
  endfacet
  facet normal 1.392671e-08 4.519769e-08 1.000000e+00
    outer loop
      vertex   -7.844359e+01 9.081081e+01 1.746344e+02
      vertex   -6.013530e+01 1.038448e+02 1.746344e+02
      vertex   -6.959525e+01 9.775736e+01 1.746344e+02
    endloop
  endfacet
  facet normal -9.396926e-01 -3.420201e-01 2.854534e-08
    outer loop
      vertex   -4.423425e+01 1.707478e+00 1.619345e+02
      vertex   -4.423425e+01 1.707478e+00 1.682845e+02
      vertex   -4.479636e+01 3.251864e+00 1.619345e+02
    endloop
  endfacet
  facet normal -9.396926e-01 -3.420201e-01 2.854534e-08
    outer loop
      vertex   -4.479636e+01 3.251864e+00 1.619345e+02
      vertex   -4.423425e+01 1.707478e+00 1.682845e+02
      vertex   -4.479636e+01 3.251864e+00 1.682845e+02
    endloop
  endfacet
  facet normal -6.427876e-01 -7.660444e-01 4.357536e-08
    outer loop
      vertex   -4.479636e+01 3.251864e+00 1.619345e+02
      vertex   -4.479636e+01 3.251864e+00 1.682845e+02
      vertex   -4.605535e+01 4.308286e+00 1.619345e+02
    endloop
  endfacet
  facet normal -6.427876e-01 -7.660444e-01 4.357536e-08
    outer loop
      vertex   -4.605535e+01 4.308286e+00 1.619345e+02
      vertex   -4.479636e+01 3.251864e+00 1.682845e+02
      vertex   -4.605535e+01 4.308286e+00 1.682845e+02
    endloop
  endfacet
  facet normal -1.736482e-01 -9.848077e-01 4.692939e-08
    outer loop
      vertex   -4.605535e+01 4.308286e+00 1.619345e+02
      vertex   -4.605535e+01 4.308286e+00 1.682845e+02
      vertex   -4.767388e+01 4.593677e+00 1.619345e+02
    endloop
  endfacet
  facet normal -1.736482e-01 -9.848077e-01 4.692939e-08
    outer loop
      vertex   -4.767388e+01 4.593677e+00 1.619345e+02
      vertex   -4.605535e+01 4.308286e+00 1.682845e+02
      vertex   -4.767388e+01 4.593677e+00 1.682845e+02
    endloop
  endfacet
  facet normal 8.715573e-02 -9.961947e-01 4.381192e-08
    outer loop
      vertex   -4.767388e+01 4.593677e+00 1.682845e+02
      vertex   -6.401934e+01 3.163635e+00 1.682845e+02
      vertex   -4.767388e+01 4.593677e+00 1.619345e+02
    endloop
  endfacet
  facet normal 8.715573e-02 -9.961947e-01 4.381192e-08
    outer loop
      vertex   -4.767388e+01 4.593677e+00 1.619345e+02
      vertex   -6.401934e+01 3.163635e+00 1.682845e+02
      vertex   -6.401934e+01 3.163635e+00 1.619345e+02
    endloop
  endfacet
  facet normal -3.420201e-01 9.396926e-01 -3.770873e-08
    outer loop
      vertex   -4.615193e+01 -1.280237e+01 1.619345e+02
      vertex   -4.615193e+01 -1.280237e+01 1.682845e+02
      vertex   -4.460754e+01 -1.224026e+01 1.619345e+02
    endloop
  endfacet
  facet normal -3.420201e-01 9.396926e-01 -3.770873e-08
    outer loop
      vertex   -4.460754e+01 -1.224026e+01 1.619345e+02
      vertex   -4.615193e+01 -1.280237e+01 1.682845e+02
      vertex   -4.460754e+01 -1.224026e+01 1.682845e+02
    endloop
  endfacet
  facet normal -7.660444e-01 6.427876e-01 -1.838405e-08
    outer loop
      vertex   -4.460754e+01 -1.224026e+01 1.619345e+02
      vertex   -4.460754e+01 -1.224026e+01 1.682845e+02
      vertex   -4.355112e+01 -1.098127e+01 1.619345e+02
    endloop
  endfacet
  facet normal -7.660444e-01 6.427876e-01 -1.838405e-08
    outer loop
      vertex   -4.355112e+01 -1.098127e+01 1.619345e+02
      vertex   -4.460754e+01 -1.224026e+01 1.682845e+02
      vertex   -4.355112e+01 -1.098127e+01 1.682845e+02
    endloop
  endfacet
  facet normal -9.848077e-01 1.736482e-01 5.866627e-09
    outer loop
      vertex   -4.355112e+01 -1.098127e+01 1.619345e+02
      vertex   -4.355112e+01 -1.098127e+01 1.682845e+02
      vertex   -4.326573e+01 -9.362736e+00 1.619345e+02
    endloop
  endfacet
  facet normal -9.848077e-01 1.736482e-01 5.866626e-09
    outer loop
      vertex   -4.326573e+01 -9.362736e+00 1.619345e+02
      vertex   -4.355112e+01 -1.098127e+01 1.682845e+02
      vertex   -4.326573e+01 -9.362735e+00 1.682845e+02
    endloop
  endfacet
  facet normal -9.961947e-01 -8.715573e-02 1.781295e-08
    outer loop
      vertex   -4.423425e+01 1.707478e+00 1.619345e+02
      vertex   -4.326573e+01 -9.362736e+00 1.619345e+02
      vertex   -4.423425e+01 1.707478e+00 1.682845e+02
    endloop
  endfacet
  facet normal -9.961947e-01 -8.715573e-02 1.781295e-08
    outer loop
      vertex   -4.423425e+01 1.707478e+00 1.682845e+02
      vertex   -4.326573e+01 -9.362736e+00 1.619345e+02
      vertex   -4.326573e+01 -9.362735e+00 1.682845e+02
    endloop
  endfacet
  facet normal 9.396926e-01 3.420201e-01 -2.854534e-08
    outer loop
      vertex   -6.593702e+01 -1.134622e+01 1.619345e+02
      vertex   -6.593702e+01 -1.134622e+01 1.682845e+02
      vertex   -6.537491e+01 -1.289060e+01 1.619345e+02
    endloop
  endfacet
  facet normal 9.396926e-01 3.420201e-01 -2.854534e-08
    outer loop
      vertex   -6.537491e+01 -1.289060e+01 1.619345e+02
      vertex   -6.593702e+01 -1.134622e+01 1.682845e+02
      vertex   -6.537491e+01 -1.289060e+01 1.682845e+02
    endloop
  endfacet
  facet normal 6.427876e-01 7.660444e-01 -4.357536e-08
    outer loop
      vertex   -6.537491e+01 -1.289060e+01 1.619345e+02
      vertex   -6.537491e+01 -1.289060e+01 1.682845e+02
      vertex   -6.411592e+01 -1.394702e+01 1.619345e+02
    endloop
  endfacet
  facet normal 6.427876e-01 7.660444e-01 -4.357536e-08
    outer loop
      vertex   -6.411592e+01 -1.394702e+01 1.619345e+02
      vertex   -6.537491e+01 -1.289060e+01 1.682845e+02
      vertex   -6.411591e+01 -1.394702e+01 1.682845e+02
    endloop
  endfacet
  facet normal 1.736482e-01 9.848077e-01 -4.692939e-08
    outer loop
      vertex   -6.411592e+01 -1.394702e+01 1.619345e+02
      vertex   -6.411591e+01 -1.394702e+01 1.682845e+02
      vertex   -6.249738e+01 -1.423241e+01 1.619345e+02
    endloop
  endfacet
  facet normal 1.736482e-01 9.848077e-01 -4.692939e-08
    outer loop
      vertex   -6.249738e+01 -1.423241e+01 1.619345e+02
      vertex   -6.411591e+01 -1.394702e+01 1.682845e+02
      vertex   -6.249738e+01 -1.423241e+01 1.682845e+02
    endloop
  endfacet
  facet normal -8.715573e-02 9.961947e-01 -4.381192e-08
    outer loop
      vertex   -4.615193e+01 -1.280237e+01 1.619345e+02
      vertex   -6.249738e+01 -1.423241e+01 1.619345e+02
      vertex   -4.615193e+01 -1.280237e+01 1.682845e+02
    endloop
  endfacet
  facet normal -8.715573e-02 9.961947e-01 -4.381192e-08
    outer loop
      vertex   -4.615193e+01 -1.280237e+01 1.682845e+02
      vertex   -6.249738e+01 -1.423241e+01 1.619345e+02
      vertex   -6.249738e+01 -1.423241e+01 1.682845e+02
    endloop
  endfacet
  facet normal 3.420201e-01 -9.396926e-01 3.770873e-08
    outer loop
      vertex   -6.401934e+01 3.163635e+00 1.619345e+02
      vertex   -6.401934e+01 3.163635e+00 1.682845e+02
      vertex   -6.556373e+01 2.601525e+00 1.619345e+02
    endloop
  endfacet
  facet normal 3.420201e-01 -9.396926e-01 3.770873e-08
    outer loop
      vertex   -6.556373e+01 2.601525e+00 1.619345e+02
      vertex   -6.401934e+01 3.163635e+00 1.682845e+02
      vertex   -6.556373e+01 2.601525e+00 1.682845e+02
    endloop
  endfacet
  facet normal 7.660444e-01 -6.427876e-01 1.838405e-08
    outer loop
      vertex   -6.556373e+01 2.601525e+00 1.619345e+02
      vertex   -6.556373e+01 2.601525e+00 1.682845e+02
      vertex   -6.662015e+01 1.342530e+00 1.619345e+02
    endloop
  endfacet
  facet normal 7.660444e-01 -6.427876e-01 1.838405e-08
    outer loop
      vertex   -6.662015e+01 1.342530e+00 1.619345e+02
      vertex   -6.556373e+01 2.601525e+00 1.682845e+02
      vertex   -6.662015e+01 1.342530e+00 1.682845e+02
    endloop
  endfacet
  facet normal 9.848077e-01 -1.736482e-01 -5.866628e-09
    outer loop
      vertex   -6.662015e+01 1.342530e+00 1.619345e+02
      vertex   -6.662015e+01 1.342530e+00 1.682845e+02
      vertex   -6.690554e+01 -2.760027e-01 1.619345e+02
    endloop
  endfacet
  facet normal 9.848077e-01 -1.736482e-01 -5.866626e-09
    outer loop
      vertex   -6.690554e+01 -2.760027e-01 1.619345e+02
      vertex   -6.662015e+01 1.342530e+00 1.682845e+02
      vertex   -6.690554e+01 -2.760024e-01 1.682845e+02
    endloop
  endfacet
  facet normal 9.961947e-01 8.715573e-02 -1.781295e-08
    outer loop
      vertex   -6.593702e+01 -1.134622e+01 1.619345e+02
      vertex   -6.690554e+01 -2.760027e-01 1.619345e+02
      vertex   -6.593702e+01 -1.134622e+01 1.682845e+02
    endloop
  endfacet
  facet normal 9.961947e-01 8.715573e-02 -1.781295e-08
    outer loop
      vertex   -6.593702e+01 -1.134622e+01 1.682845e+02
      vertex   -6.690554e+01 -2.760027e-01 1.619345e+02
      vertex   -6.690554e+01 -2.760024e-01 1.682845e+02
    endloop
  endfacet
  facet normal 1.736482e-01 9.848077e-01 -4.692939e-08
    outer loop
      vertex   2.359585e+01 3.745424e+01 1.619345e+02
      vertex   2.359585e+01 3.745424e+01 1.682845e+02
      vertex   2.521438e+01 3.716885e+01 1.619345e+02
    endloop
  endfacet
  facet normal 1.736482e-01 9.848077e-01 -4.692939e-08
    outer loop
      vertex   2.521438e+01 3.716885e+01 1.619345e+02
      vertex   2.359585e+01 3.745424e+01 1.682845e+02
      vertex   2.521438e+01 3.716885e+01 1.682845e+02
    endloop
  endfacet
  facet normal -3.420201e-01 9.396926e-01 -3.770873e-08
    outer loop
      vertex   2.521438e+01 3.716885e+01 1.619345e+02
      vertex   2.521438e+01 3.716885e+01 1.682845e+02
      vertex   2.675877e+01 3.773096e+01 1.619345e+02
    endloop
  endfacet
  facet normal -3.420201e-01 9.396926e-01 -3.770873e-08
    outer loop
      vertex   2.675877e+01 3.773096e+01 1.619345e+02
      vertex   2.521438e+01 3.716885e+01 1.682845e+02
      vertex   2.675877e+01 3.773096e+01 1.682845e+02
    endloop
  endfacet
  facet normal -7.660444e-01 6.427876e-01 -1.838405e-08
    outer loop
      vertex   2.675877e+01 3.773096e+01 1.619345e+02
      vertex   2.675877e+01 3.773096e+01 1.682845e+02
      vertex   2.781519e+01 3.898996e+01 1.619344e+02
    endloop
  endfacet
  facet normal -7.660444e-01 6.427876e-01 -1.838405e-08
    outer loop
      vertex   2.781519e+01 3.898996e+01 1.619344e+02
      vertex   2.675877e+01 3.773096e+01 1.682845e+02
      vertex   2.781519e+01 3.898996e+01 1.682844e+02
    endloop
  endfacet
  facet normal 9.848077e-01 -1.736482e-01 -5.866625e-09
    outer loop
      vertex   1.198879e+01 4.636993e+01 1.619344e+02
      vertex   1.198879e+01 4.636993e+01 1.682844e+02
      vertex   1.170340e+01 4.475139e+01 1.619344e+02
    endloop
  endfacet
  facet normal 9.848077e-01 -1.736482e-01 -5.866626e-09
    outer loop
      vertex   1.170340e+01 4.475139e+01 1.619344e+02
      vertex   1.198879e+01 4.636993e+01 1.682844e+02
      vertex   1.170340e+01 4.475139e+01 1.682844e+02
    endloop
  endfacet
  facet normal 9.396926e-01 3.420201e-01 -2.854534e-08
    outer loop
      vertex   1.170340e+01 4.475139e+01 1.619344e+02
      vertex   1.170340e+01 4.475139e+01 1.682844e+02
      vertex   1.226551e+01 4.320701e+01 1.619345e+02
    endloop
  endfacet
  facet normal 9.396926e-01 3.420201e-01 -2.854534e-08
    outer loop
      vertex   1.226551e+01 4.320701e+01 1.619345e+02
      vertex   1.170340e+01 4.475139e+01 1.682844e+02
      vertex   1.226551e+01 4.320701e+01 1.682845e+02
    endloop
  endfacet
  facet normal 6.427876e-01 7.660444e-01 -4.357536e-08
    outer loop
      vertex   1.226551e+01 4.320701e+01 1.619345e+02
      vertex   1.226551e+01 4.320701e+01 1.682845e+02
      vertex   1.352450e+01 4.215059e+01 1.619345e+02
    endloop
  endfacet
  facet normal 6.427876e-01 7.660444e-01 -4.357536e-08
    outer loop
      vertex   1.352450e+01 4.215059e+01 1.619345e+02
      vertex   1.226551e+01 4.320701e+01 1.682845e+02
      vertex   1.352450e+01 4.215059e+01 1.682845e+02
    endloop
  endfacet
  facet normal 4.226183e-01 9.063078e-01 -4.684871e-08
    outer loop
      vertex   2.359585e+01 3.745424e+01 1.619345e+02
      vertex   1.352450e+01 4.215059e+01 1.619345e+02
      vertex   2.359585e+01 3.745424e+01 1.682845e+02
    endloop
  endfacet
  facet normal 4.226183e-01 9.063078e-01 -4.684871e-08
    outer loop
      vertex   2.359585e+01 3.745424e+01 1.682845e+02
      vertex   1.352450e+01 4.215059e+01 1.619345e+02
      vertex   1.352450e+01 4.215059e+01 1.682845e+02
    endloop
  endfacet
  facet normal -7.841963e-01 -6.205128e-01 3.896702e-08
    outer loop
      vertex   -4.525334e+01 -2.308192e+01 1.619345e+02
      vertex   -4.525334e+01 -2.308192e+01 1.682845e+02
      vertex   -4.680144e+01 -2.112545e+01 1.619345e+02
    endloop
  endfacet
  facet normal -7.841963e-01 -6.205128e-01 3.896702e-08
    outer loop
      vertex   -4.680144e+01 -2.112545e+01 1.619345e+02
      vertex   -4.525334e+01 -2.308192e+01 1.682845e+02
      vertex   -4.680144e+01 -2.112545e+01 1.682845e+02
    endloop
  endfacet
  facet normal -4.846241e-01 -8.747225e-01 4.628466e-08
    outer loop
      vertex   -4.680144e+01 -2.112545e+01 1.619345e+02
      vertex   -4.680144e+01 -2.112545e+01 1.682845e+02
      vertex   -4.898377e+01 -1.991637e+01 1.619345e+02
    endloop
  endfacet
  facet normal -4.846241e-01 -8.747225e-01 4.628466e-08
    outer loop
      vertex   -4.898377e+01 -1.991637e+01 1.619345e+02
      vertex   -4.680144e+01 -2.112545e+01 1.682845e+02
      vertex   -4.898377e+01 -1.991637e+01 1.682845e+02
    endloop
  endfacet
  facet normal -1.102423e-01 -9.939047e-01 4.645752e-08
    outer loop
      vertex   -4.898377e+01 -1.991637e+01 1.619345e+02
      vertex   -4.898377e+01 -1.991637e+01 1.682845e+02
      vertex   -5.146345e+01 -1.964133e+01 1.619345e+02
    endloop
  endfacet
  facet normal -1.102423e-01 -9.939047e-01 4.645752e-08
    outer loop
      vertex   -5.146345e+01 -1.964133e+01 1.619345e+02
      vertex   -4.898377e+01 -1.991637e+01 1.682845e+02
      vertex   -5.146345e+01 -1.964133e+01 1.682845e+02
    endloop
  endfacet
  facet normal 8.715573e-02 -9.961947e-01 4.381188e-08
    outer loop
      vertex   -7.646444e+01 -2.182863e+01 1.643595e+02
      vertex   -5.146345e+01 -1.964133e+01 1.619345e+02
      vertex   -7.626424e+01 -2.181111e+01 1.651095e+02
    endloop
  endfacet
  facet normal 8.715573e-02 -9.961947e-01 4.381192e-08
    outer loop
      vertex   -7.626424e+01 -2.181111e+01 1.651095e+02
      vertex   -5.146345e+01 -1.964133e+01 1.619345e+02
      vertex   -5.146345e+01 -1.964133e+01 1.682845e+02
    endloop
  endfacet
  facet normal 8.715573e-02 -9.961947e-01 4.381196e-08
    outer loop
      vertex   -7.626424e+01 -2.181111e+01 1.651095e+02
      vertex   -5.146345e+01 -1.964133e+01 1.682845e+02
      vertex   -7.646444e+01 -2.182863e+01 1.658595e+02
    endloop
  endfacet
  facet normal 8.715573e-02 -9.961947e-01 4.381191e-08
    outer loop
      vertex   -7.646444e+01 -2.182863e+01 1.658595e+02
      vertex   -5.146345e+01 -1.964133e+01 1.682845e+02
      vertex   -7.701139e+01 -2.187648e+01 1.664085e+02
    endloop
  endfacet
  facet normal 8.715573e-02 -9.961947e-01 4.381190e-08
    outer loop
      vertex   -7.701139e+01 -2.187648e+01 1.664085e+02
      vertex   -5.146345e+01 -1.964133e+01 1.682845e+02
      vertex   -7.775853e+01 -2.194185e+01 1.666095e+02
    endloop
  endfacet
  facet normal 8.715573e-02 -9.961947e-01 4.381190e-08
    outer loop
      vertex   -7.775853e+01 -2.194185e+01 1.666095e+02
      vertex   -5.146345e+01 -1.964133e+01 1.682845e+02
      vertex   -8.308818e+01 -2.240813e+01 1.682845e+02
    endloop
  endfacet
  facet normal 8.715573e-02 -9.961947e-01 4.381190e-08
    outer loop
      vertex   -7.775853e+01 -2.194185e+01 1.666095e+02
      vertex   -8.308818e+01 -2.240813e+01 1.682845e+02
      vertex   -7.850568e+01 -2.200722e+01 1.664085e+02
    endloop
  endfacet
  facet normal 8.715573e-02 -9.961947e-01 4.381191e-08
    outer loop
      vertex   -7.850568e+01 -2.200722e+01 1.664085e+02
      vertex   -8.308818e+01 -2.240813e+01 1.682845e+02
      vertex   -7.905263e+01 -2.205507e+01 1.658595e+02
    endloop
  endfacet
  facet normal 8.715573e-02 -9.961947e-01 4.381192e-08
    outer loop
      vertex   -7.905263e+01 -2.205507e+01 1.658595e+02
      vertex   -8.308818e+01 -2.240813e+01 1.682845e+02
      vertex   -7.925283e+01 -2.207258e+01 1.651095e+02
    endloop
  endfacet
  facet normal 8.715573e-02 -9.961947e-01 4.381192e-08
    outer loop
      vertex   -7.925283e+01 -2.207258e+01 1.651095e+02
      vertex   -8.308818e+01 -2.240813e+01 1.682845e+02
      vertex   -8.308818e+01 -2.240813e+01 1.619345e+02
    endloop
  endfacet
  facet normal 8.715573e-02 -9.961947e-01 4.381192e-08
    outer loop
      vertex   -7.925283e+01 -2.207258e+01 1.651095e+02
      vertex   -8.308818e+01 -2.240813e+01 1.619345e+02
      vertex   -7.905263e+01 -2.205507e+01 1.643595e+02
    endloop
  endfacet
  facet normal 8.715573e-02 -9.961947e-01 4.381192e-08
    outer loop
      vertex   -7.905263e+01 -2.205507e+01 1.643595e+02
      vertex   -8.308818e+01 -2.240813e+01 1.619345e+02
      vertex   -7.850568e+01 -2.200722e+01 1.638104e+02
    endloop
  endfacet
  facet normal 8.715573e-02 -9.961947e-01 4.381192e-08
    outer loop
      vertex   -7.850568e+01 -2.200722e+01 1.638104e+02
      vertex   -8.308818e+01 -2.240813e+01 1.619345e+02
      vertex   -7.775853e+01 -2.194185e+01 1.636095e+02
    endloop
  endfacet
  facet normal 8.715573e-02 -9.961947e-01 4.381193e-08
    outer loop
      vertex   -7.775853e+01 -2.194185e+01 1.636095e+02
      vertex   -8.308818e+01 -2.240813e+01 1.619345e+02
      vertex   -5.146345e+01 -1.964133e+01 1.619345e+02
    endloop
  endfacet
  facet normal 8.715573e-02 -9.961947e-01 4.381191e-08
    outer loop
      vertex   -7.775853e+01 -2.194185e+01 1.636095e+02
      vertex   -5.146345e+01 -1.964133e+01 1.619345e+02
      vertex   -7.701139e+01 -2.187648e+01 1.638104e+02
    endloop
  endfacet
  facet normal 8.715573e-02 -9.961947e-01 4.381192e-08
    outer loop
      vertex   -7.701139e+01 -2.187648e+01 1.638104e+02
      vertex   -5.146345e+01 -1.964133e+01 1.619345e+02
      vertex   -7.646444e+01 -2.182863e+01 1.643595e+02
    endloop
  endfacet
  facet normal -8.800335e-01 4.749116e-01 -9.208946e-09
    outer loop
      vertex   -4.857397e+01 1.487310e+01 1.682845e+02
      vertex   -4.857397e+01 1.487310e+01 1.619345e+02
      vertex   -4.975882e+01 1.267752e+01 1.682845e+02
    endloop
  endfacet
  facet normal -8.800335e-01 4.749116e-01 -9.208947e-09
    outer loop
      vertex   -4.975882e+01 1.267752e+01 1.682845e+02
      vertex   -4.857397e+01 1.487310e+01 1.619345e+02
      vertex   -4.975882e+01 1.267752e+01 1.619345e+02
    endloop
  endfacet
  facet normal -6.291555e-01 7.772795e-01 -2.636918e-08
    outer loop
      vertex   -4.975882e+01 1.267752e+01 1.682845e+02
      vertex   -4.975882e+01 1.267752e+01 1.619345e+02
      vertex   -5.169804e+01 1.110785e+01 1.682845e+02
    endloop
  endfacet
  facet normal -6.291555e-01 7.772795e-01 -2.636918e-08
    outer loop
      vertex   -5.169804e+01 1.110785e+01 1.682845e+02
      vertex   -4.975882e+01 1.267752e+01 1.619345e+02
      vertex   -5.169804e+01 1.110785e+01 1.619345e+02
    endloop
  endfacet
  facet normal -2.811572e-01 9.596617e-01 -3.945891e-08
    outer loop
      vertex   -5.169804e+01 1.110785e+01 1.682845e+02
      vertex   -5.169804e+01 1.110785e+01 1.619345e+02
      vertex   -5.409228e+01 1.040640e+01 1.682845e+02
    endloop
  endfacet
  facet normal -2.811572e-01 9.596617e-01 -3.945891e-08
    outer loop
      vertex   -5.409228e+01 1.040640e+01 1.682845e+02
      vertex   -5.169804e+01 1.110785e+01 1.619345e+02
      vertex   -5.409228e+01 1.040640e+01 1.619345e+02
    endloop
  endfacet
  facet normal -8.715573e-02 9.961947e-01 -4.381189e-08
    outer loop
      vertex   -8.168146e+01 7.992656e+00 1.643595e+02
      vertex   -8.571701e+01 7.639591e+00 1.619345e+02
      vertex   -8.188166e+01 7.975141e+00 1.651095e+02
    endloop
  endfacet
  facet normal -8.715573e-02 9.961947e-01 -4.381192e-08
    outer loop
      vertex   -8.188166e+01 7.975141e+00 1.651095e+02
      vertex   -8.571701e+01 7.639591e+00 1.619345e+02
      vertex   -8.571701e+01 7.639591e+00 1.682845e+02
    endloop
  endfacet
  facet normal -8.715573e-02 9.961947e-01 -4.381194e-08
    outer loop
      vertex   -8.188166e+01 7.975141e+00 1.651095e+02
      vertex   -8.571701e+01 7.639591e+00 1.682845e+02
      vertex   -8.168146e+01 7.992656e+00 1.658595e+02
    endloop
  endfacet
  facet normal -8.715573e-02 9.961947e-01 -4.381191e-08
    outer loop
      vertex   -8.168146e+01 7.992656e+00 1.658595e+02
      vertex   -8.571701e+01 7.639591e+00 1.682845e+02
      vertex   -8.113452e+01 8.040508e+00 1.664085e+02
    endloop
  endfacet
  facet normal -8.715573e-02 9.961947e-01 -4.381190e-08
    outer loop
      vertex   -8.113452e+01 8.040508e+00 1.664085e+02
      vertex   -8.571701e+01 7.639591e+00 1.682845e+02
      vertex   -8.038737e+01 8.105874e+00 1.666095e+02
    endloop
  endfacet
  facet normal -8.715573e-02 9.961947e-01 -4.381189e-08
    outer loop
      vertex   -8.038737e+01 8.105874e+00 1.666095e+02
      vertex   -8.571701e+01 7.639591e+00 1.682845e+02
      vertex   -5.409228e+01 1.040640e+01 1.682845e+02
    endloop
  endfacet
  facet normal -8.715573e-02 9.961947e-01 -4.381191e-08
    outer loop
      vertex   -8.038737e+01 8.105874e+00 1.666095e+02
      vertex   -5.409228e+01 1.040640e+01 1.682845e+02
      vertex   -7.964022e+01 8.171241e+00 1.664085e+02
    endloop
  endfacet
  facet normal -8.715573e-02 9.961947e-01 -4.381192e-08
    outer loop
      vertex   -7.964022e+01 8.171241e+00 1.664085e+02
      vertex   -5.409228e+01 1.040640e+01 1.682845e+02
      vertex   -7.909327e+01 8.219093e+00 1.658595e+02
    endloop
  endfacet
  facet normal -8.715573e-02 9.961947e-01 -4.381191e-08
    outer loop
      vertex   -7.909327e+01 8.219093e+00 1.658595e+02
      vertex   -5.409228e+01 1.040640e+01 1.682845e+02
      vertex   -7.889308e+01 8.236608e+00 1.651095e+02
    endloop
  endfacet
  facet normal -8.715573e-02 9.961947e-01 -4.381192e-08
    outer loop
      vertex   -7.889308e+01 8.236608e+00 1.651095e+02
      vertex   -5.409228e+01 1.040640e+01 1.682845e+02
      vertex   -5.409228e+01 1.040640e+01 1.619345e+02
    endloop
  endfacet
  facet normal -8.715573e-02 9.961947e-01 -4.381192e-08
    outer loop
      vertex   -7.889308e+01 8.236608e+00 1.651095e+02
      vertex   -5.409228e+01 1.040640e+01 1.619345e+02
      vertex   -7.909327e+01 8.219093e+00 1.643595e+02
    endloop
  endfacet
  facet normal -8.715573e-02 9.961947e-01 -4.381192e-08
    outer loop
      vertex   -7.909327e+01 8.219093e+00 1.643595e+02
      vertex   -5.409228e+01 1.040640e+01 1.619345e+02
      vertex   -7.964022e+01 8.171241e+00 1.638104e+02
    endloop
  endfacet
  facet normal -8.715573e-02 9.961947e-01 -4.381192e-08
    outer loop
      vertex   -7.964022e+01 8.171241e+00 1.638104e+02
      vertex   -5.409228e+01 1.040640e+01 1.619345e+02
      vertex   -8.038737e+01 8.105874e+00 1.636095e+02
    endloop
  endfacet
  facet normal -8.715573e-02 9.961947e-01 -4.381194e-08
    outer loop
      vertex   -8.038737e+01 8.105874e+00 1.636095e+02
      vertex   -5.409228e+01 1.040640e+01 1.619345e+02
      vertex   -8.571701e+01 7.639591e+00 1.619345e+02
    endloop
  endfacet
  facet normal -8.715573e-02 9.961947e-01 -4.381193e-08
    outer loop
      vertex   -8.038737e+01 8.105874e+00 1.636095e+02
      vertex   -8.571701e+01 7.639591e+00 1.619345e+02
      vertex   -8.113452e+01 8.040507e+00 1.638104e+02
    endloop
  endfacet
  facet normal -8.715573e-02 9.961947e-01 -4.381192e-08
    outer loop
      vertex   -8.113452e+01 8.040507e+00 1.638104e+02
      vertex   -8.571701e+01 7.639591e+00 1.619345e+02
      vertex   -8.168146e+01 7.992656e+00 1.643595e+02
    endloop
  endfacet
  facet normal -1.452817e-01 9.893903e-01 -4.269487e-08
    outer loop
      vertex   2.637143e+00 5.073150e+01 1.619344e+02
      vertex   2.637143e+00 5.073150e+01 1.682844e+02
      vertex   5.105553e+00 5.109396e+01 1.619344e+02
    endloop
  endfacet
  facet normal -1.452817e-01 9.893903e-01 -4.269487e-08
    outer loop
      vertex   5.105553e+00 5.109396e+01 1.619344e+02
      vertex   2.637143e+00 5.073150e+01 1.682844e+02
      vertex   5.105553e+00 5.109396e+01 1.682844e+02
    endloop
  endfacet
  facet normal -5.152199e-01 8.570580e-01 -3.156174e-08
    outer loop
      vertex   5.105553e+00 5.109396e+01 1.619344e+02
      vertex   5.105553e+00 5.109396e+01 1.682844e+02
      vertex   7.243810e+00 5.237937e+01 1.619344e+02
    endloop
  endfacet
  facet normal -5.152199e-01 8.570580e-01 -3.156174e-08
    outer loop
      vertex   7.243810e+00 5.237937e+01 1.619344e+02
      vertex   5.105553e+00 5.109396e+01 1.682844e+02
      vertex   7.243810e+00 5.237938e+01 1.682844e+02
    endloop
  endfacet
  facet normal -8.056256e-01 5.924250e-01 -1.555654e-08
    outer loop
      vertex   7.243810e+00 5.237937e+01 1.619344e+02
      vertex   7.243810e+00 5.237938e+01 1.682844e+02
      vertex   8.721840e+00 5.438931e+01 1.619344e+02
    endloop
  endfacet
  facet normal -8.056256e-01 5.924250e-01 -1.555654e-08
    outer loop
      vertex   8.721840e+00 5.438931e+01 1.619344e+02
      vertex   7.243810e+00 5.237938e+01 1.682844e+02
      vertex   8.721840e+00 5.438931e+01 1.682844e+02
    endloop
  endfacet
  facet normal 8.513023e-01 5.246756e-01 -3.556996e-08
    outer loop
      vertex   3.716747e+01 3.462975e+01 1.682845e+02
      vertex   3.716747e+01 3.462975e+01 1.619345e+02
      vertex   3.585847e+01 3.675364e+01 1.682844e+02
    endloop
  endfacet
  facet normal 8.513023e-01 5.246756e-01 -3.556996e-08
    outer loop
      vertex   3.585847e+01 3.675364e+01 1.682844e+02
      vertex   3.716747e+01 3.462975e+01 1.619345e+02
      vertex   3.585847e+01 3.675364e+01 1.619344e+02
    endloop
  endfacet
  facet normal 9.877215e-01 1.562249e-01 -2.081671e-08
    outer loop
      vertex   3.585847e+01 3.675364e+01 1.682844e+02
      vertex   3.585847e+01 3.675364e+01 1.619344e+02
      vertex   3.546870e+01 3.921789e+01 1.682844e+02
    endloop
  endfacet
  facet normal 9.877215e-01 1.562249e-01 -2.081671e-08
    outer loop
      vertex   3.546870e+01 3.921789e+01 1.682844e+02
      vertex   3.585847e+01 3.675364e+01 1.619344e+02
      vertex   3.546870e+01 3.921789e+01 1.619344e+02
    endloop
  endfacet
  facet normal 9.716700e-01 -2.363416e-01 -2.850063e-09
    outer loop
      vertex   3.546870e+01 3.921789e+01 1.682844e+02
      vertex   3.546870e+01 3.921789e+01 1.619344e+02
      vertex   3.605835e+01 4.164209e+01 1.682844e+02
    endloop
  endfacet
  facet normal 9.716700e-01 -2.363416e-01 -2.850062e-09
    outer loop
      vertex   3.605835e+01 4.164209e+01 1.682844e+02
      vertex   3.546870e+01 3.921789e+01 1.619344e+02
      vertex   3.605835e+01 4.164209e+01 1.619344e+02
    endloop
  endfacet
  facet normal 9.063078e-01 -4.226183e-01 6.479503e-09
    outer loop
      vertex   3.605835e+01 4.164209e+01 1.682844e+02
      vertex   4.721358e+01 6.556457e+01 1.666094e+02
      vertex   4.947459e+01 7.041331e+01 1.682844e+02
    endloop
  endfacet
  facet normal 9.063078e-01 -4.226183e-01 6.479502e-09
    outer loop
      vertex   4.947459e+01 7.041331e+01 1.682844e+02
      vertex   4.721358e+01 6.556457e+01 1.666094e+02
      vertex   4.753055e+01 6.624430e+01 1.664085e+02
    endloop
  endfacet
  facet normal 9.063078e-01 -4.226183e-01 6.479484e-09
    outer loop
      vertex   4.947459e+01 7.041331e+01 1.682844e+02
      vertex   4.753055e+01 6.624430e+01 1.664085e+02
      vertex   4.776258e+01 6.674190e+01 1.658594e+02
    endloop
  endfacet
  facet normal 9.063078e-01 -4.226183e-01 6.479495e-09
    outer loop
      vertex   3.605835e+01 4.164209e+01 1.619344e+02
      vertex   4.657966e+01 6.420511e+01 1.651094e+02
      vertex   3.605835e+01 4.164209e+01 1.682844e+02
    endloop
  endfacet
  facet normal 9.063078e-01 -4.226183e-01 6.479491e-09
    outer loop
      vertex   3.605835e+01 4.164209e+01 1.682844e+02
      vertex   4.657966e+01 6.420511e+01 1.651094e+02
      vertex   4.666459e+01 6.438724e+01 1.658594e+02
    endloop
  endfacet
  facet normal 9.063078e-01 -4.226183e-01 6.479494e-09
    outer loop
      vertex   3.605835e+01 4.164209e+01 1.682844e+02
      vertex   4.666459e+01 6.438724e+01 1.658594e+02
      vertex   4.689662e+01 6.488484e+01 1.664085e+02
    endloop
  endfacet
  facet normal 9.063078e-01 -4.226183e-01 6.479486e-09
    outer loop
      vertex   4.947459e+01 7.041331e+01 1.619344e+02
      vertex   4.721358e+01 6.556457e+01 1.636094e+02
      vertex   3.605835e+01 4.164209e+01 1.619344e+02
    endloop
  endfacet
  facet normal 9.063078e-01 -4.226183e-01 6.479499e-09
    outer loop
      vertex   3.605835e+01 4.164209e+01 1.619344e+02
      vertex   4.721358e+01 6.556457e+01 1.636094e+02
      vertex   4.689662e+01 6.488484e+01 1.638104e+02
    endloop
  endfacet
  facet normal 9.063078e-01 -4.226183e-01 6.479477e-09
    outer loop
      vertex   3.605835e+01 4.164209e+01 1.619344e+02
      vertex   4.689662e+01 6.488484e+01 1.638104e+02
      vertex   4.666459e+01 6.438724e+01 1.643594e+02
    endloop
  endfacet
  facet normal 9.063078e-01 -4.226183e-01 6.479495e-09
    outer loop
      vertex   4.947459e+01 7.041331e+01 1.682844e+02
      vertex   4.784751e+01 6.692403e+01 1.651094e+02
      vertex   4.947459e+01 7.041331e+01 1.619344e+02
    endloop
  endfacet
  facet normal 9.063078e-01 -4.226183e-01 6.479506e-09
    outer loop
      vertex   4.947459e+01 7.041331e+01 1.619344e+02
      vertex   4.784751e+01 6.692403e+01 1.651094e+02
      vertex   4.776258e+01 6.674190e+01 1.643594e+02
    endloop
  endfacet
  facet normal 9.063078e-01 -4.226183e-01 6.479491e-09
    outer loop
      vertex   4.947459e+01 7.041331e+01 1.619344e+02
      vertex   4.776258e+01 6.674190e+01 1.643594e+02
      vertex   4.753055e+01 6.624430e+01 1.638104e+02
    endloop
  endfacet
  facet normal 9.063078e-01 -4.226183e-01 6.479494e-09
    outer loop
      vertex   4.753055e+01 6.624430e+01 1.638104e+02
      vertex   4.721358e+01 6.556457e+01 1.636094e+02
      vertex   4.947459e+01 7.041331e+01 1.619344e+02
    endloop
  endfacet
  facet normal 9.063078e-01 -4.226183e-01 6.479512e-09
    outer loop
      vertex   4.666459e+01 6.438724e+01 1.643594e+02
      vertex   4.657966e+01 6.420511e+01 1.651094e+02
      vertex   3.605835e+01 4.164209e+01 1.619344e+02
    endloop
  endfacet
  facet normal 9.063078e-01 -4.226183e-01 6.479503e-09
    outer loop
      vertex   4.689662e+01 6.488484e+01 1.664085e+02
      vertex   4.721358e+01 6.556457e+01 1.666094e+02
      vertex   3.605835e+01 4.164209e+01 1.682844e+02
    endloop
  endfacet
  facet normal 9.063078e-01 -4.226183e-01 6.479496e-09
    outer loop
      vertex   4.776258e+01 6.674190e+01 1.658594e+02
      vertex   4.784751e+01 6.692403e+01 1.651094e+02
      vertex   4.947459e+01 7.041331e+01 1.682844e+02
    endloop
  endfacet
  facet normal -9.346900e-01 3.554640e-01 -3.049003e-09
    outer loop
      vertex   -4.857397e+01 1.487310e+01 1.619345e+02
      vertex   -4.857397e+01 1.487310e+01 1.682845e+02
      vertex   -4.618201e+01 2.116274e+01 1.619345e+02
    endloop
  endfacet
  facet normal -9.346900e-01 3.554640e-01 -3.049004e-09
    outer loop
      vertex   -4.618201e+01 2.116274e+01 1.619345e+02
      vertex   -4.857397e+01 1.487310e+01 1.682845e+02
      vertex   -4.618201e+01 2.116274e+01 1.682845e+02
    endloop
  endfacet
  facet normal -8.795072e-01 4.758855e-01 -9.260294e-09
    outer loop
      vertex   -4.618201e+01 2.116274e+01 1.619345e+02
      vertex   -4.618201e+01 2.116274e+01 1.682845e+02
      vertex   -4.297972e+01 2.708106e+01 1.682845e+02
    endloop
  endfacet
  facet normal -8.795072e-01 4.758855e-01 -9.260294e-09
    outer loop
      vertex   -4.618201e+01 2.116274e+01 1.619345e+02
      vertex   -4.297972e+01 2.708106e+01 1.682845e+02
      vertex   -4.297972e+01 2.708106e+01 1.619345e+02
    endloop
  endfacet
  facet normal -8.088923e-01 5.879569e-01 -1.530910e-08
    outer loop
      vertex   -4.297972e+01 2.708106e+01 1.619345e+02
      vertex   -4.297972e+01 2.708106e+01 1.682845e+02
      vertex   -3.902328e+01 3.252420e+01 1.682845e+02
    endloop
  endfacet
  facet normal -8.088923e-01 5.879569e-01 -1.530910e-08
    outer loop
      vertex   -4.297972e+01 2.708106e+01 1.619345e+02
      vertex   -3.902328e+01 3.252420e+01 1.682845e+02
      vertex   -3.902328e+01 3.252420e+01 1.619345e+02
    endloop
  endfacet
  facet normal -7.240841e-01 6.897117e-01 -2.108928e-08
    outer loop
      vertex   -3.902328e+01 3.252420e+01 1.619345e+02
      vertex   -3.902328e+01 3.252420e+01 1.682845e+02
      vertex   -3.438212e+01 3.739665e+01 1.682845e+02
    endloop
  endfacet
  facet normal -7.240841e-01 6.897117e-01 -2.108928e-08
    outer loop
      vertex   -3.902328e+01 3.252420e+01 1.619345e+02
      vertex   -3.438212e+01 3.739665e+01 1.682845e+02
      vertex   -3.438212e+01 3.739665e+01 1.619345e+02
    endloop
  endfacet
  facet normal -6.265707e-01 7.793646e-01 -2.649942e-08
    outer loop
      vertex   -3.438212e+01 3.739665e+01 1.619345e+02
      vertex   -3.438212e+01 3.739665e+01 1.682845e+02
      vertex   -2.913768e+01 4.161292e+01 1.682845e+02
    endloop
  endfacet
  facet normal -6.265707e-01 7.793646e-01 -2.649942e-08
    outer loop
      vertex   -3.438212e+01 3.739665e+01 1.619345e+02
      vertex   -2.913768e+01 4.161292e+01 1.682845e+02
      vertex   -2.913768e+01 4.161292e+01 1.619345e+02
    endloop
  endfacet
  facet normal -5.180633e-01 8.553423e-01 -3.144459e-08
    outer loop
      vertex   -2.913768e+01 4.161292e+01 1.619345e+02
      vertex   -2.913768e+01 4.161292e+01 1.682845e+02
      vertex   -2.338197e+01 4.509904e+01 1.682845e+02
    endloop
  endfacet
  facet normal -5.180633e-01 8.553423e-01 -3.144459e-08
    outer loop
      vertex   -2.913768e+01 4.161292e+01 1.619345e+02
      vertex   -2.338197e+01 4.509904e+01 1.682845e+02
      vertex   -2.338197e+01 4.509904e+01 1.619345e+02
    endloop
  endfacet
  facet normal -4.004657e-01 9.163118e-01 -3.583801e-08
    outer loop
      vertex   -2.338197e+01 4.509904e+01 1.619345e+02
      vertex   -2.338197e+01 4.509904e+01 1.682845e+02
      vertex   -1.721600e+01 4.779382e+01 1.682845e+02
    endloop
  endfacet
  facet normal -4.004657e-01 9.163118e-01 -3.583802e-08
    outer loop
      vertex   -2.338197e+01 4.509904e+01 1.619345e+02
      vertex   -1.721600e+01 4.779382e+01 1.682845e+02
      vertex   -1.721600e+01 4.779382e+01 1.619345e+02
    endloop
  endfacet
  facet normal -2.758413e-01 9.612032e-01 -3.960261e-08
    outer loop
      vertex   -1.721600e+01 4.779382e+01 1.619345e+02
      vertex   -1.721600e+01 4.779382e+01 1.682845e+02
      vertex   -1.074794e+01 4.964999e+01 1.682845e+02
    endloop
  endfacet
  facet normal -2.758413e-01 9.612032e-01 -3.960261e-08
    outer loop
      vertex   -1.721600e+01 4.779382e+01 1.619345e+02
      vertex   -1.074794e+01 4.964999e+01 1.682845e+02
      vertex   -1.074794e+01 4.964999e+01 1.619345e+02
    endloop
  endfacet
  facet normal -1.463769e-01 9.892289e-01 -4.267232e-08
    outer loop
      vertex   -1.074794e+01 4.964999e+01 1.619345e+02
      vertex   -1.074794e+01 4.964999e+01 1.682845e+02
      vertex   -4.091291e+00 5.063498e+01 1.682844e+02
    endloop
  endfacet
  facet normal -1.463769e-01 9.892289e-01 -4.267232e-08
    outer loop
      vertex   -1.074794e+01 4.964999e+01 1.619345e+02
      vertex   -4.091291e+00 5.063498e+01 1.682844e+02
      vertex   -4.091291e+00 5.063498e+01 1.619344e+02
    endloop
  endfacet
  facet normal -1.434403e-02 9.998971e-01 -4.499328e-08
    outer loop
      vertex   -4.091291e+00 5.063498e+01 1.619344e+02
      vertex   -4.091291e+00 5.063498e+01 1.682844e+02
      vertex   2.637143e+00 5.073150e+01 1.619344e+02
    endloop
  endfacet
  facet normal -1.434403e-02 9.998971e-01 -4.499329e-08
    outer loop
      vertex   2.637143e+00 5.073150e+01 1.619344e+02
      vertex   -4.091291e+00 5.063498e+01 1.682844e+02
      vertex   2.637143e+00 5.073150e+01 1.682844e+02
    endloop
  endfacet
  facet normal 7.751858e-01 6.317333e-01 -3.934867e-08
    outer loop
      vertex   3.716747e+01 3.462975e+01 1.619345e+02
      vertex   3.716747e+01 3.462975e+01 1.682845e+02
      vertex   4.141848e+01 2.941342e+01 1.619345e+02
    endloop
  endfacet
  facet normal 7.751858e-01 6.317333e-01 -3.934867e-08
    outer loop
      vertex   4.141848e+01 2.941342e+01 1.619345e+02
      vertex   3.716747e+01 3.462975e+01 1.682845e+02
      vertex   4.141848e+01 2.941342e+01 1.682845e+02
    endloop
  endfacet
  facet normal 8.518825e-01 5.237329e-01 -3.553544e-08
    outer loop
      vertex   4.141848e+01 2.941342e+01 1.619345e+02
      vertex   4.141848e+01 2.941342e+01 1.682845e+02
      vertex   4.494275e+01 2.368100e+01 1.682845e+02
    endloop
  endfacet
  facet normal 8.518825e-01 5.237329e-01 -3.553543e-08
    outer loop
      vertex   4.141848e+01 2.941342e+01 1.619345e+02
      vertex   4.494275e+01 2.368100e+01 1.682845e+02
      vertex   4.494275e+01 2.368100e+01 1.619345e+02
    endloop
  endfacet
  facet normal 9.136317e-01 4.065428e-01 -3.109868e-08
    outer loop
      vertex   4.494275e+01 2.368100e+01 1.619345e+02
      vertex   4.494275e+01 2.368100e+01 1.682845e+02
      vertex   4.767843e+01 1.753305e+01 1.682845e+02
    endloop
  endfacet
  facet normal 9.136317e-01 4.065428e-01 -3.109867e-08
    outer loop
      vertex   4.494275e+01 2.368100e+01 1.619345e+02
      vertex   4.767843e+01 1.753305e+01 1.682845e+02
      vertex   4.767842e+01 1.753305e+01 1.619345e+02
    endloop
  endfacet
  facet normal 9.593499e-01 2.822193e-01 -2.611624e-08
    outer loop
      vertex   4.767842e+01 1.753305e+01 1.619345e+02
      vertex   4.767843e+01 1.753305e+01 1.682845e+02
      vertex   4.957751e+01 1.107747e+01 1.682845e+02
    endloop
  endfacet
  facet normal 9.593499e-01 2.822193e-01 -2.611624e-08
    outer loop
      vertex   4.767842e+01 1.753305e+01 1.619345e+02
      vertex   4.957751e+01 1.107747e+01 1.682845e+02
      vertex   4.957751e+01 1.107747e+01 1.619345e+02
    endloop
  endfacet
  facet normal 9.882349e-01 1.529439e-01 -2.067556e-08
    outer loop
      vertex   4.957751e+01 1.107747e+01 1.619345e+02
      vertex   4.957751e+01 1.107747e+01 1.682845e+02
      vertex   5.060669e+01 4.427510e+00 1.682845e+02
    endloop
  endfacet
  facet normal 9.882349e-01 1.529439e-01 -2.067557e-08
    outer loop
      vertex   4.957751e+01 1.107747e+01 1.619345e+02
      vertex   5.060669e+01 4.427510e+00 1.682845e+02
      vertex   5.060669e+01 4.427509e+00 1.619345e+02
    endloop
  endfacet
  facet normal 9.997798e-01 2.098483e-02 -1.487210e-08
    outer loop
      vertex   5.060669e+01 4.427509e+00 1.619345e+02
      vertex   5.060669e+01 4.427510e+00 1.682845e+02
      vertex   5.074790e+01 -2.300135e+00 1.682845e+02
    endloop
  endfacet
  facet normal 9.997798e-01 2.098483e-02 -1.487210e-08
    outer loop
      vertex   5.060669e+01 4.427509e+00 1.619345e+02
      vertex   5.074790e+01 -2.300135e+00 1.682845e+02
      vertex   5.074790e+01 -2.300135e+00 1.619345e+02
    endloop
  endfacet
  facet normal 9.937821e-01 -1.113424e-01 -8.807687e-09
    outer loop
      vertex   5.074790e+01 -2.300135e+00 1.619345e+02
      vertex   5.074790e+01 -2.300135e+00 1.682845e+02
      vertex   4.999867e+01 -8.987420e+00 1.682845e+02
    endloop
  endfacet
  facet normal 9.937821e-01 -1.113424e-01 -8.807686e-09
    outer loop
      vertex   5.074790e+01 -2.300135e+00 1.619345e+02
      vertex   4.999867e+01 -8.987420e+00 1.682845e+02
      vertex   4.999867e+01 -8.987421e+00 1.619345e+02
    endloop
  endfacet
  facet normal 9.703470e-01 -2.417160e-01 -2.588726e-09
    outer loop
      vertex   4.999867e+01 -8.987421e+00 1.619345e+02
      vertex   4.999867e+01 -8.987420e+00 1.682845e+02
      vertex   4.837213e+01 -1.551701e+01 1.682845e+02
    endloop
  endfacet
  facet normal 9.703470e-01 -2.417160e-01 -2.588725e-09
    outer loop
      vertex   4.999867e+01 -8.987421e+00 1.619345e+02
      vertex   4.837213e+01 -1.551701e+01 1.682845e+02
      vertex   4.837213e+01 -1.551701e+01 1.619345e+02
    endloop
  endfacet
  facet normal 9.298858e-01 -3.678484e-01 3.675657e-09
    outer loop
      vertex   4.837213e+01 -1.551701e+01 1.619345e+02
      vertex   4.837213e+01 -1.551701e+01 1.682845e+02
      vertex   4.589683e+01 -2.177433e+01 1.682845e+02
    endloop
  endfacet
  facet normal 9.298858e-01 -3.678484e-01 3.675657e-09
    outer loop
      vertex   4.837213e+01 -1.551701e+01 1.619345e+02
      vertex   4.589683e+01 -2.177433e+01 1.682845e+02
      vertex   4.589683e+01 -2.177433e+01 1.619345e+02
    endloop
  endfacet
  facet normal 8.731083e-01 -4.875263e-01 9.875545e-09
    outer loop
      vertex   4.589683e+01 -2.177433e+01 1.619345e+02
      vertex   4.589683e+01 -2.177433e+01 1.682845e+02
      vertex   4.261620e+01 -2.764958e+01 1.619345e+02
    endloop
  endfacet
  facet normal 8.731083e-01 -4.875263e-01 9.875546e-09
    outer loop
      vertex   4.261620e+01 -2.764958e+01 1.619345e+02
      vertex   4.589683e+01 -2.177433e+01 1.682845e+02
      vertex   4.261620e+01 -2.764958e+01 1.682845e+02
    endloop
  endfacet
  facet normal -1.736482e-01 -9.848077e-01 4.692939e-08
    outer loop
      vertex   -8.308818e+01 -2.240813e+01 1.619345e+02
      vertex   -8.308818e+01 -2.240813e+01 1.682845e+02
      vertex   -8.359795e+01 -2.231824e+01 1.619345e+02
    endloop
  endfacet
  facet normal -1.736482e-01 -9.848077e-01 4.692939e-08
    outer loop
      vertex   -8.359795e+01 -2.231824e+01 1.619345e+02
      vertex   -8.308818e+01 -2.240813e+01 1.682845e+02
      vertex   -8.359795e+01 -2.231824e+01 1.682845e+02
    endloop
  endfacet
  facet normal -6.427876e-01 -7.660444e-01 4.357536e-08
    outer loop
      vertex   -8.359795e+01 -2.231824e+01 1.619345e+02
      vertex   -8.359795e+01 -2.231824e+01 1.682845e+02
      vertex   -8.399448e+01 -2.198551e+01 1.619345e+02
    endloop
  endfacet
  facet normal -6.427876e-01 -7.660444e-01 4.357536e-08
    outer loop
      vertex   -8.399448e+01 -2.198551e+01 1.619345e+02
      vertex   -8.359795e+01 -2.231824e+01 1.682845e+02
      vertex   -8.399448e+01 -2.198551e+01 1.682845e+02
    endloop
  endfacet
  facet normal -9.396926e-01 -3.420201e-01 2.854534e-08
    outer loop
      vertex   -8.399448e+01 -2.198551e+01 1.619345e+02
      vertex   -8.399448e+01 -2.198551e+01 1.682845e+02
      vertex   -8.417153e+01 -2.149909e+01 1.619345e+02
    endloop
  endfacet
  facet normal -9.396926e-01 -3.420201e-01 2.854534e-08
    outer loop
      vertex   -8.417153e+01 -2.149909e+01 1.619345e+02
      vertex   -8.399448e+01 -2.198551e+01 1.682845e+02
      vertex   -8.417153e+01 -2.149909e+01 1.682845e+02
    endloop
  endfacet
  facet normal -9.961947e-01 -8.715573e-02 1.781295e-08
    outer loop
      vertex   -8.417153e+01 -2.149909e+01 1.682845e+02
      vertex   -8.465796e+01 -1.593908e+01 1.682845e+02
      vertex   -8.417153e+01 -2.149909e+01 1.619345e+02
    endloop
  endfacet
  facet normal -9.961947e-01 -8.715573e-02 1.781295e-08
    outer loop
      vertex   -8.417153e+01 -2.149909e+01 1.619345e+02
      vertex   -8.465796e+01 -1.593908e+01 1.682845e+02
      vertex   -8.465796e+01 -1.593908e+01 1.619345e+02
    endloop
  endfacet
  facet normal -3.420201e-01 9.396926e-01 -3.770873e-08
    outer loop
      vertex   -8.374893e+01 -1.485573e+01 1.724595e+02
      vertex   -8.374893e+01 -1.485573e+01 1.619345e+02
      vertex   -8.423535e+01 -1.503277e+01 1.724595e+02
    endloop
  endfacet
  facet normal -3.420201e-01 9.396926e-01 -3.770873e-08
    outer loop
      vertex   -8.423535e+01 -1.503277e+01 1.724595e+02
      vertex   -8.374893e+01 -1.485573e+01 1.619345e+02
      vertex   -8.423535e+01 -1.503277e+01 1.619345e+02
    endloop
  endfacet
  facet normal -7.660444e-01 6.427876e-01 -1.838405e-08
    outer loop
      vertex   -8.423535e+01 -1.503277e+01 1.724595e+02
      vertex   -8.423535e+01 -1.503277e+01 1.619345e+02
      vertex   -8.456808e+01 -1.542931e+01 1.724595e+02
    endloop
  endfacet
  facet normal -7.660444e-01 6.427876e-01 -1.838405e-08
    outer loop
      vertex   -8.456808e+01 -1.542931e+01 1.724595e+02
      vertex   -8.423535e+01 -1.503277e+01 1.619345e+02
      vertex   -8.456808e+01 -1.542931e+01 1.619345e+02
    endloop
  endfacet
  facet normal -9.848077e-01 1.736482e-01 5.866623e-09
    outer loop
      vertex   -8.456808e+01 -1.542931e+01 1.724595e+02
      vertex   -8.456808e+01 -1.542931e+01 1.619345e+02
      vertex   -8.465796e+01 -1.593908e+01 1.682845e+02
    endloop
  endfacet
  facet normal -9.848077e-01 1.736482e-01 5.866628e-09
    outer loop
      vertex   -8.465796e+01 -1.593908e+01 1.682845e+02
      vertex   -8.456808e+01 -1.542931e+01 1.619345e+02
      vertex   -8.465796e+01 -1.593908e+01 1.619345e+02
    endloop
  endfacet
  facet normal -9.848077e-01 1.736482e-01 5.866626e-09
    outer loop
      vertex   -8.465796e+01 -1.593908e+01 1.682845e+02
      vertex   -8.465796e+01 -1.593908e+01 1.724595e+02
      vertex   -8.456808e+01 -1.542931e+01 1.724595e+02
    endloop
  endfacet
  facet normal -9.396926e-01 -3.420201e-01 2.854534e-08
    outer loop
      vertex   -8.613961e+01 9.962289e-01 1.619345e+02
      vertex   -8.596257e+01 5.098082e-01 1.619345e+02
      vertex   -8.613961e+01 9.962292e-01 1.682845e+02
    endloop
  endfacet
  facet normal -9.396926e-01 -3.420201e-01 2.854534e-08
    outer loop
      vertex   -8.613961e+01 9.962292e-01 1.682845e+02
      vertex   -8.596257e+01 5.098082e-01 1.619345e+02
      vertex   -8.596257e+01 5.098087e-01 1.724595e+02
    endloop
  endfacet
  facet normal -9.396926e-01 -3.420201e-01 2.854535e-08
    outer loop
      vertex   -8.613961e+01 9.962292e-01 1.682845e+02
      vertex   -8.596257e+01 5.098087e-01 1.724595e+02
      vertex   -8.613961e+01 9.962294e-01 1.724595e+02
    endloop
  endfacet
  facet normal -6.427876e-01 -7.660444e-01 4.357536e-08
    outer loop
      vertex   -8.596257e+01 5.098087e-01 1.724595e+02
      vertex   -8.596257e+01 5.098082e-01 1.619345e+02
      vertex   -8.556604e+01 1.770774e-01 1.724595e+02
    endloop
  endfacet
  facet normal -6.427876e-01 -7.660444e-01 4.357536e-08
    outer loop
      vertex   -8.556604e+01 1.770774e-01 1.724595e+02
      vertex   -8.596257e+01 5.098082e-01 1.619345e+02
      vertex   -8.556604e+01 1.770769e-01 1.619345e+02
    endloop
  endfacet
  facet normal -1.736482e-01 -9.848077e-01 4.692939e-08
    outer loop
      vertex   -8.556604e+01 1.770774e-01 1.724595e+02
      vertex   -8.556604e+01 1.770769e-01 1.619345e+02
      vertex   -8.505626e+01 8.719043e-02 1.724595e+02
    endloop
  endfacet
  facet normal -1.736482e-01 -9.848077e-01 4.692939e-08
    outer loop
      vertex   -8.505626e+01 8.719043e-02 1.724595e+02
      vertex   -8.556604e+01 1.770769e-01 1.619345e+02
      vertex   -8.505626e+01 8.718996e-02 1.619345e+02
    endloop
  endfacet
  facet normal -9.961947e-01 -8.715573e-02 1.781294e-08
    outer loop
      vertex   -8.613961e+01 9.962292e-01 1.682845e+02
      vertex   -8.662605e+01 6.556241e+00 1.682845e+02
      vertex   -8.613961e+01 9.962289e-01 1.619345e+02
    endloop
  endfacet
  facet normal -9.961947e-01 -8.715573e-02 1.781295e-08
    outer loop
      vertex   -8.613961e+01 9.962289e-01 1.619345e+02
      vertex   -8.662605e+01 6.556241e+00 1.682845e+02
      vertex   -8.662605e+01 6.556241e+00 1.619345e+02
    endloop
  endfacet
  facet normal -9.848077e-01 1.736482e-01 5.866626e-09
    outer loop
      vertex   -8.662605e+01 6.556241e+00 1.619345e+02
      vertex   -8.662605e+01 6.556241e+00 1.682845e+02
      vertex   -8.653616e+01 7.066015e+00 1.619345e+02
    endloop
  endfacet
  facet normal -9.848077e-01 1.736482e-01 5.866626e-09
    outer loop
      vertex   -8.653616e+01 7.066015e+00 1.619345e+02
      vertex   -8.662605e+01 6.556241e+00 1.682845e+02
      vertex   -8.653616e+01 7.066015e+00 1.682845e+02
    endloop
  endfacet
  facet normal -7.660444e-01 6.427876e-01 -1.838405e-08
    outer loop
      vertex   -8.653616e+01 7.066015e+00 1.619345e+02
      vertex   -8.653616e+01 7.066015e+00 1.682845e+02
      vertex   -8.620343e+01 7.462548e+00 1.619345e+02
    endloop
  endfacet
  facet normal -7.660444e-01 6.427876e-01 -1.838405e-08
    outer loop
      vertex   -8.620343e+01 7.462548e+00 1.619345e+02
      vertex   -8.653616e+01 7.066015e+00 1.682845e+02
      vertex   -8.620343e+01 7.462549e+00 1.682845e+02
    endloop
  endfacet
  facet normal -3.420201e-01 9.396926e-01 -3.770873e-08
    outer loop
      vertex   -8.620343e+01 7.462548e+00 1.619345e+02
      vertex   -8.620343e+01 7.462549e+00 1.682845e+02
      vertex   -8.571701e+01 7.639591e+00 1.619345e+02
    endloop
  endfacet
  facet normal -3.420201e-01 9.396926e-01 -3.770873e-08
    outer loop
      vertex   -8.571701e+01 7.639591e+00 1.619345e+02
      vertex   -8.620343e+01 7.462549e+00 1.682845e+02
      vertex   -8.571701e+01 7.639591e+00 1.682845e+02
    endloop
  endfacet
  facet normal 9.848077e-01 -1.736482e-01 -5.866626e-09
    outer loop
      vertex   2.900903e+01 7.995656e+01 1.724594e+02
      vertex   2.900903e+01 7.995656e+01 1.619344e+02
      vertex   2.909891e+01 8.046634e+01 1.724594e+02
    endloop
  endfacet
  facet normal 9.848077e-01 -1.736482e-01 -5.866625e-09
    outer loop
      vertex   2.909891e+01 8.046634e+01 1.724594e+02
      vertex   2.900903e+01 7.995656e+01 1.619344e+02
      vertex   2.909891e+01 8.046634e+01 1.619344e+02
    endloop
  endfacet
  facet normal 9.396926e-01 3.420201e-01 -2.854534e-08
    outer loop
      vertex   2.909891e+01 8.046634e+01 1.724594e+02
      vertex   2.909891e+01 8.046634e+01 1.619344e+02
      vertex   2.892187e+01 8.095276e+01 1.724594e+02
    endloop
  endfacet
  facet normal 9.396926e-01 3.420201e-01 -2.854534e-08
    outer loop
      vertex   2.892187e+01 8.095276e+01 1.724594e+02
      vertex   2.909891e+01 8.046634e+01 1.619344e+02
      vertex   2.892187e+01 8.095276e+01 1.619344e+02
    endloop
  endfacet
  facet normal 6.427876e-01 7.660444e-01 -4.357536e-08
    outer loop
      vertex   2.892187e+01 8.095276e+01 1.724594e+02
      vertex   2.892187e+01 8.095276e+01 1.619344e+02
      vertex   2.852534e+01 8.128549e+01 1.682844e+02
    endloop
  endfacet
  facet normal 6.427876e-01 7.660444e-01 -4.357535e-08
    outer loop
      vertex   2.852534e+01 8.128549e+01 1.682844e+02
      vertex   2.892187e+01 8.095276e+01 1.619344e+02
      vertex   2.852534e+01 8.128549e+01 1.619344e+02
    endloop
  endfacet
  facet normal 6.427876e-01 7.660444e-01 -4.357536e-08
    outer loop
      vertex   2.852534e+01 8.128549e+01 1.682844e+02
      vertex   2.852534e+01 8.128549e+01 1.724594e+02
      vertex   2.892187e+01 8.095276e+01 1.724594e+02
    endloop
  endfacet
  facet normal 1.736482e-01 9.848077e-01 -4.692940e-08
    outer loop
      vertex   4.393257e+01 7.410098e+01 1.724594e+02
      vertex   4.393257e+01 7.410098e+01 1.682844e+02
      vertex   4.342280e+01 7.419086e+01 1.724594e+02
    endloop
  endfacet
  facet normal 1.736482e-01 9.848077e-01 -4.692939e-08
    outer loop
      vertex   4.342280e+01 7.419086e+01 1.724594e+02
      vertex   4.393257e+01 7.410098e+01 1.682844e+02
      vertex   4.342280e+01 7.419086e+01 1.619344e+02
    endloop
  endfacet
  facet normal -3.420201e-01 9.396926e-01 -3.770873e-08
    outer loop
      vertex   4.342280e+01 7.419086e+01 1.724594e+02
      vertex   4.342280e+01 7.419086e+01 1.619344e+02
      vertex   4.293638e+01 7.401382e+01 1.724594e+02
    endloop
  endfacet
  facet normal -3.420201e-01 9.396926e-01 -3.770873e-08
    outer loop
      vertex   4.293638e+01 7.401382e+01 1.724594e+02
      vertex   4.342280e+01 7.419086e+01 1.619344e+02
      vertex   4.293638e+01 7.401382e+01 1.619344e+02
    endloop
  endfacet
  facet normal -7.660444e-01 6.427876e-01 -1.838405e-08
    outer loop
      vertex   4.293638e+01 7.401382e+01 1.724594e+02
      vertex   4.293638e+01 7.401382e+01 1.619344e+02
      vertex   4.260364e+01 7.361729e+01 1.724594e+02
    endloop
  endfacet
  facet normal -7.660444e-01 6.427876e-01 -1.838405e-08
    outer loop
      vertex   4.260364e+01 7.361729e+01 1.724594e+02
      vertex   4.293638e+01 7.401382e+01 1.619344e+02
      vertex   4.260364e+01 7.361729e+01 1.619344e+02
    endloop
  endfacet
  facet normal 1.736482e-01 9.848077e-01 -4.692939e-08
    outer loop
      vertex   4.393257e+01 7.410098e+01 1.682844e+02
      vertex   4.393257e+01 7.410098e+01 1.619344e+02
      vertex   4.342280e+01 7.419086e+01 1.619344e+02
    endloop
  endfacet
  facet normal 6.427876e-01 7.660444e-01 -4.357536e-08
    outer loop
      vertex   4.899090e+01 7.174224e+01 1.619344e+02
      vertex   4.899090e+01 7.174224e+01 1.682844e+02
      vertex   4.938743e+01 7.140951e+01 1.619344e+02
    endloop
  endfacet
  facet normal 6.427876e-01 7.660444e-01 -4.357536e-08
    outer loop
      vertex   4.938743e+01 7.140951e+01 1.619344e+02
      vertex   4.899090e+01 7.174224e+01 1.682844e+02
      vertex   4.938743e+01 7.140951e+01 1.682844e+02
    endloop
  endfacet
  facet normal 9.396926e-01 3.420201e-01 -2.854534e-08
    outer loop
      vertex   4.938743e+01 7.140951e+01 1.619344e+02
      vertex   4.938743e+01 7.140951e+01 1.682844e+02
      vertex   4.956448e+01 7.092309e+01 1.619344e+02
    endloop
  endfacet
  facet normal 9.396926e-01 3.420201e-01 -2.854534e-08
    outer loop
      vertex   4.956448e+01 7.092309e+01 1.619344e+02
      vertex   4.938743e+01 7.140951e+01 1.682844e+02
      vertex   4.956448e+01 7.092309e+01 1.682844e+02
    endloop
  endfacet
  facet normal 9.848077e-01 -1.736482e-01 -5.866628e-09
    outer loop
      vertex   4.956448e+01 7.092309e+01 1.619344e+02
      vertex   4.956448e+01 7.092309e+01 1.682844e+02
      vertex   4.947459e+01 7.041331e+01 1.619344e+02
    endloop
  endfacet
  facet normal 9.848077e-01 -1.736482e-01 -5.866623e-09
    outer loop
      vertex   4.947459e+01 7.041331e+01 1.619344e+02
      vertex   4.956448e+01 7.092309e+01 1.682844e+02
      vertex   4.947459e+01 7.041331e+01 1.682844e+02
    endloop
  endfacet
  facet normal -8.019323e-01 -5.974149e-01 3.817005e-08
    outer loop
      vertex   3.232890e+01 2.016067e+01 1.619345e+02
      vertex   2.856964e+01 2.520686e+01 1.682845e+02
      vertex   2.856964e+01 2.520686e+01 1.619345e+02
    endloop
  endfacet
  facet normal -6.926637e-01 -7.212607e-01 4.224584e-08
    outer loop
      vertex   2.856964e+01 2.520686e+01 1.619345e+02
      vertex   2.856964e+01 2.520686e+01 1.682845e+02
      vertex   2.403107e+01 2.956548e+01 1.682845e+02
    endloop
  endfacet
  facet normal -6.926637e-01 -7.212607e-01 4.224584e-08
    outer loop
      vertex   2.856964e+01 2.520686e+01 1.619345e+02
      vertex   2.403107e+01 2.956548e+01 1.682845e+02
      vertex   2.403107e+01 2.956548e+01 1.619345e+02
    endloop
  endfacet
  facet normal -5.645011e-01 -8.254323e-01 4.516928e-08
    outer loop
      vertex   2.403107e+01 2.956548e+01 1.619345e+02
      vertex   2.403107e+01 2.956548e+01 1.682845e+02
      vertex   1.883700e+01 3.311763e+01 1.682845e+02
    endloop
  endfacet
  facet normal -5.645011e-01 -8.254323e-01 4.516928e-08
    outer loop
      vertex   2.403107e+01 2.956548e+01 1.619345e+02
      vertex   1.883700e+01 3.311763e+01 1.682845e+02
      vertex   1.883700e+01 3.311763e+01 1.619345e+02
    endloop
  endfacet
  facet normal -4.209403e-01 -9.070883e-01 4.686062e-08
    outer loop
      vertex   1.883700e+01 3.311763e+01 1.619345e+02
      vertex   1.883700e+01 3.311763e+01 1.682845e+02
      vertex   1.312910e+01 3.576642e+01 1.682845e+02
    endloop
  endfacet
  facet normal -4.209403e-01 -9.070883e-01 4.686062e-08
    outer loop
      vertex   1.883700e+01 3.311763e+01 1.619345e+02
      vertex   1.312910e+01 3.576642e+01 1.682845e+02
      vertex   1.312910e+01 3.576642e+01 1.619345e+02
    endloop
  endfacet
  facet normal -2.658974e-01 -9.640013e-01 4.727372e-08
    outer loop
      vertex   1.312910e+01 3.576642e+01 1.619345e+02
      vertex   1.312910e+01 3.576642e+01 1.682845e+02
      vertex   7.063082e+00 3.743959e+01 1.682845e+02
    endloop
  endfacet
  facet normal -2.658974e-01 -9.640013e-01 4.727372e-08
    outer loop
      vertex   1.312910e+01 3.576642e+01 1.619345e+02
      vertex   7.063082e+00 3.743959e+01 1.682845e+02
      vertex   7.063081e+00 3.743959e+01 1.619345e+02
    endloop
  endfacet
  facet normal -1.036015e-01 -9.946189e-01 4.639731e-08
    outer loop
      vertex   7.063081e+00 3.743959e+01 1.619345e+02
      vertex   7.063082e+00 3.743959e+01 1.682845e+02
      vertex   8.043963e-01 3.809151e+01 1.682845e+02
    endloop
  endfacet
  facet normal -1.036015e-01 -9.946189e-01 4.639731e-08
    outer loop
      vertex   7.063081e+00 3.743959e+01 1.619345e+02
      vertex   8.043963e-01 3.809151e+01 1.682845e+02
      vertex   8.043962e-01 3.809151e+01 1.619345e+02
    endloop
  endfacet
  facet normal 6.152035e-02 -9.981058e-01 4.425531e-08
    outer loop
      vertex   8.043962e-01 3.809151e+01 1.619345e+02
      vertex   8.043963e-01 3.809151e+01 1.682845e+02
      vertex   -5.476231e+00 3.770439e+01 1.682845e+02
    endloop
  endfacet
  facet normal 6.152035e-02 -9.981058e-01 4.425531e-08
    outer loop
      vertex   8.043962e-01 3.809151e+01 1.619345e+02
      vertex   -5.476231e+00 3.770439e+01 1.682845e+02
      vertex   -5.476231e+00 3.770439e+01 1.619345e+02
    endloop
  endfacet
  facet normal 2.249641e-01 -9.743670e-01 4.090614e-08
    outer loop
      vertex   -5.476231e+00 3.770439e+01 1.619345e+02
      vertex   -5.476231e+00 3.770439e+01 1.682845e+02
      vertex   -1.160748e+01 3.628879e+01 1.682845e+02
    endloop
  endfacet
  facet normal 2.249641e-01 -9.743670e-01 4.090614e-08
    outer loop
      vertex   -5.476231e+00 3.770439e+01 1.619345e+02
      vertex   -1.160748e+01 3.628879e+01 1.682845e+02
      vertex   -1.160748e+01 3.628879e+01 1.619345e+02
    endloop
  endfacet
  facet normal 3.822714e-01 -9.240501e-01 3.644116e-08
    outer loop
      vertex   -1.160748e+01 3.628879e+01 1.619345e+02
      vertex   -1.160748e+01 3.628879e+01 1.682845e+02
      vertex   -1.742211e+01 3.388333e+01 1.682845e+02
    endloop
  endfacet
  facet normal 3.822714e-01 -9.240501e-01 3.644116e-08
    outer loop
      vertex   -1.160748e+01 3.628879e+01 1.619345e+02
      vertex   -1.742211e+01 3.388333e+01 1.682845e+02
      vertex   -1.742211e+01 3.388333e+01 1.619345e+02
    endloop
  endfacet
  facet normal 5.291514e-01 -8.485274e-01 3.098215e-08
    outer loop
      vertex   -1.742211e+01 3.388333e+01 1.619345e+02
      vertex   -1.742211e+01 3.388333e+01 1.682845e+02
      vertex   -2.276151e+01 3.055362e+01 1.682845e+02
    endloop
  endfacet
  facet normal 5.291514e-01 -8.485274e-01 3.098215e-08
    outer loop
      vertex   -1.742211e+01 3.388333e+01 1.619345e+02
      vertex   -2.276151e+01 3.055362e+01 1.682845e+02
      vertex   -2.276151e+01 3.055362e+01 1.619345e+02
    endloop
  endfacet
  facet normal 6.615975e-01 -7.498592e-01 2.467804e-08
    outer loop
      vertex   -2.276151e+01 3.055362e+01 1.619345e+02
      vertex   -2.276151e+01 3.055362e+01 1.682845e+02
      vertex   -2.748003e+01 2.639049e+01 1.682845e+02
    endloop
  endfacet
  facet normal 6.615975e-01 -7.498592e-01 2.467804e-08
    outer loop
      vertex   -2.276151e+01 3.055362e+01 1.619345e+02
      vertex   -2.748003e+01 2.639049e+01 1.682845e+02
      vertex   -2.748003e+01 2.639049e+01 1.619345e+02
    endloop
  endfacet
  facet normal 7.759969e-01 -6.307367e-01 1.770077e-08
    outer loop
      vertex   -2.748003e+01 2.639049e+01 1.619345e+02
      vertex   -2.748003e+01 2.639049e+01 1.682845e+02
      vertex   -3.144897e+01 2.150749e+01 1.682845e+02
    endloop
  endfacet
  facet normal 7.759969e-01 -6.307367e-01 1.770077e-08
    outer loop
      vertex   -2.748003e+01 2.639049e+01 1.619345e+02
      vertex   -3.144897e+01 2.150749e+01 1.682845e+02
      vertex   -3.144897e+01 2.150749e+01 1.619345e+02
    endloop
  endfacet
  facet normal 8.692292e-01 -4.944094e-01 1.024067e-08
    outer loop
      vertex   -3.144897e+01 2.150749e+01 1.619345e+02
      vertex   -3.144897e+01 2.150749e+01 1.682845e+02
      vertex   -3.456006e+01 1.603783e+01 1.682845e+02
    endloop
  endfacet
  facet normal 8.692292e-01 -4.944094e-01 1.024067e-08
    outer loop
      vertex   -3.144897e+01 2.150749e+01 1.619345e+02
      vertex   -3.456006e+01 1.603783e+01 1.682845e+02
      vertex   -3.456006e+01 1.603783e+01 1.619345e+02
    endloop
  endfacet
  facet normal 9.387511e-01 -3.445958e-01 2.501232e-09
    outer loop
      vertex   -3.456006e+01 1.603783e+01 1.619345e+02
      vertex   -3.456006e+01 1.603783e+01 1.682845e+02
      vertex   -3.672845e+01 1.013069e+01 1.682845e+02
    endloop
  endfacet
  facet normal 9.387511e-01 -3.445958e-01 2.501232e-09
    outer loop
      vertex   -3.456006e+01 1.603783e+01 1.619345e+02
      vertex   -3.672845e+01 1.013069e+01 1.682845e+02
      vertex   -3.672845e+01 1.013069e+01 1.619345e+02
    endloop
  endfacet
  facet normal 9.826664e-01 -1.853827e-01 -5.306433e-09
    outer loop
      vertex   -3.672845e+01 1.013069e+01 1.619345e+02
      vertex   -3.672845e+01 1.013069e+01 1.682845e+02
      vertex   -3.789498e+01 3.947217e+00 1.682845e+02
    endloop
  endfacet
  facet normal 9.826664e-01 -1.853827e-01 -5.306434e-09
    outer loop
      vertex   -3.672845e+01 1.013069e+01 1.619345e+02
      vertex   -3.789498e+01 3.947217e+00 1.682845e+02
      vertex   -3.789498e+01 3.947217e+00 1.619345e+02
    endloop
  endfacet
  facet normal 9.997771e-01 -2.111270e-02 -1.296935e-08
    outer loop
      vertex   -3.789498e+01 3.947217e+00 1.619345e+02
      vertex   -3.789498e+01 3.947217e+00 1.682845e+02
      vertex   -3.802783e+01 -2.343927e+00 1.682845e+02
    endloop
  endfacet
  facet normal 9.997771e-01 -2.111270e-02 -1.296935e-08
    outer loop
      vertex   -3.789498e+01 3.947217e+00 1.619345e+02
      vertex   -3.802783e+01 -2.343927e+00 1.682845e+02
      vertex   -3.802783e+01 -2.343927e+00 1.619345e+02
    endloop
  endfacet
  facet normal 9.896165e-01 1.437332e-01 -2.027850e-08
    outer loop
      vertex   -3.802783e+01 -2.343927e+00 1.619345e+02
      vertex   -3.802783e+01 -2.343927e+00 1.682845e+02
      vertex   -3.712338e+01 -8.571134e+00 1.682845e+02
    endloop
  endfacet
  facet normal 9.896165e-01 1.437332e-01 -2.027850e-08
    outer loop
      vertex   -3.802783e+01 -2.343927e+00 1.619345e+02
      vertex   -3.712338e+01 -8.571134e+00 1.682845e+02
      vertex   -3.712338e+01 -8.571134e+00 1.619345e+02
    endloop
  endfacet
  facet normal 9.524617e-01 3.046583e-01 -2.703451e-08
    outer loop
      vertex   -3.712338e+01 -8.571134e+00 1.619345e+02
      vertex   -3.712338e+01 -8.571134e+00 1.682845e+02
      vertex   -3.520631e+01 -1.456454e+01 1.682845e+02
    endloop
  endfacet
  facet normal 9.524617e-01 3.046583e-01 -2.703451e-08
    outer loop
      vertex   -3.712338e+01 -8.571134e+00 1.619345e+02
      vertex   -3.520631e+01 -1.456454e+01 1.682845e+02
      vertex   -3.520631e+01 -1.456454e+01 1.619345e+02
    endloop
  endfacet
  facet normal 8.893263e-01 4.572732e-01 -3.305308e-08
    outer loop
      vertex   -3.520631e+01 -1.456454e+01 1.619345e+02
      vertex   -3.520631e+01 -1.456454e+01 1.682845e+02
      vertex   -3.232889e+01 -2.016067e+01 1.682845e+02
    endloop
  endfacet
  facet normal 8.893263e-01 4.572732e-01 -3.305308e-08
    outer loop
      vertex   -3.520631e+01 -1.456454e+01 1.619345e+02
      vertex   -3.232889e+01 -2.016067e+01 1.682845e+02
      vertex   -3.232889e+01 -2.016067e+01 1.619345e+02
    endloop
  endfacet
  facet normal 8.019323e-01 5.974149e-01 -3.817005e-08
    outer loop
      vertex   -3.232889e+01 -2.016067e+01 1.619345e+02
      vertex   -3.232889e+01 -2.016067e+01 1.682845e+02
      vertex   -2.856963e+01 -2.520687e+01 1.682845e+02
    endloop
  endfacet
  facet normal 8.019323e-01 5.974149e-01 -3.817005e-08
    outer loop
      vertex   -3.232889e+01 -2.016067e+01 1.619345e+02
      vertex   -2.856963e+01 -2.520687e+01 1.682845e+02
      vertex   -2.856963e+01 -2.520687e+01 1.619345e+02
    endloop
  endfacet
  facet normal 6.926637e-01 7.212607e-01 -4.224584e-08
    outer loop
      vertex   -2.856963e+01 -2.520687e+01 1.619345e+02
      vertex   -2.856963e+01 -2.520687e+01 1.682845e+02
      vertex   -2.403107e+01 -2.956548e+01 1.682845e+02
    endloop
  endfacet
  facet normal 6.926637e-01 7.212607e-01 -4.224585e-08
    outer loop
      vertex   -2.856963e+01 -2.520687e+01 1.619345e+02
      vertex   -2.403107e+01 -2.956548e+01 1.682845e+02
      vertex   -2.403107e+01 -2.956548e+01 1.619345e+02
    endloop
  endfacet
  facet normal 5.645011e-01 8.254323e-01 -4.516928e-08
    outer loop
      vertex   -2.403107e+01 -2.956548e+01 1.619345e+02
      vertex   -2.403107e+01 -2.956548e+01 1.682845e+02
      vertex   -1.883699e+01 -3.311763e+01 1.682845e+02
    endloop
  endfacet
  facet normal 5.645011e-01 8.254323e-01 -4.516928e-08
    outer loop
      vertex   -2.403107e+01 -2.956548e+01 1.619345e+02
      vertex   -1.883699e+01 -3.311763e+01 1.682845e+02
      vertex   -1.883699e+01 -3.311763e+01 1.619345e+02
    endloop
  endfacet
  facet normal 4.209403e-01 9.070883e-01 -4.686062e-08
    outer loop
      vertex   -1.883699e+01 -3.311763e+01 1.619345e+02
      vertex   -1.883699e+01 -3.311763e+01 1.682845e+02
      vertex   -1.312910e+01 -3.576642e+01 1.682845e+02
    endloop
  endfacet
  facet normal 4.209403e-01 9.070883e-01 -4.686062e-08
    outer loop
      vertex   -1.883699e+01 -3.311763e+01 1.619345e+02
      vertex   -1.312910e+01 -3.576642e+01 1.682845e+02
      vertex   -1.312910e+01 -3.576642e+01 1.619345e+02
    endloop
  endfacet
  facet normal 2.658974e-01 9.640013e-01 -4.727372e-08
    outer loop
      vertex   -1.312910e+01 -3.576642e+01 1.619345e+02
      vertex   -1.312910e+01 -3.576642e+01 1.682845e+02
      vertex   -7.063077e+00 -3.743959e+01 1.682845e+02
    endloop
  endfacet
  facet normal 2.658974e-01 9.640013e-01 -4.727372e-08
    outer loop
      vertex   -1.312910e+01 -3.576642e+01 1.619345e+02
      vertex   -7.063077e+00 -3.743959e+01 1.682845e+02
      vertex   -7.063077e+00 -3.743959e+01 1.619345e+02
    endloop
  endfacet
  facet normal 1.036015e-01 9.946189e-01 -4.639731e-08
    outer loop
      vertex   -7.063077e+00 -3.743959e+01 1.619345e+02
      vertex   -7.063077e+00 -3.743959e+01 1.682845e+02
      vertex   -8.043913e-01 -3.809151e+01 1.682845e+02
    endloop
  endfacet
  facet normal 1.036015e-01 9.946189e-01 -4.639731e-08
    outer loop
      vertex   -7.063077e+00 -3.743959e+01 1.619345e+02
      vertex   -8.043913e-01 -3.809151e+01 1.682845e+02
      vertex   -8.043914e-01 -3.809151e+01 1.619345e+02
    endloop
  endfacet
  facet normal -6.152035e-02 9.981058e-01 -4.425531e-08
    outer loop
      vertex   -8.043914e-01 -3.809151e+01 1.619345e+02
      vertex   -8.043913e-01 -3.809151e+01 1.682845e+02
      vertex   5.476236e+00 -3.770439e+01 1.682845e+02
    endloop
  endfacet
  facet normal -6.152035e-02 9.981058e-01 -4.425531e-08
    outer loop
      vertex   -8.043914e-01 -3.809151e+01 1.619345e+02
      vertex   5.476236e+00 -3.770439e+01 1.682845e+02
      vertex   5.476236e+00 -3.770439e+01 1.619345e+02
    endloop
  endfacet
  facet normal -2.249641e-01 9.743670e-01 -4.090614e-08
    outer loop
      vertex   5.476236e+00 -3.770439e+01 1.619345e+02
      vertex   5.476236e+00 -3.770439e+01 1.682845e+02
      vertex   1.160749e+01 -3.628879e+01 1.682845e+02
    endloop
  endfacet
  facet normal -2.249641e-01 9.743670e-01 -4.090614e-08
    outer loop
      vertex   5.476236e+00 -3.770439e+01 1.619345e+02
      vertex   1.160749e+01 -3.628879e+01 1.682845e+02
      vertex   1.160749e+01 -3.628879e+01 1.619345e+02
    endloop
  endfacet
  facet normal -3.822714e-01 9.240501e-01 -3.644116e-08
    outer loop
      vertex   1.160749e+01 -3.628879e+01 1.619345e+02
      vertex   1.160749e+01 -3.628879e+01 1.682845e+02
      vertex   1.742211e+01 -3.388333e+01 1.682845e+02
    endloop
  endfacet
  facet normal -3.822714e-01 9.240501e-01 -3.644116e-08
    outer loop
      vertex   1.160749e+01 -3.628879e+01 1.619345e+02
      vertex   1.742211e+01 -3.388333e+01 1.682845e+02
      vertex   1.742211e+01 -3.388333e+01 1.619345e+02
    endloop
  endfacet
  facet normal -5.291514e-01 8.485274e-01 -3.098215e-08
    outer loop
      vertex   1.742211e+01 -3.388333e+01 1.619345e+02
      vertex   1.742211e+01 -3.388333e+01 1.682845e+02
      vertex   2.276151e+01 -3.055362e+01 1.682845e+02
    endloop
  endfacet
  facet normal -5.291514e-01 8.485274e-01 -3.098215e-08
    outer loop
      vertex   1.742211e+01 -3.388333e+01 1.619345e+02
      vertex   2.276151e+01 -3.055362e+01 1.682845e+02
      vertex   2.276151e+01 -3.055362e+01 1.619345e+02
    endloop
  endfacet
  facet normal -6.615975e-01 7.498592e-01 -2.467804e-08
    outer loop
      vertex   2.276151e+01 -3.055362e+01 1.619345e+02
      vertex   2.276151e+01 -3.055362e+01 1.682845e+02
      vertex   2.748003e+01 -2.639049e+01 1.682845e+02
    endloop
  endfacet
  facet normal -6.615975e-01 7.498592e-01 -2.467804e-08
    outer loop
      vertex   2.276151e+01 -3.055362e+01 1.619345e+02
      vertex   2.748003e+01 -2.639049e+01 1.682845e+02
      vertex   2.748003e+01 -2.639049e+01 1.619345e+02
    endloop
  endfacet
  facet normal -7.759969e-01 6.307367e-01 -1.770077e-08
    outer loop
      vertex   2.748003e+01 -2.639049e+01 1.619345e+02
      vertex   2.748003e+01 -2.639049e+01 1.682845e+02
      vertex   3.144897e+01 -2.150749e+01 1.682845e+02
    endloop
  endfacet
  facet normal -7.759969e-01 6.307367e-01 -1.770077e-08
    outer loop
      vertex   2.748003e+01 -2.639049e+01 1.619345e+02
      vertex   3.144897e+01 -2.150749e+01 1.682845e+02
      vertex   3.144897e+01 -2.150749e+01 1.619345e+02
    endloop
  endfacet
  facet normal -8.692292e-01 4.944094e-01 -1.024067e-08
    outer loop
      vertex   3.144897e+01 -2.150749e+01 1.619345e+02
      vertex   3.144897e+01 -2.150749e+01 1.682845e+02
      vertex   3.456007e+01 -1.603783e+01 1.682845e+02
    endloop
  endfacet
  facet normal -8.692292e-01 4.944094e-01 -1.024067e-08
    outer loop
      vertex   3.144897e+01 -2.150749e+01 1.619345e+02
      vertex   3.456007e+01 -1.603783e+01 1.682845e+02
      vertex   3.456007e+01 -1.603783e+01 1.619345e+02
    endloop
  endfacet
  facet normal -9.387511e-01 3.445958e-01 -2.501230e-09
    outer loop
      vertex   3.456007e+01 -1.603783e+01 1.619345e+02
      vertex   3.456007e+01 -1.603783e+01 1.682845e+02
      vertex   3.672845e+01 -1.013069e+01 1.682845e+02
    endloop
  endfacet
  facet normal -9.387511e-01 3.445958e-01 -2.501233e-09
    outer loop
      vertex   3.456007e+01 -1.603783e+01 1.619345e+02
      vertex   3.672845e+01 -1.013069e+01 1.682845e+02
      vertex   3.672845e+01 -1.013069e+01 1.619345e+02
    endloop
  endfacet
  facet normal -9.826664e-01 1.853827e-01 5.306433e-09
    outer loop
      vertex   3.672845e+01 -1.013069e+01 1.619345e+02
      vertex   3.672845e+01 -1.013069e+01 1.682845e+02
      vertex   3.789498e+01 -3.947219e+00 1.682845e+02
    endloop
  endfacet
  facet normal -9.826664e-01 1.853827e-01 5.306434e-09
    outer loop
      vertex   3.672845e+01 -1.013069e+01 1.619345e+02
      vertex   3.789498e+01 -3.947219e+00 1.682845e+02
      vertex   3.789498e+01 -3.947220e+00 1.619345e+02
    endloop
  endfacet
  facet normal -9.997771e-01 2.111270e-02 1.296935e-08
    outer loop
      vertex   3.789498e+01 -3.947220e+00 1.619345e+02
      vertex   3.789498e+01 -3.947219e+00 1.682845e+02
      vertex   3.802783e+01 2.343924e+00 1.682845e+02
    endloop
  endfacet
  facet normal -9.997771e-01 2.111270e-02 1.296935e-08
    outer loop
      vertex   3.789498e+01 -3.947220e+00 1.619345e+02
      vertex   3.802783e+01 2.343924e+00 1.682845e+02
      vertex   3.802783e+01 2.343924e+00 1.619345e+02
    endloop
  endfacet
  facet normal -9.896165e-01 -1.437332e-01 2.027850e-08
    outer loop
      vertex   3.802783e+01 2.343924e+00 1.619345e+02
      vertex   3.802783e+01 2.343924e+00 1.682845e+02
      vertex   3.712339e+01 8.571131e+00 1.682845e+02
    endloop
  endfacet
  facet normal -9.896165e-01 -1.437332e-01 2.027850e-08
    outer loop
      vertex   3.802783e+01 2.343924e+00 1.619345e+02
      vertex   3.712339e+01 8.571131e+00 1.682845e+02
      vertex   3.712339e+01 8.571131e+00 1.619345e+02
    endloop
  endfacet
  facet normal -9.524617e-01 -3.046583e-01 2.703451e-08
    outer loop
      vertex   3.712339e+01 8.571131e+00 1.619345e+02
      vertex   3.712339e+01 8.571131e+00 1.682845e+02
      vertex   3.520631e+01 1.456454e+01 1.682845e+02
    endloop
  endfacet
  facet normal -9.524617e-01 -3.046583e-01 2.703451e-08
    outer loop
      vertex   3.712339e+01 8.571131e+00 1.619345e+02
      vertex   3.520631e+01 1.456454e+01 1.682845e+02
      vertex   3.520631e+01 1.456454e+01 1.619345e+02
    endloop
  endfacet
  facet normal -8.893263e-01 -4.572732e-01 3.305308e-08
    outer loop
      vertex   3.520631e+01 1.456454e+01 1.619345e+02
      vertex   3.520631e+01 1.456454e+01 1.682845e+02
      vertex   3.232890e+01 2.016067e+01 1.682845e+02
    endloop
  endfacet
  facet normal -8.893263e-01 -4.572732e-01 3.305308e-08
    outer loop
      vertex   3.520631e+01 1.456454e+01 1.619345e+02
      vertex   3.232890e+01 2.016067e+01 1.682845e+02
      vertex   3.232890e+01 2.016067e+01 1.619345e+02
    endloop
  endfacet
  facet normal -8.019323e-01 -5.974149e-01 3.817005e-08
    outer loop
      vertex   3.232890e+01 2.016067e+01 1.619345e+02
      vertex   3.232890e+01 2.016067e+01 1.682845e+02
      vertex   2.856964e+01 2.520686e+01 1.682845e+02
    endloop
  endfacet
  facet normal -8.587643e-01 -5.123709e-01 3.511774e-08
    outer loop
      vertex   -4.525334e+01 -2.308192e+01 1.682845e+02
      vertex   -4.525334e+01 -2.308192e+01 1.619345e+02
      vertex   -4.180553e+01 -2.886066e+01 1.682845e+02
    endloop
  endfacet
  facet normal -8.587643e-01 -5.123709e-01 3.511774e-08
    outer loop
      vertex   -4.180553e+01 -2.886066e+01 1.682845e+02
      vertex   -4.525334e+01 -2.308192e+01 1.619345e+02
      vertex   -4.180553e+01 -2.886066e+01 1.619345e+02
    endloop
  endfacet
  facet normal -7.835089e-01 -6.213805e-01 3.899667e-08
    outer loop
      vertex   -4.180553e+01 -2.886066e+01 1.682845e+02
      vertex   -4.180553e+01 -2.886066e+01 1.619345e+02
      vertex   -3.762418e+01 -3.413299e+01 1.619345e+02
    endloop
  endfacet
  facet normal -7.835089e-01 -6.213805e-01 3.899667e-08
    outer loop
      vertex   -4.180553e+01 -2.886066e+01 1.682845e+02
      vertex   -3.762418e+01 -3.413299e+01 1.619345e+02
      vertex   -3.762418e+01 -3.413299e+01 1.682845e+02
    endloop
  endfacet
  facet normal -6.945057e-01 -7.194872e-01 4.219134e-08
    outer loop
      vertex   -3.762418e+01 -3.413299e+01 1.682845e+02
      vertex   -3.762418e+01 -3.413299e+01 1.619345e+02
      vertex   -3.278266e+01 -3.880640e+01 1.619345e+02
    endloop
  endfacet
  facet normal -6.945057e-01 -7.194872e-01 4.219134e-08
    outer loop
      vertex   -3.762418e+01 -3.413299e+01 1.682845e+02
      vertex   -3.278266e+01 -3.880640e+01 1.619345e+02
      vertex   -3.278266e+01 -3.880640e+01 1.682845e+02
    endloop
  endfacet
  facet normal -5.933164e-01 -8.049693e-01 4.464570e-08
    outer loop
      vertex   -3.278266e+01 -3.880640e+01 1.682845e+02
      vertex   -3.278266e+01 -3.880640e+01 1.619345e+02
      vertex   -2.736592e+01 -4.279891e+01 1.619345e+02
    endloop
  endfacet
  facet normal -5.933164e-01 -8.049693e-01 4.464570e-08
    outer loop
      vertex   -3.278266e+01 -3.880640e+01 1.682845e+02
      vertex   -2.736592e+01 -4.279891e+01 1.619345e+02
      vertex   -2.736592e+01 -4.279891e+01 1.682845e+02
    endloop
  endfacet
  facet normal -4.817165e-01 -8.763271e-01 4.631669e-08
    outer loop
      vertex   -2.736592e+01 -4.279891e+01 1.682845e+02
      vertex   -2.736592e+01 -4.279891e+01 1.619345e+02
      vertex   -2.146901e+01 -4.604044e+01 1.619345e+02
    endloop
  endfacet
  facet normal -4.817165e-01 -8.763271e-01 4.631669e-08
    outer loop
      vertex   -2.736592e+01 -4.279891e+01 1.682845e+02
      vertex   -2.146901e+01 -4.604044e+01 1.619345e+02
      vertex   -2.146901e+01 -4.604044e+01 1.682845e+02
    endloop
  endfacet
  facet normal -3.616641e-01 -9.323084e-01 4.717499e-08
    outer loop
      vertex   -2.146901e+01 -4.604044e+01 1.682845e+02
      vertex   -2.146901e+01 -4.604044e+01 1.619345e+02
      vertex   -1.519538e+01 -4.847412e+01 1.619345e+02
    endloop
  endfacet
  facet normal -3.616641e-01 -9.323084e-01 4.717499e-08
    outer loop
      vertex   -2.146901e+01 -4.604044e+01 1.682845e+02
      vertex   -1.519538e+01 -4.847412e+01 1.619345e+02
      vertex   -1.519538e+01 -4.847412e+01 1.682845e+02
    endloop
  endfacet
  facet normal -2.352659e-01 -9.719311e-01 4.720553e-08
    outer loop
      vertex   -1.519538e+01 -4.847412e+01 1.682845e+02
      vertex   -1.519538e+01 -4.847412e+01 1.619345e+02
      vertex   -8.655138e+00 -5.005725e+01 1.619345e+02
    endloop
  endfacet
  facet normal -2.352659e-01 -9.719311e-01 4.720553e-08
    outer loop
      vertex   -1.519538e+01 -4.847412e+01 1.682845e+02
      vertex   -8.655138e+00 -5.005725e+01 1.619345e+02
      vertex   -8.655138e+00 -5.005725e+01 1.682845e+02
    endloop
  endfacet
  facet normal -1.047395e-01 -9.944997e-01 4.640777e-08
    outer loop
      vertex   -8.655138e+00 -5.005725e+01 1.682845e+02
      vertex   -8.655138e+00 -5.005725e+01 1.619345e+02
      vertex   -1.963023e+00 -5.076206e+01 1.619345e+02
    endloop
  endfacet
  facet normal -1.047395e-01 -9.944997e-01 4.640778e-08
    outer loop
      vertex   -8.655138e+00 -5.005725e+01 1.682845e+02
      vertex   -1.963023e+00 -5.076206e+01 1.619345e+02
      vertex   -1.963023e+00 -5.076206e+01 1.682845e+02
    endloop
  endfacet
  facet normal 2.762470e-02 -9.996184e-01 4.479573e-08
    outer loop
      vertex   -1.963023e+00 -5.076206e+01 1.682845e+02
      vertex   -1.963023e+00 -5.076206e+01 1.619345e+02
      vertex   4.763535e+00 -5.057617e+01 1.619345e+02
    endloop
  endfacet
  facet normal 2.762470e-02 -9.996184e-01 4.479573e-08
    outer loop
      vertex   -1.963023e+00 -5.076206e+01 1.682845e+02
      vertex   4.763535e+00 -5.057617e+01 1.619345e+02
      vertex   4.763535e+00 -5.057617e+01 1.682845e+02
    endloop
  endfacet
  facet normal 1.595042e-01 -9.871973e-01 4.239768e-08
    outer loop
      vertex   4.763535e+00 -5.057617e+01 1.682845e+02
      vertex   4.763535e+00 -5.057617e+01 1.619345e+02
      vertex   1.140651e+01 -4.950285e+01 1.682845e+02
    endloop
  endfacet
  facet normal 1.595042e-01 -9.871973e-01 4.239768e-08
    outer loop
      vertex   1.140651e+01 -4.950285e+01 1.682845e+02
      vertex   4.763535e+00 -5.057617e+01 1.619345e+02
      vertex   1.140651e+01 -4.950285e+01 1.619345e+02
    endloop
  endfacet
  facet normal 7.660444e-01 -6.427876e-01 1.838405e-08
    outer loop
      vertex   2.063841e+01 -3.916172e+01 1.619345e+02
      vertex   2.063841e+01 -3.916172e+01 1.682845e+02
      vertex   1.958198e+01 -4.042072e+01 1.619345e+02
    endloop
  endfacet
  facet normal 7.660444e-01 -6.427876e-01 1.838405e-08
    outer loop
      vertex   1.958198e+01 -4.042072e+01 1.619345e+02
      vertex   2.063841e+01 -3.916172e+01 1.682845e+02
      vertex   1.958198e+01 -4.042072e+01 1.682845e+02
    endloop
  endfacet
  facet normal 9.848077e-01 -1.736482e-01 -5.866625e-09
    outer loop
      vertex   1.958198e+01 -4.042072e+01 1.619345e+02
      vertex   1.958198e+01 -4.042072e+01 1.682845e+02
      vertex   1.929659e+01 -4.203925e+01 1.619345e+02
    endloop
  endfacet
  facet normal 9.848077e-01 -1.736482e-01 -5.866625e-09
    outer loop
      vertex   1.929659e+01 -4.203925e+01 1.619345e+02
      vertex   1.958198e+01 -4.042072e+01 1.682845e+02
      vertex   1.929659e+01 -4.203925e+01 1.682845e+02
    endloop
  endfacet
  facet normal 9.396926e-01 3.420201e-01 -2.854534e-08
    outer loop
      vertex   1.929659e+01 -4.203925e+01 1.619345e+02
      vertex   1.929659e+01 -4.203925e+01 1.682845e+02
      vertex   1.985870e+01 -4.358364e+01 1.619345e+02
    endloop
  endfacet
  facet normal 9.396926e-01 3.420201e-01 -2.854534e-08
    outer loop
      vertex   1.985870e+01 -4.358364e+01 1.619345e+02
      vertex   1.929659e+01 -4.203925e+01 1.682845e+02
      vertex   1.985870e+01 -4.358364e+01 1.682845e+02
    endloop
  endfacet
  facet normal 8.191521e-01 5.735764e-01 -3.733242e-08
    outer loop
      vertex   1.985870e+01 -4.358364e+01 1.682845e+02
      vertex   2.926988e+01 -5.702420e+01 1.682845e+02
      vertex   1.985870e+01 -4.358364e+01 1.619345e+02
    endloop
  endfacet
  facet normal 8.191521e-01 5.735764e-01 -3.733242e-08
    outer loop
      vertex   1.985870e+01 -4.358364e+01 1.619345e+02
      vertex   2.926988e+01 -5.702420e+01 1.682845e+02
      vertex   2.926988e+01 -5.702420e+01 1.619345e+02
    endloop
  endfacet
  facet normal -6.427876e-01 -7.660444e-01 4.357536e-08
    outer loop
      vertex   3.416315e+01 -3.356756e+01 1.619345e+02
      vertex   3.416315e+01 -3.356756e+01 1.682845e+02
      vertex   3.290415e+01 -3.251114e+01 1.619345e+02
    endloop
  endfacet
  facet normal -6.427876e-01 -7.660444e-01 4.357536e-08
    outer loop
      vertex   3.290415e+01 -3.251114e+01 1.619345e+02
      vertex   3.416315e+01 -3.356756e+01 1.682845e+02
      vertex   3.290415e+01 -3.251114e+01 1.682845e+02
    endloop
  endfacet
  facet normal -1.736482e-01 -9.848077e-01 4.692939e-08
    outer loop
      vertex   3.290415e+01 -3.251114e+01 1.619345e+02
      vertex   3.290415e+01 -3.251114e+01 1.682845e+02
      vertex   3.128562e+01 -3.222575e+01 1.619345e+02
    endloop
  endfacet
  facet normal -1.736482e-01 -9.848077e-01 4.692939e-08
    outer loop
      vertex   3.128562e+01 -3.222575e+01 1.619345e+02
      vertex   3.290415e+01 -3.251114e+01 1.682845e+02
      vertex   3.128562e+01 -3.222574e+01 1.682845e+02
    endloop
  endfacet
  facet normal 3.420201e-01 -9.396926e-01 3.770873e-08
    outer loop
      vertex   3.128562e+01 -3.222575e+01 1.619345e+02
      vertex   3.128562e+01 -3.222574e+01 1.682845e+02
      vertex   2.974123e+01 -3.278786e+01 1.619345e+02
    endloop
  endfacet
  facet normal 3.420201e-01 -9.396926e-01 3.770873e-08
    outer loop
      vertex   2.974123e+01 -3.278786e+01 1.619345e+02
      vertex   3.128562e+01 -3.222574e+01 1.682845e+02
      vertex   2.974123e+01 -3.278786e+01 1.682845e+02
    endloop
  endfacet
  facet normal 5.735764e-01 -8.191521e-01 2.903576e-08
    outer loop
      vertex   2.063841e+01 -3.916172e+01 1.619345e+02
      vertex   2.974123e+01 -3.278786e+01 1.619345e+02
      vertex   2.063841e+01 -3.916172e+01 1.682845e+02
    endloop
  endfacet
  facet normal 5.735764e-01 -8.191521e-01 2.903576e-08
    outer loop
      vertex   2.063841e+01 -3.916172e+01 1.682845e+02
      vertex   2.974123e+01 -3.278786e+01 1.619345e+02
      vertex   2.974123e+01 -3.278786e+01 1.682845e+02
    endloop
  endfacet
  facet normal -7.660444e-01 6.427876e-01 -1.838405e-08
    outer loop
      vertex   4.279462e+01 -5.143003e+01 1.619345e+02
      vertex   4.279462e+01 -5.143003e+01 1.682845e+02
      vertex   4.385105e+01 -5.017104e+01 1.619345e+02
    endloop
  endfacet
  facet normal -7.660444e-01 6.427876e-01 -1.838405e-08
    outer loop
      vertex   4.385105e+01 -5.017104e+01 1.619345e+02
      vertex   4.279462e+01 -5.143003e+01 1.682845e+02
      vertex   4.385105e+01 -5.017104e+01 1.682845e+02
    endloop
  endfacet
  facet normal -9.848077e-01 1.736482e-01 5.866626e-09
    outer loop
      vertex   4.385105e+01 -5.017104e+01 1.619345e+02
      vertex   4.385105e+01 -5.017104e+01 1.682845e+02
      vertex   4.413644e+01 -4.855250e+01 1.619345e+02
    endloop
  endfacet
  facet normal -9.848077e-01 1.736482e-01 5.866628e-09
    outer loop
      vertex   4.413644e+01 -4.855250e+01 1.619345e+02
      vertex   4.385105e+01 -5.017104e+01 1.682845e+02
      vertex   4.413644e+01 -4.855250e+01 1.682845e+02
    endloop
  endfacet
  facet normal -9.396926e-01 -3.420201e-01 2.854534e-08
    outer loop
      vertex   4.413644e+01 -4.855250e+01 1.619345e+02
      vertex   4.413644e+01 -4.855250e+01 1.682845e+02
      vertex   4.357433e+01 -4.700812e+01 1.619345e+02
    endloop
  endfacet
  facet normal -9.396926e-01 -3.420201e-01 2.854534e-08
    outer loop
      vertex   4.357433e+01 -4.700812e+01 1.619345e+02
      vertex   4.413644e+01 -4.855250e+01 1.682845e+02
      vertex   4.357433e+01 -4.700812e+01 1.682845e+02
    endloop
  endfacet
  facet normal -8.191521e-01 -5.735764e-01 3.733242e-08
    outer loop
      vertex   3.416315e+01 -3.356756e+01 1.619345e+02
      vertex   4.357433e+01 -4.700812e+01 1.619345e+02
      vertex   3.416315e+01 -3.356756e+01 1.682845e+02
    endloop
  endfacet
  facet normal -8.191521e-01 -5.735764e-01 3.733242e-08
    outer loop
      vertex   3.416315e+01 -3.356756e+01 1.682845e+02
      vertex   4.357433e+01 -4.700812e+01 1.619345e+02
      vertex   4.357433e+01 -4.700812e+01 1.682845e+02
    endloop
  endfacet
  facet normal 6.427876e-01 7.660444e-01 -4.357536e-08
    outer loop
      vertex   2.926988e+01 -5.702420e+01 1.619345e+02
      vertex   2.926988e+01 -5.702420e+01 1.682845e+02
      vertex   3.052888e+01 -5.808062e+01 1.619345e+02
    endloop
  endfacet
  facet normal 6.427876e-01 7.660444e-01 -4.357536e-08
    outer loop
      vertex   3.052888e+01 -5.808062e+01 1.619345e+02
      vertex   2.926988e+01 -5.702420e+01 1.682845e+02
      vertex   3.052888e+01 -5.808062e+01 1.682845e+02
    endloop
  endfacet
  facet normal 1.736482e-01 9.848077e-01 -4.692939e-08
    outer loop
      vertex   3.052888e+01 -5.808062e+01 1.619345e+02
      vertex   3.052888e+01 -5.808062e+01 1.682845e+02
      vertex   3.214741e+01 -5.836601e+01 1.619345e+02
    endloop
  endfacet
  facet normal 1.736482e-01 9.848077e-01 -4.692939e-08
    outer loop
      vertex   3.214741e+01 -5.836601e+01 1.619345e+02
      vertex   3.052888e+01 -5.808062e+01 1.682845e+02
      vertex   3.214741e+01 -5.836601e+01 1.682845e+02
    endloop
  endfacet
  facet normal -3.420201e-01 9.396926e-01 -3.770873e-08
    outer loop
      vertex   3.214741e+01 -5.836601e+01 1.619345e+02
      vertex   3.214741e+01 -5.836601e+01 1.682845e+02
      vertex   3.369180e+01 -5.780390e+01 1.619345e+02
    endloop
  endfacet
  facet normal -3.420201e-01 9.396926e-01 -3.770873e-08
    outer loop
      vertex   3.369180e+01 -5.780390e+01 1.619345e+02
      vertex   3.214741e+01 -5.836601e+01 1.682845e+02
      vertex   3.369180e+01 -5.780390e+01 1.682845e+02
    endloop
  endfacet
  facet normal -5.735764e-01 8.191521e-01 -2.903576e-08
    outer loop
      vertex   4.279462e+01 -5.143003e+01 1.619345e+02
      vertex   3.369180e+01 -5.780390e+01 1.619345e+02
      vertex   4.279462e+01 -5.143003e+01 1.682845e+02
    endloop
  endfacet
  facet normal -5.735764e-01 8.191521e-01 -2.903576e-08
    outer loop
      vertex   4.279462e+01 -5.143003e+01 1.682845e+02
      vertex   3.369180e+01 -5.780390e+01 1.619345e+02
      vertex   3.369180e+01 -5.780390e+01 1.682845e+02
    endloop
  endfacet
  facet normal 9.294780e-01 -3.688775e-01 3.727851e-09
    outer loop
      vertex   4.261620e+01 -2.764958e+01 1.619345e+02
      vertex   4.261620e+01 -2.764958e+01 1.682845e+02
      vertex   4.169590e+01 -2.996852e+01 1.619345e+02
    endloop
  endfacet
  facet normal 9.294780e-01 -3.688775e-01 3.727851e-09
    outer loop
      vertex   4.169590e+01 -2.996852e+01 1.619345e+02
      vertex   4.261620e+01 -2.764958e+01 1.682845e+02
      vertex   4.169590e+01 -2.996852e+01 1.682845e+02
    endloop
  endfacet
  facet normal 9.998440e-01 1.766453e-02 -1.472293e-08
    outer loop
      vertex   4.169590e+01 -2.996852e+01 1.619345e+02
      vertex   4.169590e+01 -2.996852e+01 1.682845e+02
      vertex   4.173997e+01 -3.246301e+01 1.619345e+02
    endloop
  endfacet
  facet normal 9.998440e-01 1.766453e-02 -1.472293e-08
    outer loop
      vertex   4.173997e+01 -3.246301e+01 1.619345e+02
      vertex   4.169590e+01 -2.996852e+01 1.682845e+02
      vertex   4.173997e+01 -3.246301e+01 1.682845e+02
    endloop
  endfacet
  facet normal 9.158679e-01 4.014798e-01 -3.090098e-08
    outer loop
      vertex   4.173997e+01 -3.246301e+01 1.619345e+02
      vertex   4.173997e+01 -3.246301e+01 1.682845e+02
      vertex   4.274161e+01 -3.474799e+01 1.619345e+02
    endloop
  endfacet
  facet normal 9.158679e-01 4.014798e-01 -3.090098e-08
    outer loop
      vertex   4.274161e+01 -3.474799e+01 1.619345e+02
      vertex   4.173997e+01 -3.246301e+01 1.682845e+02
      vertex   4.274161e+01 -3.474799e+01 1.682845e+02
    endloop
  endfacet
  facet normal 8.191521e-01 5.735764e-01 -3.733240e-08
    outer loop
      vertex   5.713637e+01 -5.530584e+01 1.643595e+02
      vertex   4.274161e+01 -3.474799e+01 1.619345e+02
      vertex   5.702110e+01 -5.514122e+01 1.651095e+02
    endloop
  endfacet
  facet normal 8.191521e-01 5.735764e-01 -3.733242e-08
    outer loop
      vertex   5.702110e+01 -5.514122e+01 1.651095e+02
      vertex   4.274161e+01 -3.474799e+01 1.619345e+02
      vertex   4.274161e+01 -3.474799e+01 1.682845e+02
    endloop
  endfacet
  facet normal 8.191521e-01 5.735764e-01 -3.733242e-08
    outer loop
      vertex   5.702110e+01 -5.514122e+01 1.651095e+02
      vertex   4.274161e+01 -3.474799e+01 1.682845e+02
      vertex   5.713637e+01 -5.530584e+01 1.658595e+02
    endloop
  endfacet
  facet normal 8.191521e-01 5.735764e-01 -3.733242e-08
    outer loop
      vertex   5.713637e+01 -5.530584e+01 1.658595e+02
      vertex   4.274161e+01 -3.474799e+01 1.682845e+02
      vertex   5.745129e+01 -5.575558e+01 1.664085e+02
    endloop
  endfacet
  facet normal 8.191521e-01 5.735764e-01 -3.733242e-08
    outer loop
      vertex   5.745129e+01 -5.575558e+01 1.664085e+02
      vertex   4.274161e+01 -3.474799e+01 1.682845e+02
      vertex   5.788147e+01 -5.636995e+01 1.666095e+02
    endloop
  endfacet
  facet normal 8.191521e-01 5.735764e-01 -3.733242e-08
    outer loop
      vertex   5.788147e+01 -5.636995e+01 1.666095e+02
      vertex   4.274161e+01 -3.474799e+01 1.682845e+02
      vertex   6.095010e+01 -6.075241e+01 1.682845e+02
    endloop
  endfacet
  facet normal 8.191521e-01 5.735764e-01 -3.733242e-08
    outer loop
      vertex   5.788147e+01 -5.636995e+01 1.666095e+02
      vertex   6.095010e+01 -6.075241e+01 1.682845e+02
      vertex   5.831165e+01 -5.698431e+01 1.664085e+02
    endloop
  endfacet
  facet normal 8.191521e-01 5.735764e-01 -3.733243e-08
    outer loop
      vertex   5.831165e+01 -5.698431e+01 1.664085e+02
      vertex   6.095010e+01 -6.075241e+01 1.682845e+02
      vertex   5.862657e+01 -5.743406e+01 1.658595e+02
    endloop
  endfacet
  facet normal 8.191521e-01 5.735764e-01 -3.733242e-08
    outer loop
      vertex   5.862657e+01 -5.743406e+01 1.658595e+02
      vertex   6.095010e+01 -6.075241e+01 1.682845e+02
      vertex   5.874183e+01 -5.759867e+01 1.651095e+02
    endloop
  endfacet
  facet normal 8.191521e-01 5.735764e-01 -3.733242e-08
    outer loop
      vertex   5.874183e+01 -5.759867e+01 1.651095e+02
      vertex   6.095010e+01 -6.075241e+01 1.682845e+02
      vertex   6.095010e+01 -6.075241e+01 1.619345e+02
    endloop
  endfacet
  facet normal 8.191521e-01 5.735764e-01 -3.733242e-08
    outer loop
      vertex   5.874183e+01 -5.759867e+01 1.651095e+02
      vertex   6.095010e+01 -6.075241e+01 1.619345e+02
      vertex   5.862657e+01 -5.743406e+01 1.643595e+02
    endloop
  endfacet
  facet normal 8.191521e-01 5.735764e-01 -3.733242e-08
    outer loop
      vertex   5.862657e+01 -5.743406e+01 1.643595e+02
      vertex   6.095010e+01 -6.075241e+01 1.619345e+02
      vertex   5.831165e+01 -5.698431e+01 1.638104e+02
    endloop
  endfacet
  facet normal 8.191521e-01 5.735764e-01 -3.733242e-08
    outer loop
      vertex   5.831165e+01 -5.698431e+01 1.638104e+02
      vertex   6.095010e+01 -6.075241e+01 1.619345e+02
      vertex   5.788147e+01 -5.636995e+01 1.636095e+02
    endloop
  endfacet
  facet normal 8.191521e-01 5.735764e-01 -3.733242e-08
    outer loop
      vertex   5.788147e+01 -5.636995e+01 1.636095e+02
      vertex   6.095010e+01 -6.075241e+01 1.619345e+02
      vertex   4.274161e+01 -3.474799e+01 1.619345e+02
    endloop
  endfacet
  facet normal 8.191521e-01 5.735764e-01 -3.733242e-08
    outer loop
      vertex   5.788147e+01 -5.636995e+01 1.636095e+02
      vertex   4.274161e+01 -3.474799e+01 1.619345e+02
      vertex   5.745129e+01 -5.575558e+01 1.638104e+02
    endloop
  endfacet
  facet normal 8.191521e-01 5.735764e-01 -3.733244e-08
    outer loop
      vertex   5.745129e+01 -5.575558e+01 1.638104e+02
      vertex   4.274161e+01 -3.474799e+01 1.619345e+02
      vertex   5.713637e+01 -5.530584e+01 1.643595e+02
    endloop
  endfacet
  facet normal 2.873123e-02 -9.995872e-01 4.477891e-08
    outer loop
      vertex   1.140651e+01 -4.950285e+01 1.682845e+02
      vertex   1.140651e+01 -4.950285e+01 1.619345e+02
      vertex   1.390036e+01 -4.943116e+01 1.682845e+02
    endloop
  endfacet
  facet normal 2.873123e-02 -9.995872e-01 4.477891e-08
    outer loop
      vertex   1.390036e+01 -4.943116e+01 1.682845e+02
      vertex   1.140651e+01 -4.950285e+01 1.619345e+02
      vertex   1.390036e+01 -4.943116e+01 1.619345e+02
    endloop
  endfacet
  facet normal -3.585660e-01 -9.335044e-01 4.718589e-08
    outer loop
      vertex   1.390036e+01 -4.943116e+01 1.682845e+02
      vertex   1.390036e+01 -4.943116e+01 1.619345e+02
      vertex   1.622934e+01 -5.032574e+01 1.682845e+02
    endloop
  endfacet
  facet normal -3.585660e-01 -9.335044e-01 4.718589e-08
    outer loop
      vertex   1.622934e+01 -5.032574e+01 1.682845e+02
      vertex   1.390036e+01 -4.943116e+01 1.619345e+02
      vertex   1.622934e+01 -5.032574e+01 1.619345e+02
    endloop
  endfacet
  facet normal -6.905129e-01 -7.233201e-01 4.230897e-08
    outer loop
      vertex   1.622934e+01 -5.032574e+01 1.682845e+02
      vertex   1.622934e+01 -5.032574e+01 1.619345e+02
      vertex   1.803394e+01 -5.204849e+01 1.682845e+02
    endloop
  endfacet
  facet normal -6.905129e-01 -7.233201e-01 4.230897e-08
    outer loop
      vertex   1.803394e+01 -5.204849e+01 1.682845e+02
      vertex   1.622934e+01 -5.032574e+01 1.619345e+02
      vertex   1.803394e+01 -5.204849e+01 1.619345e+02
    endloop
  endfacet
  facet normal -8.191521e-01 -5.735764e-01 3.733243e-08
    outer loop
      vertex   3.391889e+01 -7.473455e+01 1.643595e+02
      vertex   3.624243e+01 -7.805291e+01 1.619345e+02
      vertex   3.403416e+01 -7.489917e+01 1.651095e+02
    endloop
  endfacet
  facet normal -8.191521e-01 -5.735764e-01 3.733242e-08
    outer loop
      vertex   3.403416e+01 -7.489917e+01 1.651095e+02
      vertex   3.624243e+01 -7.805291e+01 1.619345e+02
      vertex   3.624243e+01 -7.805291e+01 1.682845e+02
    endloop
  endfacet
  facet normal -8.191521e-01 -5.735764e-01 3.733240e-08
    outer loop
      vertex   3.403416e+01 -7.489917e+01 1.651095e+02
      vertex   3.624243e+01 -7.805291e+01 1.682845e+02
      vertex   3.391889e+01 -7.473455e+01 1.658595e+02
    endloop
  endfacet
  facet normal -8.191521e-01 -5.735764e-01 3.733243e-08
    outer loop
      vertex   3.391889e+01 -7.473455e+01 1.658595e+02
      vertex   3.624243e+01 -7.805291e+01 1.682845e+02
      vertex   3.360398e+01 -7.428481e+01 1.664085e+02
    endloop
  endfacet
  facet normal -8.191521e-01 -5.735764e-01 3.733244e-08
    outer loop
      vertex   3.360398e+01 -7.428481e+01 1.664085e+02
      vertex   3.624243e+01 -7.805291e+01 1.682845e+02
      vertex   3.317379e+01 -7.367045e+01 1.666095e+02
    endloop
  endfacet
  facet normal -8.191521e-01 -5.735764e-01 3.733242e-08
    outer loop
      vertex   3.317379e+01 -7.367045e+01 1.666095e+02
      vertex   3.624243e+01 -7.805291e+01 1.682845e+02
      vertex   1.803394e+01 -5.204849e+01 1.682845e+02
    endloop
  endfacet
  facet normal -8.191521e-01 -5.735764e-01 3.733246e-08
    outer loop
      vertex   3.317379e+01 -7.367045e+01 1.666095e+02
      vertex   1.803394e+01 -5.204849e+01 1.682845e+02
      vertex   3.274361e+01 -7.305608e+01 1.664085e+02
    endloop
  endfacet
  facet normal -8.191521e-01 -5.735764e-01 3.733241e-08
    outer loop
      vertex   3.274361e+01 -7.305608e+01 1.664085e+02
      vertex   1.803394e+01 -5.204849e+01 1.682845e+02
      vertex   3.242870e+01 -7.260634e+01 1.658595e+02
    endloop
  endfacet
  facet normal -8.191521e-01 -5.735764e-01 3.733242e-08
    outer loop
      vertex   3.242870e+01 -7.260634e+01 1.658595e+02
      vertex   1.803394e+01 -5.204849e+01 1.682845e+02
      vertex   3.231343e+01 -7.244172e+01 1.651095e+02
    endloop
  endfacet
  facet normal -8.191521e-01 -5.735764e-01 3.733242e-08
    outer loop
      vertex   3.231343e+01 -7.244172e+01 1.651095e+02
      vertex   1.803394e+01 -5.204849e+01 1.682845e+02
      vertex   1.803394e+01 -5.204849e+01 1.619345e+02
    endloop
  endfacet
  facet normal -8.191521e-01 -5.735764e-01 3.733242e-08
    outer loop
      vertex   3.231343e+01 -7.244172e+01 1.651095e+02
      vertex   1.803394e+01 -5.204849e+01 1.619345e+02
      vertex   3.242870e+01 -7.260634e+01 1.643595e+02
    endloop
  endfacet
  facet normal -8.191521e-01 -5.735764e-01 3.733242e-08
    outer loop
      vertex   3.242870e+01 -7.260634e+01 1.643595e+02
      vertex   1.803394e+01 -5.204849e+01 1.619345e+02
      vertex   3.274361e+01 -7.305608e+01 1.638104e+02
    endloop
  endfacet
  facet normal -8.191521e-01 -5.735764e-01 3.733243e-08
    outer loop
      vertex   3.274361e+01 -7.305608e+01 1.638104e+02
      vertex   1.803394e+01 -5.204849e+01 1.619345e+02
      vertex   3.317379e+01 -7.367045e+01 1.636095e+02
    endloop
  endfacet
  facet normal -8.191521e-01 -5.735764e-01 3.733243e-08
    outer loop
      vertex   3.317379e+01 -7.367045e+01 1.636095e+02
      vertex   1.803394e+01 -5.204849e+01 1.619345e+02
      vertex   3.624243e+01 -7.805291e+01 1.619345e+02
    endloop
  endfacet
  facet normal -8.191521e-01 -5.735764e-01 3.733243e-08
    outer loop
      vertex   3.317379e+01 -7.367045e+01 1.636095e+02
      vertex   3.624243e+01 -7.805291e+01 1.619345e+02
      vertex   3.360398e+01 -7.428481e+01 1.638104e+02
    endloop
  endfacet
  facet normal -8.191521e-01 -5.735764e-01 3.733242e-08
    outer loop
      vertex   3.360398e+01 -7.428481e+01 1.638104e+02
      vertex   3.624243e+01 -7.805291e+01 1.619345e+02
      vertex   3.391889e+01 -7.473455e+01 1.643595e+02
    endloop
  endfacet
  facet normal 9.396926e-01 3.420201e-01 -2.854534e-08
    outer loop
      vertex   6.095010e+01 -6.075241e+01 1.619345e+02
      vertex   6.095010e+01 -6.075241e+01 1.682845e+02
      vertex   6.112714e+01 -6.123883e+01 1.619345e+02
    endloop
  endfacet
  facet normal 9.396926e-01 3.420201e-01 -2.854534e-08
    outer loop
      vertex   6.112714e+01 -6.123883e+01 1.619345e+02
      vertex   6.095010e+01 -6.075241e+01 1.682845e+02
      vertex   6.112714e+01 -6.123883e+01 1.682845e+02
    endloop
  endfacet
  facet normal 9.848077e-01 -1.736482e-01 -5.866627e-09
    outer loop
      vertex   6.112714e+01 -6.123883e+01 1.619345e+02
      vertex   6.112714e+01 -6.123883e+01 1.682845e+02
      vertex   6.103726e+01 -6.174860e+01 1.619345e+02
    endloop
  endfacet
  facet normal 9.848077e-01 -1.736482e-01 -5.866627e-09
    outer loop
      vertex   6.103726e+01 -6.174860e+01 1.619345e+02
      vertex   6.112714e+01 -6.123883e+01 1.682845e+02
      vertex   6.103726e+01 -6.174860e+01 1.682845e+02
    endloop
  endfacet
  facet normal 7.660444e-01 -6.427876e-01 1.838405e-08
    outer loop
      vertex   6.103726e+01 -6.174860e+01 1.619345e+02
      vertex   6.103726e+01 -6.174860e+01 1.682845e+02
      vertex   6.070453e+01 -6.214514e+01 1.619345e+02
    endloop
  endfacet
  facet normal 7.660444e-01 -6.427876e-01 1.838405e-08
    outer loop
      vertex   6.070453e+01 -6.214514e+01 1.619345e+02
      vertex   6.103726e+01 -6.174860e+01 1.682845e+02
      vertex   6.070453e+01 -6.214514e+01 1.682845e+02
    endloop
  endfacet
  facet normal 5.735764e-01 -8.191521e-01 2.903576e-08
    outer loop
      vertex   6.070453e+01 -6.214514e+01 1.682845e+02
      vertex   5.613263e+01 -6.534641e+01 1.682845e+02
      vertex   6.070453e+01 -6.214514e+01 1.619345e+02
    endloop
  endfacet
  facet normal 5.735764e-01 -8.191521e-01 2.903576e-08
    outer loop
      vertex   6.070453e+01 -6.214514e+01 1.619345e+02
      vertex   5.613263e+01 -6.534641e+01 1.682845e+02
      vertex   5.613263e+01 -6.534641e+01 1.619345e+02
    endloop
  endfacet
  facet normal -6.427876e-01 -7.660444e-01 4.357536e-08
    outer loop
      vertex   5.473991e+01 -6.510084e+01 1.724595e+02
      vertex   5.473991e+01 -6.510084e+01 1.619345e+02
      vertex   5.513644e+01 -6.543357e+01 1.724595e+02
    endloop
  endfacet
  facet normal -6.427876e-01 -7.660444e-01 4.357536e-08
    outer loop
      vertex   5.513644e+01 -6.543357e+01 1.724595e+02
      vertex   5.473991e+01 -6.510084e+01 1.619345e+02
      vertex   5.513644e+01 -6.543357e+01 1.619345e+02
    endloop
  endfacet
  facet normal -1.736482e-01 -9.848077e-01 4.692939e-08
    outer loop
      vertex   5.513644e+01 -6.543357e+01 1.724595e+02
      vertex   5.513644e+01 -6.543357e+01 1.619345e+02
      vertex   5.564621e+01 -6.552345e+01 1.724595e+02
    endloop
  endfacet
  facet normal -1.736482e-01 -9.848077e-01 4.692939e-08
    outer loop
      vertex   5.564621e+01 -6.552345e+01 1.724595e+02
      vertex   5.513644e+01 -6.543357e+01 1.619345e+02
      vertex   5.564621e+01 -6.552345e+01 1.619345e+02
    endloop
  endfacet
  facet normal 3.420201e-01 -9.396926e-01 3.770873e-08
    outer loop
      vertex   5.564621e+01 -6.552345e+01 1.724595e+02
      vertex   5.564621e+01 -6.552345e+01 1.619345e+02
      vertex   5.613263e+01 -6.534641e+01 1.682845e+02
    endloop
  endfacet
  facet normal 3.420201e-01 -9.396926e-01 3.770873e-08
    outer loop
      vertex   5.613263e+01 -6.534641e+01 1.682845e+02
      vertex   5.564621e+01 -6.552345e+01 1.619345e+02
      vertex   5.613263e+01 -6.534641e+01 1.619345e+02
    endloop
  endfacet
  facet normal 3.420201e-01 -9.396926e-01 3.770873e-08
    outer loop
      vertex   5.613263e+01 -6.534641e+01 1.682845e+02
      vertex   5.613263e+01 -6.534641e+01 1.724595e+02
      vertex   5.564621e+01 -6.552345e+01 1.724595e+02
    endloop
  endfacet
  facet normal 7.660444e-01 -6.427876e-01 1.838405e-08
    outer loop
      vertex   4.220705e+01 -7.509721e+01 1.619345e+02
      vertex   4.253978e+01 -7.470068e+01 1.619345e+02
      vertex   4.220705e+01 -7.509721e+01 1.682845e+02
    endloop
  endfacet
  facet normal 7.660444e-01 -6.427876e-01 1.838405e-08
    outer loop
      vertex   4.220705e+01 -7.509721e+01 1.682845e+02
      vertex   4.253978e+01 -7.470068e+01 1.619345e+02
      vertex   4.253978e+01 -7.470068e+01 1.724595e+02
    endloop
  endfacet
  facet normal 7.660444e-01 -6.427876e-01 1.838405e-08
    outer loop
      vertex   4.220705e+01 -7.509721e+01 1.682845e+02
      vertex   4.253978e+01 -7.470068e+01 1.724595e+02
      vertex   4.220705e+01 -7.509721e+01 1.724595e+02
    endloop
  endfacet
  facet normal 9.848077e-01 -1.736482e-01 -5.866626e-09
    outer loop
      vertex   4.253978e+01 -7.470068e+01 1.724595e+02
      vertex   4.253978e+01 -7.470068e+01 1.619345e+02
      vertex   4.262967e+01 -7.419090e+01 1.724595e+02
    endloop
  endfacet
  facet normal 9.848077e-01 -1.736482e-01 -5.866626e-09
    outer loop
      vertex   4.262967e+01 -7.419090e+01 1.724595e+02
      vertex   4.253978e+01 -7.470068e+01 1.619345e+02
      vertex   4.262967e+01 -7.419090e+01 1.619345e+02
    endloop
  endfacet
  facet normal 9.396926e-01 3.420201e-01 -2.854534e-08
    outer loop
      vertex   4.262967e+01 -7.419090e+01 1.724595e+02
      vertex   4.262967e+01 -7.419090e+01 1.619345e+02
      vertex   4.245262e+01 -7.370448e+01 1.724595e+02
    endloop
  endfacet
  facet normal 9.396926e-01 3.420201e-01 -2.854534e-08
    outer loop
      vertex   4.245262e+01 -7.370448e+01 1.724595e+02
      vertex   4.262967e+01 -7.419090e+01 1.619345e+02
      vertex   4.245262e+01 -7.370448e+01 1.619345e+02
    endloop
  endfacet
  facet normal 5.735764e-01 -8.191521e-01 2.903576e-08
    outer loop
      vertex   4.220705e+01 -7.509721e+01 1.682845e+02
      vertex   3.763516e+01 -7.829848e+01 1.682845e+02
      vertex   4.220705e+01 -7.509721e+01 1.619345e+02
    endloop
  endfacet
  facet normal 5.735764e-01 -8.191521e-01 2.903576e-08
    outer loop
      vertex   4.220705e+01 -7.509721e+01 1.619345e+02
      vertex   3.763516e+01 -7.829848e+01 1.682845e+02
      vertex   3.763516e+01 -7.829848e+01 1.619345e+02
    endloop
  endfacet
  facet normal 3.420201e-01 -9.396926e-01 3.770873e-08
    outer loop
      vertex   3.763516e+01 -7.829848e+01 1.619345e+02
      vertex   3.763516e+01 -7.829848e+01 1.682845e+02
      vertex   3.714874e+01 -7.847553e+01 1.619345e+02
    endloop
  endfacet
  facet normal 3.420201e-01 -9.396926e-01 3.770873e-08
    outer loop
      vertex   3.714874e+01 -7.847553e+01 1.619345e+02
      vertex   3.763516e+01 -7.829848e+01 1.682845e+02
      vertex   3.714874e+01 -7.847553e+01 1.682845e+02
    endloop
  endfacet
  facet normal -1.736482e-01 -9.848077e-01 4.692939e-08
    outer loop
      vertex   3.714874e+01 -7.847553e+01 1.619345e+02
      vertex   3.714874e+01 -7.847553e+01 1.682845e+02
      vertex   3.663896e+01 -7.838564e+01 1.619345e+02
    endloop
  endfacet
  facet normal -1.736482e-01 -9.848077e-01 4.692939e-08
    outer loop
      vertex   3.663896e+01 -7.838564e+01 1.619345e+02
      vertex   3.714874e+01 -7.847553e+01 1.682845e+02
      vertex   3.663896e+01 -7.838564e+01 1.682845e+02
    endloop
  endfacet
  facet normal -6.427876e-01 -7.660444e-01 4.357536e-08
    outer loop
      vertex   3.663896e+01 -7.838564e+01 1.619345e+02
      vertex   3.663896e+01 -7.838564e+01 1.682845e+02
      vertex   3.624243e+01 -7.805291e+01 1.619345e+02
    endloop
  endfacet
  facet normal -6.427876e-01 -7.660444e-01 4.357536e-08
    outer loop
      vertex   3.624243e+01 -7.805291e+01 1.619345e+02
      vertex   3.663896e+01 -7.838564e+01 1.682845e+02
      vertex   3.624243e+01 -7.805291e+01 1.682845e+02
    endloop
  endfacet
endsolid
