solid ASCII
  facet normal -9.575948e-02 1.658603e-01 9.814889e-01
    outer loop
      vertex   5.603356e+01 -6.759344e+01 1.485112e+02
      vertex   4.888869e+01 -7.109520e+01 1.484059e+02
      vertex   4.228541e+01 -7.553094e+01 1.485112e+02
    endloop
  endfacet
  facet normal -9.575948e-02 1.658603e-01 9.814889e-01
    outer loop
      vertex   4.228541e+01 -7.553094e+01 1.485112e+02
      vertex   4.888869e+01 -7.109520e+01 1.484059e+02
      vertex   4.783573e+01 -7.151146e+01 1.483735e+02
    endloop
  endfacet
  facet normal -9.575948e-02 1.658603e-01 9.814889e-01
    outer loop
      vertex   4.228541e+01 -7.553094e+01 1.485112e+02
      vertex   4.783573e+01 -7.151146e+01 1.483735e+02
      vertex   4.671070e+01 -7.160369e+01 1.482793e+02
    endloop
  endfacet
  facet normal -9.575948e-02 1.658603e-01 9.814889e-01
    outer loop
      vertex   5.176408e+01 -6.019849e+01 1.468450e+02
      vertex   5.044623e+01 -6.621230e+01 1.477327e+02
      vertex   5.603356e+01 -6.759344e+01 1.485112e+02
    endloop
  endfacet
  facet normal -9.575948e-02 1.658603e-01 9.814889e-01
    outer loop
      vertex   5.603356e+01 -6.759344e+01 1.485112e+02
      vertex   5.044623e+01 -6.621230e+01 1.477327e+02
      vertex   5.076960e+01 -6.727709e+01 1.479442e+02
    endloop
  endfacet
  facet normal -9.575948e-02 1.658603e-01 9.814889e-01
    outer loop
      vertex   5.603356e+01 -6.759344e+01 1.485112e+02
      vertex   5.076960e+01 -6.727709e+01 1.479442e+02
      vertex   5.076022e+01 -6.839409e+01 1.481320e+02
    endloop
  endfacet
  facet normal -9.575948e-02 1.658603e-01 9.814889e-01
    outer loop
      vertex   3.801593e+01 -6.813599e+01 1.468450e+02
      vertex   4.469106e+01 -6.495336e+01 1.469585e+02
      vertex   5.176408e+01 -6.019849e+01 1.468450e+02
    endloop
  endfacet
  facet normal -9.575948e-02 1.658603e-01 9.814889e-01
    outer loop
      vertex   5.176408e+01 -6.019849e+01 1.468450e+02
      vertex   4.469106e+01 -6.495336e+01 1.469585e+02
      vertex   4.567217e+01 -6.438726e+01 1.469585e+02
    endloop
  endfacet
  facet normal -9.575948e-02 1.658603e-01 9.814889e-01
    outer loop
      vertex   5.176408e+01 -6.019849e+01 1.468450e+02
      vertex   4.567217e+01 -6.438726e+01 1.469585e+02
      vertex   4.677347e+01 -6.413014e+01 1.470225e+02
    endloop
  endfacet
  facet normal -9.575948e-02 1.658603e-01 9.814889e-01
    outer loop
      vertex   4.228541e+01 -7.553094e+01 1.485112e+02
      vertex   4.388185e+01 -6.999995e+01 1.477323e+02
      vertex   3.801593e+01 -6.813599e+01 1.468450e+02
    endloop
  endfacet
  facet normal -9.575948e-02 1.658603e-01 9.814889e-01
    outer loop
      vertex   3.801593e+01 -6.813599e+01 1.468450e+02
      vertex   4.388185e+01 -6.999995e+01 1.477323e+02
      vertex   4.340110e+01 -6.899738e+01 1.475160e+02
    endloop
  endfacet
  facet normal -9.575948e-02 1.658603e-01 9.814889e-01
    outer loop
      vertex   3.801593e+01 -6.813599e+01 1.468450e+02
      vertex   4.340110e+01 -6.899738e+01 1.475160e+02
      vertex   4.324234e+01 -6.789417e+01 1.473141e+02
    endloop
  endfacet
  facet normal -9.575948e-02 1.658603e-01 9.814889e-01
    outer loop
      vertex   4.671070e+01 -7.160369e+01 1.482793e+02
      vertex   4.561358e+01 -7.136369e+01 1.481317e+02
      vertex   4.228541e+01 -7.553094e+01 1.485112e+02
    endloop
  endfacet
  facet normal -9.575948e-02 1.658603e-01 9.814889e-01
    outer loop
      vertex   4.228541e+01 -7.553094e+01 1.485112e+02
      vertex   4.561358e+01 -7.136369e+01 1.481317e+02
      vertex   4.464185e+01 -7.081280e+01 1.479438e+02
    endloop
  endfacet
  facet normal -9.575948e-02 1.658603e-01 9.814889e-01
    outer loop
      vertex   4.228541e+01 -7.553094e+01 1.485112e+02
      vertex   4.464185e+01 -7.081280e+01 1.479438e+02
      vertex   4.388185e+01 -6.999995e+01 1.477323e+02
    endloop
  endfacet
  facet normal -9.575948e-02 1.658603e-01 9.814889e-01
    outer loop
      vertex   4.324234e+01 -6.789417e+01 1.473141e+02
      vertex   4.341966e+01 -6.678834e+01 1.471445e+02
      vertex   3.801593e+01 -6.813599e+01 1.468450e+02
    endloop
  endfacet
  facet normal -9.575948e-02 1.658603e-01 9.814889e-01
    outer loop
      vertex   3.801593e+01 -6.813599e+01 1.468450e+02
      vertex   4.341966e+01 -6.678834e+01 1.471445e+02
      vertex   4.391730e+01 -6.577815e+01 1.470223e+02
    endloop
  endfacet
  facet normal -9.575948e-02 1.658603e-01 9.814889e-01
    outer loop
      vertex   3.801593e+01 -6.813599e+01 1.468450e+02
      vertex   4.391730e+01 -6.577815e+01 1.470223e+02
      vertex   4.469106e+01 -6.495336e+01 1.469585e+02
    endloop
  endfacet
  facet normal -9.575948e-02 1.658603e-01 9.814889e-01
    outer loop
      vertex   4.677347e+01 -6.413014e+01 1.470225e+02
      vertex   4.789709e+01 -6.420486e+01 1.471448e+02
      vertex   5.176408e+01 -6.019849e+01 1.468450e+02
    endloop
  endfacet
  facet normal -9.575948e-02 1.658603e-01 9.814889e-01
    outer loop
      vertex   5.176408e+01 -6.019849e+01 1.468450e+02
      vertex   4.789709e+01 -6.420486e+01 1.471448e+02
      vertex   4.894320e+01 -6.460477e+01 1.473144e+02
    endloop
  endfacet
  facet normal -9.575948e-02 1.658603e-01 9.814889e-01
    outer loop
      vertex   5.176408e+01 -6.019849e+01 1.468450e+02
      vertex   4.894320e+01 -6.460477e+01 1.473144e+02
      vertex   4.981885e+01 -6.529434e+01 1.475164e+02
    endloop
  endfacet
  facet normal -9.575948e-02 1.658603e-01 9.814889e-01
    outer loop
      vertex   4.981885e+01 -6.529434e+01 1.475164e+02
      vertex   5.044623e+01 -6.621230e+01 1.477327e+02
      vertex   5.176408e+01 -6.019849e+01 1.468450e+02
    endloop
  endfacet
  facet normal -9.575948e-02 1.658603e-01 9.814889e-01
    outer loop
      vertex   5.076022e+01 -6.839409e+01 1.481320e+02
      vertex   5.041892e+01 -6.946405e+01 1.482795e+02
      vertex   5.603356e+01 -6.759344e+01 1.485112e+02
    endloop
  endfacet
  facet normal -9.575948e-02 1.658603e-01 9.814889e-01
    outer loop
      vertex   5.603356e+01 -6.759344e+01 1.485112e+02
      vertex   5.041892e+01 -6.946405e+01 1.482795e+02
      vertex   4.977604e+01 -7.039190e+01 1.483736e+02
    endloop
  endfacet
  facet normal -9.575948e-02 1.658603e-01 9.814889e-01
    outer loop
      vertex   5.603356e+01 -6.759344e+01 1.485112e+02
      vertex   4.977604e+01 -7.039190e+01 1.483736e+02
      vertex   4.888869e+01 -7.109520e+01 1.484059e+02
    endloop
  endfacet
  facet normal 8.660254e-01 5.000000e-01 4.878490e-13
    outer loop
      vertex   4.666410e+01 -7.676506e+01 1.422570e+02
      vertex   4.992950e+01 -8.242089e+01 1.087882e+02
      vertex   4.043165e+01 -6.597013e+01 1.398247e+02
    endloop
  endfacet
  facet normal 8.660254e-01 5.000000e-01 4.875373e-13
    outer loop
      vertex   4.043165e+01 -6.597013e+01 1.398247e+02
      vertex   4.992950e+01 -8.242089e+01 1.087882e+02
      vertex   4.369704e+01 -7.162597e+01 1.063559e+02
    endloop
  endfacet
  facet normal 8.307032e-01 5.227504e-01 1.914790e-01
    outer loop
      vertex   4.369704e+01 -7.162597e+01 1.063559e+02
      vertex   4.992950e+01 -8.242089e+01 1.087882e+02
      vertex   4.390218e+01 -7.167679e+01 1.056047e+02
    endloop
  endfacet
  facet normal 8.307032e-01 5.227504e-01 1.914790e-01
    outer loop
      vertex   4.390218e+01 -7.167679e+01 1.056047e+02
      vertex   4.992950e+01 -8.242089e+01 1.087882e+02
      vertex   5.013463e+01 -8.247172e+01 1.080370e+02
    endloop
  endfacet
  facet normal 6.668727e-01 5.078818e-01 5.452860e-01
    outer loop
      vertex   4.390218e+01 -7.167679e+01 1.056047e+02
      vertex   5.013463e+01 -8.247172e+01 1.080370e+02
      vertex   4.433977e+01 -7.156763e+01 1.049679e+02
    endloop
  endfacet
  facet normal 6.668727e-01 5.078818e-01 5.452860e-01
    outer loop
      vertex   4.433977e+01 -7.156763e+01 1.049679e+02
      vertex   5.013463e+01 -8.247172e+01 1.080370e+02
      vertex   5.057223e+01 -8.236256e+01 1.074001e+02
    endloop
  endfacet
  facet normal 4.015168e-01 4.156929e-01 8.160782e-01
    outer loop
      vertex   4.433977e+01 -7.156763e+01 1.049679e+02
      vertex   5.057223e+01 -8.236256e+01 1.074001e+02
      vertex   4.494321e+01 -7.131512e+01 1.045423e+02
    endloop
  endfacet
  facet normal 4.015168e-01 4.156929e-01 8.160782e-01
    outer loop
      vertex   4.494321e+01 -7.131512e+01 1.045423e+02
      vertex   5.057223e+01 -8.236256e+01 1.074001e+02
      vertex   5.117566e+01 -8.211005e+01 1.069746e+02
    endloop
  endfacet
  facet normal 7.503368e-02 2.602185e-01 9.626299e-01
    outer loop
      vertex   4.494321e+01 -7.131512e+01 1.045423e+02
      vertex   5.117566e+01 -8.211005e+01 1.069746e+02
      vertex   4.562061e+01 -7.095769e+01 1.043929e+02
    endloop
  endfacet
  facet normal 7.503368e-02 2.602185e-01 9.626299e-01
    outer loop
      vertex   4.562061e+01 -7.095769e+01 1.043929e+02
      vertex   5.117566e+01 -8.211005e+01 1.069746e+02
      vertex   5.185307e+01 -8.175261e+01 1.068252e+02
    endloop
  endfacet
  facet normal -9.575948e-02 1.658603e-01 9.814889e-01
    outer loop
      vertex   5.185307e+01 -8.175261e+01 1.068252e+02
      vertex   5.663786e+01 -7.899011e+01 1.068252e+02
      vertex   4.562061e+01 -7.095769e+01 1.043929e+02
    endloop
  endfacet
  facet normal -9.575948e-02 1.658603e-01 9.814889e-01
    outer loop
      vertex   4.562061e+01 -7.095769e+01 1.043929e+02
      vertex   5.663786e+01 -7.899011e+01 1.068252e+02
      vertex   5.040540e+01 -6.819519e+01 1.043929e+02
    endloop
  endfacet
  facet normal -8.660254e-01 -5.000000e-01 -4.876357e-13
    outer loop
      vertex   5.817839e+01 -7.765839e+01 1.087882e+02
      vertex   5.491299e+01 -7.200256e+01 1.422570e+02
      vertex   5.194594e+01 -6.686347e+01 1.063559e+02
    endloop
  endfacet
  facet normal -8.660254e-01 -5.000000e-01 -4.876439e-13
    outer loop
      vertex   5.194594e+01 -6.686347e+01 1.063559e+02
      vertex   5.491299e+01 -7.200256e+01 1.422570e+02
      vertex   4.868054e+01 -6.120763e+01 1.398247e+02
    endloop
  endfacet
  facet normal -2.628727e-01 6.512817e-02 9.626299e-01
    outer loop
      vertex   5.040540e+01 -6.819519e+01 1.043929e+02
      vertex   5.663786e+01 -7.899011e+01 1.068252e+02
      vertex   5.105365e+01 -6.778725e+01 1.045423e+02
    endloop
  endfacet
  facet normal -2.628727e-01 6.512817e-02 9.626299e-01
    outer loop
      vertex   5.105365e+01 -6.778725e+01 1.045423e+02
      vertex   5.663786e+01 -7.899011e+01 1.068252e+02
      vertex   5.728611e+01 -7.858218e+01 1.069746e+02
    endloop
  endfacet
  facet normal -5.607590e-01 -1.398773e-01 8.160782e-01
    outer loop
      vertex   5.105365e+01 -6.778725e+01 1.045423e+02
      vertex   5.728611e+01 -7.858218e+01 1.069746e+02
      vertex   5.157405e+01 -6.739092e+01 1.049679e+02
    endloop
  endfacet
  facet normal -5.607590e-01 -1.398773e-01 8.160782e-01
    outer loop
      vertex   5.157405e+01 -6.739092e+01 1.049679e+02
      vertex   5.728611e+01 -7.858218e+01 1.069746e+02
      vertex   5.780651e+01 -7.818585e+01 1.074001e+02
    endloop
  endfacet
  facet normal -7.732749e-01 -3.235878e-01 5.452860e-01
    outer loop
      vertex   5.157405e+01 -6.739092e+01 1.049679e+02
      vertex   5.780651e+01 -7.818585e+01 1.074001e+02
      vertex   5.188738e+01 -6.706653e+01 1.056047e+02
    endloop
  endfacet
  facet normal -7.732749e-01 -3.235878e-01 5.452860e-01
    outer loop
      vertex   5.188738e+01 -6.706653e+01 1.056047e+02
      vertex   5.780651e+01 -7.818585e+01 1.074001e+02
      vertex   5.811984e+01 -7.786146e+01 1.080370e+02
    endloop
  endfacet
  facet normal -8.680667e-01 -4.580349e-01 1.914790e-01
    outer loop
      vertex   5.188738e+01 -6.706653e+01 1.056047e+02
      vertex   5.811984e+01 -7.786146e+01 1.080370e+02
      vertex   5.194594e+01 -6.686347e+01 1.063559e+02
    endloop
  endfacet
  facet normal -8.680667e-01 -4.580349e-01 1.914790e-01
    outer loop
      vertex   5.194594e+01 -6.686347e+01 1.063559e+02
      vertex   5.811984e+01 -7.786146e+01 1.080370e+02
      vertex   5.817839e+01 -7.765839e+01 1.087882e+02
    endloop
  endfacet
  facet normal -8.307032e-01 -5.227504e-01 -1.914790e-01
    outer loop
      vertex   4.868054e+01 -6.120763e+01 1.398247e+02
      vertex   5.491299e+01 -7.200256e+01 1.422570e+02
      vertex   4.847540e+01 -6.115681e+01 1.405759e+02
    endloop
  endfacet
  facet normal -8.307032e-01 -5.227504e-01 -1.914790e-01
    outer loop
      vertex   4.847540e+01 -6.115681e+01 1.405759e+02
      vertex   5.491299e+01 -7.200256e+01 1.422570e+02
      vertex   5.470786e+01 -7.195173e+01 1.430082e+02
    endloop
  endfacet
  facet normal -6.668727e-01 -5.078818e-01 -5.452860e-01
    outer loop
      vertex   4.847540e+01 -6.115681e+01 1.405759e+02
      vertex   5.470786e+01 -7.195173e+01 1.430082e+02
      vertex   4.803781e+01 -6.126596e+01 1.412127e+02
    endloop
  endfacet
  facet normal -6.668727e-01 -5.078818e-01 -5.452860e-01
    outer loop
      vertex   4.803781e+01 -6.126596e+01 1.412127e+02
      vertex   5.470786e+01 -7.195173e+01 1.430082e+02
      vertex   5.427026e+01 -7.206089e+01 1.436450e+02
    endloop
  endfacet
  facet normal -4.015168e-01 -4.156929e-01 -8.160782e-01
    outer loop
      vertex   4.803781e+01 -6.126596e+01 1.412127e+02
      vertex   5.427026e+01 -7.206089e+01 1.436450e+02
      vertex   4.743437e+01 -6.151848e+01 1.416382e+02
    endloop
  endfacet
  facet normal -4.015168e-01 -4.156929e-01 -8.160782e-01
    outer loop
      vertex   4.743437e+01 -6.151848e+01 1.416382e+02
      vertex   5.427026e+01 -7.206089e+01 1.436450e+02
      vertex   5.366683e+01 -7.231340e+01 1.440705e+02
    endloop
  endfacet
  facet normal -7.503368e-02 -2.602185e-01 -9.626299e-01
    outer loop
      vertex   4.743437e+01 -6.151848e+01 1.416382e+02
      vertex   5.366683e+01 -7.231340e+01 1.440705e+02
      vertex   4.675697e+01 -6.187591e+01 1.417876e+02
    endloop
  endfacet
  facet normal -7.503368e-02 -2.602185e-01 -9.626299e-01
    outer loop
      vertex   4.675697e+01 -6.187591e+01 1.417876e+02
      vertex   5.366683e+01 -7.231340e+01 1.440705e+02
      vertex   5.298942e+01 -7.267084e+01 1.442199e+02
    endloop
  endfacet
  facet normal 9.575948e-02 -1.658603e-01 -9.814889e-01
    outer loop
      vertex   5.298942e+01 -7.267084e+01 1.442199e+02
      vertex   4.820463e+01 -7.543334e+01 1.442199e+02
      vertex   4.675697e+01 -6.187591e+01 1.417876e+02
    endloop
  endfacet
  facet normal 9.575948e-02 -1.658603e-01 -9.814889e-01
    outer loop
      vertex   4.675697e+01 -6.187591e+01 1.417876e+02
      vertex   4.820463e+01 -7.543334e+01 1.442199e+02
      vertex   4.197218e+01 -6.463841e+01 1.417876e+02
    endloop
  endfacet
  facet normal 2.628727e-01 -6.512817e-02 -9.626299e-01
    outer loop
      vertex   4.197218e+01 -6.463841e+01 1.417876e+02
      vertex   4.820463e+01 -7.543334e+01 1.442199e+02
      vertex   4.132393e+01 -6.504634e+01 1.416382e+02
    endloop
  endfacet
  facet normal 2.628727e-01 -6.512817e-02 -9.626299e-01
    outer loop
      vertex   4.132393e+01 -6.504634e+01 1.416382e+02
      vertex   4.820463e+01 -7.543334e+01 1.442199e+02
      vertex   4.755638e+01 -7.584127e+01 1.440705e+02
    endloop
  endfacet
  facet normal 5.607590e-01 1.398773e-01 -8.160782e-01
    outer loop
      vertex   4.132393e+01 -6.504634e+01 1.416382e+02
      vertex   4.755638e+01 -7.584127e+01 1.440705e+02
      vertex   4.080353e+01 -6.544267e+01 1.412127e+02
    endloop
  endfacet
  facet normal 5.607590e-01 1.398773e-01 -8.160782e-01
    outer loop
      vertex   4.080353e+01 -6.544267e+01 1.412127e+02
      vertex   4.755638e+01 -7.584127e+01 1.440705e+02
      vertex   4.703598e+01 -7.623760e+01 1.436450e+02
    endloop
  endfacet
  facet normal 7.732749e-01 3.235878e-01 -5.452860e-01
    outer loop
      vertex   4.080353e+01 -6.544267e+01 1.412127e+02
      vertex   4.703598e+01 -7.623760e+01 1.436450e+02
      vertex   4.049020e+01 -6.576707e+01 1.405759e+02
    endloop
  endfacet
  facet normal 7.732749e-01 3.235878e-01 -5.452860e-01
    outer loop
      vertex   4.049020e+01 -6.576707e+01 1.405759e+02
      vertex   4.703598e+01 -7.623760e+01 1.436450e+02
      vertex   4.672265e+01 -7.656199e+01 1.430082e+02
    endloop
  endfacet
  facet normal 8.680667e-01 4.580349e-01 -1.914790e-01
    outer loop
      vertex   4.049020e+01 -6.576707e+01 1.405759e+02
      vertex   4.672265e+01 -7.656199e+01 1.430082e+02
      vertex   4.043165e+01 -6.597013e+01 1.398247e+02
    endloop
  endfacet
  facet normal 8.680667e-01 4.580349e-01 -1.914790e-01
    outer loop
      vertex   4.043165e+01 -6.597013e+01 1.398247e+02
      vertex   4.672265e+01 -7.656199e+01 1.430082e+02
      vertex   4.666410e+01 -7.676506e+01 1.422570e+02
    endloop
  endfacet
  facet normal 4.999967e-01 -8.660197e-01 -3.640008e-03
    outer loop
      vertex   5.378036e+01 -8.551578e+01 8.518517e+01
      vertex   4.948271e+01 -8.799703e+01 8.518517e+01
      vertex   5.377894e+01 -8.551332e+01 8.440482e+01
    endloop
  endfacet
  facet normal 4.999967e-01 -8.660197e-01 -3.640008e-03
    outer loop
      vertex   5.377894e+01 -8.551332e+01 8.440482e+01
      vertex   4.948271e+01 -8.799703e+01 8.518517e+01
      vertex   4.948129e+01 -8.799457e+01 8.440482e+01
    endloop
  endfacet
  facet normal 4.612402e-01 -7.988915e-01 -3.860438e-01
    outer loop
      vertex   5.377894e+01 -8.551332e+01 8.440482e+01
      vertex   4.948129e+01 -8.799457e+01 8.440482e+01
      vertex   5.362831e+01 -8.525243e+01 8.368495e+01
    endloop
  endfacet
  facet normal 4.612402e-01 -7.988915e-01 -3.860438e-01
    outer loop
      vertex   5.362831e+01 -8.525243e+01 8.368495e+01
      vertex   4.948129e+01 -8.799457e+01 8.440482e+01
      vertex   4.933066e+01 -8.773368e+01 8.368495e+01
    endloop
  endfacet
  facet normal 3.522641e-01 -6.101393e-01 -7.096760e-01
    outer loop
      vertex   5.362831e+01 -8.525243e+01 8.368495e+01
      vertex   4.933066e+01 -8.773368e+01 8.368495e+01
      vertex   5.335141e+01 -8.477282e+01 8.313516e+01
    endloop
  endfacet
  facet normal 3.522641e-01 -6.101393e-01 -7.096760e-01
    outer loop
      vertex   5.335141e+01 -8.477282e+01 8.313516e+01
      vertex   4.933066e+01 -8.773368e+01 8.368495e+01
      vertex   4.905376e+01 -8.725407e+01 8.313516e+01
    endloop
  endfacet
  facet normal 1.896590e-01 -3.284990e-01 -9.252664e-01
    outer loop
      vertex   5.335141e+01 -8.477282e+01 8.313516e+01
      vertex   4.905376e+01 -8.725407e+01 8.313516e+01
      vertex   5.299039e+01 -8.414751e+01 8.283916e+01
    endloop
  endfacet
  facet normal 1.896590e-01 -3.284990e-01 -9.252664e-01
    outer loop
      vertex   5.299039e+01 -8.414751e+01 8.283916e+01
      vertex   4.905376e+01 -8.725407e+01 8.313516e+01
      vertex   4.869274e+01 -8.662876e+01 8.283916e+01
    endloop
  endfacet
  facet normal 9.575948e-02 -1.658603e-01 -9.814889e-01
    outer loop
      vertex   4.869274e+01 -8.662876e+01 8.283916e+01
      vertex   4.691523e+01 -8.355003e+01 8.214547e+01
      vertex   5.299039e+01 -8.414751e+01 8.283916e+01
    endloop
  endfacet
  facet normal 9.575948e-02 -1.658603e-01 -9.814889e-01
    outer loop
      vertex   5.299039e+01 -8.414751e+01 8.283916e+01
      vertex   4.691523e+01 -8.355003e+01 8.214547e+01
      vertex   5.121288e+01 -8.106878e+01 8.214547e+01
    endloop
  endfacet
  facet normal -8.660254e-01 -5.000000e-01 -4.906703e-13
    outer loop
      vertex   4.905376e+01 -8.725407e+01 8.313516e+01
      vertex   4.948271e+01 -8.799703e+01 8.518517e+01
      vertex   4.869274e+01 -8.662876e+01 8.283916e+01
    endloop
  endfacet
  facet normal -8.660254e-01 -5.000000e-01 -4.876812e-13
    outer loop
      vertex   4.869274e+01 -8.662876e+01 8.283916e+01
      vertex   4.948271e+01 -8.799703e+01 8.518517e+01
      vertex   4.345842e+01 -7.756265e+01 1.469313e+02
    endloop
  endfacet
  facet normal -8.660254e-01 -5.000000e-01 -4.882212e-13
    outer loop
      vertex   4.869274e+01 -8.662876e+01 8.283916e+01
      vertex   4.345842e+01 -7.756265e+01 1.469313e+02
      vertex   4.228541e+01 -7.553094e+01 1.485112e+02
    endloop
  endfacet
  facet normal -8.660254e-01 -5.000000e-01 -4.933412e-13
    outer loop
      vertex   4.228541e+01 -7.553094e+01 1.485112e+02
      vertex   4.345842e+01 -7.756265e+01 1.469313e+02
      vertex   4.267559e+01 -7.620675e+01 1.485084e+02
    endloop
  endfacet
  facet normal -8.660254e-01 -5.000000e-01 -4.861514e-13
    outer loop
      vertex   4.267559e+01 -7.620675e+01 1.485084e+02
      vertex   4.345842e+01 -7.756265e+01 1.469313e+02
      vertex   4.303552e+01 -7.683017e+01 1.482071e+02
    endloop
  endfacet
  facet normal -8.660254e-01 -5.000000e-01 -5.076128e-13
    outer loop
      vertex   4.303552e+01 -7.683017e+01 1.482071e+02
      vertex   4.345842e+01 -7.756265e+01 1.469313e+02
      vertex   4.331041e+01 -7.730630e+01 1.476533e+02
    endloop
  endfacet
  facet normal -8.660254e-01 -5.000000e-01 -4.927594e-13
    outer loop
      vertex   4.905376e+01 -8.725407e+01 8.313516e+01
      vertex   4.933066e+01 -8.773368e+01 8.368495e+01
      vertex   4.948271e+01 -8.799703e+01 8.518517e+01
    endloop
  endfacet
  facet normal -8.660254e-01 -5.000000e-01 -4.885323e-13
    outer loop
      vertex   4.948271e+01 -8.799703e+01 8.518517e+01
      vertex   4.933066e+01 -8.773368e+01 8.368495e+01
      vertex   4.948129e+01 -8.799457e+01 8.440482e+01
    endloop
  endfacet
  facet normal -8.660254e-01 -5.000000e-01 -4.877264e-13
    outer loop
      vertex   3.801593e+01 -6.813599e+01 1.468450e+02
      vertex   4.657738e+01 -8.296486e+01 8.225198e+01
      vertex   4.228541e+01 -7.553094e+01 1.485112e+02
    endloop
  endfacet
  facet normal -8.660254e-01 -5.000000e-01 -4.879876e-13
    outer loop
      vertex   4.228541e+01 -7.553094e+01 1.485112e+02
      vertex   4.657738e+01 -8.296486e+01 8.225198e+01
      vertex   4.691523e+01 -8.355003e+01 8.214547e+01
    endloop
  endfacet
  facet normal -8.660254e-01 -5.000000e-01 -4.875932e-13
    outer loop
      vertex   4.228541e+01 -7.553094e+01 1.485112e+02
      vertex   4.691523e+01 -8.355003e+01 8.214547e+01
      vertex   4.869274e+01 -8.662876e+01 8.283916e+01
    endloop
  endfacet
  facet normal -8.660254e-01 -5.000000e-01 -4.862339e-13
    outer loop
      vertex   3.765491e+01 -6.751068e+01 1.465490e+02
      vertex   3.722596e+01 -6.676772e+01 1.444990e+02
      vertex   3.801593e+01 -6.813599e+01 1.468450e+02
    endloop
  endfacet
  facet normal -8.660254e-01 -5.000000e-01 -4.882790e-13
    outer loop
      vertex   3.801593e+01 -6.813599e+01 1.468450e+02
      vertex   3.722596e+01 -6.676772e+01 1.444990e+02
      vertex   4.281299e+01 -7.644473e+01 8.723466e+01
    endloop
  endfacet
  facet normal -8.660254e-01 -5.000000e-01 -4.862549e-13
    outer loop
      vertex   3.801593e+01 -6.813599e+01 1.468450e+02
      vertex   4.281299e+01 -7.644473e+01 8.723466e+01
      vertex   4.331030e+01 -7.730610e+01 8.586776e+01
    endloop
  endfacet
  facet normal -8.660254e-01 -5.000000e-01 -5.066827e-13
    outer loop
      vertex   4.331030e+01 -7.730610e+01 8.586776e+01
      vertex   4.281299e+01 -7.644473e+01 8.723466e+01
      vertex   4.307969e+01 -7.690668e+01 8.621900e+01
    endloop
  endfacet
  facet normal -8.660254e-01 -5.000000e-01 -4.720956e-13
    outer loop
      vertex   4.307969e+01 -7.690668e+01 8.621900e+01
      vertex   4.281299e+01 -7.644473e+01 8.723466e+01
      vertex   4.290915e+01 -7.661129e+01 8.668776e+01
    endloop
  endfacet
  facet normal -8.660254e-01 -5.000000e-01 -4.947669e-13
    outer loop
      vertex   3.765491e+01 -6.751068e+01 1.465490e+02
      vertex   3.737801e+01 -6.703107e+01 1.459992e+02
      vertex   3.722596e+01 -6.676772e+01 1.444990e+02
    endloop
  endfacet
  facet normal -8.660254e-01 -5.000000e-01 -4.909934e-13
    outer loop
      vertex   3.722596e+01 -6.676772e+01 1.444990e+02
      vertex   3.737801e+01 -6.703107e+01 1.459992e+02
      vertex   3.722738e+01 -6.677018e+01 1.452794e+02
    endloop
  endfacet
  facet normal -8.660254e-01 -5.000000e-01 -4.881573e-13
    outer loop
      vertex   4.331030e+01 -7.730610e+01 8.586776e+01
      vertex   4.657738e+01 -8.296486e+01 8.225198e+01
      vertex   3.801593e+01 -6.813599e+01 1.468450e+02
    endloop
  endfacet
  facet normal -8.660254e-01 -5.000000e-01 -6.998858e-13
    outer loop
      vertex   4.668480e+01 -8.315091e+01 8.216391e+01
      vertex   4.679948e+01 -8.334954e+01 8.212775e+01
      vertex   4.657738e+01 -8.296486e+01 8.225198e+01
    endloop
  endfacet
  facet normal -8.660254e-01 -5.000000e-01 -5.001354e-13
    outer loop
      vertex   4.657738e+01 -8.296486e+01 8.225198e+01
      vertex   4.679948e+01 -8.334954e+01 8.212775e+01
      vertex   4.691523e+01 -8.355003e+01 8.214547e+01
    endloop
  endfacet
  facet normal -3.029379e-01 5.247038e-01 -7.955592e-01
    outer loop
      vertex   4.760795e+01 -7.482485e+01 8.586776e+01
      vertex   4.331030e+01 -7.730610e+01 8.586776e+01
      vertex   4.737735e+01 -7.442543e+01 8.621900e+01
    endloop
  endfacet
  facet normal -3.029379e-01 5.247038e-01 -7.955592e-01
    outer loop
      vertex   4.737735e+01 -7.442543e+01 8.621900e+01
      vertex   4.331030e+01 -7.730610e+01 8.586776e+01
      vertex   4.307969e+01 -7.690668e+01 8.621900e+01
    endloop
  endfacet
  facet normal -4.042958e-01 7.002609e-01 -5.883703e-01
    outer loop
      vertex   4.737735e+01 -7.442543e+01 8.621900e+01
      vertex   4.307969e+01 -7.690668e+01 8.621900e+01
      vertex   4.290915e+01 -7.661129e+01 8.668776e+01
    endloop
  endfacet
  facet normal -4.716844e-01 8.169813e-01 -3.317459e-01
    outer loop
      vertex   4.281299e+01 -7.644473e+01 8.723466e+01
      vertex   4.711064e+01 -7.396348e+01 8.723466e+01
      vertex   4.290915e+01 -7.661129e+01 8.668776e+01
    endloop
  endfacet
  facet normal -4.716844e-01 8.169813e-01 -3.317459e-01
    outer loop
      vertex   4.290915e+01 -7.661129e+01 8.668776e+01
      vertex   4.711064e+01 -7.396348e+01 8.723466e+01
      vertex   4.720680e+01 -7.413004e+01 8.668776e+01
    endloop
  endfacet
  facet normal -4.042958e-01 7.002609e-01 -5.883703e-01
    outer loop
      vertex   4.290915e+01 -7.661129e+01 8.668776e+01
      vertex   4.720680e+01 -7.413004e+01 8.668776e+01
      vertex   4.737735e+01 -7.442543e+01 8.621900e+01
    endloop
  endfacet
  facet normal -2.420884e-01 4.193095e-01 -8.749701e-01
    outer loop
      vertex   4.760795e+01 -7.482485e+01 8.586776e+01
      vertex   5.087504e+01 -8.048361e+01 8.225198e+01
      vertex   4.331030e+01 -7.730610e+01 8.586776e+01
    endloop
  endfacet
  facet normal -2.420884e-01 4.193095e-01 -8.749701e-01
    outer loop
      vertex   4.331030e+01 -7.730610e+01 8.586776e+01
      vertex   5.087504e+01 -8.048361e+01 8.225198e+01
      vertex   4.657738e+01 -8.296486e+01 8.225198e+01
    endloop
  endfacet
  facet normal -8.660254e-01 -5.000000e-01 -4.885725e-13
    outer loop
      vertex   5.076512e+01 -8.029324e+01 7.328599e+01
      vertex   4.862897e+01 -7.659330e+01 7.167252e+01
      vertex   5.076370e+01 -8.029078e+01 7.250563e+01
    endloop
  endfacet
  facet normal -8.660254e-01 -5.000000e-01 -4.836398e-13
    outer loop
      vertex   5.076370e+01 -8.029078e+01 7.250563e+01
      vertex   4.862897e+01 -7.659330e+01 7.167252e+01
      vertex   4.884240e+01 -7.696299e+01 7.031616e+01
    endloop
  endfacet
  facet normal -8.660254e-01 -5.000000e-01 -4.894076e-13
    outer loop
      vertex   5.076370e+01 -8.029078e+01 7.250563e+01
      vertex   4.884240e+01 -7.696299e+01 7.031616e+01
      vertex   4.920140e+01 -7.758479e+01 6.908880e+01
    endloop
  endfacet
  facet normal -8.660254e-01 -5.000000e-01 -4.881271e-13
    outer loop
      vertex   4.862897e+01 -7.659330e+01 7.167252e+01
      vertex   5.076512e+01 -8.029324e+01 7.328599e+01
      vertex   4.760795e+01 -7.482485e+01 8.586776e+01
    endloop
  endfacet
  facet normal -8.660254e-01 -5.000000e-01 -4.905555e-13
    outer loop
      vertex   4.760795e+01 -7.482485e+01 8.586776e+01
      vertex   5.076512e+01 -8.029324e+01 7.328599e+01
      vertex   5.091575e+01 -8.055413e+01 7.400586e+01
    endloop
  endfacet
  facet normal -8.660254e-01 -5.000000e-01 -4.878194e-13
    outer loop
      vertex   4.760795e+01 -7.482485e+01 8.586776e+01
      vertex   5.091575e+01 -8.055413e+01 7.400586e+01
      vertex   5.087504e+01 -8.048361e+01 8.225198e+01
    endloop
  endfacet
  facet normal -8.660254e-01 -5.000000e-01 -4.878918e-13
    outer loop
      vertex   5.087504e+01 -8.048361e+01 8.225198e+01
      vertex   5.091575e+01 -8.055413e+01 7.400586e+01
      vertex   5.119265e+01 -8.103374e+01 7.455564e+01
    endloop
  endfacet
  facet normal -8.660254e-01 -5.000000e-01 -4.874545e-13
    outer loop
      vertex   5.087504e+01 -8.048361e+01 8.225198e+01
      vertex   5.119265e+01 -8.103374e+01 7.455564e+01
      vertex   5.155367e+01 -8.165905e+01 7.485165e+01
    endloop
  endfacet
  facet normal -8.660254e-01 -5.000000e-01 -4.867851e-13
    outer loop
      vertex   5.194385e+01 -8.233486e+01 7.484881e+01
      vertex   5.121288e+01 -8.106878e+01 8.214547e+01
      vertex   5.155367e+01 -8.165905e+01 7.485165e+01
    endloop
  endfacet
  facet normal -8.660254e-01 -5.000000e-01 -4.827927e-13
    outer loop
      vertex   5.155367e+01 -8.165905e+01 7.485165e+01
      vertex   5.121288e+01 -8.106878e+01 8.214547e+01
      vertex   5.109713e+01 -8.086829e+01 8.212775e+01
    endloop
  endfacet
  facet normal -8.660254e-01 -5.000000e-01 -4.927089e-13
    outer loop
      vertex   5.155367e+01 -8.165905e+01 7.485165e+01
      vertex   5.109713e+01 -8.086829e+01 8.212775e+01
      vertex   5.098245e+01 -8.066966e+01 8.216391e+01
    endloop
  endfacet
  facet normal -8.660254e-01 -5.000000e-01 -4.905802e-13
    outer loop
      vertex   5.194385e+01 -8.233486e+01 7.484881e+01
      vertex   5.230379e+01 -8.295828e+01 7.454755e+01
      vertex   5.121288e+01 -8.106878e+01 8.214547e+01
    endloop
  endfacet
  facet normal -8.660254e-01 -5.000000e-01 -4.887693e-13
    outer loop
      vertex   5.121288e+01 -8.106878e+01 8.214547e+01
      vertex   5.230379e+01 -8.295828e+01 7.454755e+01
      vertex   5.299039e+01 -8.414751e+01 8.283916e+01
    endloop
  endfacet
  facet normal -8.660254e-01 -5.000000e-01 -4.890400e-13
    outer loop
      vertex   5.299039e+01 -8.414751e+01 8.283916e+01
      vertex   5.230379e+01 -8.295828e+01 7.454755e+01
      vertex   5.257868e+01 -8.343441e+01 7.399375e+01
    endloop
  endfacet
  facet normal -8.660254e-01 -5.000000e-01 -4.891065e-13
    outer loop
      vertex   5.299039e+01 -8.414751e+01 8.283916e+01
      vertex   5.257868e+01 -8.343441e+01 7.399375e+01
      vertex   5.486142e+01 -8.738823e+01 7.410482e+01
    endloop
  endfacet
  facet normal -8.660254e-01 -5.000000e-01 -4.892610e-13
    outer loop
      vertex   5.486142e+01 -8.738823e+01 7.410482e+01
      vertex   5.257868e+01 -8.343441e+01 7.399375e+01
      vertex   5.272668e+01 -8.369076e+01 7.327171e+01
    endloop
  endfacet
  facet normal -8.660254e-01 -5.000000e-01 -4.923775e-13
    outer loop
      vertex   5.486142e+01 -8.738823e+01 7.410482e+01
      vertex   5.272668e+01 -8.369076e+01 7.327171e+01
      vertex   5.491860e+01 -8.748727e+01 7.268747e+01
    endloop
  endfacet
  facet normal -8.660254e-01 -5.000000e-01 -4.851615e-13
    outer loop
      vertex   5.491860e+01 -8.748727e+01 7.268747e+01
      vertex   5.272668e+01 -8.369076e+01 7.327171e+01
      vertex   5.481665e+01 -8.731069e+01 7.128022e+01
    endloop
  endfacet
  facet normal -8.660254e-01 -5.000000e-01 -4.833018e-13
    outer loop
      vertex   5.481665e+01 -8.731069e+01 7.128022e+01
      vertex   5.272668e+01 -8.369076e+01 7.327171e+01
      vertex   5.456068e+01 -8.686734e+01 6.995362e+01
    endloop
  endfacet
  facet normal -8.660254e-01 -5.000000e-01 -4.886600e-13
    outer loop
      vertex   5.456068e+01 -8.686734e+01 6.995362e+01
      vertex   5.272668e+01 -8.369076e+01 7.327171e+01
      vertex   5.272526e+01 -8.368830e+01 7.249135e+01
    endloop
  endfacet
  facet normal -8.660254e-01 -5.000000e-01 -4.954130e-13
    outer loop
      vertex   5.456068e+01 -8.686734e+01 6.995362e+01
      vertex   5.272526e+01 -8.368830e+01 7.249135e+01
      vertex   5.416354e+01 -8.617947e+01 6.877420e+01
    endloop
  endfacet
  facet normal -8.660254e-01 -5.000000e-01 -4.855244e-13
    outer loop
      vertex   5.416354e+01 -8.617947e+01 6.877420e+01
      vertex   5.272526e+01 -8.368830e+01 7.249135e+01
      vertex   5.364513e+01 -8.528155e+01 6.780109e+01
    endloop
  endfacet
  facet normal -8.660254e-01 -5.000000e-01 -4.901925e-13
    outer loop
      vertex   5.364513e+01 -8.528155e+01 6.780109e+01
      vertex   5.272526e+01 -8.368830e+01 7.249135e+01
      vertex   5.257463e+01 -8.342740e+01 7.177148e+01
    endloop
  endfacet
  facet normal -8.660254e-01 -5.000000e-01 -4.868444e-13
    outer loop
      vertex   5.364513e+01 -8.528155e+01 6.780109e+01
      vertex   5.257463e+01 -8.342740e+01 7.177148e+01
      vertex   5.303145e+01 -8.421862e+01 6.708309e+01
    endloop
  endfacet
  facet normal -8.660254e-01 -5.000000e-01 -4.876212e-13
    outer loop
      vertex   5.303145e+01 -8.421862e+01 6.708309e+01
      vertex   5.257463e+01 -8.342740e+01 7.177148e+01
      vertex   5.229773e+01 -8.294779e+01 7.122170e+01
    endloop
  endfacet
  facet normal -8.660254e-01 -5.000000e-01 -4.864282e-13
    outer loop
      vertex   5.303145e+01 -8.421862e+01 6.708309e+01
      vertex   5.229773e+01 -8.294779e+01 7.122170e+01
      vertex   5.235327e+01 -8.304398e+01 6.665622e+01
    endloop
  endfacet
  facet normal -8.660254e-01 -5.000000e-01 -4.861452e-13
    outer loop
      vertex   5.235327e+01 -8.304398e+01 6.665622e+01
      vertex   5.229773e+01 -8.294779e+01 7.122170e+01
      vertex   5.193671e+01 -8.232249e+01 7.092569e+01
    endloop
  endfacet
  facet normal -8.660254e-01 -5.000000e-01 -4.880939e-13
    outer loop
      vertex   5.235327e+01 -8.304398e+01 6.665622e+01
      vertex   5.193671e+01 -8.232249e+01 7.092569e+01
      vertex   5.154653e+01 -8.164668e+01 7.092853e+01
    endloop
  endfacet
  facet normal -8.660254e-01 -5.000000e-01 -4.893283e-13
    outer loop
      vertex   5.235327e+01 -8.304398e+01 6.665622e+01
      vertex   5.154653e+01 -8.164668e+01 7.092853e+01
      vertex   5.164459e+01 -8.181653e+01 6.654186e+01
    endloop
  endfacet
  facet normal -8.660254e-01 -5.000000e-01 -4.891484e-13
    outer loop
      vertex   5.164459e+01 -8.181653e+01 6.654186e+01
      vertex   5.154653e+01 -8.164668e+01 7.092853e+01
      vertex   5.118660e+01 -8.102326e+01 7.122979e+01
    endloop
  endfacet
  facet normal -8.660254e-01 -5.000000e-01 -4.901005e-13
    outer loop
      vertex   5.164459e+01 -8.181653e+01 6.654186e+01
      vertex   5.118660e+01 -8.102326e+01 7.122979e+01
      vertex   5.094097e+01 -8.059781e+01 6.674576e+01
    endloop
  endfacet
  facet normal -8.660254e-01 -5.000000e-01 -4.902210e-13
    outer loop
      vertex   5.094097e+01 -8.059781e+01 6.674576e+01
      vertex   5.118660e+01 -8.102326e+01 7.122979e+01
      vertex   5.091171e+01 -8.054713e+01 7.178359e+01
    endloop
  endfacet
  facet normal -8.660254e-01 -5.000000e-01 -4.901352e-13
    outer loop
      vertex   5.094097e+01 -8.059781e+01 6.674576e+01
      vertex   5.091171e+01 -8.054713e+01 7.178359e+01
      vertex   5.027767e+01 -7.944894e+01 6.725769e+01
    endloop
  endfacet
  facet normal -8.660254e-01 -5.000000e-01 -4.882917e-13
    outer loop
      vertex   5.027767e+01 -7.944894e+01 6.725769e+01
      vertex   5.091171e+01 -8.054713e+01 7.178359e+01
      vertex   4.968796e+01 -7.842753e+01 6.805198e+01
    endloop
  endfacet
  facet normal -8.660254e-01 -5.000000e-01 -4.829383e-13
    outer loop
      vertex   4.968796e+01 -7.842753e+01 6.805198e+01
      vertex   5.091171e+01 -8.054713e+01 7.178359e+01
      vertex   5.076370e+01 -8.029078e+01 7.250563e+01
    endloop
  endfacet
  facet normal -8.660254e-01 -5.000000e-01 -4.886122e-13
    outer loop
      vertex   4.968796e+01 -7.842753e+01 6.805198e+01
      vertex   5.076370e+01 -8.029078e+01 7.250563e+01
      vertex   4.920140e+01 -7.758479e+01 6.908880e+01
    endloop
  endfacet
  facet normal -8.660254e-01 -5.000000e-01 -4.935533e-13
    outer loop
      vertex   5.098245e+01 -8.066966e+01 8.216391e+01
      vertex   5.087504e+01 -8.048361e+01 8.225198e+01
      vertex   5.155367e+01 -8.165905e+01 7.485165e+01
    endloop
  endfacet
  facet normal -8.660254e-01 -5.000000e-01 -4.889423e-13
    outer loop
      vertex   4.760795e+01 -7.482485e+01 8.586776e+01
      vertex   4.737735e+01 -7.442543e+01 8.621900e+01
      vertex   4.862897e+01 -7.659330e+01 7.167252e+01
    endloop
  endfacet
  facet normal -8.660254e-01 -5.000000e-01 -4.823876e-13
    outer loop
      vertex   4.862897e+01 -7.659330e+01 7.167252e+01
      vertex   4.737735e+01 -7.442543e+01 8.621900e+01
      vertex   4.720680e+01 -7.413004e+01 8.668776e+01
    endloop
  endfacet
  facet normal -8.660254e-01 -5.000000e-01 -5.146903e-13
    outer loop
      vertex   4.862897e+01 -7.659330e+01 7.167252e+01
      vertex   4.720680e+01 -7.413004e+01 8.668776e+01
      vertex   4.711064e+01 -7.396348e+01 8.723466e+01
    endloop
  endfacet
  facet normal -8.660254e-01 -5.000000e-01 -4.808183e-13
    outer loop
      vertex   5.378036e+01 -8.551578e+01 8.518517e+01
      vertex   5.377894e+01 -8.551332e+01 8.440482e+01
      vertex   5.486142e+01 -8.738823e+01 7.410482e+01
    endloop
  endfacet
  facet normal -8.660254e-01 -5.000000e-01 -4.895899e-13
    outer loop
      vertex   5.486142e+01 -8.738823e+01 7.410482e+01
      vertex   5.377894e+01 -8.551332e+01 8.440482e+01
      vertex   5.362831e+01 -8.525243e+01 8.368495e+01
    endloop
  endfacet
  facet normal -8.660254e-01 -5.000000e-01 -4.874617e-13
    outer loop
      vertex   5.486142e+01 -8.738823e+01 7.410482e+01
      vertex   5.362831e+01 -8.525243e+01 8.368495e+01
      vertex   5.335141e+01 -8.477282e+01 8.313516e+01
    endloop
  endfacet
  facet normal -8.660254e-01 -5.000000e-01 -4.872310e-13
    outer loop
      vertex   5.335141e+01 -8.477282e+01 8.313516e+01
      vertex   5.299039e+01 -8.414751e+01 8.283916e+01
      vertex   5.486142e+01 -8.738823e+01 7.410482e+01
    endloop
  endfacet
  facet normal 4.907445e-01 -8.499943e-01 1.915190e-01
    outer loop
      vertex   5.486142e+01 -8.738823e+01 7.410482e+01
      vertex   5.893321e+01 -8.254078e+01 8.518517e+01
      vertex   5.378036e+01 -8.551578e+01 8.518517e+01
    endloop
  endfacet
  facet normal 4.907445e-01 -8.499943e-01 1.915190e-01
    outer loop
      vertex   5.378036e+01 -8.551578e+01 8.518517e+01
      vertex   5.893321e+01 -8.254078e+01 8.518517e+01
      vertex   5.185307e+01 -8.175261e+01 1.068252e+02
    endloop
  endfacet
  facet normal 4.907445e-01 -8.499943e-01 1.915190e-01
    outer loop
      vertex   5.378036e+01 -8.551578e+01 8.518517e+01
      vertex   5.185307e+01 -8.175261e+01 1.068252e+02
      vertex   5.117566e+01 -8.211005e+01 1.069746e+02
    endloop
  endfacet
  facet normal 4.907445e-01 -8.499943e-01 1.915190e-01
    outer loop
      vertex   5.486142e+01 -8.738823e+01 7.410482e+01
      vertex   6.001427e+01 -8.441323e+01 7.410482e+01
      vertex   5.893321e+01 -8.254078e+01 8.518517e+01
    endloop
  endfacet
  facet normal 4.907445e-01 -8.499943e-01 1.915190e-01
    outer loop
      vertex   6.323086e+01 -8.005953e+01 8.518517e+01
      vertex   5.811984e+01 -7.786146e+01 1.080370e+02
      vertex   5.893321e+01 -8.254078e+01 8.518517e+01
    endloop
  endfacet
  facet normal 4.907445e-01 -8.499943e-01 1.915190e-01
    outer loop
      vertex   5.893321e+01 -8.254078e+01 8.518517e+01
      vertex   5.811984e+01 -7.786146e+01 1.080370e+02
      vertex   5.780651e+01 -7.818585e+01 1.074001e+02
    endloop
  endfacet
  facet normal 4.907445e-01 -8.499943e-01 1.915190e-01
    outer loop
      vertex   5.893321e+01 -8.254078e+01 8.518517e+01
      vertex   5.780651e+01 -7.818585e+01 1.074001e+02
      vertex   5.728611e+01 -7.858218e+01 1.069746e+02
    endloop
  endfacet
  facet normal 4.907445e-01 -8.499943e-01 1.915190e-01
    outer loop
      vertex   5.811984e+01 -7.786146e+01 1.080370e+02
      vertex   6.323086e+01 -8.005953e+01 8.518517e+01
      vertex   5.817839e+01 -7.765839e+01 1.087882e+02
    endloop
  endfacet
  facet normal 4.907445e-01 -8.499943e-01 1.915190e-01
    outer loop
      vertex   5.817839e+01 -7.765839e+01 1.087882e+02
      vertex   6.323086e+01 -8.005953e+01 8.518517e+01
      vertex   5.720657e+01 -6.962515e+01 1.469313e+02
    endloop
  endfacet
  facet normal 4.907445e-01 -8.499943e-01 1.915190e-01
    outer loop
      vertex   5.817839e+01 -7.765839e+01 1.087882e+02
      vertex   5.720657e+01 -6.962515e+01 1.469313e+02
      vertex   5.491299e+01 -7.200256e+01 1.422570e+02
    endloop
  endfacet
  facet normal 4.907445e-01 -8.499943e-01 1.915190e-01
    outer loop
      vertex   5.491299e+01 -7.200256e+01 1.422570e+02
      vertex   5.720657e+01 -6.962515e+01 1.469313e+02
      vertex   5.470786e+01 -7.195173e+01 1.430082e+02
    endloop
  endfacet
  facet normal 4.907445e-01 -8.499943e-01 1.915190e-01
    outer loop
      vertex   5.470786e+01 -7.195173e+01 1.430082e+02
      vertex   5.720657e+01 -6.962515e+01 1.469313e+02
      vertex   5.427026e+01 -7.206089e+01 1.436450e+02
    endloop
  endfacet
  facet normal 4.907445e-01 -8.499943e-01 1.915190e-01
    outer loop
      vertex   5.427026e+01 -7.206089e+01 1.436450e+02
      vertex   5.720657e+01 -6.962515e+01 1.469313e+02
      vertex   5.366683e+01 -7.231340e+01 1.440705e+02
    endloop
  endfacet
  facet normal 4.907445e-01 -8.499943e-01 1.915190e-01
    outer loop
      vertex   5.366683e+01 -7.231340e+01 1.440705e+02
      vertex   5.720657e+01 -6.962515e+01 1.469313e+02
      vertex   5.298942e+01 -7.267084e+01 1.442199e+02
    endloop
  endfacet
  facet normal 4.907445e-01 -8.499943e-01 1.915190e-01
    outer loop
      vertex   5.298942e+01 -7.267084e+01 1.442199e+02
      vertex   5.720657e+01 -6.962515e+01 1.469313e+02
      vertex   4.345842e+01 -7.756265e+01 1.469313e+02
    endloop
  endfacet
  facet normal 4.907445e-01 -8.499943e-01 1.915190e-01
    outer loop
      vertex   5.298942e+01 -7.267084e+01 1.442199e+02
      vertex   4.345842e+01 -7.756265e+01 1.469313e+02
      vertex   4.820463e+01 -7.543334e+01 1.442199e+02
    endloop
  endfacet
  facet normal 4.907445e-01 -8.499943e-01 1.915190e-01
    outer loop
      vertex   4.820463e+01 -7.543334e+01 1.442199e+02
      vertex   4.345842e+01 -7.756265e+01 1.469313e+02
      vertex   4.755638e+01 -7.584127e+01 1.440705e+02
    endloop
  endfacet
  facet normal 4.907445e-01 -8.499943e-01 1.915190e-01
    outer loop
      vertex   4.755638e+01 -7.584127e+01 1.440705e+02
      vertex   4.345842e+01 -7.756265e+01 1.469313e+02
      vertex   4.703598e+01 -7.623760e+01 1.436450e+02
    endloop
  endfacet
  facet normal 4.907445e-01 -8.499943e-01 1.915190e-01
    outer loop
      vertex   4.703598e+01 -7.623760e+01 1.436450e+02
      vertex   4.345842e+01 -7.756265e+01 1.469313e+02
      vertex   4.672265e+01 -7.656199e+01 1.430082e+02
    endloop
  endfacet
  facet normal 4.907445e-01 -8.499943e-01 1.915190e-01
    outer loop
      vertex   4.672265e+01 -7.656199e+01 1.430082e+02
      vertex   4.345842e+01 -7.756265e+01 1.469313e+02
      vertex   4.666410e+01 -7.676506e+01 1.422570e+02
    endloop
  endfacet
  facet normal 4.907445e-01 -8.499943e-01 1.915190e-01
    outer loop
      vertex   4.666410e+01 -7.676506e+01 1.422570e+02
      vertex   4.345842e+01 -7.756265e+01 1.469313e+02
      vertex   4.992950e+01 -8.242089e+01 1.087882e+02
    endloop
  endfacet
  facet normal 4.907445e-01 -8.499943e-01 1.915190e-01
    outer loop
      vertex   4.992950e+01 -8.242089e+01 1.087882e+02
      vertex   4.345842e+01 -7.756265e+01 1.469313e+02
      vertex   4.948271e+01 -8.799703e+01 8.518517e+01
    endloop
  endfacet
  facet normal 4.907445e-01 -8.499943e-01 1.915190e-01
    outer loop
      vertex   4.992950e+01 -8.242089e+01 1.087882e+02
      vertex   4.948271e+01 -8.799703e+01 8.518517e+01
      vertex   5.013463e+01 -8.247172e+01 1.080370e+02
    endloop
  endfacet
  facet normal 4.907445e-01 -8.499943e-01 1.915190e-01
    outer loop
      vertex   5.013463e+01 -8.247172e+01 1.080370e+02
      vertex   4.948271e+01 -8.799703e+01 8.518517e+01
      vertex   5.378036e+01 -8.551578e+01 8.518517e+01
    endloop
  endfacet
  facet normal 4.907445e-01 -8.499943e-01 1.915190e-01
    outer loop
      vertex   5.013463e+01 -8.247172e+01 1.080370e+02
      vertex   5.378036e+01 -8.551578e+01 8.518517e+01
      vertex   5.057223e+01 -8.236256e+01 1.074001e+02
    endloop
  endfacet
  facet normal 4.907445e-01 -8.499943e-01 1.915190e-01
    outer loop
      vertex   5.057223e+01 -8.236256e+01 1.074001e+02
      vertex   5.378036e+01 -8.551578e+01 8.518517e+01
      vertex   5.117566e+01 -8.211005e+01 1.069746e+02
    endloop
  endfacet
  facet normal 4.907445e-01 -8.499943e-01 1.915190e-01
    outer loop
      vertex   5.728611e+01 -7.858218e+01 1.069746e+02
      vertex   5.663786e+01 -7.899011e+01 1.068252e+02
      vertex   5.893321e+01 -8.254078e+01 8.518517e+01
    endloop
  endfacet
  facet normal 4.907445e-01 -8.499943e-01 1.915190e-01
    outer loop
      vertex   5.893321e+01 -8.254078e+01 8.518517e+01
      vertex   5.663786e+01 -7.899011e+01 1.068252e+02
      vertex   5.185307e+01 -8.175261e+01 1.068252e+02
    endloop
  endfacet
  facet normal -4.907445e-01 8.499943e-01 -1.915190e-01
    outer loop
      vertex   4.281299e+01 -7.644473e+01 8.723466e+01
      vertex   4.390218e+01 -7.167679e+01 1.056047e+02
      vertex   4.711064e+01 -7.396348e+01 8.723466e+01
    endloop
  endfacet
  facet normal -4.907445e-01 8.499943e-01 -1.915190e-01
    outer loop
      vertex   4.711064e+01 -7.396348e+01 8.723466e+01
      vertex   4.390218e+01 -7.167679e+01 1.056047e+02
      vertex   4.433977e+01 -7.156763e+01 1.049679e+02
    endloop
  endfacet
  facet normal -4.907445e-01 8.499943e-01 -1.915190e-01
    outer loop
      vertex   4.711064e+01 -7.396348e+01 8.723466e+01
      vertex   4.433977e+01 -7.156763e+01 1.049679e+02
      vertex   4.494321e+01 -7.131512e+01 1.045423e+02
    endloop
  endfacet
  facet normal -4.907445e-01 8.499943e-01 -1.915190e-01
    outer loop
      vertex   4.390218e+01 -7.167679e+01 1.056047e+02
      vertex   4.281299e+01 -7.644473e+01 8.723466e+01
      vertex   4.369704e+01 -7.162597e+01 1.063559e+02
    endloop
  endfacet
  facet normal -4.907445e-01 8.499943e-01 -1.915190e-01
    outer loop
      vertex   4.369704e+01 -7.162597e+01 1.063559e+02
      vertex   4.281299e+01 -7.644473e+01 8.723466e+01
      vertex   3.722596e+01 -6.676772e+01 1.444990e+02
    endloop
  endfacet
  facet normal -4.907445e-01 8.499943e-01 -1.915190e-01
    outer loop
      vertex   4.369704e+01 -7.162597e+01 1.063559e+02
      vertex   3.722596e+01 -6.676772e+01 1.444990e+02
      vertex   4.043165e+01 -6.597013e+01 1.398247e+02
    endloop
  endfacet
  facet normal -4.907445e-01 8.499943e-01 -1.915190e-01
    outer loop
      vertex   4.043165e+01 -6.597013e+01 1.398247e+02
      vertex   3.722596e+01 -6.676772e+01 1.444990e+02
      vertex   4.049020e+01 -6.576707e+01 1.405759e+02
    endloop
  endfacet
  facet normal -4.907445e-01 8.499943e-01 -1.915190e-01
    outer loop
      vertex   4.049020e+01 -6.576707e+01 1.405759e+02
      vertex   3.722596e+01 -6.676772e+01 1.444990e+02
      vertex   4.080353e+01 -6.544267e+01 1.412127e+02
    endloop
  endfacet
  facet normal -4.907445e-01 8.499943e-01 -1.915190e-01
    outer loop
      vertex   4.080353e+01 -6.544267e+01 1.412127e+02
      vertex   3.722596e+01 -6.676772e+01 1.444990e+02
      vertex   4.132393e+01 -6.504634e+01 1.416382e+02
    endloop
  endfacet
  facet normal -4.907445e-01 8.499943e-01 -1.915190e-01
    outer loop
      vertex   4.132393e+01 -6.504634e+01 1.416382e+02
      vertex   3.722596e+01 -6.676772e+01 1.444990e+02
      vertex   4.197218e+01 -6.463841e+01 1.417876e+02
    endloop
  endfacet
  facet normal -4.907445e-01 8.499943e-01 -1.915190e-01
    outer loop
      vertex   4.197218e+01 -6.463841e+01 1.417876e+02
      vertex   3.722596e+01 -6.676772e+01 1.444990e+02
      vertex   4.675697e+01 -6.187591e+01 1.417876e+02
    endloop
  endfacet
  facet normal -4.907445e-01 8.499943e-01 -1.915190e-01
    outer loop
      vertex   4.675697e+01 -6.187591e+01 1.417876e+02
      vertex   3.722596e+01 -6.676772e+01 1.444990e+02
      vertex   5.097411e+01 -5.883022e+01 1.444990e+02
    endloop
  endfacet
  facet normal -4.907445e-01 8.499943e-01 -1.915190e-01
    outer loop
      vertex   4.675697e+01 -6.187591e+01 1.417876e+02
      vertex   5.097411e+01 -5.883022e+01 1.444990e+02
      vertex   4.743437e+01 -6.151848e+01 1.416382e+02
    endloop
  endfacet
  facet normal -4.907445e-01 8.499943e-01 -1.915190e-01
    outer loop
      vertex   4.743437e+01 -6.151848e+01 1.416382e+02
      vertex   5.097411e+01 -5.883022e+01 1.444990e+02
      vertex   4.803781e+01 -6.126596e+01 1.412127e+02
    endloop
  endfacet
  facet normal -4.907445e-01 8.499943e-01 -1.915190e-01
    outer loop
      vertex   4.803781e+01 -6.126596e+01 1.412127e+02
      vertex   5.097411e+01 -5.883022e+01 1.444990e+02
      vertex   4.847540e+01 -6.115681e+01 1.405759e+02
    endloop
  endfacet
  facet normal -4.907445e-01 8.499943e-01 -1.915190e-01
    outer loop
      vertex   4.847540e+01 -6.115681e+01 1.405759e+02
      vertex   5.097411e+01 -5.883022e+01 1.444990e+02
      vertex   4.868054e+01 -6.120763e+01 1.398247e+02
    endloop
  endfacet
  facet normal -4.907445e-01 8.499943e-01 -1.915190e-01
    outer loop
      vertex   4.868054e+01 -6.120763e+01 1.398247e+02
      vertex   5.097411e+01 -5.883022e+01 1.444990e+02
      vertex   5.194594e+01 -6.686347e+01 1.063559e+02
    endloop
  endfacet
  facet normal -4.907445e-01 8.499943e-01 -1.915190e-01
    outer loop
      vertex   5.194594e+01 -6.686347e+01 1.063559e+02
      vertex   5.097411e+01 -5.883022e+01 1.444990e+02
      vertex   5.656114e+01 -6.850723e+01 8.723466e+01
    endloop
  endfacet
  facet normal -4.907445e-01 8.499943e-01 -1.915190e-01
    outer loop
      vertex   5.194594e+01 -6.686347e+01 1.063559e+02
      vertex   5.656114e+01 -6.850723e+01 8.723466e+01
      vertex   5.188738e+01 -6.706653e+01 1.056047e+02
    endloop
  endfacet
  facet normal -4.907445e-01 8.499943e-01 -1.915190e-01
    outer loop
      vertex   5.188738e+01 -6.706653e+01 1.056047e+02
      vertex   5.656114e+01 -6.850723e+01 8.723466e+01
      vertex   5.226349e+01 -7.098848e+01 8.723466e+01
    endloop
  endfacet
  facet normal -4.907445e-01 8.499943e-01 -1.915190e-01
    outer loop
      vertex   5.188738e+01 -6.706653e+01 1.056047e+02
      vertex   5.226349e+01 -7.098848e+01 8.723466e+01
      vertex   5.157405e+01 -6.739092e+01 1.049679e+02
    endloop
  endfacet
  facet normal -4.907445e-01 8.499943e-01 -1.915190e-01
    outer loop
      vertex   5.157405e+01 -6.739092e+01 1.049679e+02
      vertex   5.226349e+01 -7.098848e+01 8.723466e+01
      vertex   5.105365e+01 -6.778725e+01 1.045423e+02
    endloop
  endfacet
  facet normal -4.907445e-01 8.499943e-01 -1.915190e-01
    outer loop
      vertex   5.105365e+01 -6.778725e+01 1.045423e+02
      vertex   5.226349e+01 -7.098848e+01 8.723466e+01
      vertex   5.040540e+01 -6.819519e+01 1.043929e+02
    endloop
  endfacet
  facet normal -4.907445e-01 8.499943e-01 -1.915190e-01
    outer loop
      vertex   5.040540e+01 -6.819519e+01 1.043929e+02
      vertex   5.226349e+01 -7.098848e+01 8.723466e+01
      vertex   4.562061e+01 -7.095769e+01 1.043929e+02
    endloop
  endfacet
  facet normal -4.907445e-01 8.499943e-01 -1.915190e-01
    outer loop
      vertex   4.562061e+01 -7.095769e+01 1.043929e+02
      vertex   5.226349e+01 -7.098848e+01 8.723466e+01
      vertex   4.711064e+01 -7.396348e+01 8.723466e+01
    endloop
  endfacet
  facet normal -4.907445e-01 8.499943e-01 -1.915190e-01
    outer loop
      vertex   4.562061e+01 -7.095769e+01 1.043929e+02
      vertex   4.711064e+01 -7.396348e+01 8.723466e+01
      vertex   4.494321e+01 -7.131512e+01 1.045423e+02
    endloop
  endfacet
  facet normal -4.907445e-01 8.499943e-01 -1.915190e-01
    outer loop
      vertex   5.378182e+01 -7.361830e+01 7.167252e+01
      vertex   4.862897e+01 -7.659330e+01 7.167252e+01
      vertex   5.226349e+01 -7.098848e+01 8.723466e+01
    endloop
  endfacet
  facet normal -4.907445e-01 8.499943e-01 -1.915190e-01
    outer loop
      vertex   5.226349e+01 -7.098848e+01 8.723466e+01
      vertex   4.862897e+01 -7.659330e+01 7.167252e+01
      vertex   4.711064e+01 -7.396348e+01 8.723466e+01
    endloop
  endfacet
  facet normal 1.896590e-01 -3.284990e-01 -9.252664e-01
    outer loop
      vertex   5.814324e+01 -8.117251e+01 8.283916e+01
      vertex   6.244089e+01 -7.869126e+01 8.283916e+01
      vertex   5.850426e+01 -8.179782e+01 8.313516e+01
    endloop
  endfacet
  facet normal 1.896590e-01 -3.284990e-01 -9.252664e-01
    outer loop
      vertex   5.850426e+01 -8.179782e+01 8.313516e+01
      vertex   6.244089e+01 -7.869126e+01 8.283916e+01
      vertex   6.280191e+01 -7.931657e+01 8.313516e+01
    endloop
  endfacet
  facet normal 3.522641e-01 -6.101393e-01 -7.096760e-01
    outer loop
      vertex   5.850426e+01 -8.179782e+01 8.313516e+01
      vertex   6.280191e+01 -7.931657e+01 8.313516e+01
      vertex   5.878116e+01 -8.227743e+01 8.368495e+01
    endloop
  endfacet
  facet normal 3.522641e-01 -6.101393e-01 -7.096760e-01
    outer loop
      vertex   5.878116e+01 -8.227743e+01 8.368495e+01
      vertex   6.280191e+01 -7.931657e+01 8.313516e+01
      vertex   6.307881e+01 -7.979618e+01 8.368495e+01
    endloop
  endfacet
  facet normal 4.612402e-01 -7.988915e-01 -3.860438e-01
    outer loop
      vertex   5.878116e+01 -8.227743e+01 8.368495e+01
      vertex   6.307881e+01 -7.979618e+01 8.368495e+01
      vertex   5.893179e+01 -8.253832e+01 8.440482e+01
    endloop
  endfacet
  facet normal 4.612402e-01 -7.988915e-01 -3.860438e-01
    outer loop
      vertex   5.893179e+01 -8.253832e+01 8.440482e+01
      vertex   6.307881e+01 -7.979618e+01 8.368495e+01
      vertex   6.322944e+01 -8.005707e+01 8.440482e+01
    endloop
  endfacet
  facet normal 4.999967e-01 -8.660197e-01 -3.640008e-03
    outer loop
      vertex   5.893179e+01 -8.253832e+01 8.440482e+01
      vertex   6.322944e+01 -8.005707e+01 8.440482e+01
      vertex   5.893321e+01 -8.254078e+01 8.518517e+01
    endloop
  endfacet
  facet normal 4.999967e-01 -8.660197e-01 -3.640008e-03
    outer loop
      vertex   5.893321e+01 -8.254078e+01 8.518517e+01
      vertex   6.322944e+01 -8.005707e+01 8.440482e+01
      vertex   6.323086e+01 -8.005953e+01 8.518517e+01
    endloop
  endfacet
  facet normal 8.660254e-01 5.000000e-01 4.896877e-13
    outer loop
      vertex   6.322944e+01 -8.005707e+01 8.440482e+01
      vertex   6.307881e+01 -7.979618e+01 8.368495e+01
      vertex   6.323086e+01 -8.005953e+01 8.518517e+01
    endloop
  endfacet
  facet normal 8.660254e-01 5.000000e-01 5.047626e-13
    outer loop
      vertex   6.323086e+01 -8.005953e+01 8.518517e+01
      vertex   6.307881e+01 -7.979618e+01 8.368495e+01
      vertex   6.280191e+01 -7.931657e+01 8.313516e+01
    endloop
  endfacet
  facet normal 8.660254e-01 5.000000e-01 4.777686e-13
    outer loop
      vertex   6.323086e+01 -8.005953e+01 8.518517e+01
      vertex   6.280191e+01 -7.931657e+01 8.313516e+01
      vertex   6.244089e+01 -7.869126e+01 8.283916e+01
    endloop
  endfacet
  facet normal 8.660254e-01 5.000000e-01 4.881946e-13
    outer loop
      vertex   6.323086e+01 -8.005953e+01 8.518517e+01
      vertex   6.244089e+01 -7.869126e+01 8.283916e+01
      vertex   5.603356e+01 -6.759344e+01 1.485112e+02
    endloop
  endfacet
  facet normal 8.660254e-01 5.000000e-01 4.875053e-13
    outer loop
      vertex   5.603356e+01 -6.759344e+01 1.485112e+02
      vertex   6.244089e+01 -7.869126e+01 8.283916e+01
      vertex   6.066339e+01 -7.561253e+01 8.214547e+01
    endloop
  endfacet
  facet normal 8.660254e-01 5.000000e-01 4.891217e-13
    outer loop
      vertex   5.603356e+01 -6.759344e+01 1.485112e+02
      vertex   6.066339e+01 -7.561253e+01 8.214547e+01
      vertex   6.032554e+01 -7.502736e+01 8.225198e+01
    endloop
  endfacet
  facet normal 8.660254e-01 5.000000e-01 4.796753e-13
    outer loop
      vertex   6.032554e+01 -7.502736e+01 8.225198e+01
      vertex   6.066339e+01 -7.561253e+01 8.214547e+01
      vertex   6.054763e+01 -7.541204e+01 8.212775e+01
    endloop
  endfacet
  facet normal 8.660254e-01 5.000000e-01 3.505010e-13
    outer loop
      vertex   6.032554e+01 -7.502736e+01 8.225198e+01
      vertex   6.054763e+01 -7.541204e+01 8.212775e+01
      vertex   6.043295e+01 -7.521341e+01 8.216391e+01
    endloop
  endfacet
  facet normal 8.660254e-01 5.000000e-01 4.875426e-13
    outer loop
      vertex   5.603356e+01 -6.759344e+01 1.485112e+02
      vertex   6.032554e+01 -7.502736e+01 8.225198e+01
      vertex   5.176408e+01 -6.019849e+01 1.468450e+02
    endloop
  endfacet
  facet normal 8.660254e-01 5.000000e-01 4.878220e-13
    outer loop
      vertex   5.176408e+01 -6.019849e+01 1.468450e+02
      vertex   6.032554e+01 -7.502736e+01 8.225198e+01
      vertex   5.705845e+01 -6.936860e+01 8.586776e+01
    endloop
  endfacet
  facet normal 8.660254e-01 5.000000e-01 4.891786e-13
    outer loop
      vertex   5.176408e+01 -6.019849e+01 1.468450e+02
      vertex   5.705845e+01 -6.936860e+01 8.586776e+01
      vertex   5.656114e+01 -6.850723e+01 8.723466e+01
    endloop
  endfacet
  facet normal 8.660254e-01 5.000000e-01 4.865379e-13
    outer loop
      vertex   5.656114e+01 -6.850723e+01 8.723466e+01
      vertex   5.705845e+01 -6.936860e+01 8.586776e+01
      vertex   5.682785e+01 -6.896918e+01 8.621900e+01
    endloop
  endfacet
  facet normal 8.660254e-01 5.000000e-01 4.286150e-13
    outer loop
      vertex   5.656114e+01 -6.850723e+01 8.723466e+01
      vertex   5.682785e+01 -6.896918e+01 8.621900e+01
      vertex   5.665730e+01 -6.867379e+01 8.668776e+01
    endloop
  endfacet
  facet normal 8.660254e-01 5.000000e-01 4.884160e-13
    outer loop
      vertex   5.656114e+01 -6.850723e+01 8.723466e+01
      vertex   5.097411e+01 -5.883022e+01 1.444990e+02
      vertex   5.176408e+01 -6.019849e+01 1.468450e+02
    endloop
  endfacet
  facet normal 8.660254e-01 5.000000e-01 4.783571e-13
    outer loop
      vertex   5.176408e+01 -6.019849e+01 1.468450e+02
      vertex   5.097411e+01 -5.883022e+01 1.444990e+02
      vertex   5.140306e+01 -5.957318e+01 1.465490e+02
    endloop
  endfacet
  facet normal 8.660254e-01 5.000000e-01 4.850221e-13
    outer loop
      vertex   5.140306e+01 -5.957318e+01 1.465490e+02
      vertex   5.097411e+01 -5.883022e+01 1.444990e+02
      vertex   5.112616e+01 -5.909357e+01 1.459992e+02
    endloop
  endfacet
  facet normal 8.660254e-01 5.000000e-01 4.796834e-13
    outer loop
      vertex   5.112616e+01 -5.909357e+01 1.459992e+02
      vertex   5.097411e+01 -5.883022e+01 1.444990e+02
      vertex   5.097553e+01 -5.883268e+01 1.452794e+02
    endloop
  endfacet
  facet normal 8.660254e-01 5.000000e-01 4.881471e-13
    outer loop
      vertex   6.323086e+01 -8.005953e+01 8.518517e+01
      vertex   5.603356e+01 -6.759344e+01 1.485112e+02
      vertex   5.720657e+01 -6.962515e+01 1.469313e+02
    endloop
  endfacet
  facet normal 8.660254e-01 5.000000e-01 5.052016e-13
    outer loop
      vertex   5.720657e+01 -6.962515e+01 1.469313e+02
      vertex   5.603356e+01 -6.759344e+01 1.485112e+02
      vertex   5.642374e+01 -6.826925e+01 1.485084e+02
    endloop
  endfacet
  facet normal 8.660254e-01 5.000000e-01 4.761138e-13
    outer loop
      vertex   5.720657e+01 -6.962515e+01 1.469313e+02
      vertex   5.642374e+01 -6.826925e+01 1.485084e+02
      vertex   5.678367e+01 -6.889267e+01 1.482071e+02
    endloop
  endfacet
  facet normal 8.660254e-01 5.000000e-01 5.311950e-13
    outer loop
      vertex   5.678367e+01 -6.889267e+01 1.482071e+02
      vertex   5.705857e+01 -6.936880e+01 1.476533e+02
      vertex   5.720657e+01 -6.962515e+01 1.469313e+02
    endloop
  endfacet
  facet normal -4.716844e-01 8.169813e-01 -3.317459e-01
    outer loop
      vertex   5.226349e+01 -7.098848e+01 8.723466e+01
      vertex   5.656114e+01 -6.850723e+01 8.723466e+01
      vertex   5.235965e+01 -7.115504e+01 8.668776e+01
    endloop
  endfacet
  facet normal -4.716844e-01 8.169813e-01 -3.317459e-01
    outer loop
      vertex   5.235965e+01 -7.115504e+01 8.668776e+01
      vertex   5.656114e+01 -6.850723e+01 8.723466e+01
      vertex   5.665730e+01 -6.867379e+01 8.668776e+01
    endloop
  endfacet
  facet normal -4.042958e-01 7.002609e-01 -5.883703e-01
    outer loop
      vertex   5.235965e+01 -7.115504e+01 8.668776e+01
      vertex   5.665730e+01 -6.867379e+01 8.668776e+01
      vertex   5.682785e+01 -6.896918e+01 8.621900e+01
    endloop
  endfacet
  facet normal -3.029379e-01 5.247038e-01 -7.955592e-01
    outer loop
      vertex   5.705845e+01 -6.936860e+01 8.586776e+01
      vertex   5.276080e+01 -7.184985e+01 8.586776e+01
      vertex   5.682785e+01 -6.896918e+01 8.621900e+01
    endloop
  endfacet
  facet normal -3.029379e-01 5.247038e-01 -7.955592e-01
    outer loop
      vertex   5.682785e+01 -6.896918e+01 8.621900e+01
      vertex   5.276080e+01 -7.184985e+01 8.586776e+01
      vertex   5.253020e+01 -7.145043e+01 8.621900e+01
    endloop
  endfacet
  facet normal -4.042958e-01 7.002609e-01 -5.883703e-01
    outer loop
      vertex   5.682785e+01 -6.896918e+01 8.621900e+01
      vertex   5.253020e+01 -7.145043e+01 8.621900e+01
      vertex   5.235965e+01 -7.115504e+01 8.668776e+01
    endloop
  endfacet
  facet normal 9.575948e-02 -1.658603e-01 -9.814889e-01
    outer loop
      vertex   5.814324e+01 -8.117251e+01 8.283916e+01
      vertex   5.636573e+01 -7.809378e+01 8.214547e+01
      vertex   6.244089e+01 -7.869126e+01 8.283916e+01
    endloop
  endfacet
  facet normal 9.575948e-02 -1.658603e-01 -9.814889e-01
    outer loop
      vertex   6.244089e+01 -7.869126e+01 8.283916e+01
      vertex   5.636573e+01 -7.809378e+01 8.214547e+01
      vertex   6.066339e+01 -7.561253e+01 8.214547e+01
    endloop
  endfacet
  facet normal 8.660254e-01 5.000000e-01 4.792463e-13
    outer loop
      vertex   5.606456e+01 -7.757213e+01 7.178359e+01
      vertex   5.484081e+01 -7.545253e+01 6.805198e+01
      vertex   5.591656e+01 -7.731578e+01 7.250563e+01
    endloop
  endfacet
  facet normal 8.660254e-01 5.000000e-01 4.907939e-13
    outer loop
      vertex   5.591656e+01 -7.731578e+01 7.250563e+01
      vertex   5.484081e+01 -7.545253e+01 6.805198e+01
      vertex   5.435425e+01 -7.460979e+01 6.908880e+01
    endloop
  endfacet
  facet normal 8.660254e-01 5.000000e-01 4.858765e-13
    outer loop
      vertex   5.591656e+01 -7.731578e+01 7.250563e+01
      vertex   5.435425e+01 -7.460979e+01 6.908880e+01
      vertex   5.399526e+01 -7.398799e+01 7.031616e+01
    endloop
  endfacet
  facet normal 8.660254e-01 5.000000e-01 4.898984e-13
    outer loop
      vertex   5.633945e+01 -7.804826e+01 7.122979e+01
      vertex   5.609382e+01 -7.762281e+01 6.674576e+01
      vertex   5.606456e+01 -7.757213e+01 7.178359e+01
    endloop
  endfacet
  facet normal 8.660254e-01 5.000000e-01 4.900069e-13
    outer loop
      vertex   5.606456e+01 -7.757213e+01 7.178359e+01
      vertex   5.609382e+01 -7.762281e+01 6.674576e+01
      vertex   5.543052e+01 -7.647394e+01 6.725769e+01
    endloop
  endfacet
  facet normal 8.660254e-01 5.000000e-01 4.894290e-13
    outer loop
      vertex   5.606456e+01 -7.757213e+01 7.178359e+01
      vertex   5.543052e+01 -7.647394e+01 6.725769e+01
      vertex   5.484081e+01 -7.545253e+01 6.805198e+01
    endloop
  endfacet
  facet normal 8.660254e-01 5.000000e-01 4.885331e-13
    outer loop
      vertex   5.609382e+01 -7.762281e+01 6.674576e+01
      vertex   5.633945e+01 -7.804826e+01 7.122979e+01
      vertex   5.679745e+01 -7.884153e+01 6.654186e+01
    endloop
  endfacet
  facet normal 8.660254e-01 5.000000e-01 4.875003e-13
    outer loop
      vertex   5.679745e+01 -7.884153e+01 6.654186e+01
      vertex   5.633945e+01 -7.804826e+01 7.122979e+01
      vertex   5.669938e+01 -7.867168e+01 7.092853e+01
    endloop
  endfacet
  facet normal 8.660254e-01 5.000000e-01 4.874579e-13
    outer loop
      vertex   5.679745e+01 -7.884153e+01 6.654186e+01
      vertex   5.669938e+01 -7.867168e+01 7.092853e+01
      vertex   5.750612e+01 -8.006898e+01 6.665622e+01
    endloop
  endfacet
  facet normal 8.660254e-01 5.000000e-01 4.878271e-13
    outer loop
      vertex   5.750612e+01 -8.006898e+01 6.665622e+01
      vertex   5.669938e+01 -7.867168e+01 7.092853e+01
      vertex   5.708956e+01 -7.934749e+01 7.092569e+01
    endloop
  endfacet
  facet normal 8.660254e-01 5.000000e-01 4.879230e-13
    outer loop
      vertex   5.750612e+01 -8.006898e+01 6.665622e+01
      vertex   5.708956e+01 -7.934749e+01 7.092569e+01
      vertex   5.745058e+01 -7.997279e+01 7.122170e+01
    endloop
  endfacet
  facet normal 8.660254e-01 5.000000e-01 4.880984e-13
    outer loop
      vertex   5.750612e+01 -8.006898e+01 6.665622e+01
      vertex   5.745058e+01 -7.997279e+01 7.122170e+01
      vertex   5.818430e+01 -8.124362e+01 6.708309e+01
    endloop
  endfacet
  facet normal 8.660254e-01 5.000000e-01 4.846833e-13
    outer loop
      vertex   5.818430e+01 -8.124362e+01 6.708309e+01
      vertex   5.745058e+01 -7.997279e+01 7.122170e+01
      vertex   5.772749e+01 -8.045240e+01 7.177148e+01
    endloop
  endfacet
  facet normal 8.660254e-01 5.000000e-01 4.847921e-13
    outer loop
      vertex   5.818430e+01 -8.124362e+01 6.708309e+01
      vertex   5.772749e+01 -8.045240e+01 7.177148e+01
      vertex   5.879798e+01 -8.230655e+01 6.780109e+01
    endloop
  endfacet
  facet normal 8.660254e-01 5.000000e-01 4.901925e-13
    outer loop
      vertex   5.879798e+01 -8.230655e+01 6.780109e+01
      vertex   5.772749e+01 -8.045240e+01 7.177148e+01
      vertex   5.787811e+01 -8.071330e+01 7.249135e+01
    endloop
  endfacet
  facet normal 8.660254e-01 5.000000e-01 4.872098e-13
    outer loop
      vertex   5.879798e+01 -8.230655e+01 6.780109e+01
      vertex   5.787811e+01 -8.071330e+01 7.249135e+01
      vertex   5.931639e+01 -8.320447e+01 6.877420e+01
    endloop
  endfacet
  facet normal 8.660254e-01 5.000000e-01 4.918786e-13
    outer loop
      vertex   5.931639e+01 -8.320447e+01 6.877420e+01
      vertex   5.787811e+01 -8.071330e+01 7.249135e+01
      vertex   5.971354e+01 -8.389234e+01 6.995362e+01
    endloop
  endfacet
  facet normal 8.660254e-01 5.000000e-01 4.967012e-13
    outer loop
      vertex   5.971354e+01 -8.389234e+01 6.995362e+01
      vertex   5.787811e+01 -8.071330e+01 7.249135e+01
      vertex   5.787953e+01 -8.071576e+01 7.327171e+01
    endloop
  endfacet
  facet normal 8.660254e-01 5.000000e-01 4.872085e-13
    outer loop
      vertex   5.971354e+01 -8.389234e+01 6.995362e+01
      vertex   5.787953e+01 -8.071576e+01 7.327171e+01
      vertex   5.996950e+01 -8.433569e+01 7.128022e+01
    endloop
  endfacet
  facet normal 8.660254e-01 5.000000e-01 4.851703e-13
    outer loop
      vertex   5.996950e+01 -8.433569e+01 7.128022e+01
      vertex   5.787953e+01 -8.071576e+01 7.327171e+01
      vertex   6.007145e+01 -8.451227e+01 7.268747e+01
    endloop
  endfacet
  facet normal 8.660254e-01 5.000000e-01 4.836037e-13
    outer loop
      vertex   6.007145e+01 -8.451227e+01 7.268747e+01
      vertex   5.787953e+01 -8.071576e+01 7.327171e+01
      vertex   6.001427e+01 -8.441323e+01 7.410482e+01
    endloop
  endfacet
  facet normal 8.660254e-01 5.000000e-01 4.705870e-13
    outer loop
      vertex   6.001427e+01 -8.441323e+01 7.410482e+01
      vertex   5.787953e+01 -8.071576e+01 7.327171e+01
      vertex   5.773153e+01 -8.045941e+01 7.399375e+01
    endloop
  endfacet
  facet normal 8.660254e-01 5.000000e-01 4.891891e-13
    outer loop
      vertex   6.001427e+01 -8.441323e+01 7.410482e+01
      vertex   5.773153e+01 -8.045941e+01 7.399375e+01
      vertex   5.814324e+01 -8.117251e+01 8.283916e+01
    endloop
  endfacet
  facet normal 8.660254e-01 5.000000e-01 4.911795e-13
    outer loop
      vertex   5.814324e+01 -8.117251e+01 8.283916e+01
      vertex   5.773153e+01 -8.045941e+01 7.399375e+01
      vertex   5.745664e+01 -7.998328e+01 7.454755e+01
    endloop
  endfacet
  facet normal 8.660254e-01 5.000000e-01 4.871813e-13
    outer loop
      vertex   5.814324e+01 -8.117251e+01 8.283916e+01
      vertex   5.745664e+01 -7.998328e+01 7.454755e+01
      vertex   5.636573e+01 -7.809378e+01 8.214547e+01
    endloop
  endfacet
  facet normal 8.660254e-01 5.000000e-01 4.913646e-13
    outer loop
      vertex   5.636573e+01 -7.809378e+01 8.214547e+01
      vertex   5.745664e+01 -7.998328e+01 7.454755e+01
      vertex   5.709670e+01 -7.935986e+01 7.484881e+01
    endloop
  endfacet
  facet normal 8.660254e-01 5.000000e-01 4.842388e-13
    outer loop
      vertex   5.636573e+01 -7.809378e+01 8.214547e+01
      vertex   5.709670e+01 -7.935986e+01 7.484881e+01
      vertex   5.670653e+01 -7.868405e+01 7.485165e+01
    endloop
  endfacet
  facet normal 8.660254e-01 5.000000e-01 4.889087e-13
    outer loop
      vertex   5.634550e+01 -7.805874e+01 7.455564e+01
      vertex   5.602789e+01 -7.750861e+01 8.225198e+01
      vertex   5.670653e+01 -7.868405e+01 7.485165e+01
    endloop
  endfacet
  facet normal 8.660254e-01 5.000000e-01 4.764692e-13
    outer loop
      vertex   5.670653e+01 -7.868405e+01 7.485165e+01
      vertex   5.602789e+01 -7.750861e+01 8.225198e+01
      vertex   5.613530e+01 -7.769466e+01 8.216391e+01
    endloop
  endfacet
  facet normal 8.660254e-01 5.000000e-01 4.851412e-13
    outer loop
      vertex   5.670653e+01 -7.868405e+01 7.485165e+01
      vertex   5.613530e+01 -7.769466e+01 8.216391e+01
      vertex   5.624998e+01 -7.789329e+01 8.212775e+01
    endloop
  endfacet
  facet normal 8.660254e-01 5.000000e-01 4.877850e-13
    outer loop
      vertex   5.634550e+01 -7.805874e+01 7.455564e+01
      vertex   5.606860e+01 -7.757913e+01 7.400586e+01
      vertex   5.602789e+01 -7.750861e+01 8.225198e+01
    endloop
  endfacet
  facet normal 8.660254e-01 5.000000e-01 4.878790e-13
    outer loop
      vertex   5.602789e+01 -7.750861e+01 8.225198e+01
      vertex   5.606860e+01 -7.757913e+01 7.400586e+01
      vertex   5.276080e+01 -7.184985e+01 8.586776e+01
    endloop
  endfacet
  facet normal 8.660254e-01 5.000000e-01 4.901293e-13
    outer loop
      vertex   5.276080e+01 -7.184985e+01 8.586776e+01
      vertex   5.606860e+01 -7.757913e+01 7.400586e+01
      vertex   5.591798e+01 -7.731824e+01 7.328599e+01
    endloop
  endfacet
  facet normal 8.660254e-01 5.000000e-01 4.880438e-13
    outer loop
      vertex   5.276080e+01 -7.184985e+01 8.586776e+01
      vertex   5.591798e+01 -7.731824e+01 7.328599e+01
      vertex   5.378182e+01 -7.361830e+01 7.167252e+01
    endloop
  endfacet
  facet normal 8.660254e-01 5.000000e-01 4.951300e-13
    outer loop
      vertex   5.378182e+01 -7.361830e+01 7.167252e+01
      vertex   5.591798e+01 -7.731824e+01 7.328599e+01
      vertex   5.591656e+01 -7.731578e+01 7.250563e+01
    endloop
  endfacet
  facet normal 8.660254e-01 5.000000e-01 4.798648e-13
    outer loop
      vertex   5.378182e+01 -7.361830e+01 7.167252e+01
      vertex   5.591656e+01 -7.731578e+01 7.250563e+01
      vertex   5.399526e+01 -7.398799e+01 7.031616e+01
    endloop
  endfacet
  facet normal 8.660254e-01 5.000000e-01 4.836671e-13
    outer loop
      vertex   5.814324e+01 -8.117251e+01 8.283916e+01
      vertex   5.850426e+01 -8.179782e+01 8.313516e+01
      vertex   6.001427e+01 -8.441323e+01 7.410482e+01
    endloop
  endfacet
  facet normal 8.660254e-01 5.000000e-01 4.863951e-13
    outer loop
      vertex   6.001427e+01 -8.441323e+01 7.410482e+01
      vertex   5.850426e+01 -8.179782e+01 8.313516e+01
      vertex   5.878116e+01 -8.227743e+01 8.368495e+01
    endloop
  endfacet
  facet normal 8.660254e-01 5.000000e-01 4.895899e-13
    outer loop
      vertex   6.001427e+01 -8.441323e+01 7.410482e+01
      vertex   5.878116e+01 -8.227743e+01 8.368495e+01
      vertex   5.893179e+01 -8.253832e+01 8.440482e+01
    endloop
  endfacet
  facet normal 8.660254e-01 5.000000e-01 4.897568e-13
    outer loop
      vertex   5.893179e+01 -8.253832e+01 8.440482e+01
      vertex   5.893321e+01 -8.254078e+01 8.518517e+01
      vertex   6.001427e+01 -8.441323e+01 7.410482e+01
    endloop
  endfacet
  facet normal 8.660254e-01 5.000000e-01 4.986479e-13
    outer loop
      vertex   5.226349e+01 -7.098848e+01 8.723466e+01
      vertex   5.235965e+01 -7.115504e+01 8.668776e+01
      vertex   5.378182e+01 -7.361830e+01 7.167252e+01
    endloop
  endfacet
  facet normal 8.660254e-01 5.000000e-01 4.818015e-13
    outer loop
      vertex   5.378182e+01 -7.361830e+01 7.167252e+01
      vertex   5.235965e+01 -7.115504e+01 8.668776e+01
      vertex   5.253020e+01 -7.145043e+01 8.621900e+01
    endloop
  endfacet
  facet normal 8.660254e-01 5.000000e-01 4.883710e-13
    outer loop
      vertex   5.378182e+01 -7.361830e+01 7.167252e+01
      vertex   5.253020e+01 -7.145043e+01 8.621900e+01
      vertex   5.276080e+01 -7.184985e+01 8.586776e+01
    endloop
  endfacet
  facet normal 8.660254e-01 5.000000e-01 4.859426e-13
    outer loop
      vertex   5.624998e+01 -7.789329e+01 8.212775e+01
      vertex   5.636573e+01 -7.809378e+01 8.214547e+01
      vertex   5.670653e+01 -7.868405e+01 7.485165e+01
    endloop
  endfacet
  facet normal -2.420884e-01 4.193095e-01 -8.749701e-01
    outer loop
      vertex   5.705845e+01 -6.936860e+01 8.586776e+01
      vertex   6.032554e+01 -7.502736e+01 8.225198e+01
      vertex   5.276080e+01 -7.184985e+01 8.586776e+01
    endloop
  endfacet
  facet normal -2.420884e-01 4.193095e-01 -8.749701e-01
    outer loop
      vertex   5.276080e+01 -7.184985e+01 8.586776e+01
      vertex   6.032554e+01 -7.502736e+01 8.225198e+01
      vertex   5.602789e+01 -7.750861e+01 8.225198e+01
    endloop
  endfacet
  facet normal 3.814004e-02 -6.606048e-02 -9.970864e-01
    outer loop
      vertex   5.121288e+01 -8.106878e+01 8.214547e+01
      vertex   4.691523e+01 -8.355003e+01 8.214547e+01
      vertex   5.109713e+01 -8.086829e+01 8.212775e+01
    endloop
  endfacet
  facet normal 3.814004e-02 -6.606048e-02 -9.970864e-01
    outer loop
      vertex   5.109713e+01 -8.086829e+01 8.212775e+01
      vertex   4.691523e+01 -8.355003e+01 8.214547e+01
      vertex   4.679948e+01 -8.334954e+01 8.212775e+01
    endloop
  endfacet
  facet normal -7.786001e-02 1.348575e-01 -9.878012e-01
    outer loop
      vertex   5.109713e+01 -8.086829e+01 8.212775e+01
      vertex   4.679948e+01 -8.334954e+01 8.212775e+01
      vertex   4.668480e+01 -8.315091e+01 8.216391e+01
    endloop
  endfacet
  facet normal -1.896626e-01 3.285053e-01 -9.252634e-01
    outer loop
      vertex   4.657738e+01 -8.296486e+01 8.225198e+01
      vertex   5.087504e+01 -8.048361e+01 8.225198e+01
      vertex   4.668480e+01 -8.315091e+01 8.216391e+01
    endloop
  endfacet
  facet normal -1.896626e-01 3.285053e-01 -9.252634e-01
    outer loop
      vertex   4.668480e+01 -8.315091e+01 8.216391e+01
      vertex   5.087504e+01 -8.048361e+01 8.225198e+01
      vertex   5.098245e+01 -8.066966e+01 8.216391e+01
    endloop
  endfacet
  facet normal -7.786001e-02 1.348575e-01 -9.878012e-01
    outer loop
      vertex   4.668480e+01 -8.315091e+01 8.216391e+01
      vertex   5.098245e+01 -8.066966e+01 8.216391e+01
      vertex   5.109713e+01 -8.086829e+01 8.212775e+01
    endloop
  endfacet
  facet normal -1.896626e-01 3.285053e-01 -9.252634e-01
    outer loop
      vertex   5.602789e+01 -7.750861e+01 8.225198e+01
      vertex   6.032554e+01 -7.502736e+01 8.225198e+01
      vertex   5.613530e+01 -7.769466e+01 8.216391e+01
    endloop
  endfacet
  facet normal -1.896626e-01 3.285053e-01 -9.252634e-01
    outer loop
      vertex   5.613530e+01 -7.769466e+01 8.216391e+01
      vertex   6.032554e+01 -7.502736e+01 8.225198e+01
      vertex   6.043295e+01 -7.521341e+01 8.216391e+01
    endloop
  endfacet
  facet normal -7.786001e-02 1.348575e-01 -9.878012e-01
    outer loop
      vertex   5.613530e+01 -7.769466e+01 8.216391e+01
      vertex   6.043295e+01 -7.521341e+01 8.216391e+01
      vertex   6.054763e+01 -7.541204e+01 8.212775e+01
    endloop
  endfacet
  facet normal 3.814004e-02 -6.606048e-02 -9.970864e-01
    outer loop
      vertex   6.066339e+01 -7.561253e+01 8.214547e+01
      vertex   5.636573e+01 -7.809378e+01 8.214547e+01
      vertex   6.054763e+01 -7.541204e+01 8.212775e+01
    endloop
  endfacet
  facet normal 3.814004e-02 -6.606048e-02 -9.970864e-01
    outer loop
      vertex   6.054763e+01 -7.541204e+01 8.212775e+01
      vertex   5.636573e+01 -7.809378e+01 8.214547e+01
      vertex   5.624998e+01 -7.789329e+01 8.212775e+01
    endloop
  endfacet
  facet normal -7.786001e-02 1.348575e-01 -9.878012e-01
    outer loop
      vertex   6.054763e+01 -7.541204e+01 8.212775e+01
      vertex   5.624998e+01 -7.789329e+01 8.212775e+01
      vertex   5.613530e+01 -7.769466e+01 8.216391e+01
    endloop
  endfacet
  facet normal 1.820004e-03 -3.152339e-03 9.999934e-01
    outer loop
      vertex   5.603356e+01 -6.759344e+01 1.485112e+02
      vertex   4.228541e+01 -7.553094e+01 1.485112e+02
      vertex   5.642374e+01 -6.826925e+01 1.485084e+02
    endloop
  endfacet
  facet normal 1.820004e-03 -3.152339e-03 9.999934e-01
    outer loop
      vertex   5.642374e+01 -6.826925e+01 1.485084e+02
      vertex   4.228541e+01 -7.553094e+01 1.485112e+02
      vertex   4.267559e+01 -7.620675e+01 1.485084e+02
    endloop
  endfacet
  facet normal 1.930219e-01 -3.343238e-01 9.224804e-01
    outer loop
      vertex   5.642374e+01 -6.826925e+01 1.485084e+02
      vertex   4.267559e+01 -7.620675e+01 1.485084e+02
      vertex   5.678367e+01 -6.889267e+01 1.482071e+02
    endloop
  endfacet
  facet normal 1.930219e-01 -3.343238e-01 9.224804e-01
    outer loop
      vertex   5.678367e+01 -6.889267e+01 1.482071e+02
      vertex   4.267559e+01 -7.620675e+01 1.485084e+02
      vertex   4.303552e+01 -7.683017e+01 1.482071e+02
    endloop
  endfacet
  facet normal 3.548380e-01 -6.145974e-01 7.045282e-01
    outer loop
      vertex   5.678367e+01 -6.889267e+01 1.482071e+02
      vertex   4.303552e+01 -7.683017e+01 1.482071e+02
      vertex   5.705857e+01 -6.936880e+01 1.476533e+02
    endloop
  endfacet
  facet normal 3.548380e-01 -6.145974e-01 7.045282e-01
    outer loop
      vertex   5.705857e+01 -6.936880e+01 1.476533e+02
      vertex   4.303552e+01 -7.683017e+01 1.482071e+02
      vertex   4.331041e+01 -7.730630e+01 1.476533e+02
    endloop
  endfacet
  facet normal 4.626332e-01 -8.013042e-01 3.793180e-01
    outer loop
      vertex   5.705857e+01 -6.936880e+01 1.476533e+02
      vertex   4.331041e+01 -7.730630e+01 1.476533e+02
      vertex   5.720657e+01 -6.962515e+01 1.469313e+02
    endloop
  endfacet
  facet normal 4.626332e-01 -8.013042e-01 3.793180e-01
    outer loop
      vertex   5.720657e+01 -6.962515e+01 1.469313e+02
      vertex   4.331041e+01 -7.730630e+01 1.476533e+02
      vertex   4.345842e+01 -7.756265e+01 1.469313e+02
    endloop
  endfacet
  facet normal -1.896590e-01 3.284990e-01 9.252664e-01
    outer loop
      vertex   3.801593e+01 -6.813599e+01 1.468450e+02
      vertex   5.176408e+01 -6.019849e+01 1.468450e+02
      vertex   3.765491e+01 -6.751068e+01 1.465490e+02
    endloop
  endfacet
  facet normal -1.896590e-01 3.284990e-01 9.252664e-01
    outer loop
      vertex   3.765491e+01 -6.751068e+01 1.465490e+02
      vertex   5.176408e+01 -6.019849e+01 1.468450e+02
      vertex   5.140306e+01 -5.957318e+01 1.465490e+02
    endloop
  endfacet
  facet normal -3.522641e-01 6.101393e-01 7.096760e-01
    outer loop
      vertex   3.765491e+01 -6.751068e+01 1.465490e+02
      vertex   5.140306e+01 -5.957318e+01 1.465490e+02
      vertex   3.737801e+01 -6.703107e+01 1.459992e+02
    endloop
  endfacet
  facet normal -3.522641e-01 6.101393e-01 7.096760e-01
    outer loop
      vertex   3.737801e+01 -6.703107e+01 1.459992e+02
      vertex   5.140306e+01 -5.957318e+01 1.465490e+02
      vertex   5.112616e+01 -5.909357e+01 1.459992e+02
    endloop
  endfacet
  facet normal -4.612402e-01 7.988915e-01 3.860438e-01
    outer loop
      vertex   3.737801e+01 -6.703107e+01 1.459992e+02
      vertex   5.112616e+01 -5.909357e+01 1.459992e+02
      vertex   3.722738e+01 -6.677018e+01 1.452794e+02
    endloop
  endfacet
  facet normal -4.612402e-01 7.988915e-01 3.860438e-01
    outer loop
      vertex   3.722738e+01 -6.677018e+01 1.452794e+02
      vertex   5.112616e+01 -5.909357e+01 1.459992e+02
      vertex   5.097553e+01 -5.883268e+01 1.452794e+02
    endloop
  endfacet
  facet normal -4.999967e-01 8.660197e-01 3.640008e-03
    outer loop
      vertex   3.722738e+01 -6.677018e+01 1.452794e+02
      vertex   5.097553e+01 -5.883268e+01 1.452794e+02
      vertex   3.722596e+01 -6.676772e+01 1.444990e+02
    endloop
  endfacet
  facet normal -4.999967e-01 8.660197e-01 3.640008e-03
    outer loop
      vertex   3.722596e+01 -6.676772e+01 1.444990e+02
      vertex   5.097553e+01 -5.883268e+01 1.452794e+02
      vertex   5.097411e+01 -5.883022e+01 1.444990e+02
    endloop
  endfacet
  facet normal 4.626332e-01 -8.013042e-01 3.793180e-01
    outer loop
      vertex   5.091171e+01 -8.054713e+01 7.178359e+01
      vertex   5.606456e+01 -7.757213e+01 7.178359e+01
      vertex   5.076370e+01 -8.029078e+01 7.250563e+01
    endloop
  endfacet
  facet normal 4.626332e-01 -8.013042e-01 3.793180e-01
    outer loop
      vertex   5.076370e+01 -8.029078e+01 7.250563e+01
      vertex   5.606456e+01 -7.757213e+01 7.178359e+01
      vertex   5.591656e+01 -7.731578e+01 7.250563e+01
    endloop
  endfacet
  facet normal 4.999967e-01 -8.660197e-01 -3.640008e-03
    outer loop
      vertex   5.076370e+01 -8.029078e+01 7.250563e+01
      vertex   5.591656e+01 -7.731578e+01 7.250563e+01
      vertex   5.076512e+01 -8.029324e+01 7.328599e+01
    endloop
  endfacet
  facet normal 4.999967e-01 -8.660197e-01 -3.640008e-03
    outer loop
      vertex   5.076512e+01 -8.029324e+01 7.328599e+01
      vertex   5.591656e+01 -7.731578e+01 7.250563e+01
      vertex   5.591798e+01 -7.731824e+01 7.328599e+01
    endloop
  endfacet
  facet normal 4.612402e-01 -7.988915e-01 -3.860438e-01
    outer loop
      vertex   5.076512e+01 -8.029324e+01 7.328599e+01
      vertex   5.591798e+01 -7.731824e+01 7.328599e+01
      vertex   5.606860e+01 -7.757913e+01 7.400586e+01
    endloop
  endfacet
  facet normal 3.548380e-01 -6.145974e-01 7.045282e-01
    outer loop
      vertex   5.091171e+01 -8.054713e+01 7.178359e+01
      vertex   5.118660e+01 -8.102326e+01 7.122979e+01
      vertex   5.606456e+01 -7.757213e+01 7.178359e+01
    endloop
  endfacet
  facet normal 3.548380e-01 -6.145974e-01 7.045282e-01
    outer loop
      vertex   5.606456e+01 -7.757213e+01 7.178359e+01
      vertex   5.118660e+01 -8.102326e+01 7.122979e+01
      vertex   5.633945e+01 -7.804826e+01 7.122979e+01
    endloop
  endfacet
  facet normal 1.930219e-01 -3.343238e-01 9.224804e-01
    outer loop
      vertex   5.633945e+01 -7.804826e+01 7.122979e+01
      vertex   5.118660e+01 -8.102326e+01 7.122979e+01
      vertex   5.154653e+01 -8.164668e+01 7.092853e+01
    endloop
  endfacet
  facet normal 1.930219e-01 -3.343238e-01 9.224804e-01
    outer loop
      vertex   5.633945e+01 -7.804826e+01 7.122979e+01
      vertex   5.154653e+01 -8.164668e+01 7.092853e+01
      vertex   5.669938e+01 -7.867168e+01 7.092853e+01
    endloop
  endfacet
  facet normal 1.820004e-03 -3.152339e-03 9.999934e-01
    outer loop
      vertex   5.669938e+01 -7.867168e+01 7.092853e+01
      vertex   5.154653e+01 -8.164668e+01 7.092853e+01
      vertex   5.193671e+01 -8.232249e+01 7.092569e+01
    endloop
  endfacet
  facet normal 1.820004e-03 -3.152339e-03 9.999934e-01
    outer loop
      vertex   5.669938e+01 -7.867168e+01 7.092853e+01
      vertex   5.193671e+01 -8.232249e+01 7.092569e+01
      vertex   5.708956e+01 -7.934749e+01 7.092569e+01
    endloop
  endfacet
  facet normal -1.896590e-01 3.284990e-01 9.252664e-01
    outer loop
      vertex   5.708956e+01 -7.934749e+01 7.092569e+01
      vertex   5.193671e+01 -8.232249e+01 7.092569e+01
      vertex   5.229773e+01 -8.294779e+01 7.122170e+01
    endloop
  endfacet
  facet normal -1.896590e-01 3.284990e-01 9.252664e-01
    outer loop
      vertex   5.708956e+01 -7.934749e+01 7.092569e+01
      vertex   5.229773e+01 -8.294779e+01 7.122170e+01
      vertex   5.745058e+01 -7.997279e+01 7.122170e+01
    endloop
  endfacet
  facet normal -3.522641e-01 6.101393e-01 7.096760e-01
    outer loop
      vertex   5.745058e+01 -7.997279e+01 7.122170e+01
      vertex   5.229773e+01 -8.294779e+01 7.122170e+01
      vertex   5.257463e+01 -8.342740e+01 7.177148e+01
    endloop
  endfacet
  facet normal -3.522641e-01 6.101393e-01 7.096760e-01
    outer loop
      vertex   5.745058e+01 -7.997279e+01 7.122170e+01
      vertex   5.257463e+01 -8.342740e+01 7.177148e+01
      vertex   5.772749e+01 -8.045240e+01 7.177148e+01
    endloop
  endfacet
  facet normal -4.612402e-01 7.988915e-01 3.860438e-01
    outer loop
      vertex   5.772749e+01 -8.045240e+01 7.177148e+01
      vertex   5.257463e+01 -8.342740e+01 7.177148e+01
      vertex   5.272526e+01 -8.368830e+01 7.249135e+01
    endloop
  endfacet
  facet normal -4.612402e-01 7.988915e-01 3.860438e-01
    outer loop
      vertex   5.772749e+01 -8.045240e+01 7.177148e+01
      vertex   5.272526e+01 -8.368830e+01 7.249135e+01
      vertex   5.787811e+01 -8.071330e+01 7.249135e+01
    endloop
  endfacet
  facet normal -4.999967e-01 8.660197e-01 3.640008e-03
    outer loop
      vertex   5.787811e+01 -8.071330e+01 7.249135e+01
      vertex   5.272526e+01 -8.368830e+01 7.249135e+01
      vertex   5.272668e+01 -8.369076e+01 7.327171e+01
    endloop
  endfacet
  facet normal -4.999967e-01 8.660197e-01 3.640008e-03
    outer loop
      vertex   5.787811e+01 -8.071330e+01 7.249135e+01
      vertex   5.272668e+01 -8.369076e+01 7.327171e+01
      vertex   5.787953e+01 -8.071576e+01 7.327171e+01
    endloop
  endfacet
  facet normal -4.626332e-01 8.013042e-01 -3.793180e-01
    outer loop
      vertex   5.787953e+01 -8.071576e+01 7.327171e+01
      vertex   5.272668e+01 -8.369076e+01 7.327171e+01
      vertex   5.257868e+01 -8.343441e+01 7.399375e+01
    endloop
  endfacet
  facet normal -4.626332e-01 8.013042e-01 -3.793180e-01
    outer loop
      vertex   5.787953e+01 -8.071576e+01 7.327171e+01
      vertex   5.257868e+01 -8.343441e+01 7.399375e+01
      vertex   5.773153e+01 -8.045941e+01 7.399375e+01
    endloop
  endfacet
  facet normal -3.548380e-01 6.145974e-01 -7.045282e-01
    outer loop
      vertex   5.773153e+01 -8.045941e+01 7.399375e+01
      vertex   5.257868e+01 -8.343441e+01 7.399375e+01
      vertex   5.230379e+01 -8.295828e+01 7.454755e+01
    endloop
  endfacet
  facet normal -3.548380e-01 6.145974e-01 -7.045282e-01
    outer loop
      vertex   5.773153e+01 -8.045941e+01 7.399375e+01
      vertex   5.230379e+01 -8.295828e+01 7.454755e+01
      vertex   5.745664e+01 -7.998328e+01 7.454755e+01
    endloop
  endfacet
  facet normal -1.930219e-01 3.343238e-01 -9.224804e-01
    outer loop
      vertex   5.745664e+01 -7.998328e+01 7.454755e+01
      vertex   5.230379e+01 -8.295828e+01 7.454755e+01
      vertex   5.194385e+01 -8.233486e+01 7.484881e+01
    endloop
  endfacet
  facet normal -1.930219e-01 3.343238e-01 -9.224804e-01
    outer loop
      vertex   5.745664e+01 -7.998328e+01 7.454755e+01
      vertex   5.194385e+01 -8.233486e+01 7.484881e+01
      vertex   5.709670e+01 -7.935986e+01 7.484881e+01
    endloop
  endfacet
  facet normal -1.820004e-03 3.152339e-03 -9.999934e-01
    outer loop
      vertex   5.709670e+01 -7.935986e+01 7.484881e+01
      vertex   5.194385e+01 -8.233486e+01 7.484881e+01
      vertex   5.155367e+01 -8.165905e+01 7.485165e+01
    endloop
  endfacet
  facet normal -1.820004e-03 3.152339e-03 -9.999934e-01
    outer loop
      vertex   5.709670e+01 -7.935986e+01 7.484881e+01
      vertex   5.155367e+01 -8.165905e+01 7.485165e+01
      vertex   5.670653e+01 -7.868405e+01 7.485165e+01
    endloop
  endfacet
  facet normal 1.896590e-01 -3.284990e-01 -9.252664e-01
    outer loop
      vertex   5.670653e+01 -7.868405e+01 7.485165e+01
      vertex   5.155367e+01 -8.165905e+01 7.485165e+01
      vertex   5.119265e+01 -8.103374e+01 7.455564e+01
    endloop
  endfacet
  facet normal 1.896590e-01 -3.284990e-01 -9.252664e-01
    outer loop
      vertex   5.670653e+01 -7.868405e+01 7.485165e+01
      vertex   5.119265e+01 -8.103374e+01 7.455564e+01
      vertex   5.634550e+01 -7.805874e+01 7.455564e+01
    endloop
  endfacet
  facet normal 3.522641e-01 -6.101393e-01 -7.096760e-01
    outer loop
      vertex   5.634550e+01 -7.805874e+01 7.455564e+01
      vertex   5.119265e+01 -8.103374e+01 7.455564e+01
      vertex   5.091575e+01 -8.055413e+01 7.400586e+01
    endloop
  endfacet
  facet normal 3.522641e-01 -6.101393e-01 -7.096760e-01
    outer loop
      vertex   5.634550e+01 -7.805874e+01 7.455564e+01
      vertex   5.091575e+01 -8.055413e+01 7.400586e+01
      vertex   5.606860e+01 -7.757913e+01 7.400586e+01
    endloop
  endfacet
  facet normal 4.612402e-01 -7.988915e-01 -3.860438e-01
    outer loop
      vertex   5.606860e+01 -7.757913e+01 7.400586e+01
      vertex   5.091575e+01 -8.055413e+01 7.400586e+01
      vertex   5.076512e+01 -8.029324e+01 7.328599e+01
    endloop
  endfacet
  facet normal -4.769371e-01 8.260793e-01 -3.002066e-01
    outer loop
      vertex   4.862897e+01 -7.659330e+01 7.167252e+01
      vertex   5.378182e+01 -7.361830e+01 7.167252e+01
      vertex   4.884240e+01 -7.696299e+01 7.031616e+01
    endloop
  endfacet
  facet normal -4.769371e-01 8.260793e-01 -3.002066e-01
    outer loop
      vertex   4.884240e+01 -7.696299e+01 7.031616e+01
      vertex   5.378182e+01 -7.361830e+01 7.167252e+01
      vertex   5.399526e+01 -7.398799e+01 7.031616e+01
    endloop
  endfacet
  facet normal -4.315782e-01 7.475153e-01 -5.049368e-01
    outer loop
      vertex   4.884240e+01 -7.696299e+01 7.031616e+01
      vertex   5.399526e+01 -7.398799e+01 7.031616e+01
      vertex   4.920140e+01 -7.758479e+01 6.908880e+01
    endloop
  endfacet
  facet normal -4.315782e-01 7.475153e-01 -5.049368e-01
    outer loop
      vertex   4.920140e+01 -7.758479e+01 6.908880e+01
      vertex   5.399526e+01 -7.398799e+01 7.031616e+01
      vertex   5.435425e+01 -7.460979e+01 6.908880e+01
    endloop
  endfacet
  facet normal -3.645781e-01 6.314678e-01 -6.843473e-01
    outer loop
      vertex   4.920140e+01 -7.758479e+01 6.908880e+01
      vertex   5.435425e+01 -7.460979e+01 6.908880e+01
      vertex   4.968796e+01 -7.842753e+01 6.805198e+01
    endloop
  endfacet
  facet normal -3.645781e-01 6.314678e-01 -6.843473e-01
    outer loop
      vertex   4.968796e+01 -7.842753e+01 6.805198e+01
      vertex   5.435425e+01 -7.460979e+01 6.908880e+01
      vertex   5.484081e+01 -7.545253e+01 6.805198e+01
    endloop
  endfacet
  facet normal -2.792966e-01 4.837558e-01 -8.294418e-01
    outer loop
      vertex   4.968796e+01 -7.842753e+01 6.805198e+01
      vertex   5.484081e+01 -7.545253e+01 6.805198e+01
      vertex   5.027767e+01 -7.944894e+01 6.725769e+01
    endloop
  endfacet
  facet normal -2.792966e-01 4.837558e-01 -8.294418e-01
    outer loop
      vertex   5.027767e+01 -7.944894e+01 6.725769e+01
      vertex   5.484081e+01 -7.545253e+01 6.805198e+01
      vertex   5.543052e+01 -7.647394e+01 6.725769e+01
    endloop
  endfacet
  facet normal -1.800099e-01 3.117863e-01 -9.329446e-01
    outer loop
      vertex   5.027767e+01 -7.944894e+01 6.725769e+01
      vertex   5.543052e+01 -7.647394e+01 6.725769e+01
      vertex   5.094097e+01 -8.059781e+01 6.674576e+01
    endloop
  endfacet
  facet normal -1.800099e-01 3.117863e-01 -9.329446e-01
    outer loop
      vertex   5.094097e+01 -8.059781e+01 6.674576e+01
      vertex   5.543052e+01 -7.647394e+01 6.725769e+01
      vertex   5.609382e+01 -7.762281e+01 6.674576e+01
    endloop
  endfacet
  facet normal -7.169684e-02 1.241826e-01 -9.896657e-01
    outer loop
      vertex   5.094097e+01 -8.059781e+01 6.674576e+01
      vertex   5.609382e+01 -7.762281e+01 6.674576e+01
      vertex   5.164459e+01 -8.181653e+01 6.654186e+01
    endloop
  endfacet
  facet normal -7.169684e-02 1.241826e-01 -9.896657e-01
    outer loop
      vertex   5.164459e+01 -8.181653e+01 6.654186e+01
      vertex   5.609382e+01 -7.762281e+01 6.674576e+01
      vertex   5.679745e+01 -7.884153e+01 6.654186e+01
    endloop
  endfacet
  facet normal 4.021142e-02 -6.964822e-02 -9.967608e-01
    outer loop
      vertex   5.164459e+01 -8.181653e+01 6.654186e+01
      vertex   5.679745e+01 -7.884153e+01 6.654186e+01
      vertex   5.235327e+01 -8.304398e+01 6.665622e+01
    endloop
  endfacet
  facet normal 4.021142e-02 -6.964822e-02 -9.967608e-01
    outer loop
      vertex   5.235327e+01 -8.304398e+01 6.665622e+01
      vertex   5.679745e+01 -7.884153e+01 6.654186e+01
      vertex   5.750612e+01 -8.006898e+01 6.665622e+01
    endloop
  endfacet
  facet normal 1.501033e-01 -2.599866e-01 -9.538742e-01
    outer loop
      vertex   5.235327e+01 -8.304398e+01 6.665622e+01
      vertex   5.750612e+01 -8.006898e+01 6.665622e+01
      vertex   5.303145e+01 -8.421862e+01 6.708309e+01
    endloop
  endfacet
  facet normal 1.501033e-01 -2.599866e-01 -9.538742e-01
    outer loop
      vertex   5.303145e+01 -8.421862e+01 6.708309e+01
      vertex   5.750612e+01 -8.006898e+01 6.665622e+01
      vertex   5.818430e+01 -8.124362e+01 6.708309e+01
    endloop
  endfacet
  facet normal 2.524684e-01 -4.372881e-01 -8.631563e-01
    outer loop
      vertex   5.303145e+01 -8.421862e+01 6.708309e+01
      vertex   5.818430e+01 -8.124362e+01 6.708309e+01
      vertex   5.364513e+01 -8.528155e+01 6.780109e+01
    endloop
  endfacet
  facet normal 2.524684e-01 -4.372881e-01 -8.631563e-01
    outer loop
      vertex   5.364513e+01 -8.528155e+01 6.780109e+01
      vertex   5.818430e+01 -8.124362e+01 6.708309e+01
      vertex   5.879798e+01 -8.230655e+01 6.780109e+01
    endloop
  endfacet
  facet normal 3.421737e-01 -5.926622e-01 -7.291562e-01
    outer loop
      vertex   5.364513e+01 -8.528155e+01 6.780109e+01
      vertex   5.879798e+01 -8.230655e+01 6.780109e+01
      vertex   5.416354e+01 -8.617947e+01 6.877420e+01
    endloop
  endfacet
  facet normal 3.421737e-01 -5.926622e-01 -7.291562e-01
    outer loop
      vertex   5.416354e+01 -8.617947e+01 6.877420e+01
      vertex   5.879798e+01 -8.230655e+01 6.780109e+01
      vertex   5.931639e+01 -8.320447e+01 6.877420e+01
    endloop
  endfacet
  facet normal 4.147209e-01 -7.183177e-01 -5.585931e-01
    outer loop
      vertex   5.416354e+01 -8.617947e+01 6.877420e+01
      vertex   5.931639e+01 -8.320447e+01 6.877420e+01
      vertex   5.456068e+01 -8.686734e+01 6.995362e+01
    endloop
  endfacet
  facet normal 4.147209e-01 -7.183177e-01 -5.585931e-01
    outer loop
      vertex   5.456068e+01 -8.686734e+01 6.995362e+01
      vertex   5.931639e+01 -8.320447e+01 6.877420e+01
      vertex   5.971354e+01 -8.389234e+01 6.995362e+01
    endloop
  endfacet
  facet normal 4.664723e-01 -8.079538e-01 -3.600198e-01
    outer loop
      vertex   5.456068e+01 -8.686734e+01 6.995362e+01
      vertex   5.971354e+01 -8.389234e+01 6.995362e+01
      vertex   5.481665e+01 -8.731069e+01 7.128022e+01
    endloop
  endfacet
  facet normal 4.664723e-01 -8.079538e-01 -3.600198e-01
    outer loop
      vertex   5.481665e+01 -8.731069e+01 7.128022e+01
      vertex   5.971354e+01 -8.389234e+01 6.995362e+01
      vertex   5.996950e+01 -8.433569e+01 7.128022e+01
    endloop
  endfacet
  facet normal 4.948329e-01 -8.570757e-01 -1.433937e-01
    outer loop
      vertex   5.481665e+01 -8.731069e+01 7.128022e+01
      vertex   5.996950e+01 -8.433569e+01 7.128022e+01
      vertex   5.491860e+01 -8.748727e+01 7.268747e+01
    endloop
  endfacet
  facet normal 4.948329e-01 -8.570757e-01 -1.433937e-01
    outer loop
      vertex   5.491860e+01 -8.748727e+01 7.268747e+01
      vertex   5.996950e+01 -8.433569e+01 7.128022e+01
      vertex   6.007145e+01 -8.451227e+01 7.268747e+01
    endloop
  endfacet
  facet normal 4.983804e-01 -8.632202e-01 8.042284e-02
    outer loop
      vertex   5.491860e+01 -8.748727e+01 7.268747e+01
      vertex   6.007145e+01 -8.451227e+01 7.268747e+01
      vertex   5.486142e+01 -8.738823e+01 7.410482e+01
    endloop
  endfacet
  facet normal 4.983804e-01 -8.632202e-01 8.042284e-02
    outer loop
      vertex   5.486142e+01 -8.738823e+01 7.410482e+01
      vertex   6.007145e+01 -8.451227e+01 7.268747e+01
      vertex   6.001427e+01 -8.441323e+01 7.410482e+01
    endloop
  endfacet
  facet normal 8.661568e-01 4.997723e-01 5.129457e-05
    outer loop
      vertex   4.573949e+01 -6.183682e+01 1.605438e+02
      vertex   4.682183e+01 -6.371280e+01 1.621840e+02
      vertex   4.609862e+01 -6.245886e+01 1.568628e+02
    endloop
  endfacet
  facet normal 8.661568e-01 4.997723e-01 5.129457e-05
    outer loop
      vertex   4.609862e+01 -6.245886e+01 1.568628e+02
      vertex   4.682183e+01 -6.371280e+01 1.621840e+02
      vertex   4.725549e+01 -6.446437e+01 1.621808e+02
    endloop
  endfacet
  facet normal 8.661568e-01 4.997723e-01 5.129457e-05
    outer loop
      vertex   4.609862e+01 -6.245886e+01 1.568628e+02
      vertex   4.725549e+01 -6.446437e+01 1.621808e+02
      vertex   4.932707e+01 -6.805423e+01 1.581234e+02
    endloop
  endfacet
  facet normal 8.661568e-01 4.997723e-01 5.129457e-05
    outer loop
      vertex   4.932707e+01 -6.805423e+01 1.581234e+02
      vertex   4.725549e+01 -6.446437e+01 1.621808e+02
      vertex   4.765673e+01 -6.515979e+01 1.625100e+02
    endloop
  endfacet
  facet normal 8.661568e-01 4.997723e-01 5.129457e-05
    outer loop
      vertex   4.932707e+01 -6.805423e+01 1.581234e+02
      vertex   4.765673e+01 -6.515979e+01 1.625100e+02
      vertex   4.896794e+01 -6.743219e+01 1.618043e+02
    endloop
  endfacet
  facet normal 8.661568e-01 4.997723e-01 5.129457e-05
    outer loop
      vertex   4.896794e+01 -6.743219e+01 1.618043e+02
      vertex   4.765673e+01 -6.515979e+01 1.625100e+02
      vertex   4.796446e+01 -6.569318e+01 1.631213e+02
    endloop
  endfacet
  facet normal 8.661568e-01 4.997723e-01 5.129457e-05
    outer loop
      vertex   4.896794e+01 -6.743219e+01 1.618043e+02
      vertex   4.796446e+01 -6.569318e+01 1.631213e+02
      vertex   4.813183e+01 -6.598334e+01 1.639217e+02
    endloop
  endfacet
  facet normal 8.661568e-01 4.997723e-01 5.129457e-05
    outer loop
      vertex   4.529083e+01 -6.105933e+01 1.613464e+02
      vertex   4.611622e+01 -6.249001e+01 1.631348e+02
      vertex   4.573949e+01 -6.183682e+01 1.605438e+02
    endloop
  endfacet
  facet normal 8.661568e-01 4.997723e-01 5.129457e-05
    outer loop
      vertex   4.573949e+01 -6.183682e+01 1.605438e+02
      vertex   4.611622e+01 -6.249001e+01 1.631348e+02
      vertex   4.642178e+01 -6.301950e+01 1.625190e+02
    endloop
  endfacet
  facet normal 8.661568e-01 4.997723e-01 5.129457e-05
    outer loop
      vertex   4.573949e+01 -6.183682e+01 1.605438e+02
      vertex   4.642178e+01 -6.301950e+01 1.625190e+02
      vertex   4.682183e+01 -6.371280e+01 1.621840e+02
    endloop
  endfacet
  facet normal 8.661568e-01 4.997723e-01 5.129457e-05
    outer loop
      vertex   4.529083e+01 -6.105933e+01 1.613464e+02
      vertex   4.496091e+01 -6.048766e+01 1.623535e+02
      vertex   4.611622e+01 -6.249001e+01 1.631348e+02
    endloop
  endfacet
  facet normal 8.661568e-01 4.997723e-01 5.129457e-05
    outer loop
      vertex   4.611622e+01 -6.249001e+01 1.631348e+02
      vertex   4.496091e+01 -6.048766e+01 1.623535e+02
      vertex   4.595169e+01 -6.220494e+01 1.639376e+02
    endloop
  endfacet
  facet normal 8.661568e-01 4.997723e-01 5.129457e-05
    outer loop
      vertex   4.595169e+01 -6.220494e+01 1.639376e+02
      vertex   4.496091e+01 -6.048766e+01 1.623535e+02
      vertex   4.477210e+01 -6.016054e+01 1.634969e+02
    endloop
  endfacet
  facet normal 8.661568e-01 4.997723e-01 5.129457e-05
    outer loop
      vertex   4.595169e+01 -6.220494e+01 1.639376e+02
      vertex   4.477210e+01 -6.016054e+01 1.634969e+02
      vertex   4.473719e+01 -6.010016e+01 1.646990e+02
    endloop
  endfacet
  facet normal 8.661568e-01 4.997723e-01 5.129457e-05
    outer loop
      vertex   4.595169e+01 -6.220494e+01 1.639376e+02
      vertex   4.473719e+01 -6.010016e+01 1.646990e+02
      vertex   4.595323e+01 -6.220770e+01 1.648053e+02
    endloop
  endfacet
  facet normal 8.661568e-01 4.997723e-01 5.129457e-05
    outer loop
      vertex   4.595323e+01 -6.220770e+01 1.648053e+02
      vertex   4.473719e+01 -6.010016e+01 1.646990e+02
      vertex   4.485855e+01 -6.031061e+01 1.658784e+02
    endloop
  endfacet
  facet normal 8.661568e-01 4.997723e-01 5.129457e-05
    outer loop
      vertex   4.595323e+01 -6.220770e+01 1.648053e+02
      vertex   4.485855e+01 -6.031061e+01 1.658784e+02
      vertex   4.512796e+01 -6.077763e+01 1.669551e+02
    endloop
  endfacet
  facet normal 8.661568e-01 4.997723e-01 5.129457e-05
    outer loop
      vertex   4.595323e+01 -6.220770e+01 1.648053e+02
      vertex   4.512796e+01 -6.077763e+01 1.669551e+02
      vertex   4.612061e+01 -6.249786e+01 1.656058e+02
    endloop
  endfacet
  facet normal 8.661568e-01 4.997723e-01 5.129457e-05
    outer loop
      vertex   4.612061e+01 -6.249786e+01 1.656058e+02
      vertex   4.512796e+01 -6.077763e+01 1.669551e+02
      vertex   4.552714e+01 -6.146955e+01 1.678561e+02
    endloop
  endfacet
  facet normal 8.661568e-01 4.997723e-01 5.129457e-05
    outer loop
      vertex   4.612061e+01 -6.249786e+01 1.656058e+02
      vertex   4.552714e+01 -6.146955e+01 1.678561e+02
      vertex   4.642834e+01 -6.303125e+01 1.662171e+02
    endloop
  endfacet
  facet normal 8.661568e-01 4.997723e-01 5.129457e-05
    outer loop
      vertex   4.642834e+01 -6.303125e+01 1.662171e+02
      vertex   4.552714e+01 -6.146955e+01 1.678561e+02
      vertex   4.602905e+01 -6.233947e+01 1.685204e+02
    endloop
  endfacet
  facet normal 8.661568e-01 4.997723e-01 5.129457e-05
    outer loop
      vertex   4.642834e+01 -6.303125e+01 1.662171e+02
      vertex   4.602905e+01 -6.233947e+01 1.685204e+02
      vertex   4.682958e+01 -6.372667e+01 1.665462e+02
    endloop
  endfacet
  facet normal 8.661568e-01 4.997723e-01 5.129457e-05
    outer loop
      vertex   4.682958e+01 -6.372667e+01 1.665462e+02
      vertex   4.602905e+01 -6.233947e+01 1.685204e+02
      vertex   4.659965e+01 -6.332843e+01 1.689029e+02
    endloop
  endfacet
  facet normal 8.661568e-01 4.997723e-01 5.129457e-05
    outer loop
      vertex   4.682958e+01 -6.372667e+01 1.665462e+02
      vertex   4.659965e+01 -6.332843e+01 1.689029e+02
      vertex   4.720028e+01 -6.436939e+01 1.689777e+02
    endloop
  endfacet
  facet normal 8.661568e-01 4.997723e-01 5.129457e-05
    outer loop
      vertex   4.682958e+01 -6.372667e+01 1.665462e+02
      vertex   4.720028e+01 -6.436939e+01 1.689777e+02
      vertex   4.726323e+01 -6.447824e+01 1.665431e+02
    endloop
  endfacet
  facet normal 8.661568e-01 4.997723e-01 5.129457e-05
    outer loop
      vertex   4.726323e+01 -6.447824e+01 1.665431e+02
      vertex   4.720028e+01 -6.436939e+01 1.689777e+02
      vertex   4.779021e+01 -6.539178e+01 1.687397e+02
    endloop
  endfacet
  facet normal 8.661568e-01 4.997723e-01 5.129457e-05
    outer loop
      vertex   4.726323e+01 -6.447824e+01 1.665431e+02
      vertex   4.779021e+01 -6.539178e+01 1.687397e+02
      vertex   4.766329e+01 -6.517154e+01 1.662081e+02
    endloop
  endfacet
  facet normal 8.661568e-01 4.997723e-01 5.129457e-05
    outer loop
      vertex   4.766329e+01 -6.517154e+01 1.662081e+02
      vertex   4.779021e+01 -6.539178e+01 1.687397e+02
      vertex   4.832947e+01 -6.632630e+01 1.682051e+02
    endloop
  endfacet
  facet normal 8.661568e-01 4.997723e-01 5.129457e-05
    outer loop
      vertex   4.766329e+01 -6.517154e+01 1.662081e+02
      vertex   4.832947e+01 -6.632630e+01 1.682051e+02
      vertex   4.796884e+01 -6.570104e+01 1.655923e+02
    endloop
  endfacet
  facet normal 8.661568e-01 4.997723e-01 5.129457e-05
    outer loop
      vertex   4.796884e+01 -6.570104e+01 1.655923e+02
      vertex   4.832947e+01 -6.632630e+01 1.682051e+02
      vertex   4.878148e+01 -6.710961e+01 1.674101e+02
    endloop
  endfacet
  facet normal 8.661568e-01 4.997723e-01 5.129457e-05
    outer loop
      vertex   4.796884e+01 -6.570104e+01 1.655923e+02
      vertex   4.878148e+01 -6.710961e+01 1.674101e+02
      vertex   4.911562e+01 -6.768861e+01 1.664085e+02
    endloop
  endfacet
  facet normal 8.661568e-01 4.997723e-01 5.129457e-05
    outer loop
      vertex   4.796884e+01 -6.570104e+01 1.655923e+02
      vertex   4.911562e+01 -6.768861e+01 1.664085e+02
      vertex   4.813337e+01 -6.598610e+01 1.647894e+02
    endloop
  endfacet
  facet normal 8.661568e-01 4.997723e-01 5.129457e-05
    outer loop
      vertex   4.813337e+01 -6.598610e+01 1.647894e+02
      vertex   4.911562e+01 -6.768861e+01 1.664085e+02
      vertex   4.930924e+01 -6.802404e+01 1.652684e+02
    endloop
  endfacet
  facet normal 8.661568e-01 4.997723e-01 5.129457e-05
    outer loop
      vertex   4.813337e+01 -6.598610e+01 1.647894e+02
      vertex   4.930924e+01 -6.802404e+01 1.652684e+02
      vertex   4.934920e+01 -6.809318e+01 1.640669e+02
    endloop
  endfacet
  facet normal 8.661568e-01 4.997723e-01 5.129457e-05
    outer loop
      vertex   4.813337e+01 -6.598610e+01 1.647894e+02
      vertex   4.934920e+01 -6.809318e+01 1.640669e+02
      vertex   4.813183e+01 -6.598334e+01 1.639217e+02
    endloop
  endfacet
  facet normal 8.661568e-01 4.997723e-01 5.129457e-05
    outer loop
      vertex   4.813183e+01 -6.598334e+01 1.639217e+02
      vertex   4.934920e+01 -6.809318e+01 1.640669e+02
      vertex   4.923280e+01 -6.789134e+01 1.628855e+02
    endloop
  endfacet
  facet normal 8.661568e-01 4.997723e-01 5.129457e-05
    outer loop
      vertex   4.813183e+01 -6.598334e+01 1.639217e+02
      vertex   4.923280e+01 -6.789134e+01 1.628855e+02
      vertex   4.896794e+01 -6.743219e+01 1.618043e+02
    endloop
  endfacet
  facet normal -9.575948e-02 1.658603e-01 9.814889e-01
    outer loop
      vertex   4.609862e+01 -6.245886e+01 1.568628e+02
      vertex   4.932707e+01 -6.805423e+01 1.581234e+02
      vertex   4.721211e+01 -6.261666e+01 1.569981e+02
    endloop
  endfacet
  facet normal -9.575948e-02 1.658603e-01 9.814889e-01
    outer loop
      vertex   4.721211e+01 -6.261666e+01 1.569981e+02
      vertex   4.932707e+01 -6.805423e+01 1.581234e+02
      vertex   4.974772e+01 -6.701124e+01 1.579882e+02
    endloop
  endfacet
  facet normal -9.575948e-02 1.658603e-01 9.814889e-01
    outer loop
      vertex   4.721211e+01 -6.261666e+01 1.569981e+02
      vertex   4.974772e+01 -6.701124e+01 1.579882e+02
      vertex   4.822386e+01 -6.309339e+01 1.571774e+02
    endloop
  endfacet
  facet normal -9.575948e-02 1.658603e-01 9.814889e-01
    outer loop
      vertex   4.822386e+01 -6.309339e+01 1.571774e+02
      vertex   4.974772e+01 -6.701124e+01 1.579882e+02
      vertex   4.984133e+01 -6.589671e+01 1.578090e+02
    endloop
  endfacet
  facet normal -9.575948e-02 1.658603e-01 9.814889e-01
    outer loop
      vertex   4.822386e+01 -6.309339e+01 1.571774e+02
      vertex   4.984133e+01 -6.589671e+01 1.578090e+02
      vertex   4.904398e+01 -6.384671e+01 1.573847e+02
    endloop
  endfacet
  facet normal -9.575948e-02 1.658603e-01 9.814889e-01
    outer loop
      vertex   4.904398e+01 -6.384671e+01 1.573847e+02
      vertex   4.984133e+01 -6.589671e+01 1.578090e+02
      vertex   4.959959e+01 -6.480967e+01 1.576017e+02
    endloop
  endfacet
  facet normal 6.142565e-01 -7.663688e-01 1.880633e-01
    outer loop
      vertex   4.977604e+01 -7.039190e+01 1.483736e+02
      vertex   4.836033e+01 -6.821295e+01 1.618770e+02
      vertex   4.888869e+01 -7.109520e+01 1.484059e+02
    endloop
  endfacet
  facet normal 5.993722e-01 -7.776219e-01 1.898872e-01
    outer loop
      vertex   4.888869e+01 -7.109520e+01 1.484059e+02
      vertex   4.836033e+01 -6.821295e+01 1.618770e+02
      vertex   4.757196e+01 -6.881456e+01 1.619017e+02
    endloop
  endfacet
  facet normal 3.732599e-01 -9.080886e-01 1.898738e-01
    outer loop
      vertex   4.888869e+01 -7.109520e+01 1.484059e+02
      vertex   4.757196e+01 -6.881456e+01 1.619017e+02
      vertex   4.665658e+01 -6.919601e+01 1.618769e+02
    endloop
  endfacet
  facet normal 7.873022e-01 -5.903729e-01 1.778064e-01
    outer loop
      vertex   4.836033e+01 -6.821295e+01 1.618770e+02
      vertex   4.977604e+01 -7.039190e+01 1.483736e+02
      vertex   4.932707e+01 -6.805423e+01 1.581234e+02
    endloop
  endfacet
  facet normal 8.180484e-01 -5.496209e-01 1.694512e-01
    outer loop
      vertex   4.932707e+01 -6.805423e+01 1.581234e+02
      vertex   4.977604e+01 -7.039190e+01 1.483736e+02
      vertex   5.041892e+01 -6.946405e+01 1.482795e+02
    endloop
  endfacet
  facet normal 9.232287e-01 -3.525245e-01 1.528896e-01
    outer loop
      vertex   4.932707e+01 -6.805423e+01 1.581234e+02
      vertex   5.041892e+01 -6.946405e+01 1.482795e+02
      vertex   4.974772e+01 -6.701124e+01 1.579882e+02
    endloop
  endfacet
  facet normal 9.490072e-01 -2.837829e-01 1.373047e-01
    outer loop
      vertex   4.974772e+01 -6.701124e+01 1.579882e+02
      vertex   5.041892e+01 -6.946405e+01 1.482795e+02
      vertex   5.076022e+01 -6.839409e+01 1.481320e+02
    endloop
  endfacet
  facet normal 9.916582e-01 -6.543495e-02 1.110511e-01
    outer loop
      vertex   4.974772e+01 -6.701124e+01 1.579882e+02
      vertex   5.076022e+01 -6.839409e+01 1.481320e+02
      vertex   4.984133e+01 -6.589671e+01 1.578090e+02
    endloop
  endfacet
  facet normal 9.956697e-01 7.223665e-03 9.268060e-02
    outer loop
      vertex   4.984133e+01 -6.589671e+01 1.578090e+02
      vertex   5.076022e+01 -6.839409e+01 1.481320e+02
      vertex   5.076960e+01 -6.727709e+01 1.479442e+02
    endloop
  endfacet
  facet normal 9.719474e-01 2.275157e-01 5.962275e-02
    outer loop
      vertex   4.984133e+01 -6.589671e+01 1.578090e+02
      vertex   5.076960e+01 -6.727709e+01 1.479442e+02
      vertex   4.959959e+01 -6.480967e+01 1.576017e+02
    endloop
  endfacet
  facet normal 9.538896e-01 2.975414e-01 3.954395e-02
    outer loop
      vertex   4.959959e+01 -6.480967e+01 1.576017e+02
      vertex   5.076960e+01 -6.727709e+01 1.479442e+02
      vertex   5.044623e+01 -6.621230e+01 1.477327e+02
    endloop
  endfacet
  facet normal 8.658477e-01 5.002975e-01 3.174110e-03
    outer loop
      vertex   4.959959e+01 -6.480967e+01 1.576017e+02
      vertex   5.044623e+01 -6.621230e+01 1.477327e+02
      vertex   4.904398e+01 -6.384671e+01 1.573847e+02
    endloop
  endfacet
  facet normal 8.273793e-01 5.613745e-01 -1.738382e-02
    outer loop
      vertex   4.904398e+01 -6.384671e+01 1.573847e+02
      vertex   5.044623e+01 -6.621230e+01 1.477327e+02
      vertex   4.981885e+01 -6.529434e+01 1.475164e+02
    endloop
  endfacet
  facet normal 6.827867e-01 7.286726e-01 -5.327909e-02
    outer loop
      vertex   4.904398e+01 -6.384671e+01 1.573847e+02
      vertex   4.981885e+01 -6.529434e+01 1.475164e+02
      vertex   4.822386e+01 -6.309339e+01 1.571774e+02
    endloop
  endfacet
  facet normal 6.273798e-01 7.752800e-01 -7.304444e-02
    outer loop
      vertex   4.822386e+01 -6.309339e+01 1.571774e+02
      vertex   4.981885e+01 -6.529434e+01 1.475164e+02
      vertex   4.894320e+01 -6.460477e+01 1.473144e+02
    endloop
  endfacet
  facet normal 4.390299e-01 8.923488e-01 -1.047207e-01
    outer loop
      vertex   4.822386e+01 -6.309339e+01 1.571774e+02
      vertex   4.894320e+01 -6.460477e+01 1.473144e+02
      vertex   4.721211e+01 -6.261666e+01 1.569981e+02
    endloop
  endfacet
  facet normal 3.716619e-01 9.202516e-01 -1.224922e-01
    outer loop
      vertex   4.721211e+01 -6.261666e+01 1.569981e+02
      vertex   4.894320e+01 -6.460477e+01 1.473144e+02
      vertex   4.789709e+01 -6.420486e+01 1.471448e+02
    endloop
  endfacet
  facet normal 1.562364e-01 9.767827e-01 -1.465800e-01
    outer loop
      vertex   4.721211e+01 -6.261666e+01 1.569981e+02
      vertex   4.789709e+01 -6.420486e+01 1.471448e+02
      vertex   4.609862e+01 -6.245886e+01 1.568628e+02
    endloop
  endfacet
  facet normal 8.294733e-02 9.834080e-01 -1.613335e-01
    outer loop
      vertex   4.609862e+01 -6.245886e+01 1.568628e+02
      vertex   4.789709e+01 -6.420486e+01 1.471448e+02
      vertex   4.677347e+01 -6.413014e+01 1.470225e+02
    endloop
  endfacet
  facet normal -2.894174e-02 9.851394e-01 -1.693009e-01
    outer loop
      vertex   4.609862e+01 -6.245886e+01 1.568628e+02
      vertex   4.677347e+01 -6.413014e+01 1.470225e+02
      vertex   4.573949e+01 -6.183682e+01 1.605438e+02
    endloop
  endfacet
  facet normal -1.218951e-01 9.769889e-01 -1.750267e-01
    outer loop
      vertex   4.573949e+01 -6.183682e+01 1.605438e+02
      vertex   4.677347e+01 -6.413014e+01 1.470225e+02
      vertex   4.475946e+01 -6.197213e+01 1.604711e+02
    endloop
  endfacet
  facet normal -2.131382e-01 9.591860e-01 -1.858343e-01
    outer loop
      vertex   4.475946e+01 -6.197213e+01 1.604711e+02
      vertex   4.677347e+01 -6.413014e+01 1.470225e+02
      vertex   4.567217e+01 -6.438726e+01 1.469585e+02
    endloop
  endfacet
  facet normal -3.734807e-01 9.084703e-01 -1.876002e-01
    outer loop
      vertex   4.475946e+01 -6.197213e+01 1.604711e+02
      vertex   4.567217e+01 -6.438726e+01 1.469585e+02
      vertex   4.384407e+01 -6.235358e+01 1.604462e+02
    endloop
  endfacet
  facet normal -4.902146e-01 8.496122e-01 -1.945476e-01
    outer loop
      vertex   4.384407e+01 -6.235358e+01 1.604462e+02
      vertex   4.567217e+01 -6.438726e+01 1.469585e+02
      vertex   4.469106e+01 -6.495336e+01 1.469585e+02
    endloop
  endfacet
  facet normal -5.995924e-01 7.780039e-01 -1.876136e-01
    outer loop
      vertex   4.384407e+01 -6.235358e+01 1.604462e+02
      vertex   4.469106e+01 -6.495336e+01 1.469585e+02
      vertex   4.305571e+01 -6.295519e+01 1.604710e+02
    endloop
  endfacet
  facet normal -7.237445e-01 6.645662e-01 -1.858645e-01
    outer loop
      vertex   4.305571e+01 -6.295519e+01 1.604710e+02
      vertex   4.469106e+01 -6.495336e+01 1.469585e+02
      vertex   4.391730e+01 -6.577815e+01 1.470223e+02
    endloop
  endfacet
  facet normal -7.848216e-01 5.944804e-01 -1.750660e-01
    outer loop
      vertex   4.305571e+01 -6.295519e+01 1.604710e+02
      vertex   4.391730e+01 -6.577815e+01 1.470223e+02
      vertex   4.244809e+01 -6.373595e+01 1.605436e+02
    endloop
  endfacet
  facet normal -8.383975e-01 5.180835e-01 -1.693488e-01
    outer loop
      vertex   4.244809e+01 -6.373595e+01 1.605436e+02
      vertex   4.391730e+01 -6.577815e+01 1.470223e+02
      vertex   4.280723e+01 -6.435799e+01 1.568626e+02
    endloop
  endfacet
  facet normal -8.928947e-01 4.203473e-01 -1.613913e-01
    outer loop
      vertex   4.280723e+01 -6.435799e+01 1.568626e+02
      vertex   4.391730e+01 -6.577815e+01 1.470223e+02
      vertex   4.341966e+01 -6.678834e+01 1.471445e+02
    endloop
  endfacet
  facet normal -9.238380e-01 3.535800e-01 -1.466440e-01
    outer loop
      vertex   4.280723e+01 -6.435799e+01 1.568626e+02
      vertex   4.341966e+01 -6.678834e+01 1.471445e+02
      vertex   4.238658e+01 -6.540099e+01 1.569979e+02
    endloop
  endfacet
  facet normal -9.827085e-01 1.387801e-01 -1.225724e-01
    outer loop
      vertex   4.238658e+01 -6.540099e+01 1.569979e+02
      vertex   4.341966e+01 -6.678834e+01 1.471445e+02
      vertex   4.324234e+01 -6.789417e+01 1.473141e+02
    endloop
  endfacet
  facet normal -9.922675e-01 6.649039e-02 -1.048055e-01
    outer loop
      vertex   4.238658e+01 -6.540099e+01 1.569979e+02
      vertex   4.324234e+01 -6.789417e+01 1.473141e+02
      vertex   4.229297e+01 -6.651552e+01 1.571771e+02
    endloop
  endfacet
  facet normal -9.851773e-01 -1.551652e-01 -7.313994e-02
    outer loop
      vertex   4.229297e+01 -6.651552e+01 1.571771e+02
      vertex   4.324234e+01 -6.789417e+01 1.473141e+02
      vertex   4.340110e+01 -6.899738e+01 1.475160e+02
    endloop
  endfacet
  facet normal -9.725567e-01 -2.264603e-01 -5.337712e-02
    outer loop
      vertex   4.229297e+01 -6.651552e+01 1.571771e+02
      vertex   4.340110e+01 -6.899738e+01 1.475160e+02
      vertex   4.253471e+01 -6.760255e+01 1.573844e+02
    endloop
  endfacet
  facet normal -9.000817e-01 -4.353702e-01 -1.748612e-02
    outer loop
      vertex   4.253471e+01 -6.760255e+01 1.573844e+02
      vertex   4.340110e+01 -6.899738e+01 1.475160e+02
      vertex   4.388185e+01 -6.999995e+01 1.477323e+02
    endloop
  endfacet
  facet normal -8.664571e-01 -4.992421e-01 3.071522e-03
    outer loop
      vertex   4.253471e+01 -6.760255e+01 1.573844e+02
      vertex   4.388185e+01 -6.999995e+01 1.477323e+02
      vertex   4.309032e+01 -6.856551e+01 1.576013e+02
    endloop
  endfacet
  facet normal -7.349828e-01 -6.769376e-01 3.944394e-02
    outer loop
      vertex   4.309032e+01 -6.856551e+01 1.576013e+02
      vertex   4.388185e+01 -6.999995e+01 1.477323e+02
      vertex   4.464185e+01 -7.081280e+01 1.479438e+02
    endloop
  endfacet
  facet normal -6.833960e-01 -7.276171e-01 5.952472e-02
    outer loop
      vertex   4.309032e+01 -6.856551e+01 1.576013e+02
      vertex   4.464185e+01 -7.081280e+01 1.479438e+02
      vertex   4.391044e+01 -6.931883e+01 1.578086e+02
    endloop
  endfacet
  facet normal -5.045503e-01 -8.584030e-01 9.259176e-02
    outer loop
      vertex   4.391044e+01 -6.931883e+01 1.578086e+02
      vertex   4.464185e+01 -7.081280e+01 1.479438e+02
      vertex   4.561358e+01 -7.136369e+01 1.481317e+02
    endloop
  endfacet
  facet normal -4.396393e-01 -8.912933e-01 1.109664e-01
    outer loop
      vertex   4.391044e+01 -6.931883e+01 1.578086e+02
      vertex   4.561358e+01 -7.136369e+01 1.481317e+02
      vertex   4.492219e+01 -6.979556e+01 1.579879e+02
    endloop
  endfacet
  facet normal -2.292593e-01 -9.636424e-01 1.372349e-01
    outer loop
      vertex   4.492219e+01 -6.979556e+01 1.579879e+02
      vertex   4.561358e+01 -7.136369e+01 1.481317e+02
      vertex   4.671070e+01 -7.160369e+01 1.482793e+02
    endloop
  endfacet
  facet normal -1.568457e-01 -9.757273e-01 1.528256e-01
    outer loop
      vertex   4.492219e+01 -6.979556e+01 1.579879e+02
      vertex   4.671070e+01 -7.160369e+01 1.482793e+02
      vertex   4.603568e+01 -6.995336e+01 1.581232e+02
    endloop
  endfacet
  facet normal 6.642947e-02 -9.833049e-01 1.694067e-01
    outer loop
      vertex   4.603568e+01 -6.995336e+01 1.581232e+02
      vertex   4.671070e+01 -7.160369e+01 1.482793e+02
      vertex   4.783573e+01 -7.151146e+01 1.483735e+02
    endloop
  endfacet
  facet normal 1.032160e-01 -9.790504e-01 1.755185e-01
    outer loop
      vertex   4.603568e+01 -6.995336e+01 1.581232e+02
      vertex   4.783573e+01 -7.151146e+01 1.483735e+02
      vertex   4.567654e+01 -6.933132e+01 1.618041e+02
    endloop
  endfacet
  facet normal 1.215997e-01 -9.764781e-01 1.780564e-01
    outer loop
      vertex   4.567654e+01 -6.933132e+01 1.618041e+02
      vertex   4.783573e+01 -7.151146e+01 1.483735e+02
      vertex   4.665658e+01 -6.919601e+01 1.618769e+02
    endloop
  endfacet
  facet normal 3.560688e-01 -9.153431e-01 1.880480e-01
    outer loop
      vertex   4.665658e+01 -6.919601e+01 1.618769e+02
      vertex   4.783573e+01 -7.151146e+01 1.483735e+02
      vertex   4.888869e+01 -7.109520e+01 1.484059e+02
    endloop
  endfacet
  facet normal 7.846383e-01 -5.941615e-01 1.769601e-01
    outer loop
      vertex   4.932707e+01 -6.805423e+01 1.581234e+02
      vertex   4.896794e+01 -6.743219e+01 1.618043e+02
      vertex   4.836033e+01 -6.821295e+01 1.618770e+02
    endloop
  endfacet
  facet normal -8.661568e-01 -4.997723e-01 -5.129457e-05
    outer loop
      vertex   4.280723e+01 -6.435799e+01 1.568626e+02
      vertex   4.353044e+01 -6.561194e+01 1.621838e+02
      vertex   4.244809e+01 -6.373595e+01 1.605436e+02
    endloop
  endfacet
  facet normal -8.661568e-01 -4.997723e-01 -5.129457e-05
    outer loop
      vertex   4.244809e+01 -6.373595e+01 1.605436e+02
      vertex   4.353044e+01 -6.561194e+01 1.621838e+02
      vertex   4.313038e+01 -6.491863e+01 1.625188e+02
    endloop
  endfacet
  facet normal -8.661568e-01 -4.997723e-01 -5.129457e-05
    outer loop
      vertex   4.244809e+01 -6.373595e+01 1.605436e+02
      vertex   4.313038e+01 -6.491863e+01 1.625188e+02
      vertex   4.282483e+01 -6.438914e+01 1.631346e+02
    endloop
  endfacet
  facet normal -8.661568e-01 -4.997723e-01 -5.129457e-05
    outer loop
      vertex   4.353044e+01 -6.561194e+01 1.621838e+02
      vertex   4.280723e+01 -6.435799e+01 1.568626e+02
      vertex   4.396409e+01 -6.636351e+01 1.621806e+02
    endloop
  endfacet
  facet normal -8.661568e-01 -4.997723e-01 -5.129457e-05
    outer loop
      vertex   4.396409e+01 -6.636351e+01 1.621806e+02
      vertex   4.280723e+01 -6.435799e+01 1.568626e+02
      vertex   4.603568e+01 -6.995336e+01 1.581232e+02
    endloop
  endfacet
  facet normal -8.661568e-01 -4.997723e-01 -5.129457e-05
    outer loop
      vertex   4.396409e+01 -6.636351e+01 1.621806e+02
      vertex   4.603568e+01 -6.995336e+01 1.581232e+02
      vertex   4.436533e+01 -6.705893e+01 1.625098e+02
    endloop
  endfacet
  facet normal -8.661568e-01 -4.997723e-01 -5.129457e-05
    outer loop
      vertex   4.436533e+01 -6.705893e+01 1.625098e+02
      vertex   4.603568e+01 -6.995336e+01 1.581232e+02
      vertex   4.567654e+01 -6.933132e+01 1.618041e+02
    endloop
  endfacet
  facet normal -8.661568e-01 -4.997723e-01 -5.129457e-05
    outer loop
      vertex   4.436533e+01 -6.705893e+01 1.625098e+02
      vertex   4.567654e+01 -6.933132e+01 1.618041e+02
      vertex   4.467306e+01 -6.759232e+01 1.631211e+02
    endloop
  endfacet
  facet normal -8.661568e-01 -4.997723e-01 -5.129457e-05
    outer loop
      vertex   4.467306e+01 -6.759232e+01 1.631211e+02
      vertex   4.567654e+01 -6.933132e+01 1.618041e+02
      vertex   4.484044e+01 -6.788248e+01 1.639215e+02
    endloop
  endfacet
  facet normal -8.661568e-01 -4.997723e-01 -5.129457e-05
    outer loop
      vertex   4.484044e+01 -6.788248e+01 1.639215e+02
      vertex   4.567654e+01 -6.933132e+01 1.618041e+02
      vertex   4.594141e+01 -6.979047e+01 1.628853e+02
    endloop
  endfacet
  facet normal -8.661568e-01 -4.997723e-01 -5.129457e-05
    outer loop
      vertex   4.484044e+01 -6.788248e+01 1.639215e+02
      vertex   4.594141e+01 -6.979047e+01 1.628853e+02
      vertex   4.605780e+01 -6.999232e+01 1.640667e+02
    endloop
  endfacet
  facet normal -8.661568e-01 -4.997723e-01 -5.129457e-05
    outer loop
      vertex   4.484044e+01 -6.788248e+01 1.639215e+02
      vertex   4.605780e+01 -6.999232e+01 1.640667e+02
      vertex   4.484198e+01 -6.788524e+01 1.647893e+02
    endloop
  endfacet
  facet normal -8.661568e-01 -4.997723e-01 -5.129457e-05
    outer loop
      vertex   4.484198e+01 -6.788524e+01 1.647893e+02
      vertex   4.605780e+01 -6.999232e+01 1.640667e+02
      vertex   4.601784e+01 -6.992318e+01 1.652682e+02
    endloop
  endfacet
  facet normal -8.661568e-01 -4.997723e-01 -5.129457e-05
    outer loop
      vertex   4.484198e+01 -6.788524e+01 1.647893e+02
      vertex   4.601784e+01 -6.992318e+01 1.652682e+02
      vertex   4.582423e+01 -6.958774e+01 1.664083e+02
    endloop
  endfacet
  facet normal -8.661568e-01 -4.997723e-01 -5.129457e-05
    outer loop
      vertex   4.484198e+01 -6.788524e+01 1.647893e+02
      vertex   4.582423e+01 -6.958774e+01 1.664083e+02
      vertex   4.467745e+01 -6.760017e+01 1.655921e+02
    endloop
  endfacet
  facet normal -8.661568e-01 -4.997723e-01 -5.129457e-05
    outer loop
      vertex   4.467745e+01 -6.760017e+01 1.655921e+02
      vertex   4.582423e+01 -6.958774e+01 1.664083e+02
      vertex   4.549009e+01 -6.900875e+01 1.674099e+02
    endloop
  endfacet
  facet normal -8.661568e-01 -4.997723e-01 -5.129457e-05
    outer loop
      vertex   4.467745e+01 -6.760017e+01 1.655921e+02
      vertex   4.549009e+01 -6.900875e+01 1.674099e+02
      vertex   4.503807e+01 -6.822544e+01 1.682049e+02
    endloop
  endfacet
  facet normal -8.661568e-01 -4.997723e-01 -5.129457e-05
    outer loop
      vertex   4.467745e+01 -6.760017e+01 1.655921e+02
      vertex   4.503807e+01 -6.822544e+01 1.682049e+02
      vertex   4.437189e+01 -6.707068e+01 1.662079e+02
    endloop
  endfacet
  facet normal -8.661568e-01 -4.997723e-01 -5.129457e-05
    outer loop
      vertex   4.437189e+01 -6.707068e+01 1.662079e+02
      vertex   4.503807e+01 -6.822544e+01 1.682049e+02
      vertex   4.449882e+01 -6.729091e+01 1.687395e+02
    endloop
  endfacet
  facet normal -8.661568e-01 -4.997723e-01 -5.129457e-05
    outer loop
      vertex   4.437189e+01 -6.707068e+01 1.662079e+02
      vertex   4.449882e+01 -6.729091e+01 1.687395e+02
      vertex   4.397184e+01 -6.637737e+01 1.665429e+02
    endloop
  endfacet
  facet normal -8.661568e-01 -4.997723e-01 -5.129457e-05
    outer loop
      vertex   4.397184e+01 -6.637737e+01 1.665429e+02
      vertex   4.449882e+01 -6.729091e+01 1.687395e+02
      vertex   4.390888e+01 -6.626852e+01 1.689775e+02
    endloop
  endfacet
  facet normal -8.661568e-01 -4.997723e-01 -5.129457e-05
    outer loop
      vertex   4.397184e+01 -6.637737e+01 1.665429e+02
      vertex   4.390888e+01 -6.626852e+01 1.689775e+02
      vertex   4.353818e+01 -6.562580e+01 1.665460e+02
    endloop
  endfacet
  facet normal -8.661568e-01 -4.997723e-01 -5.129457e-05
    outer loop
      vertex   4.353818e+01 -6.562580e+01 1.665460e+02
      vertex   4.390888e+01 -6.626852e+01 1.689775e+02
      vertex   4.330826e+01 -6.522756e+01 1.689027e+02
    endloop
  endfacet
  facet normal -8.661568e-01 -4.997723e-01 -5.129457e-05
    outer loop
      vertex   4.353818e+01 -6.562580e+01 1.665460e+02
      vertex   4.330826e+01 -6.522756e+01 1.689027e+02
      vertex   4.273765e+01 -6.423861e+01 1.685202e+02
    endloop
  endfacet
  facet normal -8.661568e-01 -4.997723e-01 -5.129457e-05
    outer loop
      vertex   4.353818e+01 -6.562580e+01 1.665460e+02
      vertex   4.273765e+01 -6.423861e+01 1.685202e+02
      vertex   4.313694e+01 -6.493039e+01 1.662169e+02
    endloop
  endfacet
  facet normal -8.661568e-01 -4.997723e-01 -5.129457e-05
    outer loop
      vertex   4.313694e+01 -6.493039e+01 1.662169e+02
      vertex   4.273765e+01 -6.423861e+01 1.685202e+02
      vertex   4.223574e+01 -6.336868e+01 1.678559e+02
    endloop
  endfacet
  facet normal -8.661568e-01 -4.997723e-01 -5.129457e-05
    outer loop
      vertex   4.313694e+01 -6.493039e+01 1.662169e+02
      vertex   4.223574e+01 -6.336868e+01 1.678559e+02
      vertex   4.282921e+01 -6.439700e+01 1.656056e+02
    endloop
  endfacet
  facet normal -8.661568e-01 -4.997723e-01 -5.129457e-05
    outer loop
      vertex   4.282921e+01 -6.439700e+01 1.656056e+02
      vertex   4.223574e+01 -6.336868e+01 1.678559e+02
      vertex   4.183656e+01 -6.267676e+01 1.669549e+02
    endloop
  endfacet
  facet normal -8.661568e-01 -4.997723e-01 -5.129457e-05
    outer loop
      vertex   4.282921e+01 -6.439700e+01 1.656056e+02
      vertex   4.183656e+01 -6.267676e+01 1.669549e+02
      vertex   4.266184e+01 -6.410683e+01 1.648051e+02
    endloop
  endfacet
  facet normal -8.661568e-01 -4.997723e-01 -5.129457e-05
    outer loop
      vertex   4.266184e+01 -6.410683e+01 1.648051e+02
      vertex   4.183656e+01 -6.267676e+01 1.669549e+02
      vertex   4.156716e+01 -6.220975e+01 1.658782e+02
    endloop
  endfacet
  facet normal -8.661568e-01 -4.997723e-01 -5.129457e-05
    outer loop
      vertex   4.266184e+01 -6.410683e+01 1.648051e+02
      vertex   4.156716e+01 -6.220975e+01 1.658782e+02
      vertex   4.144580e+01 -6.199930e+01 1.646988e+02
    endloop
  endfacet
  facet normal -8.661568e-01 -4.997723e-01 -5.129457e-05
    outer loop
      vertex   4.266184e+01 -6.410683e+01 1.648051e+02
      vertex   4.144580e+01 -6.199930e+01 1.646988e+02
      vertex   4.266030e+01 -6.410408e+01 1.639374e+02
    endloop
  endfacet
  facet normal -8.661568e-01 -4.997723e-01 -5.129457e-05
    outer loop
      vertex   4.266030e+01 -6.410408e+01 1.639374e+02
      vertex   4.144580e+01 -6.199930e+01 1.646988e+02
      vertex   4.148071e+01 -6.205968e+01 1.634967e+02
    endloop
  endfacet
  facet normal -8.661568e-01 -4.997723e-01 -5.129457e-05
    outer loop
      vertex   4.266030e+01 -6.410408e+01 1.639374e+02
      vertex   4.148071e+01 -6.205968e+01 1.634967e+02
      vertex   4.166952e+01 -6.238679e+01 1.623533e+02
    endloop
  endfacet
  facet normal -8.661568e-01 -4.997723e-01 -5.129457e-05
    outer loop
      vertex   4.266030e+01 -6.410408e+01 1.639374e+02
      vertex   4.166952e+01 -6.238679e+01 1.623533e+02
      vertex   4.282483e+01 -6.438914e+01 1.631346e+02
    endloop
  endfacet
  facet normal -8.661568e-01 -4.997723e-01 -5.129457e-05
    outer loop
      vertex   4.282483e+01 -6.438914e+01 1.631346e+02
      vertex   4.166952e+01 -6.238679e+01 1.623533e+02
      vertex   4.199944e+01 -6.295847e+01 1.613462e+02
    endloop
  endfacet
  facet normal -8.661568e-01 -4.997723e-01 -5.129457e-05
    outer loop
      vertex   4.282483e+01 -6.438914e+01 1.631346e+02
      vertex   4.199944e+01 -6.295847e+01 1.613462e+02
      vertex   4.244809e+01 -6.373595e+01 1.605436e+02
    endloop
  endfacet
  facet normal -9.575948e-02 1.658603e-01 9.814889e-01
    outer loop
      vertex   4.603568e+01 -6.995336e+01 1.581232e+02
      vertex   4.280723e+01 -6.435799e+01 1.568626e+02
      vertex   4.492219e+01 -6.979556e+01 1.579879e+02
    endloop
  endfacet
  facet normal -9.575948e-02 1.658603e-01 9.814889e-01
    outer loop
      vertex   4.492219e+01 -6.979556e+01 1.579879e+02
      vertex   4.280723e+01 -6.435799e+01 1.568626e+02
      vertex   4.238658e+01 -6.540099e+01 1.569979e+02
    endloop
  endfacet
  facet normal -9.575948e-02 1.658603e-01 9.814889e-01
    outer loop
      vertex   4.492219e+01 -6.979556e+01 1.579879e+02
      vertex   4.238658e+01 -6.540099e+01 1.569979e+02
      vertex   4.391044e+01 -6.931883e+01 1.578086e+02
    endloop
  endfacet
  facet normal -9.575948e-02 1.658603e-01 9.814889e-01
    outer loop
      vertex   4.391044e+01 -6.931883e+01 1.578086e+02
      vertex   4.238658e+01 -6.540099e+01 1.569979e+02
      vertex   4.229297e+01 -6.651552e+01 1.571771e+02
    endloop
  endfacet
  facet normal -9.575948e-02 1.658603e-01 9.814889e-01
    outer loop
      vertex   4.391044e+01 -6.931883e+01 1.578086e+02
      vertex   4.229297e+01 -6.651552e+01 1.571771e+02
      vertex   4.309032e+01 -6.856551e+01 1.576013e+02
    endloop
  endfacet
  facet normal -9.575948e-02 1.658603e-01 9.814889e-01
    outer loop
      vertex   4.309032e+01 -6.856551e+01 1.576013e+02
      vertex   4.229297e+01 -6.651552e+01 1.571771e+02
      vertex   4.253471e+01 -6.760255e+01 1.573844e+02
    endloop
  endfacet
  facet normal -3.905987e-02 -9.992320e-01 -3.106717e-03
    outer loop
      vertex   4.595323e+01 -6.220770e+01 1.648053e+02
      vertex   4.490457e+01 -6.216581e+01 1.645152e+02
      vertex   4.595169e+01 -6.220494e+01 1.639376e+02
    endloop
  endfacet
  facet normal 1.580290e-02 -9.952474e-01 9.608795e-02
    outer loop
      vertex   4.595169e+01 -6.220494e+01 1.639376e+02
      vertex   4.490457e+01 -6.216581e+01 1.645152e+02
      vertex   4.495419e+01 -6.225170e+01 1.636173e+02
    endloop
  endfacet
  facet normal -5.948897e-02 -9.444747e-01 3.231542e-01
    outer loop
      vertex   4.595169e+01 -6.220494e+01 1.639376e+02
      vertex   4.495419e+01 -6.225170e+01 1.636173e+02
      vertex   4.611622e+01 -6.249001e+01 1.631348e+02
    endloop
  endfacet
  facet normal -3.644817e-02 -9.280972e-01 3.705498e-01
    outer loop
      vertex   4.611622e+01 -6.249001e+01 1.631348e+02
      vertex   4.495419e+01 -6.225170e+01 1.636173e+02
      vertex   4.514682e+01 -6.258547e+01 1.628003e+02
    endloop
  endfacet
  facet normal -1.297349e-01 -7.885622e-01 6.011145e-01
    outer loop
      vertex   4.611622e+01 -6.249001e+01 1.631348e+02
      vertex   4.514682e+01 -6.258547e+01 1.628003e+02
      vertex   4.546159e+01 -6.313093e+01 1.621527e+02
    endloop
  endfacet
  facet normal 2.025431e-01 -6.982788e-01 6.865734e-01
    outer loop
      vertex   4.546159e+01 -6.313093e+01 1.621527e+02
      vertex   4.514682e+01 -6.258547e+01 1.628003e+02
      vertex   4.419544e+01 -6.296278e+01 1.626972e+02
    endloop
  endfacet
  facet normal 2.025431e-01 -6.982788e-01 6.865734e-01
    outer loop
      vertex   4.546159e+01 -6.313093e+01 1.621527e+02
      vertex   4.419544e+01 -6.296278e+01 1.626972e+02
      vertex   4.453096e+01 -6.354420e+01 1.620069e+02
    endloop
  endfacet
  facet normal 5.031188e-01 -5.248467e-01 6.865912e-01
    outer loop
      vertex   4.453096e+01 -6.354420e+01 1.620069e+02
      vertex   4.419544e+01 -6.296278e+01 1.626972e+02
      vertex   4.339265e+01 -6.359762e+01 1.628002e+02
    endloop
  endfacet
  facet normal 5.031188e-01 -5.248467e-01 6.865912e-01
    outer loop
      vertex   4.453096e+01 -6.354420e+01 1.620069e+02
      vertex   4.339265e+01 -6.359762e+01 1.628002e+02
      vertex   4.370742e+01 -6.414309e+01 1.621526e+02
    endloop
  endfacet
  facet normal 7.475805e-01 -2.823513e-01 6.011664e-01
    outer loop
      vertex   4.370742e+01 -6.414309e+01 1.621526e+02
      vertex   4.339265e+01 -6.359762e+01 1.628002e+02
      vertex   4.282483e+01 -6.438914e+01 1.631346e+02
    endloop
  endfacet
  facet normal 7.486455e-01 -2.714299e-01 6.048601e-01
    outer loop
      vertex   4.370742e+01 -6.414309e+01 1.621526e+02
      vertex   4.282483e+01 -6.438914e+01 1.631346e+02
      vertex   4.313038e+01 -6.491863e+01 1.625188e+02
    endloop
  endfacet
  facet normal 1.398578e-02 -9.812488e-01 -1.922372e-01
    outer loop
      vertex   4.490457e+01 -6.216581e+01 1.645152e+02
      vertex   4.595323e+01 -6.220770e+01 1.648053e+02
      vertex   4.500335e+01 -6.233708e+01 1.653966e+02
    endloop
  endfacet
  facet normal -7.458723e-02 -9.424133e-01 -3.260274e-01
    outer loop
      vertex   4.500335e+01 -6.233708e+01 1.653966e+02
      vertex   4.595323e+01 -6.220770e+01 1.648053e+02
      vertex   4.612061e+01 -6.249786e+01 1.656058e+02
    endloop
  endfacet
  facet normal -4.159116e-02 -8.870745e-01 -4.597489e-01
    outer loop
      vertex   4.500335e+01 -6.233708e+01 1.653966e+02
      vertex   4.612061e+01 -6.249786e+01 1.656058e+02
      vertex   4.523980e+01 -6.274697e+01 1.661661e+02
    endloop
  endfacet
  facet normal -1.613403e-01 -7.824354e-01 -6.014683e-01
    outer loop
      vertex   4.523980e+01 -6.274697e+01 1.661661e+02
      vertex   4.612061e+01 -6.249786e+01 1.656058e+02
      vertex   4.642834e+01 -6.303125e+01 1.662171e+02
    endloop
  endfacet
  facet normal -1.442757e-01 -7.241693e-01 -6.743615e-01
    outer loop
      vertex   4.523980e+01 -6.274697e+01 1.661661e+02
      vertex   4.642834e+01 -6.303125e+01 1.662171e+02
      vertex   4.558833e+01 -6.335105e+01 1.667402e+02
    endloop
  endfacet
  facet normal -2.870828e-01 -5.400816e-01 -7.911355e-01
    outer loop
      vertex   4.558833e+01 -6.335105e+01 1.667402e+02
      vertex   4.642834e+01 -6.303125e+01 1.662171e+02
      vertex   4.682958e+01 -6.372667e+01 1.665462e+02
    endloop
  endfacet
  facet normal -2.819435e-01 -5.129419e-01 -8.108012e-01
    outer loop
      vertex   4.558833e+01 -6.335105e+01 1.667402e+02
      vertex   4.682958e+01 -6.372667e+01 1.665462e+02
      vertex   4.601114e+01 -6.408387e+01 1.670568e+02
    endloop
  endfacet
  facet normal -4.217256e-01 -2.706796e-01 -8.653786e-01
    outer loop
      vertex   4.601114e+01 -6.408387e+01 1.670568e+02
      vertex   4.682958e+01 -6.372667e+01 1.665462e+02
      vertex   4.646244e+01 -6.486601e+01 1.670815e+02
    endloop
  endfacet
  facet normal -1.367782e-01 -1.100287e-01 -9.844722e-01
    outer loop
      vertex   4.601114e+01 -6.408387e+01 1.670568e+02
      vertex   4.646244e+01 -6.486601e+01 1.670815e+02
      vertex   4.559778e+01 -6.539364e+01 1.672606e+02
    endloop
  endfacet
  facet normal -2.972643e-01 1.681058e-01 -9.398800e-01
    outer loop
      vertex   4.559778e+01 -6.539364e+01 1.672606e+02
      vertex   4.646244e+01 -6.486601e+01 1.670815e+02
      vertex   4.605704e+01 -6.618956e+01 1.669730e+02
    endloop
  endfacet
  facet normal 3.311328e-03 3.415379e-01 -9.398622e-01
    outer loop
      vertex   4.559778e+01 -6.539364e+01 1.672606e+02
      vertex   4.605704e+01 -6.618956e+01 1.669730e+02
      vertex   4.513913e+01 -6.662487e+01 1.668116e+02
    endloop
  endfacet
  facet normal -1.412477e-01 5.920585e-01 -7.934204e-01
    outer loop
      vertex   4.513913e+01 -6.662487e+01 1.668116e+02
      vertex   4.605704e+01 -6.618956e+01 1.669730e+02
      vertex   4.550287e+01 -6.725522e+01 1.662765e+02
    endloop
  endfacet
  facet normal 1.554274e-01 6.899044e-01 -7.070179e-01
    outer loop
      vertex   4.513913e+01 -6.662487e+01 1.668116e+02
      vertex   4.550287e+01 -6.725522e+01 1.662765e+02
      vertex   4.437189e+01 -6.707068e+01 1.662079e+02
    endloop
  endfacet
  facet normal 1.644400e-01 7.867837e-01 -5.949209e-01
    outer loop
      vertex   4.437189e+01 -6.707068e+01 1.662079e+02
      vertex   4.550287e+01 -6.725522e+01 1.662765e+02
      vertex   4.467745e+01 -6.760017e+01 1.655921e+02
    endloop
  endfacet
  facet normal 5.357602e-02 8.642284e-01 -5.002389e-01
    outer loop
      vertex   4.467745e+01 -6.760017e+01 1.655921e+02
      vertex   4.550287e+01 -6.725522e+01 1.662765e+02
      vertex   4.576008e+01 -6.770091e+01 1.655340e+02
    endloop
  endfacet
  facet normal 7.066849e-02 9.444843e-01 -3.208666e-01
    outer loop
      vertex   4.467745e+01 -6.760017e+01 1.655921e+02
      vertex   4.576008e+01 -6.770091e+01 1.655340e+02
      vertex   4.484198e+01 -6.788524e+01 1.647893e+02
    endloop
  endfacet
  facet normal -1.960665e-03 9.712719e-01 -2.379642e-01
    outer loop
      vertex   4.484198e+01 -6.788524e+01 1.647893e+02
      vertex   4.576008e+01 -6.770091e+01 1.655340e+02
      vertex   4.588288e+01 -6.791364e+01 1.646647e+02
    endloop
  endfacet
  facet normal 2.765506e-02 9.996126e-01 3.128168e-03
    outer loop
      vertex   4.484198e+01 -6.788524e+01 1.647893e+02
      vertex   4.588288e+01 -6.791364e+01 1.646647e+02
      vertex   4.484044e+01 -6.788248e+01 1.639215e+02
    endloop
  endfacet
  facet normal -4.392540e-03 9.988354e-01 4.804798e-02
    outer loop
      vertex   4.484044e+01 -6.788248e+01 1.639215e+02
      vertex   4.588288e+01 -6.791364e+01 1.646647e+02
      vertex   4.585796e+01 -6.787037e+01 1.637628e+02
    endloop
  endfacet
  facet normal 3.941080e-02 9.450080e-01 3.246639e-01
    outer loop
      vertex   4.484044e+01 -6.788248e+01 1.639215e+02
      vertex   4.585796e+01 -6.787037e+01 1.637628e+02
      vertex   4.568803e+01 -6.757577e+01 1.629259e+02
    endloop
  endfacet
  facet normal -3.057052e-01 8.769608e-01 3.707886e-01
    outer loop
      vertex   4.568803e+01 -6.757577e+01 1.629259e+02
      vertex   4.585796e+01 -6.787037e+01 1.637628e+02
      vertex   4.682325e+01 -6.751715e+01 1.637232e+02
    endloop
  endfacet
  facet normal -3.057052e-01 8.769608e-01 3.707886e-01
    outer loop
      vertex   4.568803e+01 -6.757577e+01 1.629259e+02
      vertex   4.682325e+01 -6.751715e+01 1.637232e+02
      vertex   4.664212e+01 -6.720314e+01 1.628312e+02
    endloop
  endfacet
  facet normal -6.062808e-01 7.035287e-01 3.707708e-01
    outer loop
      vertex   4.664212e+01 -6.720314e+01 1.628312e+02
      vertex   4.682325e+01 -6.751715e+01 1.637232e+02
      vertex   4.761213e+01 -6.685821e+01 1.637629e+02
    endloop
  endfacet
  facet normal -6.062808e-01 7.035287e-01 3.707708e-01
    outer loop
      vertex   4.664212e+01 -6.720314e+01 1.628312e+02
      vertex   4.761213e+01 -6.685821e+01 1.637629e+02
      vertex   4.744220e+01 -6.656361e+01 1.629260e+02
    endloop
  endfacet
  facet normal -8.379046e-01 4.387972e-01 3.246120e-01
    outer loop
      vertex   4.744220e+01 -6.656361e+01 1.629260e+02
      vertex   4.761213e+01 -6.685821e+01 1.637629e+02
      vertex   4.813183e+01 -6.598334e+01 1.639217e+02
    endloop
  endfacet
  facet normal -8.399912e-01 4.296454e-01 3.313903e-01
    outer loop
      vertex   4.744220e+01 -6.656361e+01 1.629260e+02
      vertex   4.813183e+01 -6.598334e+01 1.639217e+02
      vertex   4.796446e+01 -6.569318e+01 1.631213e+02
    endloop
  endfacet
  facet normal -4.507212e-01 -2.564729e-01 -8.550275e-01
    outer loop
      vertex   4.682958e+01 -6.372667e+01 1.665462e+02
      vertex   4.726323e+01 -6.447824e+01 1.665431e+02
      vertex   4.646244e+01 -6.486601e+01 1.670815e+02
    endloop
  endfacet
  facet normal -5.521022e-01 -1.734771e-02 -8.335959e-01
    outer loop
      vertex   4.646244e+01 -6.486601e+01 1.670815e+02
      vertex   4.726323e+01 -6.447824e+01 1.665431e+02
      vertex   4.689330e+01 -6.561271e+01 1.668117e+02
    endloop
  endfacet
  facet normal -2.972643e-01 1.681058e-01 -9.398800e-01
    outer loop
      vertex   4.646244e+01 -6.486601e+01 1.670815e+02
      vertex   4.689330e+01 -6.561271e+01 1.668117e+02
      vertex   4.605704e+01 -6.618956e+01 1.669730e+02
    endloop
  endfacet
  facet normal -4.418233e-01 4.186264e-01 -7.934382e-01
    outer loop
      vertex   4.605704e+01 -6.618956e+01 1.669730e+02
      vertex   4.689330e+01 -6.561271e+01 1.668117e+02
      vertex   4.644476e+01 -6.686146e+01 1.664026e+02
    endloop
  endfacet
  facet normal -1.412477e-01 5.920585e-01 -7.934204e-01
    outer loop
      vertex   4.605704e+01 -6.618956e+01 1.669730e+02
      vertex   4.644476e+01 -6.686146e+01 1.664026e+02
      vertex   4.550287e+01 -6.725522e+01 1.662765e+02
    endloop
  endfacet
  facet normal -2.542143e-01 7.878173e-01 -5.609982e-01
    outer loop
      vertex   4.550287e+01 -6.725522e+01 1.662765e+02
      vertex   4.644476e+01 -6.686146e+01 1.664026e+02
      vertex   4.576008e+01 -6.770091e+01 1.655340e+02
    endloop
  endfacet
  facet normal -6.232446e-01 1.811067e-02 -7.818173e-01
    outer loop
      vertex   4.726323e+01 -6.447824e+01 1.665431e+02
      vertex   4.766329e+01 -6.517154e+01 1.662081e+02
      vertex   4.689330e+01 -6.561271e+01 1.668117e+02
    endloop
  endfacet
  facet normal -6.750149e-01 2.107393e-01 -7.070671e-01
    outer loop
      vertex   4.689330e+01 -6.561271e+01 1.668117e+02
      vertex   4.766329e+01 -6.517154e+01 1.662081e+02
      vertex   4.725704e+01 -6.624306e+01 1.662766e+02
    endloop
  endfacet
  facet normal -4.418233e-01 4.186264e-01 -7.934382e-01
    outer loop
      vertex   4.689330e+01 -6.561271e+01 1.668117e+02
      vertex   4.725704e+01 -6.624306e+01 1.662766e+02
      vertex   4.644476e+01 -6.686146e+01 1.664026e+02
    endloop
  endfacet
  facet normal -5.547899e-01 6.143852e-01 -5.610160e-01
    outer loop
      vertex   4.644476e+01 -6.686146e+01 1.664026e+02
      vertex   4.725704e+01 -6.624306e+01 1.662766e+02
      vertex   4.671892e+01 -6.733653e+01 1.656112e+02
    endloop
  endfacet
  facet normal -2.542143e-01 7.878173e-01 -5.609982e-01
    outer loop
      vertex   4.644476e+01 -6.686146e+01 1.664026e+02
      vertex   4.671892e+01 -6.733653e+01 1.656112e+02
      vertex   4.576008e+01 -6.770091e+01 1.655340e+02
    endloop
  endfacet
  facet normal -3.233468e-01 9.076010e-01 -2.677822e-01
    outer loop
      vertex   4.576008e+01 -6.770091e+01 1.655340e+02
      vertex   4.671892e+01 -6.733653e+01 1.656112e+02
      vertex   4.588288e+01 -6.791364e+01 1.646647e+02
    endloop
  endfacet
  facet normal -7.634098e-01 2.514145e-01 -5.949759e-01
    outer loop
      vertex   4.766329e+01 -6.517154e+01 1.662081e+02
      vertex   4.796884e+01 -6.570104e+01 1.655923e+02
      vertex   4.725704e+01 -6.624306e+01 1.662766e+02
    endloop
  endfacet
  facet normal -7.749844e-01 3.861492e-01 -5.002880e-01
    outer loop
      vertex   4.725704e+01 -6.624306e+01 1.662766e+02
      vertex   4.796884e+01 -6.570104e+01 1.655923e+02
      vertex   4.751425e+01 -6.668875e+01 1.655341e+02
    endloop
  endfacet
  facet normal -5.547899e-01 6.143852e-01 -5.610160e-01
    outer loop
      vertex   4.725704e+01 -6.624306e+01 1.662766e+02
      vertex   4.751425e+01 -6.668875e+01 1.655341e+02
      vertex   4.671892e+01 -6.733653e+01 1.656112e+02
    endloop
  endfacet
  facet normal -6.239224e-01 7.341689e-01 -2.678000e-01
    outer loop
      vertex   4.671892e+01 -6.733653e+01 1.656112e+02
      vertex   4.751425e+01 -6.668875e+01 1.655341e+02
      vertex   4.684981e+01 -6.756328e+01 1.646846e+02
    endloop
  endfacet
  facet normal -3.233468e-01 9.076010e-01 -2.677822e-01
    outer loop
      vertex   4.671892e+01 -6.733653e+01 1.656112e+02
      vertex   4.684981e+01 -6.756328e+01 1.646846e+02
      vertex   4.588288e+01 -6.791364e+01 1.646647e+02
    endloop
  endfacet
  facet normal -3.411536e-01 9.384290e-01 5.445312e-02
    outer loop
      vertex   4.588288e+01 -6.791364e+01 1.646647e+02
      vertex   4.684981e+01 -6.756328e+01 1.646846e+02
      vertex   4.585796e+01 -6.787037e+01 1.637628e+02
    endloop
  endfacet
  facet normal -8.530369e-01 4.115064e-01 -3.209213e-01
    outer loop
      vertex   4.796884e+01 -6.570104e+01 1.655923e+02
      vertex   4.813337e+01 -6.598610e+01 1.647894e+02
      vertex   4.751425e+01 -6.668875e+01 1.655341e+02
    endloop
  endfacet
  facet normal -8.398884e-01 4.877878e-01 -2.380138e-01
    outer loop
      vertex   4.751425e+01 -6.668875e+01 1.655341e+02
      vertex   4.813337e+01 -6.598610e+01 1.647894e+02
      vertex   4.763705e+01 -6.690149e+01 1.646648e+02
    endloop
  endfacet
  facet normal -6.239224e-01 7.341689e-01 -2.678000e-01
    outer loop
      vertex   4.751425e+01 -6.668875e+01 1.655341e+02
      vertex   4.763705e+01 -6.690149e+01 1.646648e+02
      vertex   4.684981e+01 -6.756328e+01 1.646846e+02
    endloop
  endfacet
  facet normal -6.417293e-01 7.649969e-01 5.443532e-02
    outer loop
      vertex   4.684981e+01 -6.756328e+01 1.646846e+02
      vertex   4.763705e+01 -6.690149e+01 1.646648e+02
      vertex   4.682325e+01 -6.751715e+01 1.637232e+02
    endloop
  endfacet
  facet normal -3.411536e-01 9.384290e-01 5.445312e-02
    outer loop
      vertex   4.684981e+01 -6.756328e+01 1.646846e+02
      vertex   4.682325e+01 -6.751715e+01 1.637232e+02
      vertex   4.585796e+01 -6.787037e+01 1.637628e+02
    endloop
  endfacet
  facet normal -8.792674e-01 4.763185e-01 3.074459e-03
    outer loop
      vertex   4.813337e+01 -6.598610e+01 1.647894e+02
      vertex   4.813183e+01 -6.598334e+01 1.639217e+02
      vertex   4.763705e+01 -6.690149e+01 1.646648e+02
    endloop
  endfacet
  facet normal -8.625601e-01 5.036728e-01 4.799716e-02
    outer loop
      vertex   4.763705e+01 -6.690149e+01 1.646648e+02
      vertex   4.813183e+01 -6.598334e+01 1.639217e+02
      vertex   4.761213e+01 -6.685821e+01 1.637629e+02
    endloop
  endfacet
  facet normal -6.417293e-01 7.649969e-01 5.443532e-02
    outer loop
      vertex   4.763705e+01 -6.690149e+01 1.646648e+02
      vertex   4.761213e+01 -6.685821e+01 1.637629e+02
      vertex   4.682325e+01 -6.751715e+01 1.637232e+02
    endloop
  endfacet
  facet normal -7.534590e-01 3.236757e-01 5.723055e-01
    outer loop
      vertex   4.744220e+01 -6.656361e+01 1.629260e+02
      vertex   4.796446e+01 -6.569318e+01 1.631213e+02
      vertex   4.714566e+01 -6.604961e+01 1.622449e+02
    endloop
  endfacet
  facet normal -7.561158e-01 2.546991e-01 6.028410e-01
    outer loop
      vertex   4.714566e+01 -6.604961e+01 1.622449e+02
      vertex   4.796446e+01 -6.569318e+01 1.631213e+02
      vertex   4.765673e+01 -6.515979e+01 1.625100e+02
    endloop
  endfacet
  facet normal -6.357988e-01 1.390114e-01 7.592336e-01
    outer loop
      vertex   4.714566e+01 -6.604961e+01 1.622449e+02
      vertex   4.765673e+01 -6.515979e+01 1.625100e+02
      vertex   4.675466e+01 -6.537192e+01 1.617934e+02
    endloop
  endfacet
  facet normal -6.234528e-01 1.030651e-02 7.817930e-01
    outer loop
      vertex   4.675466e+01 -6.537192e+01 1.617934e+02
      vertex   4.765673e+01 -6.515979e+01 1.625100e+02
      vertex   4.725549e+01 -6.446437e+01 1.621808e+02
    endloop
  endfacet
  facet normal -4.980808e-01 -9.316742e-02 8.621110e-01
    outer loop
      vertex   4.675466e+01 -6.537192e+01 1.617934e+02
      vertex   4.725549e+01 -6.446437e+01 1.621808e+02
      vertex   4.631156e+01 -6.460397e+01 1.616204e+02
    endloop
  endfacet
  facet normal -4.617357e-01 -2.699724e-01 8.449349e-01
    outer loop
      vertex   4.631156e+01 -6.460397e+01 1.616204e+02
      vertex   4.725549e+01 -6.446437e+01 1.621808e+02
      vertex   4.682183e+01 -6.371280e+01 1.621840e+02
    endloop
  endfacet
  facet normal -3.565627e-01 -3.449447e-01 8.682604e-01
    outer loop
      vertex   4.631156e+01 -6.460397e+01 1.616204e+02
      vertex   4.682183e+01 -6.371280e+01 1.621840e+02
      vertex   4.586439e+01 -6.382898e+01 1.617446e+02
    endloop
  endfacet
  facet normal -2.931155e-01 -5.477465e-01 7.836180e-01
    outer loop
      vertex   4.586439e+01 -6.382898e+01 1.617446e+02
      vertex   4.682183e+01 -6.371280e+01 1.621840e+02
      vertex   4.642178e+01 -6.301950e+01 1.625190e+02
    endloop
  endfacet
  facet normal -2.284738e-01 -5.861988e-01 7.772842e-01
    outer loop
      vertex   4.586439e+01 -6.382898e+01 1.617446e+02
      vertex   4.642178e+01 -6.301950e+01 1.625190e+02
      vertex   4.546159e+01 -6.313093e+01 1.621527e+02
    endloop
  endfacet
  facet normal -1.397235e-01 -7.840186e-01 6.048075e-01
    outer loop
      vertex   4.546159e+01 -6.313093e+01 1.621527e+02
      vertex   4.642178e+01 -6.301950e+01 1.625190e+02
      vertex   4.611622e+01 -6.249001e+01 1.631348e+02
    endloop
  endfacet
  facet normal 8.474335e-01 -4.211806e-01 3.232079e-01
    outer loop
      vertex   4.282483e+01 -6.438914e+01 1.631346e+02
      vertex   4.320002e+01 -6.326386e+01 1.636172e+02
      vertex   4.266030e+01 -6.410408e+01 1.639374e+02
    endloop
  endfacet
  facet normal 8.537306e-01 -5.117633e-01 9.613757e-02
    outer loop
      vertex   4.266030e+01 -6.410408e+01 1.639374e+02
      vertex   4.320002e+01 -6.326386e+01 1.636172e+02
      vertex   4.315040e+01 -6.317796e+01 1.645151e+02
    endloop
  endfacet
  facet normal 8.846455e-01 -4.662542e-01 -3.052014e-03
    outer loop
      vertex   4.266030e+01 -6.410408e+01 1.639374e+02
      vertex   4.315040e+01 -6.317796e+01 1.645151e+02
      vertex   4.266184e+01 -6.410683e+01 1.648051e+02
    endloop
  endfacet
  facet normal 8.425462e-01 -5.031696e-01 -1.921881e-01
    outer loop
      vertex   4.266184e+01 -6.410683e+01 1.648051e+02
      vertex   4.315040e+01 -6.317796e+01 1.645151e+02
      vertex   4.324917e+01 -6.334924e+01 1.653965e+02
    endloop
  endfacet
  facet normal 8.532626e-01 -4.070441e-01 -3.259725e-01
    outer loop
      vertex   4.266184e+01 -6.410683e+01 1.648051e+02
      vertex   4.324917e+01 -6.334924e+01 1.653965e+02
      vertex   4.282921e+01 -6.439700e+01 1.656056e+02
    endloop
  endfacet
  facet normal 7.888511e-01 -4.079094e-01 -4.596997e-01
    outer loop
      vertex   4.282921e+01 -6.439700e+01 1.656056e+02
      vertex   4.324917e+01 -6.334924e+01 1.653965e+02
      vertex   4.348563e+01 -6.375912e+01 1.661660e+02
    endloop
  endfacet
  facet normal 7.582002e-01 -2.518607e-01 -6.014138e-01
    outer loop
      vertex   4.282921e+01 -6.439700e+01 1.656056e+02
      vertex   4.348563e+01 -6.375912e+01 1.661660e+02
      vertex   4.313694e+01 -6.493039e+01 1.662169e+02
    endloop
  endfacet
  facet normal 6.992220e-01 -2.374712e-01 -6.743115e-01
    outer loop
      vertex   4.313694e+01 -6.493039e+01 1.662169e+02
      vertex   4.348563e+01 -6.375912e+01 1.661660e+02
      vertex   4.383416e+01 -6.436321e+01 1.667401e+02
    endloop
  endfacet
  facet normal 6.113247e-01 -2.170065e-02 -7.910823e-01
    outer loop
      vertex   4.313694e+01 -6.493039e+01 1.662169e+02
      vertex   4.383416e+01 -6.436321e+01 1.667401e+02
      vertex   4.353818e+01 -6.562580e+01 1.665460e+02
    endloop
  endfacet
  facet normal 5.852579e-01 -1.256678e-02 -8.107498e-01
    outer loop
      vertex   4.353818e+01 -6.562580e+01 1.665460e+02
      vertex   4.383416e+01 -6.436321e+01 1.667401e+02
      vertex   4.425697e+01 -6.509603e+01 1.670567e+02
    endloop
  endfacet
  facet normal 4.454759e-01 2.296955e-01 -8.653272e-01
    outer loop
      vertex   4.353818e+01 -6.562580e+01 1.665460e+02
      vertex   4.425697e+01 -6.509603e+01 1.670567e+02
      vertex   4.470827e+01 -6.587816e+01 1.670814e+02
    endloop
  endfacet
  facet normal 1.637975e-01 6.340344e-02 -9.844544e-01
    outer loop
      vertex   4.470827e+01 -6.587816e+01 1.670814e+02
      vertex   4.425697e+01 -6.509603e+01 1.670567e+02
      vertex   4.511674e+01 -6.455995e+01 1.672343e+02
    endloop
  endfacet
  facet normal 1.637975e-01 6.340344e-02 -9.844544e-01
    outer loop
      vertex   4.470827e+01 -6.587816e+01 1.670814e+02
      vertex   4.511674e+01 -6.455995e+01 1.672343e+02
      vertex   4.559778e+01 -6.539364e+01 1.672606e+02
    endloop
  endfacet
  facet normal -1.367782e-01 -1.100287e-01 -9.844722e-01
    outer loop
      vertex   4.559778e+01 -6.539364e+01 1.672606e+02
      vertex   4.511674e+01 -6.455995e+01 1.672343e+02
      vertex   4.601114e+01 -6.408387e+01 1.670568e+02
    endloop
  endfacet
  facet normal 6.217807e-01 -9.560207e-02 7.773346e-01
    outer loop
      vertex   4.370742e+01 -6.414309e+01 1.621526e+02
      vertex   4.313038e+01 -6.491863e+01 1.625188e+02
      vertex   4.411022e+01 -6.484113e+01 1.617445e+02
    endloop
  endfacet
  facet normal 6.208399e-01 -2.039442e-02 7.836721e-01
    outer loop
      vertex   4.411022e+01 -6.484113e+01 1.617445e+02
      vertex   4.313038e+01 -6.491863e+01 1.625188e+02
      vertex   4.353044e+01 -6.561194e+01 1.621838e+02
    endloop
  endfacet
  facet normal 4.770067e-01 1.360247e-01 8.683098e-01
    outer loop
      vertex   4.411022e+01 -6.484113e+01 1.617445e+02
      vertex   4.353044e+01 -6.561194e+01 1.621838e+02
      vertex   4.455739e+01 -6.561612e+01 1.616203e+02
    endloop
  endfacet
  facet normal 4.647349e-01 2.646010e-01 8.449898e-01
    outer loop
      vertex   4.455739e+01 -6.561612e+01 1.616203e+02
      vertex   4.353044e+01 -6.561194e+01 1.621838e+02
      vertex   4.396409e+01 -6.636351e+01 1.621806e+02
    endloop
  endfacet
  facet normal 3.298514e-01 3.845493e-01 8.621600e-01
    outer loop
      vertex   4.455739e+01 -6.561612e+01 1.616203e+02
      vertex   4.396409e+01 -6.636351e+01 1.621806e+02
      vertex   4.500049e+01 -6.638408e+01 1.617933e+02
    endloop
  endfacet
  facet normal 3.030178e-01 5.448799e-01 7.818479e-01
    outer loop
      vertex   4.500049e+01 -6.638408e+01 1.617933e+02
      vertex   4.396409e+01 -6.636351e+01 1.621806e+02
      vertex   4.436533e+01 -6.705893e+01 1.625098e+02
    endloop
  endfacet
  facet normal 1.977706e-01 6.199808e-01 7.592830e-01
    outer loop
      vertex   4.500049e+01 -6.638408e+01 1.617933e+02
      vertex   4.436533e+01 -6.705893e+01 1.625098e+02
      vertex   4.539149e+01 -6.706177e+01 1.622448e+02
    endloop
  endfacet
  facet normal 1.578396e-01 7.820512e-01 6.028952e-01
    outer loop
      vertex   4.539149e+01 -6.706177e+01 1.622448e+02
      vertex   4.436533e+01 -6.705893e+01 1.625098e+02
      vertex   4.467306e+01 -6.759232e+01 1.631211e+02
    endloop
  endfacet
  facet normal 9.679545e-02 8.142723e-01 5.723558e-01
    outer loop
      vertex   4.539149e+01 -6.706177e+01 1.622448e+02
      vertex   4.467306e+01 -6.759232e+01 1.631211e+02
      vertex   4.568803e+01 -6.757577e+01 1.629259e+02
    endloop
  endfacet
  facet normal 4.837769e-02 9.422341e-01 3.314429e-01
    outer loop
      vertex   4.568803e+01 -6.757577e+01 1.629259e+02
      vertex   4.467306e+01 -6.759232e+01 1.631211e+02
      vertex   4.484044e+01 -6.788248e+01 1.639215e+02
    endloop
  endfacet
  facet normal 2.962959e-01 5.486854e-01 -7.817628e-01
    outer loop
      vertex   4.437189e+01 -6.707068e+01 1.662079e+02
      vertex   4.397184e+01 -6.637737e+01 1.665429e+02
      vertex   4.513913e+01 -6.662487e+01 1.668116e+02
    endloop
  endfacet
  facet normal 2.913955e-01 4.693503e-01 -8.335460e-01
    outer loop
      vertex   4.513913e+01 -6.662487e+01 1.668116e+02
      vertex   4.397184e+01 -6.637737e+01 1.665429e+02
      vertex   4.470827e+01 -6.587816e+01 1.670814e+02
    endloop
  endfacet
  facet normal 3.311328e-03 3.415379e-01 -9.398622e-01
    outer loop
      vertex   4.513913e+01 -6.662487e+01 1.668116e+02
      vertex   4.470827e+01 -6.587816e+01 1.670814e+02
      vertex   4.559778e+01 -6.539364e+01 1.672606e+02
    endloop
  endfacet
  facet normal 4.476863e-01 2.619081e-01 -8.549743e-01
    outer loop
      vertex   4.397184e+01 -6.637737e+01 1.665429e+02
      vertex   4.353818e+01 -6.562580e+01 1.665460e+02
      vertex   4.470827e+01 -6.587816e+01 1.670814e+02
    endloop
  endfacet
  facet normal 2.224403e-02 -3.856368e-01 -9.223825e-01
    outer loop
      vertex   4.601114e+01 -6.408387e+01 1.670568e+02
      vertex   4.511674e+01 -6.455995e+01 1.672343e+02
      vertex   4.558833e+01 -6.335105e+01 1.667402e+02
    endloop
  endfacet
  facet normal 2.224403e-02 -3.856368e-01 -9.223825e-01
    outer loop
      vertex   4.558833e+01 -6.335105e+01 1.667402e+02
      vertex   4.511674e+01 -6.455995e+01 1.672343e+02
      vertex   4.466605e+01 -6.377883e+01 1.668968e+02
    endloop
  endfacet
  facet normal 1.625697e-01 -6.288523e-01 -7.603393e-01
    outer loop
      vertex   4.558833e+01 -6.335105e+01 1.667402e+02
      vertex   4.466605e+01 -6.377883e+01 1.668968e+02
      vertex   4.523980e+01 -6.274697e+01 1.661661e+02
    endloop
  endfacet
  facet normal 1.625697e-01 -6.288523e-01 -7.603393e-01
    outer loop
      vertex   4.523980e+01 -6.274697e+01 1.661661e+02
      vertex   4.466605e+01 -6.377883e+01 1.668968e+02
      vertex   4.429456e+01 -6.313493e+01 1.662849e+02
    endloop
  endfacet
  facet normal 2.689924e-01 -8.133189e-01 -5.159025e-01
    outer loop
      vertex   4.523980e+01 -6.274697e+01 1.661661e+02
      vertex   4.429456e+01 -6.313493e+01 1.662849e+02
      vertex   4.500335e+01 -6.233708e+01 1.653966e+02
    endloop
  endfacet
  facet normal 2.689924e-01 -8.133189e-01 -5.159025e-01
    outer loop
      vertex   4.500335e+01 -6.233708e+01 1.653966e+02
      vertex   4.429456e+01 -6.313493e+01 1.662849e+02
      vertex   4.404251e+01 -6.269802e+01 1.654647e+02
    endloop
  endfacet
  facet normal 3.299796e-01 -9.190468e-01 -2.155607e-01
    outer loop
      vertex   4.500335e+01 -6.233708e+01 1.653966e+02
      vertex   4.404251e+01 -6.269802e+01 1.654647e+02
      vertex   4.490457e+01 -6.216581e+01 1.645152e+02
    endloop
  endfacet
  facet normal 3.299796e-01 -9.190468e-01 -2.155607e-01
    outer loop
      vertex   4.490457e+01 -6.216581e+01 1.645152e+02
      vertex   4.404251e+01 -6.269802e+01 1.654647e+02
      vertex   4.393723e+01 -6.251546e+01 1.645251e+02
    endloop
  endfacet
  facet normal 3.389224e-01 -9.345788e-01 1.081395e-01
    outer loop
      vertex   4.490457e+01 -6.216581e+01 1.645152e+02
      vertex   4.393723e+01 -6.251546e+01 1.645251e+02
      vertex   4.495419e+01 -6.225170e+01 1.636173e+02
    endloop
  endfacet
  facet normal 3.389224e-01 -9.345788e-01 1.081395e-01
    outer loop
      vertex   4.495419e+01 -6.225170e+01 1.636173e+02
      vertex   4.393723e+01 -6.251546e+01 1.645251e+02
      vertex   4.399012e+01 -6.260702e+01 1.635681e+02
    endloop
  endfacet
  facet normal 2.948516e-01 -8.582316e-01 4.201202e-01
    outer loop
      vertex   4.495419e+01 -6.225170e+01 1.636173e+02
      vertex   4.399012e+01 -6.260702e+01 1.635681e+02
      vertex   4.514682e+01 -6.258547e+01 1.628003e+02
    endloop
  endfacet
  facet normal 2.948516e-01 -8.582316e-01 4.201202e-01
    outer loop
      vertex   4.514682e+01 -6.258547e+01 1.628003e+02
      vertex   4.399012e+01 -6.260702e+01 1.635681e+02
      vertex   4.419544e+01 -6.296278e+01 1.626972e+02
    endloop
  endfacet
  facet normal 3.228197e-01 -2.122047e-01 -9.223647e-01
    outer loop
      vertex   4.511674e+01 -6.455995e+01 1.672343e+02
      vertex   4.425697e+01 -6.509603e+01 1.670567e+02
      vertex   4.466605e+01 -6.377883e+01 1.668968e+02
    endloop
  endfacet
  facet normal 3.228197e-01 -2.122047e-01 -9.223647e-01
    outer loop
      vertex   4.466605e+01 -6.377883e+01 1.668968e+02
      vertex   4.425697e+01 -6.509603e+01 1.670567e+02
      vertex   4.383416e+01 -6.436321e+01 1.667401e+02
    endloop
  endfacet
  facet normal 4.631454e-01 -4.554202e-01 -7.603215e-01
    outer loop
      vertex   4.466605e+01 -6.377883e+01 1.668968e+02
      vertex   4.383416e+01 -6.436321e+01 1.667401e+02
      vertex   4.429456e+01 -6.313493e+01 1.662849e+02
    endloop
  endfacet
  facet normal 4.631454e-01 -4.554202e-01 -7.603215e-01
    outer loop
      vertex   4.429456e+01 -6.313493e+01 1.662849e+02
      vertex   4.383416e+01 -6.436321e+01 1.667401e+02
      vertex   4.348563e+01 -6.375912e+01 1.661660e+02
    endloop
  endfacet
  facet normal 5.695681e-01 -6.398868e-01 -5.158847e-01
    outer loop
      vertex   4.429456e+01 -6.313493e+01 1.662849e+02
      vertex   4.348563e+01 -6.375912e+01 1.661660e+02
      vertex   4.404251e+01 -6.269802e+01 1.654647e+02
    endloop
  endfacet
  facet normal 5.695681e-01 -6.398868e-01 -5.158847e-01
    outer loop
      vertex   4.404251e+01 -6.269802e+01 1.654647e+02
      vertex   4.348563e+01 -6.375912e+01 1.661660e+02
      vertex   4.324917e+01 -6.334924e+01 1.653965e+02
    endloop
  endfacet
  facet normal 6.305553e-01 -7.456147e-01 -2.155429e-01
    outer loop
      vertex   4.404251e+01 -6.269802e+01 1.654647e+02
      vertex   4.324917e+01 -6.334924e+01 1.653965e+02
      vertex   4.393723e+01 -6.251546e+01 1.645251e+02
    endloop
  endfacet
  facet normal 6.305553e-01 -7.456147e-01 -2.155429e-01
    outer loop
      vertex   4.393723e+01 -6.251546e+01 1.645251e+02
      vertex   4.324917e+01 -6.334924e+01 1.653965e+02
      vertex   4.315040e+01 -6.317796e+01 1.645151e+02
    endloop
  endfacet
  facet normal 6.394981e-01 -7.611467e-01 1.081573e-01
    outer loop
      vertex   4.393723e+01 -6.251546e+01 1.645251e+02
      vertex   4.315040e+01 -6.317796e+01 1.645151e+02
      vertex   4.399012e+01 -6.260702e+01 1.635681e+02
    endloop
  endfacet
  facet normal 6.394981e-01 -7.611467e-01 1.081573e-01
    outer loop
      vertex   4.399012e+01 -6.260702e+01 1.635681e+02
      vertex   4.315040e+01 -6.317796e+01 1.645151e+02
      vertex   4.320002e+01 -6.326386e+01 1.636172e+02
    endloop
  endfacet
  facet normal 5.954273e-01 -6.847995e-01 4.201380e-01
    outer loop
      vertex   4.399012e+01 -6.260702e+01 1.635681e+02
      vertex   4.320002e+01 -6.326386e+01 1.636172e+02
      vertex   4.419544e+01 -6.296278e+01 1.626972e+02
    endloop
  endfacet
  facet normal 5.954273e-01 -6.847995e-01 4.201380e-01
    outer loop
      vertex   4.419544e+01 -6.296278e+01 1.626972e+02
      vertex   4.320002e+01 -6.326386e+01 1.636172e+02
      vertex   4.339265e+01 -6.359762e+01 1.628002e+02
    endloop
  endfacet
  facet normal -5.214185e-01 5.564251e-01 6.469265e-01
    outer loop
      vertex   4.664212e+01 -6.720314e+01 1.628312e+02
      vertex   4.744220e+01 -6.656361e+01 1.629260e+02
      vertex   4.632604e+01 -6.665526e+01 1.621052e+02
    endloop
  endfacet
  facet normal -5.214185e-01 5.564251e-01 6.469265e-01
    outer loop
      vertex   4.632604e+01 -6.665526e+01 1.621052e+02
      vertex   4.744220e+01 -6.656361e+01 1.629260e+02
      vertex   4.714566e+01 -6.604961e+01 1.622449e+02
    endloop
  endfacet
  facet normal -3.963383e-01 3.396272e-01 8.529767e-01
    outer loop
      vertex   4.632604e+01 -6.665526e+01 1.621052e+02
      vertex   4.714566e+01 -6.604961e+01 1.622449e+02
      vertex   4.590926e+01 -6.593290e+01 1.616239e+02
    endloop
  endfacet
  facet normal -3.963383e-01 3.396272e-01 8.529767e-01
    outer loop
      vertex   4.590926e+01 -6.593290e+01 1.616239e+02
      vertex   4.714566e+01 -6.604961e+01 1.622449e+02
      vertex   4.675466e+01 -6.537192e+01 1.617934e+02
    endloop
  endfacet
  facet normal -2.445948e-01 7.662845e-02 9.665927e-01
    outer loop
      vertex   4.590926e+01 -6.593290e+01 1.616239e+02
      vertex   4.675466e+01 -6.537192e+01 1.617934e+02
      vertex   4.543696e+01 -6.511433e+01 1.614395e+02
    endloop
  endfacet
  facet normal -2.445948e-01 7.662845e-02 9.665927e-01
    outer loop
      vertex   4.543696e+01 -6.511433e+01 1.614395e+02
      vertex   4.675466e+01 -6.537192e+01 1.617934e+02
      vertex   4.631156e+01 -6.460397e+01 1.616204e+02
    endloop
  endfacet
  facet normal -8.263167e-02 -2.040712e-01 9.754624e-01
    outer loop
      vertex   4.543696e+01 -6.511433e+01 1.614395e+02
      vertex   4.631156e+01 -6.460397e+01 1.616204e+02
      vertex   4.496031e+01 -6.428826e+01 1.615720e+02
    endloop
  endfacet
  facet normal -8.263167e-02 -2.040712e-01 9.754624e-01
    outer loop
      vertex   4.496031e+01 -6.428826e+01 1.615720e+02
      vertex   4.631156e+01 -6.460397e+01 1.616204e+02
      vertex   4.586439e+01 -6.382898e+01 1.617446e+02
    endloop
  endfacet
  facet normal 7.199988e-02 -4.720537e-01 8.786247e-01
    outer loop
      vertex   4.496031e+01 -6.428826e+01 1.615720e+02
      vertex   4.586439e+01 -6.382898e+01 1.617446e+02
      vertex   4.453096e+01 -6.354420e+01 1.620069e+02
    endloop
  endfacet
  facet normal 7.199988e-02 -4.720537e-01 8.786247e-01
    outer loop
      vertex   4.453096e+01 -6.354420e+01 1.620069e+02
      vertex   4.586439e+01 -6.382898e+01 1.617446e+02
      vertex   4.546159e+01 -6.313093e+01 1.621527e+02
    endloop
  endfacet
  facet normal -2.208428e-01 7.298572e-01 6.469443e-01
    outer loop
      vertex   4.568803e+01 -6.757577e+01 1.629259e+02
      vertex   4.664212e+01 -6.720314e+01 1.628312e+02
      vertex   4.539149e+01 -6.706177e+01 1.622448e+02
    endloop
  endfacet
  facet normal -2.208428e-01 7.298572e-01 6.469443e-01
    outer loop
      vertex   4.539149e+01 -6.706177e+01 1.622448e+02
      vertex   4.664212e+01 -6.720314e+01 1.628312e+02
      vertex   4.632604e+01 -6.665526e+01 1.621052e+02
    endloop
  endfacet
  facet normal -9.576269e-02 5.130593e-01 8.529945e-01
    outer loop
      vertex   4.539149e+01 -6.706177e+01 1.622448e+02
      vertex   4.632604e+01 -6.665526e+01 1.621052e+02
      vertex   4.500049e+01 -6.638408e+01 1.617933e+02
    endloop
  endfacet
  facet normal -9.576269e-02 5.130593e-01 8.529945e-01
    outer loop
      vertex   4.500049e+01 -6.638408e+01 1.617933e+02
      vertex   4.632604e+01 -6.665526e+01 1.621052e+02
      vertex   4.590926e+01 -6.593290e+01 1.616239e+02
    endloop
  endfacet
  facet normal 5.598084e-02 2.500606e-01 9.666105e-01
    outer loop
      vertex   4.500049e+01 -6.638408e+01 1.617933e+02
      vertex   4.590926e+01 -6.593290e+01 1.616239e+02
      vertex   4.455739e+01 -6.561612e+01 1.616203e+02
    endloop
  endfacet
  facet normal 5.598084e-02 2.500606e-01 9.666105e-01
    outer loop
      vertex   4.455739e+01 -6.561612e+01 1.616203e+02
      vertex   4.590926e+01 -6.593290e+01 1.616239e+02
      vertex   4.543696e+01 -6.511433e+01 1.614395e+02
    endloop
  endfacet
  facet normal 2.179440e-01 -3.063914e-02 9.754802e-01
    outer loop
      vertex   4.455739e+01 -6.561612e+01 1.616203e+02
      vertex   4.543696e+01 -6.511433e+01 1.614395e+02
      vertex   4.411022e+01 -6.484113e+01 1.617445e+02
    endloop
  endfacet
  facet normal 2.179440e-01 -3.063914e-02 9.754802e-01
    outer loop
      vertex   4.411022e+01 -6.484113e+01 1.617445e+02
      vertex   4.543696e+01 -6.511433e+01 1.614395e+02
      vertex   4.496031e+01 -6.428826e+01 1.615720e+02
    endloop
  endfacet
  facet normal 3.725755e-01 -2.986216e-01 8.786425e-01
    outer loop
      vertex   4.411022e+01 -6.484113e+01 1.617445e+02
      vertex   4.496031e+01 -6.428826e+01 1.615720e+02
      vertex   4.370742e+01 -6.414309e+01 1.621526e+02
    endloop
  endfacet
  facet normal 3.725755e-01 -2.986216e-01 8.786425e-01
    outer loop
      vertex   4.370742e+01 -6.414309e+01 1.621526e+02
      vertex   4.496031e+01 -6.428826e+01 1.615720e+02
      vertex   4.453096e+01 -6.354420e+01 1.620069e+02
    endloop
  endfacet
  facet normal 8.217194e-01 -4.329346e-01 3.706006e-01
    outer loop
      vertex   4.320002e+01 -6.326386e+01 1.636172e+02
      vertex   4.282483e+01 -6.438914e+01 1.631346e+02
      vertex   4.339265e+01 -6.359762e+01 1.628002e+02
    endloop
  endfacet
  facet normal 6.976634e-01 -5.818421e-01 -4.180018e-01
    outer loop
      vertex   4.896794e+01 -6.743219e+01 1.618043e+02
      vertex   4.923280e+01 -6.789134e+01 1.628855e+02
      vertex   4.836033e+01 -6.821295e+01 1.618770e+02
    endloop
  endfacet
  facet normal 6.678719e-01 -6.444984e-01 -3.722486e-01
    outer loop
      vertex   4.836033e+01 -6.821295e+01 1.618770e+02
      vertex   4.923280e+01 -6.789134e+01 1.628855e+02
      vertex   4.830590e+01 -6.879037e+01 1.627791e+02
    endloop
  endfacet
  facet normal 5.388712e-01 -7.238741e-01 -4.308412e-01
    outer loop
      vertex   4.836033e+01 -6.821295e+01 1.618770e+02
      vertex   4.830590e+01 -6.879037e+01 1.627791e+02
      vertex   4.757196e+01 -6.881456e+01 1.619017e+02
    endloop
  endfacet
  facet normal 4.649633e-01 -8.057916e-01 -3.667546e-01
    outer loop
      vertex   4.757196e+01 -6.881456e+01 1.619017e+02
      vertex   4.830590e+01 -6.879037e+01 1.627791e+02
      vertex   4.718365e+01 -6.943791e+01 1.627790e+02
    endloop
  endfacet
  facet normal 3.570603e-01 -8.287789e-01 -4.308519e-01
    outer loop
      vertex   4.757196e+01 -6.881456e+01 1.619017e+02
      vertex   4.718365e+01 -6.943791e+01 1.627790e+02
      vertex   4.665658e+01 -6.919601e+01 1.618769e+02
    endloop
  endfacet
  facet normal 2.237756e-01 -9.007419e-01 -3.722749e-01
    outer loop
      vertex   4.665658e+01 -6.919601e+01 1.618769e+02
      vertex   4.718365e+01 -6.943791e+01 1.627790e+02
      vertex   4.594141e+01 -6.979047e+01 1.628853e+02
    endloop
  endfacet
  facet normal 1.546249e-01 -8.951753e-01 -4.180340e-01
    outer loop
      vertex   4.665658e+01 -6.919601e+01 1.618769e+02
      vertex   4.594141e+01 -6.979047e+01 1.628853e+02
      vertex   4.567654e+01 -6.933132e+01 1.618041e+02
    endloop
  endfacet
  facet normal 6.949256e-01 -6.943151e-01 -1.870964e-01
    outer loop
      vertex   4.830590e+01 -6.879037e+01 1.627791e+02
      vertex   4.923280e+01 -6.789134e+01 1.628855e+02
      vertex   4.843067e+01 -6.900675e+01 1.640455e+02
    endloop
  endfacet
  facet normal 6.949256e-01 -6.943151e-01 -1.870964e-01
    outer loop
      vertex   4.843067e+01 -6.900675e+01 1.640455e+02
      vertex   4.923280e+01 -6.789134e+01 1.628855e+02
      vertex   4.934920e+01 -6.809318e+01 1.640669e+02
    endloop
  endfacet
  facet normal 7.029842e-01 -7.083072e-01 6.414172e-02
    outer loop
      vertex   4.843067e+01 -6.900675e+01 1.640455e+02
      vertex   4.934920e+01 -6.809318e+01 1.640669e+02
      vertex   4.838783e+01 -6.893263e+01 1.653335e+02
    endloop
  endfacet
  facet normal 7.029842e-01 -7.083072e-01 6.414172e-02
    outer loop
      vertex   4.838783e+01 -6.893263e+01 1.653335e+02
      vertex   4.934920e+01 -6.809318e+01 1.640669e+02
      vertex   4.930924e+01 -6.802404e+01 1.652684e+02
    endloop
  endfacet
  facet normal 6.783567e-01 -6.656506e-01 3.110328e-01
    outer loop
      vertex   4.838783e+01 -6.893263e+01 1.653335e+02
      vertex   4.930924e+01 -6.802404e+01 1.652684e+02
      vertex   4.818028e+01 -6.857305e+01 1.665557e+02
    endloop
  endfacet
  facet normal 6.783567e-01 -6.656506e-01 3.110328e-01
    outer loop
      vertex   4.818028e+01 -6.857305e+01 1.665557e+02
      vertex   4.930924e+01 -6.802404e+01 1.652684e+02
      vertex   4.911562e+01 -6.768861e+01 1.664085e+02
    endloop
  endfacet
  facet normal 6.227126e-01 -5.692368e-01 5.368412e-01
    outer loop
      vertex   4.818028e+01 -6.857305e+01 1.665557e+02
      vertex   4.911562e+01 -6.768861e+01 1.664085e+02
      vertex   4.782209e+01 -6.795238e+01 1.676293e+02
    endloop
  endfacet
  facet normal 6.227126e-01 -5.692368e-01 5.368412e-01
    outer loop
      vertex   4.782209e+01 -6.795238e+01 1.676293e+02
      vertex   4.911562e+01 -6.768861e+01 1.664085e+02
      vertex   4.878148e+01 -6.710961e+01 1.674101e+02
    endloop
  endfacet
  facet normal 5.398237e-01 -4.256013e-01 7.262602e-01
    outer loop
      vertex   4.782209e+01 -6.795238e+01 1.676293e+02
      vertex   4.878148e+01 -6.710961e+01 1.674101e+02
      vertex   4.733753e+01 -6.711268e+01 1.684815e+02
    endloop
  endfacet
  facet normal 5.398237e-01 -4.256013e-01 7.262602e-01
    outer loop
      vertex   4.733753e+01 -6.711268e+01 1.684815e+02
      vertex   4.878148e+01 -6.710961e+01 1.674101e+02
      vertex   4.832947e+01 -6.632630e+01 1.682051e+02
    endloop
  endfacet
  facet normal 4.353087e-01 -2.444805e-01 8.664500e-01
    outer loop
      vertex   4.733753e+01 -6.711268e+01 1.684815e+02
      vertex   4.832947e+01 -6.632630e+01 1.682051e+02
      vertex   4.675946e+01 -6.611088e+01 1.690546e+02
    endloop
  endfacet
  facet normal 4.353087e-01 -2.444805e-01 8.664500e-01
    outer loop
      vertex   4.675946e+01 -6.611088e+01 1.690546e+02
      vertex   4.832947e+01 -6.632630e+01 1.682051e+02
      vertex   4.779021e+01 -6.539178e+01 1.687397e+02
    endloop
  endfacet
  facet normal 3.162523e-01 -3.815182e-02 9.479077e-01
    outer loop
      vertex   4.675946e+01 -6.611088e+01 1.690546e+02
      vertex   4.779021e+01 -6.539178e+01 1.687397e+02
      vertex   4.612706e+01 -6.501490e+01 1.693097e+02
    endloop
  endfacet
  facet normal 3.162523e-01 -3.815182e-02 9.479077e-01
    outer loop
      vertex   4.612706e+01 -6.501490e+01 1.693097e+02
      vertex   4.779021e+01 -6.539178e+01 1.687397e+02
      vertex   4.720028e+01 -6.436939e+01 1.689777e+02
    endloop
  endfacet
  facet normal 1.907247e-01 1.793986e-01 9.651115e-01
    outer loop
      vertex   4.612706e+01 -6.501490e+01 1.693097e+02
      vertex   4.720028e+01 -6.436939e+01 1.689777e+02
      vertex   4.548320e+01 -6.389901e+01 1.692295e+02
    endloop
  endfacet
  facet normal 1.907247e-01 1.793986e-01 9.651115e-01
    outer loop
      vertex   4.548320e+01 -6.389901e+01 1.692295e+02
      vertex   4.720028e+01 -6.436939e+01 1.689777e+02
      vertex   4.659965e+01 -6.332843e+01 1.689029e+02
    endloop
  endfacet
  facet normal 6.723504e-02 3.934238e-01 9.168954e-01
    outer loop
      vertex   4.548320e+01 -6.389901e+01 1.692295e+02
      vertex   4.659965e+01 -6.332843e+01 1.689029e+02
      vertex   4.487152e+01 -6.283886e+01 1.688195e+02
    endloop
  endfacet
  facet normal 6.723504e-02 3.934238e-01 9.168954e-01
    outer loop
      vertex   4.487152e+01 -6.283886e+01 1.688195e+02
      vertex   4.659965e+01 -6.332843e+01 1.689029e+02
      vertex   4.602905e+01 -6.233947e+01 1.685204e+02
    endloop
  endfacet
  facet normal -4.584592e-02 5.894161e-01 8.065276e-01
    outer loop
      vertex   4.487152e+01 -6.283886e+01 1.688195e+02
      vertex   4.602905e+01 -6.233947e+01 1.685204e+02
      vertex   4.433348e+01 -6.190632e+01 1.681074e+02
    endloop
  endfacet
  facet normal -4.584592e-02 5.894161e-01 8.065276e-01
    outer loop
      vertex   4.433348e+01 -6.190632e+01 1.681074e+02
      vertex   4.602905e+01 -6.233947e+01 1.685204e+02
      vertex   4.552714e+01 -6.146955e+01 1.678561e+02
    endloop
  endfacet
  facet normal -1.408529e-01 7.540898e-01 6.414896e-01
    outer loop
      vertex   4.433348e+01 -6.190632e+01 1.681074e+02
      vertex   4.552714e+01 -6.146955e+01 1.678561e+02
      vertex   4.390556e+01 -6.116459e+01 1.671415e+02
    endloop
  endfacet
  facet normal -1.408529e-01 7.540898e-01 6.414896e-01
    outer loop
      vertex   4.390556e+01 -6.116459e+01 1.671415e+02
      vertex   4.552714e+01 -6.146955e+01 1.678561e+02
      vertex   4.512796e+01 -6.077763e+01 1.669551e+02
    endloop
  endfacet
  facet normal -2.113457e-01 8.762826e-01 4.329686e-01
    outer loop
      vertex   4.390556e+01 -6.116459e+01 1.671415e+02
      vertex   4.512796e+01 -6.077763e+01 1.669551e+02
      vertex   4.361677e+01 -6.066396e+01 1.659873e+02
    endloop
  endfacet
  facet normal -2.113457e-01 8.762826e-01 4.329686e-01
    outer loop
      vertex   4.361677e+01 -6.066396e+01 1.659873e+02
      vertex   4.512796e+01 -6.077763e+01 1.669551e+02
      vertex   4.485855e+01 -6.031061e+01 1.658784e+02
    endloop
  endfacet
  facet normal -2.525460e-01 9.477113e-01 1.950994e-01
    outer loop
      vertex   4.361677e+01 -6.066396e+01 1.659873e+02
      vertex   4.485855e+01 -6.031061e+01 1.658784e+02
      vertex   4.348667e+01 -6.043836e+01 1.647231e+02
    endloop
  endfacet
  facet normal -2.525460e-01 9.477113e-01 1.950994e-01
    outer loop
      vertex   4.348667e+01 -6.043836e+01 1.647231e+02
      vertex   4.485855e+01 -6.031061e+01 1.658784e+02
      vertex   4.473719e+01 -6.010016e+01 1.646990e+02
    endloop
  endfacet
  facet normal -2.616610e-01 9.635342e-01 -5.599393e-02
    outer loop
      vertex   4.348667e+01 -6.043836e+01 1.647231e+02
      vertex   4.473719e+01 -6.010016e+01 1.646990e+02
      vertex   4.352410e+01 -6.050309e+01 1.634344e+02
    endloop
  endfacet
  facet normal -2.616610e-01 9.635342e-01 -5.599393e-02
    outer loop
      vertex   4.352410e+01 -6.050309e+01 1.634344e+02
      vertex   4.473719e+01 -6.010016e+01 1.646990e+02
      vertex   4.477210e+01 -6.016054e+01 1.634969e+02
    endloop
  endfacet
  facet normal -2.380727e-01 9.226788e-01 -3.032908e-01
    outer loop
      vertex   4.352410e+01 -6.050309e+01 1.634344e+02
      vertex   4.477210e+01 -6.016054e+01 1.634969e+02
      vertex   4.372650e+01 -6.085375e+01 1.622088e+02
    endloop
  endfacet
  facet normal -2.380727e-01 9.226788e-01 -3.032908e-01
    outer loop
      vertex   4.372650e+01 -6.085375e+01 1.622088e+02
      vertex   4.477210e+01 -6.016054e+01 1.634969e+02
      vertex   4.496091e+01 -6.048766e+01 1.623535e+02
    endloop
  endfacet
  facet normal -1.833802e-01 8.279143e-01 -5.300279e-01
    outer loop
      vertex   4.372650e+01 -6.085375e+01 1.622088e+02
      vertex   4.496091e+01 -6.048766e+01 1.623535e+02
      vertex   4.408016e+01 -6.146657e+01 1.611292e+02
    endloop
  endfacet
  facet normal -1.833802e-01 8.279143e-01 -5.300279e-01
    outer loop
      vertex   4.408016e+01 -6.146657e+01 1.611292e+02
      vertex   4.496091e+01 -6.048766e+01 1.623535e+02
      vertex   4.529083e+01 -6.105933e+01 1.613464e+02
    endloop
  endfacet
  facet normal -1.210812e-01 7.228701e-01 -6.802927e-01
    outer loop
      vertex   4.408016e+01 -6.146657e+01 1.611292e+02
      vertex   4.529083e+01 -6.105933e+01 1.613464e+02
      vertex   4.475946e+01 -6.197213e+01 1.604711e+02
    endloop
  endfacet
  facet normal -4.477408e-02 7.049081e-01 -7.078841e-01
    outer loop
      vertex   4.475946e+01 -6.197213e+01 1.604711e+02
      vertex   4.529083e+01 -6.105933e+01 1.613464e+02
      vertex   4.573949e+01 -6.183682e+01 1.605438e+02
    endloop
  endfacet
  facet normal -2.431966e-01 6.315612e-01 -7.361969e-01
    outer loop
      vertex   4.475946e+01 -6.197213e+01 1.604711e+02
      vertex   4.384407e+01 -6.235358e+01 1.604462e+02
      vertex   4.408016e+01 -6.146657e+01 1.611292e+02
    endloop
  endfacet
  facet normal -3.618995e-01 6.272798e-01 -6.896005e-01
    outer loop
      vertex   4.408016e+01 -6.146657e+01 1.611292e+02
      vertex   4.384407e+01 -6.235358e+01 1.604462e+02
      vertex   4.295791e+01 -6.211411e+01 1.611291e+02
    endloop
  endfacet
  facet normal -4.179757e-01 7.244511e-01 -5.481486e-01
    outer loop
      vertex   4.408016e+01 -6.146657e+01 1.611292e+02
      vertex   4.295791e+01 -6.211411e+01 1.611291e+02
      vertex   4.372650e+01 -6.085375e+01 1.622088e+02
    endloop
  endfacet
  facet normal -4.179757e-01 7.244511e-01 -5.481486e-01
    outer loop
      vertex   4.372650e+01 -6.085375e+01 1.622088e+02
      vertex   4.295791e+01 -6.211411e+01 1.611291e+02
      vertex   4.260425e+01 -6.150129e+01 1.622087e+02
    endloop
  endfacet
  facet normal -4.745367e-01 8.224530e-01 -3.136655e-01
    outer loop
      vertex   4.372650e+01 -6.085375e+01 1.622088e+02
      vertex   4.260425e+01 -6.150129e+01 1.622087e+02
      vertex   4.352410e+01 -6.050309e+01 1.634344e+02
    endloop
  endfacet
  facet normal -4.745367e-01 8.224530e-01 -3.136655e-01
    outer loop
      vertex   4.352410e+01 -6.050309e+01 1.634344e+02
      vertex   4.260425e+01 -6.150129e+01 1.622087e+02
      vertex   4.240184e+01 -6.115062e+01 1.634344e+02
    endloop
  endfacet
  facet normal -4.989307e-01 8.647042e-01 -5.792035e-02
    outer loop
      vertex   4.352410e+01 -6.050309e+01 1.634344e+02
      vertex   4.240184e+01 -6.115062e+01 1.634344e+02
      vertex   4.348667e+01 -6.043836e+01 1.647231e+02
    endloop
  endfacet
  facet normal -4.989307e-01 8.647042e-01 -5.792035e-02
    outer loop
      vertex   4.348667e+01 -6.043836e+01 1.647231e+02
      vertex   4.240184e+01 -6.115062e+01 1.634344e+02
      vertex   4.236442e+01 -6.108590e+01 1.647230e+02
    endloop
  endfacet
  facet normal -4.895044e-01 8.483407e-01 2.017510e-01
    outer loop
      vertex   4.348667e+01 -6.043836e+01 1.647231e+02
      vertex   4.236442e+01 -6.108590e+01 1.647230e+02
      vertex   4.361677e+01 -6.066396e+01 1.659873e+02
    endloop
  endfacet
  facet normal -4.895044e-01 8.483407e-01 2.017510e-01
    outer loop
      vertex   4.361677e+01 -6.066396e+01 1.659873e+02
      vertex   4.236442e+01 -6.108590e+01 1.647230e+02
      vertex   4.249452e+01 -6.131150e+01 1.659873e+02
    endloop
  endfacet
  facet normal -4.468966e-01 7.744718e-01 4.477464e-01
    outer loop
      vertex   4.361677e+01 -6.066396e+01 1.659873e+02
      vertex   4.249452e+01 -6.131150e+01 1.659873e+02
      vertex   4.390556e+01 -6.116459e+01 1.671415e+02
    endloop
  endfacet
  facet normal -4.468966e-01 7.744718e-01 4.477464e-01
    outer loop
      vertex   4.390556e+01 -6.116459e+01 1.671415e+02
      vertex   4.249452e+01 -6.131150e+01 1.659873e+02
      vertex   4.278331e+01 -6.181213e+01 1.671415e+02
    endloop
  endfacet
  facet normal -3.739956e-01 6.481047e-01 6.633910e-01
    outer loop
      vertex   4.390556e+01 -6.116459e+01 1.671415e+02
      vertex   4.278331e+01 -6.181213e+01 1.671415e+02
      vertex   4.433348e+01 -6.190632e+01 1.681074e+02
    endloop
  endfacet
  facet normal -3.739956e-01 6.481047e-01 6.633910e-01
    outer loop
      vertex   4.433348e+01 -6.190632e+01 1.681074e+02
      vertex   4.278331e+01 -6.181213e+01 1.671415e+02
      vertex   4.321123e+01 -6.255386e+01 1.681074e+02
    endloop
  endfacet
  facet normal -2.757429e-01 4.778052e-01 8.340672e-01
    outer loop
      vertex   4.433348e+01 -6.190632e+01 1.681074e+02
      vertex   4.321123e+01 -6.255386e+01 1.681074e+02
      vertex   4.487152e+01 -6.283886e+01 1.688195e+02
    endloop
  endfacet
  facet normal -2.757429e-01 4.778052e-01 8.340672e-01
    outer loop
      vertex   4.487152e+01 -6.283886e+01 1.688195e+02
      vertex   4.321123e+01 -6.255386e+01 1.681074e+02
      vertex   4.374927e+01 -6.348640e+01 1.688194e+02
    endloop
  endfacet
  facet normal -1.587988e-01 2.751174e-01 9.482053e-01
    outer loop
      vertex   4.487152e+01 -6.283886e+01 1.688195e+02
      vertex   4.374927e+01 -6.348640e+01 1.688194e+02
      vertex   4.548320e+01 -6.389901e+01 1.692295e+02
    endloop
  endfacet
  facet normal -1.587988e-01 2.751174e-01 9.482053e-01
    outer loop
      vertex   4.548320e+01 -6.389901e+01 1.692295e+02
      vertex   4.374927e+01 -6.348640e+01 1.688194e+02
      vertex   4.436095e+01 -6.454655e+01 1.692295e+02
    endloop
  endfacet
  facet normal -3.109042e-02 5.378046e-02 9.980687e-01
    outer loop
      vertex   4.548320e+01 -6.389901e+01 1.692295e+02
      vertex   4.436095e+01 -6.454655e+01 1.692295e+02
      vertex   4.612706e+01 -6.501490e+01 1.693097e+02
    endloop
  endfacet
  facet normal -3.109042e-02 5.378046e-02 9.980687e-01
    outer loop
      vertex   4.612706e+01 -6.501490e+01 1.693097e+02
      vertex   4.436095e+01 -6.454655e+01 1.692295e+02
      vertex   4.500481e+01 -6.566244e+01 1.693097e+02
    endloop
  endfacet
  facet normal 9.872547e-02 -1.712020e-01 9.802771e-01
    outer loop
      vertex   4.612706e+01 -6.501490e+01 1.693097e+02
      vertex   4.500481e+01 -6.566244e+01 1.693097e+02
      vertex   4.675946e+01 -6.611088e+01 1.690546e+02
    endloop
  endfacet
  facet normal 9.872547e-02 -1.712020e-01 9.802771e-01
    outer loop
      vertex   4.675946e+01 -6.611088e+01 1.690546e+02
      vertex   4.500481e+01 -6.566244e+01 1.693097e+02
      vertex   4.563721e+01 -6.675842e+01 1.690546e+02
    endloop
  endfacet
  facet normal 2.218492e-01 -3.845794e-01 8.960366e-01
    outer loop
      vertex   4.675946e+01 -6.611088e+01 1.690546e+02
      vertex   4.563721e+01 -6.675842e+01 1.690546e+02
      vertex   4.733753e+01 -6.711268e+01 1.684815e+02
    endloop
  endfacet
  facet normal 2.218492e-01 -3.845794e-01 8.960366e-01
    outer loop
      vertex   4.733753e+01 -6.711268e+01 1.684815e+02
      vertex   4.563721e+01 -6.675842e+01 1.690546e+02
      vertex   4.621528e+01 -6.776022e+01 1.684815e+02
    endloop
  endfacet
  facet normal 3.299347e-01 -5.718878e-01 7.510576e-01
    outer loop
      vertex   4.733753e+01 -6.711268e+01 1.684815e+02
      vertex   4.621528e+01 -6.776022e+01 1.684815e+02
      vertex   4.782209e+01 -6.795238e+01 1.676293e+02
    endloop
  endfacet
  facet normal 3.299347e-01 -5.718878e-01 7.510576e-01
    outer loop
      vertex   4.782209e+01 -6.795238e+01 1.676293e+02
      vertex   4.621528e+01 -6.776022e+01 1.684815e+02
      vertex   4.669983e+01 -6.859991e+01 1.676292e+02
    endloop
  endfacet
  facet normal 4.156552e-01 -7.204302e-01 5.551675e-01
    outer loop
      vertex   4.782209e+01 -6.795238e+01 1.676293e+02
      vertex   4.669983e+01 -6.859991e+01 1.676292e+02
      vertex   4.818028e+01 -6.857305e+01 1.665557e+02
    endloop
  endfacet
  facet normal 4.156552e-01 -7.204302e-01 5.551675e-01
    outer loop
      vertex   4.818028e+01 -6.857305e+01 1.665557e+02
      vertex   4.669983e+01 -6.859991e+01 1.676292e+02
      vertex   4.705803e+01 -6.922059e+01 1.665556e+02
    endloop
  endfacet
  facet normal 4.732003e-01 -8.201378e-01 3.216450e-01
    outer loop
      vertex   4.818028e+01 -6.857305e+01 1.665557e+02
      vertex   4.705803e+01 -6.922059e+01 1.665556e+02
      vertex   4.838783e+01 -6.893263e+01 1.653335e+02
    endloop
  endfacet
  facet normal 4.732003e-01 -8.201378e-01 3.216450e-01
    outer loop
      vertex   4.838783e+01 -6.893263e+01 1.653335e+02
      vertex   4.705803e+01 -6.922059e+01 1.665556e+02
      vertex   4.726558e+01 -6.958017e+01 1.653334e+02
    endloop
  endfacet
  facet normal 4.986691e-01 -8.642516e-01 6.631944e-02
    outer loop
      vertex   4.838783e+01 -6.893263e+01 1.653335e+02
      vertex   4.726558e+01 -6.958017e+01 1.653334e+02
      vertex   4.843067e+01 -6.900675e+01 1.640455e+02
    endloop
  endfacet
  facet normal 4.986691e-01 -8.642516e-01 6.631944e-02
    outer loop
      vertex   4.843067e+01 -6.900675e+01 1.640455e+02
      vertex   4.726558e+01 -6.958017e+01 1.653334e+02
      vertex   4.730842e+01 -6.965429e+01 1.640454e+02
    endloop
  endfacet
  facet normal 4.903352e-01 -8.497815e-01 -1.935016e-01
    outer loop
      vertex   4.843067e+01 -6.900675e+01 1.640455e+02
      vertex   4.730842e+01 -6.965429e+01 1.640454e+02
      vertex   4.830590e+01 -6.879037e+01 1.627791e+02
    endloop
  endfacet
  facet normal 4.903352e-01 -8.497815e-01 -1.935016e-01
    outer loop
      vertex   4.830590e+01 -6.879037e+01 1.627791e+02
      vertex   4.730842e+01 -6.965429e+01 1.640454e+02
      vertex   4.718365e+01 -6.943791e+01 1.627790e+02
    endloop
  endfacet
  facet normal -4.250075e-01 5.266563e-01 -7.362077e-01
    outer loop
      vertex   4.384407e+01 -6.235358e+01 1.604462e+02
      vertex   4.305571e+01 -6.295519e+01 1.604710e+02
      vertex   4.295791e+01 -6.211411e+01 1.611291e+02
    endloop
  endfacet
  facet normal -5.651776e-01 4.666266e-01 -6.803190e-01
    outer loop
      vertex   4.295791e+01 -6.211411e+01 1.611291e+02
      vertex   4.305571e+01 -6.295519e+01 1.604710e+02
      vertex   4.199944e+01 -6.295847e+01 1.613462e+02
    endloop
  endfacet
  facet normal -6.249564e-01 5.731249e-01 -5.300541e-01
    outer loop
      vertex   4.295791e+01 -6.211411e+01 1.611291e+02
      vertex   4.199944e+01 -6.295847e+01 1.613462e+02
      vertex   4.260425e+01 -6.150129e+01 1.622087e+02
    endloop
  endfacet
  facet normal -6.249564e-01 5.731249e-01 -5.300541e-01
    outer loop
      vertex   4.260425e+01 -6.150129e+01 1.622087e+02
      vertex   4.199944e+01 -6.295847e+01 1.613462e+02
      vertex   4.166952e+01 -6.238679e+01 1.623533e+02
    endloop
  endfacet
  facet normal -6.796489e-01 6.678894e-01 -3.033169e-01
    outer loop
      vertex   4.260425e+01 -6.150129e+01 1.622087e+02
      vertex   4.166952e+01 -6.238679e+01 1.623533e+02
      vertex   4.240184e+01 -6.115062e+01 1.634344e+02
    endloop
  endfacet
  facet normal -6.796489e-01 6.678894e-01 -3.033169e-01
    outer loop
      vertex   4.240184e+01 -6.115062e+01 1.634344e+02
      vertex   4.166952e+01 -6.238679e+01 1.623533e+02
      vertex   4.148071e+01 -6.205968e+01 1.634967e+02
    endloop
  endfacet
  facet normal -7.032372e-01 7.087448e-01 -5.602008e-02
    outer loop
      vertex   4.240184e+01 -6.115062e+01 1.634344e+02
      vertex   4.148071e+01 -6.205968e+01 1.634967e+02
      vertex   4.236442e+01 -6.108590e+01 1.647230e+02
    endloop
  endfacet
  facet normal -7.032372e-01 7.087448e-01 -5.602008e-02
    outer loop
      vertex   4.236442e+01 -6.108590e+01 1.647230e+02
      vertex   4.148071e+01 -6.205968e+01 1.634967e+02
      vertex   4.144580e+01 -6.199930e+01 1.646988e+02
    endloop
  endfacet
  facet normal -6.941222e-01 6.929219e-01 1.950733e-01
    outer loop
      vertex   4.236442e+01 -6.108590e+01 1.647230e+02
      vertex   4.144580e+01 -6.199930e+01 1.646988e+02
      vertex   4.249452e+01 -6.131150e+01 1.659873e+02
    endloop
  endfacet
  facet normal -6.941222e-01 6.929219e-01 1.950733e-01
    outer loop
      vertex   4.249452e+01 -6.131150e+01 1.659873e+02
      vertex   4.144580e+01 -6.199930e+01 1.646988e+02
      vertex   4.156716e+01 -6.220975e+01 1.658782e+02
    endloop
  endfacet
  facet normal -6.529219e-01 6.214932e-01 4.329425e-01
    outer loop
      vertex   4.249452e+01 -6.131150e+01 1.659873e+02
      vertex   4.156716e+01 -6.220975e+01 1.658782e+02
      vertex   4.278331e+01 -6.181213e+01 1.671415e+02
    endloop
  endfacet
  facet normal -6.529219e-01 6.214932e-01 4.329425e-01
    outer loop
      vertex   4.278331e+01 -6.181213e+01 1.671415e+02
      vertex   4.156716e+01 -6.220975e+01 1.658782e+02
      vertex   4.183656e+01 -6.267676e+01 1.669549e+02
    endloop
  endfacet
  facet normal -5.824291e-01 4.993005e-01 6.414635e-01
    outer loop
      vertex   4.278331e+01 -6.181213e+01 1.671415e+02
      vertex   4.183656e+01 -6.267676e+01 1.669549e+02
      vertex   4.321123e+01 -6.255386e+01 1.681074e+02
    endloop
  endfacet
  facet normal -5.824291e-01 4.993005e-01 6.414635e-01
    outer loop
      vertex   4.321123e+01 -6.255386e+01 1.681074e+02
      vertex   4.183656e+01 -6.267676e+01 1.669549e+02
      vertex   4.223574e+01 -6.336868e+01 1.678559e+02
    endloop
  endfacet
  facet normal -4.874221e-01 3.346267e-01 8.065015e-01
    outer loop
      vertex   4.321123e+01 -6.255386e+01 1.681074e+02
      vertex   4.223574e+01 -6.336868e+01 1.678559e+02
      vertex   4.374927e+01 -6.348640e+01 1.688194e+02
    endloop
  endfacet
  facet normal -4.874221e-01 3.346267e-01 8.065015e-01
    outer loop
      vertex   4.374927e+01 -6.348640e+01 1.688194e+02
      vertex   4.223574e+01 -6.336868e+01 1.678559e+02
      vertex   4.273765e+01 -6.423861e+01 1.685202e+02
    endloop
  endfacet
  facet normal -3.743412e-01 1.386344e-01 9.168692e-01
    outer loop
      vertex   4.374927e+01 -6.348640e+01 1.688194e+02
      vertex   4.273765e+01 -6.423861e+01 1.685202e+02
      vertex   4.436095e+01 -6.454655e+01 1.692295e+02
    endloop
  endfacet
  facet normal -3.743412e-01 1.386344e-01 9.168692e-01
    outer loop
      vertex   4.436095e+01 -6.454655e+01 1.692295e+02
      vertex   4.273765e+01 -6.423861e+01 1.685202e+02
      vertex   4.330826e+01 -6.522756e+01 1.689027e+02
    endloop
  endfacet
  facet normal -2.508515e-01 -7.539082e-02 9.650854e-01
    outer loop
      vertex   4.436095e+01 -6.454655e+01 1.692295e+02
      vertex   4.330826e+01 -6.522756e+01 1.689027e+02
      vertex   4.500481e+01 -6.566244e+01 1.693097e+02
    endloop
  endfacet
  facet normal -2.508515e-01 -7.539082e-02 9.650854e-01
    outer loop
      vertex   4.500481e+01 -6.566244e+01 1.693097e+02
      vertex   4.330826e+01 -6.522756e+01 1.689027e+02
      vertex   4.390888e+01 -6.626852e+01 1.689775e+02
    endloop
  endfacet
  facet normal -1.253239e-01 -2.929412e-01 9.478815e-01
    outer loop
      vertex   4.500481e+01 -6.566244e+01 1.693097e+02
      vertex   4.390888e+01 -6.626852e+01 1.689775e+02
      vertex   4.563721e+01 -6.675842e+01 1.690546e+02
    endloop
  endfacet
  facet normal -1.253239e-01 -2.929412e-01 9.478815e-01
    outer loop
      vertex   4.563721e+01 -6.675842e+01 1.690546e+02
      vertex   4.390888e+01 -6.626852e+01 1.689775e+02
      vertex   4.449882e+01 -6.729091e+01 1.687395e+02
    endloop
  endfacet
  facet normal -6.267492e-03 -4.992699e-01 8.664239e-01
    outer loop
      vertex   4.563721e+01 -6.675842e+01 1.690546e+02
      vertex   4.449882e+01 -6.729091e+01 1.687395e+02
      vertex   4.621528e+01 -6.776022e+01 1.684815e+02
    endloop
  endfacet
  facet normal -6.267492e-03 -4.992699e-01 8.664239e-01
    outer loop
      vertex   4.621528e+01 -6.776022e+01 1.684815e+02
      vertex   4.449882e+01 -6.729091e+01 1.687395e+02
      vertex   4.503807e+01 -6.822544e+01 1.682049e+02
    endloop
  endfacet
  facet normal 9.824749e-02 -6.803907e-01 7.262341e-01
    outer loop
      vertex   4.621528e+01 -6.776022e+01 1.684815e+02
      vertex   4.503807e+01 -6.822544e+01 1.682049e+02
      vertex   4.669983e+01 -6.859991e+01 1.676292e+02
    endloop
  endfacet
  facet normal 9.824749e-02 -6.803907e-01 7.262341e-01
    outer loop
      vertex   4.669983e+01 -6.859991e+01 1.676292e+02
      vertex   4.503807e+01 -6.822544e+01 1.682049e+02
      vertex   4.549009e+01 -6.900875e+01 1.674099e+02
    endloop
  endfacet
  facet normal 1.811364e-01 -8.240262e-01 5.368150e-01
    outer loop
      vertex   4.669983e+01 -6.859991e+01 1.676292e+02
      vertex   4.549009e+01 -6.900875e+01 1.674099e+02
      vertex   4.705803e+01 -6.922059e+01 1.665556e+02
    endloop
  endfacet
  facet normal 1.811364e-01 -8.240262e-01 5.368150e-01
    outer loop
      vertex   4.705803e+01 -6.922059e+01 1.665556e+02
      vertex   4.549009e+01 -6.900875e+01 1.674099e+02
      vertex   4.582423e+01 -6.958774e+01 1.664083e+02
    endloop
  endfacet
  facet normal 2.367805e-01 -9.204400e-01 3.110067e-01
    outer loop
      vertex   4.705803e+01 -6.922059e+01 1.665556e+02
      vertex   4.582423e+01 -6.958774e+01 1.664083e+02
      vertex   4.726558e+01 -6.958017e+01 1.653334e+02
    endloop
  endfacet
  facet normal 2.367805e-01 -9.204400e-01 3.110067e-01
    outer loop
      vertex   4.726558e+01 -6.958017e+01 1.653334e+02
      vertex   4.582423e+01 -6.958774e+01 1.664083e+02
      vertex   4.601784e+01 -6.992318e+01 1.652682e+02
    endloop
  endfacet
  facet normal 2.614080e-01 -9.630966e-01 6.411557e-02
    outer loop
      vertex   4.726558e+01 -6.958017e+01 1.653334e+02
      vertex   4.601784e+01 -6.992318e+01 1.652682e+02
      vertex   4.730842e+01 -6.965429e+01 1.640454e+02
    endloop
  endfacet
  facet normal 2.614080e-01 -9.630966e-01 6.411557e-02
    outer loop
      vertex   4.730842e+01 -6.965429e+01 1.640454e+02
      vertex   4.601784e+01 -6.992318e+01 1.652682e+02
      vertex   4.605780e+01 -6.999232e+01 1.640667e+02
    endloop
  endfacet
  facet normal 2.533494e-01 -9.491044e-01 -1.871225e-01
    outer loop
      vertex   4.730842e+01 -6.965429e+01 1.640454e+02
      vertex   4.605780e+01 -6.999232e+01 1.640667e+02
      vertex   4.718365e+01 -6.943791e+01 1.627790e+02
    endloop
  endfacet
  facet normal 2.533494e-01 -9.491044e-01 -1.871225e-01
    outer loop
      vertex   4.718365e+01 -6.943791e+01 1.627790e+02
      vertex   4.605780e+01 -6.999232e+01 1.640667e+02
      vertex   4.594141e+01 -6.979047e+01 1.628853e+02
    endloop
  endfacet
  facet normal -5.878126e-01 3.915750e-01 -7.079162e-01
    outer loop
      vertex   4.305571e+01 -6.295519e+01 1.604710e+02
      vertex   4.244809e+01 -6.373595e+01 1.605436e+02
      vertex   4.199944e+01 -6.295847e+01 1.613462e+02
    endloop
  endfacet
  facet normal 9.575948e-02 -1.658603e-01 -9.814889e-01
    outer loop
      vertex   4.646542e+01 -6.689663e+01 1.601957e+02
      vertex   4.586910e+01 -6.707197e+01 1.601672e+02
      vertex   4.691566e+01 -6.646810e+01 1.601672e+02
    endloop
  endfacet
  facet normal 9.575948e-02 -1.658603e-01 -9.814889e-01
    outer loop
      vertex   4.691566e+01 -6.646810e+01 1.601672e+02
      vertex   4.586910e+01 -6.707197e+01 1.601672e+02
      vertex   4.711667e+01 -6.588457e+01 1.600882e+02
    endloop
  endfacet
  facet normal 9.575948e-02 -1.658603e-01 -9.814889e-01
    outer loop
      vertex   4.711667e+01 -6.588457e+01 1.600882e+02
      vertex   4.586910e+01 -6.707197e+01 1.601672e+02
      vertex   4.526331e+01 -6.695396e+01 1.600881e+02
    endloop
  endfacet
  facet normal 9.575948e-02 -1.658603e-01 -9.814889e-01
    outer loop
      vertex   4.711667e+01 -6.588457e+01 1.600882e+02
      vertex   4.526331e+01 -6.695396e+01 1.600881e+02
      vertex   4.702241e+01 -6.527971e+01 1.599768e+02
    endloop
  endfacet
  facet normal 9.575948e-02 -1.658603e-01 -9.814889e-01
    outer loop
      vertex   4.702241e+01 -6.527971e+01 1.599768e+02
      vertex   4.526331e+01 -6.695396e+01 1.600881e+02
      vertex   4.478682e+01 -6.656964e+01 1.599767e+02
    endloop
  endfacet
  facet normal 9.575948e-02 -1.658603e-01 -9.814889e-01
    outer loop
      vertex   4.702241e+01 -6.527971e+01 1.599768e+02
      vertex   4.478682e+01 -6.656964e+01 1.599767e+02
      vertex   4.665446e+01 -6.479208e+01 1.598585e+02
    endloop
  endfacet
  facet normal 9.575948e-02 -1.658603e-01 -9.814889e-01
    outer loop
      vertex   4.665446e+01 -6.479208e+01 1.598585e+02
      vertex   4.478682e+01 -6.656964e+01 1.599767e+02
      vertex   4.454880e+01 -6.600705e+01 1.598584e+02
    endloop
  endfacet
  facet normal 9.575948e-02 -1.658603e-01 -9.814889e-01
    outer loop
      vertex   4.665446e+01 -6.479208e+01 1.598585e+02
      vertex   4.454880e+01 -6.600705e+01 1.598584e+02
      vertex   4.609713e+01 -6.453340e+01 1.597604e+02
    endloop
  endfacet
  facet normal 9.575948e-02 -1.658603e-01 -9.814889e-01
    outer loop
      vertex   4.609713e+01 -6.453340e+01 1.597604e+02
      vertex   4.454880e+01 -6.600705e+01 1.598584e+02
      vertex   4.460377e+01 -6.539506e+01 1.597603e+02
    endloop
  endfacet
  facet normal 9.575948e-02 -1.658603e-01 -9.814889e-01
    outer loop
      vertex   4.609713e+01 -6.453340e+01 1.597604e+02
      vertex   4.460377e+01 -6.539506e+01 1.597603e+02
      vertex   4.547809e+01 -6.456292e+01 1.597050e+02
    endloop
  endfacet
  facet normal 9.575948e-02 -1.658603e-01 -9.814889e-01
    outer loop
      vertex   4.547809e+01 -6.456292e+01 1.597050e+02
      vertex   4.460377e+01 -6.539506e+01 1.597603e+02
      vertex   4.493915e+01 -6.487389e+01 1.597050e+02
    endloop
  endfacet
  facet normal -2.689742e-01 9.450284e-01 -1.859415e-01
    outer loop
      vertex   4.706609e+01 -6.914522e+01 1.478986e+02
      vertex   4.586910e+01 -6.707197e+01 1.601672e+02
      vertex   4.766241e+01 -6.896988e+01 1.479271e+02
    endloop
  endfacet
  facet normal -2.689742e-01 9.450284e-01 -1.859415e-01
    outer loop
      vertex   4.766241e+01 -6.896988e+01 1.479271e+02
      vertex   4.586910e+01 -6.707197e+01 1.601672e+02
      vertex   4.646542e+01 -6.689663e+01 1.601957e+02
    endloop
  endfacet
  facet normal -6.835440e-01 7.058217e-01 -1.859660e-01
    outer loop
      vertex   4.766241e+01 -6.896988e+01 1.479271e+02
      vertex   4.646542e+01 -6.689663e+01 1.601957e+02
      vertex   4.811265e+01 -6.854136e+01 1.478986e+02
    endloop
  endfacet
  facet normal -6.835440e-01 7.058217e-01 -1.859660e-01
    outer loop
      vertex   4.811265e+01 -6.854136e+01 1.478986e+02
      vertex   4.646542e+01 -6.689663e+01 1.601957e+02
      vertex   4.691566e+01 -6.646810e+01 1.601672e+02
    endloop
  endfacet
  facet normal -9.415221e-01 3.049198e-01 -1.433880e-01
    outer loop
      vertex   4.811265e+01 -6.854136e+01 1.478986e+02
      vertex   4.691566e+01 -6.646810e+01 1.601672e+02
      vertex   4.711667e+01 -6.588457e+01 1.600882e+02
    endloop
  endfacet
  facet normal 2.072143e-01 9.677405e-01 -1.433200e-01
    outer loop
      vertex   4.706609e+01 -6.914522e+01 1.478986e+02
      vertex   4.646030e+01 -6.902722e+01 1.478195e+02
      vertex   4.586910e+01 -6.707197e+01 1.601672e+02
    endloop
  endfacet
  facet normal 2.072143e-01 9.677405e-01 -1.433200e-01
    outer loop
      vertex   4.586910e+01 -6.707197e+01 1.601672e+02
      vertex   4.646030e+01 -6.902722e+01 1.478195e+02
      vertex   4.526331e+01 -6.695396e+01 1.600881e+02
    endloop
  endfacet
  facet normal 6.359326e-01 7.687549e-01 -6.786560e-02
    outer loop
      vertex   4.526331e+01 -6.695396e+01 1.600881e+02
      vertex   4.646030e+01 -6.902722e+01 1.478195e+02
      vertex   4.598381e+01 -6.864289e+01 1.477081e+02
    endloop
  endfacet
  facet normal 6.359326e-01 7.687549e-01 -6.786560e-02
    outer loop
      vertex   4.526331e+01 -6.695396e+01 1.600881e+02
      vertex   4.598381e+01 -6.864289e+01 1.477081e+02
      vertex   4.478682e+01 -6.656964e+01 1.599767e+02
    endloop
  endfacet
  facet normal 9.189663e-01 3.936568e-01 2.313598e-02
    outer loop
      vertex   4.478682e+01 -6.656964e+01 1.599767e+02
      vertex   4.598381e+01 -6.864289e+01 1.477081e+02
      vertex   4.574579e+01 -6.808030e+01 1.475898e+02
    endloop
  endfacet
  facet normal 9.189663e-01 3.936568e-01 2.313598e-02
    outer loop
      vertex   4.478682e+01 -6.656964e+01 1.599767e+02
      vertex   4.574579e+01 -6.808030e+01 1.475898e+02
      vertex   4.454880e+01 -6.600705e+01 1.598584e+02
    endloop
  endfacet
  facet normal 9.914759e-01 -7.162331e-02 1.088374e-01
    outer loop
      vertex   4.454880e+01 -6.600705e+01 1.598584e+02
      vertex   4.574579e+01 -6.808030e+01 1.475898e+02
      vertex   4.580077e+01 -6.746832e+01 1.474917e+02
    endloop
  endfacet
  facet normal 9.914759e-01 -7.162331e-02 1.088374e-01
    outer loop
      vertex   4.454880e+01 -6.600705e+01 1.598584e+02
      vertex   4.580077e+01 -6.746832e+01 1.474917e+02
      vertex   4.460377e+01 -6.539506e+01 1.597603e+02
    endloop
  endfacet
  facet normal 8.368504e-01 -5.204954e-01 1.696055e-01
    outer loop
      vertex   4.460377e+01 -6.539506e+01 1.597603e+02
      vertex   4.580077e+01 -6.746832e+01 1.474917e+02
      vertex   4.613614e+01 -6.694715e+01 1.474364e+02
    endloop
  endfacet
  facet normal 8.368504e-01 -5.204954e-01 1.696055e-01
    outer loop
      vertex   4.460377e+01 -6.539506e+01 1.597603e+02
      vertex   4.613614e+01 -6.694715e+01 1.474364e+02
      vertex   4.493915e+01 -6.487389e+01 1.597050e+02
    endloop
  endfacet
  facet normal 4.905125e-01 -8.501282e-01 1.915190e-01
    outer loop
      vertex   4.493915e+01 -6.487389e+01 1.597050e+02
      vertex   4.613614e+01 -6.694715e+01 1.474364e+02
      vertex   4.667508e+01 -6.663618e+01 1.474364e+02
    endloop
  endfacet
  facet normal 4.905125e-01 -8.501282e-01 1.915190e-01
    outer loop
      vertex   4.493915e+01 -6.487389e+01 1.597050e+02
      vertex   4.667508e+01 -6.663618e+01 1.474364e+02
      vertex   4.547809e+01 -6.456292e+01 1.597050e+02
    endloop
  endfacet
  facet normal 3.180410e-02 -9.850069e-01 1.695578e-01
    outer loop
      vertex   4.547809e+01 -6.456292e+01 1.597050e+02
      vertex   4.667508e+01 -6.663618e+01 1.474364e+02
      vertex   4.729412e+01 -6.660665e+01 1.474918e+02
    endloop
  endfacet
  facet normal 3.180410e-02 -9.850069e-01 1.695578e-01
    outer loop
      vertex   4.547809e+01 -6.456292e+01 1.597050e+02
      vertex   4.729412e+01 -6.660665e+01 1.474918e+02
      vertex   4.609713e+01 -6.453340e+01 1.597604e+02
    endloop
  endfacet
  facet normal -4.341902e-01 -8.942324e-01 1.087530e-01
    outer loop
      vertex   4.609713e+01 -6.453340e+01 1.597604e+02
      vertex   4.729412e+01 -6.660665e+01 1.474918e+02
      vertex   4.785146e+01 -6.686533e+01 1.475899e+02
    endloop
  endfacet
  facet normal -4.341902e-01 -8.942324e-01 1.087530e-01
    outer loop
      vertex   4.609713e+01 -6.453340e+01 1.597604e+02
      vertex   4.785146e+01 -6.686533e+01 1.475899e+02
      vertex   4.665446e+01 -6.479208e+01 1.598585e+02
    endloop
  endfacet
  facet normal -8.007168e-01 -5.986001e-01 2.303414e-02
    outer loop
      vertex   4.665446e+01 -6.479208e+01 1.598585e+02
      vertex   4.785146e+01 -6.686533e+01 1.475899e+02
      vertex   4.821940e+01 -6.735296e+01 1.477082e+02
    endloop
  endfacet
  facet normal -8.007168e-01 -5.986001e-01 2.303414e-02
    outer loop
      vertex   4.665446e+01 -6.479208e+01 1.598585e+02
      vertex   4.821940e+01 -6.735296e+01 1.477082e+02
      vertex   4.702241e+01 -6.527971e+01 1.599768e+02
    endloop
  endfacet
  facet normal -9.838088e-01 -1.658356e-01 -6.796152e-02
    outer loop
      vertex   4.702241e+01 -6.527971e+01 1.599768e+02
      vertex   4.821940e+01 -6.735296e+01 1.477082e+02
      vertex   4.831366e+01 -6.795782e+01 1.478196e+02
    endloop
  endfacet
  facet normal -9.838088e-01 -1.658356e-01 -6.796152e-02
    outer loop
      vertex   4.702241e+01 -6.527971e+01 1.599768e+02
      vertex   4.831366e+01 -6.795782e+01 1.478196e+02
      vertex   4.711667e+01 -6.588457e+01 1.600882e+02
    endloop
  endfacet
  facet normal -9.415221e-01 3.049198e-01 -1.433880e-01
    outer loop
      vertex   4.711667e+01 -6.588457e+01 1.600882e+02
      vertex   4.831366e+01 -6.795782e+01 1.478196e+02
      vertex   4.811265e+01 -6.854136e+01 1.478986e+02
    endloop
  endfacet
  facet normal 9.575948e-02 -1.658603e-01 -9.814889e-01
    outer loop
      vertex   4.828024e+01 -6.864512e+01 1.479325e+02
      vertex   4.776086e+01 -6.913971e+01 1.479654e+02
      vertex   4.766241e+01 -6.896988e+01 1.479271e+02
    endloop
  endfacet
  facet normal 9.575948e-02 -1.658603e-01 -9.814889e-01
    outer loop
      vertex   4.766241e+01 -6.896988e+01 1.479271e+02
      vertex   4.776086e+01 -6.913971e+01 1.479654e+02
      vertex   4.707285e+01 -6.934220e+01 1.479325e+02
    endloop
  endfacet
  facet normal 9.575948e-02 -1.658603e-01 -9.814889e-01
    outer loop
      vertex   4.766241e+01 -6.896988e+01 1.479271e+02
      vertex   4.707285e+01 -6.934220e+01 1.479325e+02
      vertex   4.706609e+01 -6.914522e+01 1.478986e+02
    endloop
  endfacet
  facet normal 9.575948e-02 -1.658603e-01 -9.814889e-01
    outer loop
      vertex   4.706609e+01 -6.914522e+01 1.478986e+02
      vertex   4.707285e+01 -6.934220e+01 1.479325e+02
      vertex   4.637382e+01 -6.920623e+01 1.478413e+02
    endloop
  endfacet
  facet normal 9.575948e-02 -1.658603e-01 -9.814889e-01
    outer loop
      vertex   4.706609e+01 -6.914522e+01 1.478986e+02
      vertex   4.637382e+01 -6.920623e+01 1.478413e+02
      vertex   4.646030e+01 -6.902722e+01 1.478195e+02
    endloop
  endfacet
  facet normal 9.575948e-02 -1.658603e-01 -9.814889e-01
    outer loop
      vertex   4.646030e+01 -6.902722e+01 1.478195e+02
      vertex   4.637382e+01 -6.920623e+01 1.478413e+02
      vertex   4.582391e+01 -6.876293e+01 1.477128e+02
    endloop
  endfacet
  facet normal 9.575948e-02 -1.658603e-01 -9.814889e-01
    outer loop
      vertex   4.646030e+01 -6.902722e+01 1.478195e+02
      vertex   4.582391e+01 -6.876293e+01 1.477128e+02
      vertex   4.598381e+01 -6.864289e+01 1.477081e+02
    endloop
  endfacet
  facet normal 9.575948e-02 -1.658603e-01 -9.814889e-01
    outer loop
      vertex   4.598381e+01 -6.864289e+01 1.477081e+02
      vertex   4.582391e+01 -6.876293e+01 1.477128e+02
      vertex   4.554909e+01 -6.811386e+01 1.475763e+02
    endloop
  endfacet
  facet normal 9.575948e-02 -1.658603e-01 -9.814889e-01
    outer loop
      vertex   4.598381e+01 -6.864289e+01 1.477081e+02
      vertex   4.554909e+01 -6.811386e+01 1.475763e+02
      vertex   4.574579e+01 -6.808030e+01 1.475898e+02
    endloop
  endfacet
  facet normal 9.575948e-02 -1.658603e-01 -9.814889e-01
    outer loop
      vertex   4.574579e+01 -6.808030e+01 1.475898e+02
      vertex   4.554909e+01 -6.811386e+01 1.475763e+02
      vertex   4.580077e+01 -6.746832e+01 1.474917e+02
    endloop
  endfacet
  facet normal 9.575948e-02 -1.658603e-01 -9.814889e-01
    outer loop
      vertex   4.580077e+01 -6.746832e+01 1.474917e+02
      vertex   4.554909e+01 -6.811386e+01 1.475763e+02
      vertex   4.561233e+01 -6.740771e+01 1.474631e+02
    endloop
  endfacet
  facet normal 9.575948e-02 -1.658603e-01 -9.814889e-01
    outer loop
      vertex   4.580077e+01 -6.746832e+01 1.474917e+02
      vertex   4.561233e+01 -6.740771e+01 1.474631e+02
      vertex   4.613614e+01 -6.694715e+01 1.474364e+02
    endloop
  endfacet
  facet normal 9.575948e-02 -1.658603e-01 -9.814889e-01
    outer loop
      vertex   4.613614e+01 -6.694715e+01 1.474364e+02
      vertex   4.561233e+01 -6.740771e+01 1.474631e+02
      vertex   4.599914e+01 -6.680626e+01 1.473992e+02
    endloop
  endfacet
  facet normal 9.575948e-02 -1.658603e-01 -9.814889e-01
    outer loop
      vertex   4.613614e+01 -6.694715e+01 1.474364e+02
      vertex   4.599914e+01 -6.680626e+01 1.473992e+02
      vertex   4.662090e+01 -6.644728e+01 1.473992e+02
    endloop
  endfacet
  facet normal 9.575948e-02 -1.658603e-01 -9.814889e-01
    outer loop
      vertex   4.613614e+01 -6.694715e+01 1.474364e+02
      vertex   4.662090e+01 -6.644728e+01 1.473992e+02
      vertex   4.667508e+01 -6.663618e+01 1.474364e+02
    endloop
  endfacet
  facet normal 9.575948e-02 -1.658603e-01 -9.814889e-01
    outer loop
      vertex   4.667508e+01 -6.663618e+01 1.474364e+02
      vertex   4.662090e+01 -6.644728e+01 1.473992e+02
      vertex   4.733518e+01 -6.641303e+01 1.474631e+02
    endloop
  endfacet
  facet normal 9.575948e-02 -1.658603e-01 -9.814889e-01
    outer loop
      vertex   4.667508e+01 -6.663618e+01 1.474364e+02
      vertex   4.733518e+01 -6.641303e+01 1.474631e+02
      vertex   4.729412e+01 -6.660665e+01 1.474918e+02
    endloop
  endfacet
  facet normal 9.575948e-02 -1.658603e-01 -9.814889e-01
    outer loop
      vertex   4.729412e+01 -6.660665e+01 1.474918e+02
      vertex   4.733518e+01 -6.641303e+01 1.474631e+02
      vertex   4.797834e+01 -6.671133e+01 1.475763e+02
    endloop
  endfacet
  facet normal 9.575948e-02 -1.658603e-01 -9.814889e-01
    outer loop
      vertex   4.729412e+01 -6.660665e+01 1.474918e+02
      vertex   4.797834e+01 -6.671133e+01 1.475763e+02
      vertex   4.785146e+01 -6.686533e+01 1.475899e+02
    endloop
  endfacet
  facet normal 9.575948e-02 -1.658603e-01 -9.814889e-01
    outer loop
      vertex   4.785146e+01 -6.686533e+01 1.475899e+02
      vertex   4.797834e+01 -6.671133e+01 1.475763e+02
      vertex   4.840304e+01 -6.727387e+01 1.477128e+02
    endloop
  endfacet
  facet normal 9.575948e-02 -1.658603e-01 -9.814889e-01
    outer loop
      vertex   4.785146e+01 -6.686533e+01 1.475899e+02
      vertex   4.840304e+01 -6.727387e+01 1.477128e+02
      vertex   4.821940e+01 -6.735296e+01 1.477082e+02
    endloop
  endfacet
  facet normal 9.575948e-02 -1.658603e-01 -9.814889e-01
    outer loop
      vertex   4.821940e+01 -6.735296e+01 1.477082e+02
      vertex   4.840304e+01 -6.727387e+01 1.477128e+02
      vertex   4.831366e+01 -6.795782e+01 1.478196e+02
    endloop
  endfacet
  facet normal 9.575948e-02 -1.658603e-01 -9.814889e-01
    outer loop
      vertex   4.831366e+01 -6.795782e+01 1.478196e+02
      vertex   4.840304e+01 -6.727387e+01 1.477128e+02
      vertex   4.851200e+01 -6.797175e+01 1.478413e+02
    endloop
  endfacet
  facet normal 9.575948e-02 -1.658603e-01 -9.814889e-01
    outer loop
      vertex   4.831366e+01 -6.795782e+01 1.478196e+02
      vertex   4.851200e+01 -6.797175e+01 1.478413e+02
      vertex   4.811265e+01 -6.854136e+01 1.478986e+02
    endloop
  endfacet
  facet normal 9.575948e-02 -1.658603e-01 -9.814889e-01
    outer loop
      vertex   4.811265e+01 -6.854136e+01 1.478986e+02
      vertex   4.851200e+01 -6.797175e+01 1.478413e+02
      vertex   4.828024e+01 -6.864512e+01 1.479325e+02
    endloop
  endfacet
  facet normal 9.575948e-02 -1.658603e-01 -9.814889e-01
    outer loop
      vertex   4.811265e+01 -6.854136e+01 1.478986e+02
      vertex   4.828024e+01 -6.864512e+01 1.479325e+02
      vertex   4.766241e+01 -6.896988e+01 1.479271e+02
    endloop
  endfacet
  facet normal 2.682281e-01 -9.431905e-01 1.960749e-01
    outer loop
      vertex   4.738098e+01 -6.708757e+01 1.432794e+02
      vertex   4.662090e+01 -6.644728e+01 1.473992e+02
      vertex   4.669297e+01 -6.729007e+01 1.432465e+02
    endloop
  endfacet
  facet normal 4.917067e-01 -8.516611e-01 1.813778e-01
    outer loop
      vertex   4.669297e+01 -6.729007e+01 1.432465e+02
      vertex   4.662090e+01 -6.644728e+01 1.473992e+02
      vertex   4.599914e+01 -6.680626e+01 1.473992e+02
    endloop
  endfacet
  facet normal 6.827129e-01 -7.038876e-01 1.960749e-01
    outer loop
      vertex   4.669297e+01 -6.729007e+01 1.432465e+02
      vertex   4.599914e+01 -6.680626e+01 1.473992e+02
      vertex   4.617360e+01 -6.778465e+01 1.432794e+02
    endloop
  endfacet
  facet normal 8.379386e-01 -5.219553e-01 1.594416e-01
    outer loop
      vertex   4.617360e+01 -6.778465e+01 1.432794e+02
      vertex   4.599914e+01 -6.680626e+01 1.473992e+02
      vertex   4.561233e+01 -6.740771e+01 1.474631e+02
    endloop
  endfacet
  facet normal 9.405700e-01 -3.029403e-01 1.534774e-01
    outer loop
      vertex   4.617360e+01 -6.778465e+01 1.432794e+02
      vertex   4.561233e+01 -6.740771e+01 1.474631e+02
      vertex   4.594184e+01 -6.845802e+01 1.433706e+02
    endloop
  endfacet
  facet normal 9.924352e-01 -7.306810e-02 9.865838e-02
    outer loop
      vertex   4.594184e+01 -6.845802e+01 1.433706e+02
      vertex   4.561233e+01 -6.740771e+01 1.474631e+02
      vertex   4.554909e+01 -6.811386e+01 1.475763e+02
    endloop
  endfacet
  facet normal 9.827274e-01 1.677992e-01 7.804094e-02
    outer loop
      vertex   4.594184e+01 -6.845802e+01 1.433706e+02
      vertex   4.554909e+01 -6.811386e+01 1.475763e+02
      vertex   4.605079e+01 -6.915591e+01 1.434992e+02
    endloop
  endfacet
  facet normal 9.198033e-01 3.921659e-01 1.295283e-02
    outer loop
      vertex   4.605079e+01 -6.915591e+01 1.434992e+02
      vertex   4.554909e+01 -6.811386e+01 1.475763e+02
      vertex   4.582391e+01 -6.876293e+01 1.477128e+02
    endloop
  endfacet
  facet normal 7.995273e-01 6.004901e-01 -1.295283e-02
    outer loop
      vertex   4.605079e+01 -6.915591e+01 1.434992e+02
      vertex   4.582391e+01 -6.876293e+01 1.477128e+02
      vertex   4.647550e+01 -6.971844e+01 1.436357e+02
    endloop
  endfacet
  facet normal 6.366820e-01 7.671673e-01 -7.804094e-02
    outer loop
      vertex   4.647550e+01 -6.971844e+01 1.436357e+02
      vertex   4.582391e+01 -6.876293e+01 1.477128e+02
      vertex   4.637382e+01 -6.920623e+01 1.478413e+02
    endloop
  endfacet
  facet normal 4.329388e-01 8.960081e-01 -9.865838e-02
    outer loop
      vertex   4.647550e+01 -6.971844e+01 1.436357e+02
      vertex   4.637382e+01 -6.920623e+01 1.478413e+02
      vertex   4.711866e+01 -7.001675e+01 1.437488e+02
    endloop
  endfacet
  facet normal 2.079310e-01 9.660276e-01 -1.534774e-01
    outer loop
      vertex   4.711866e+01 -7.001675e+01 1.437488e+02
      vertex   4.637382e+01 -6.920623e+01 1.478413e+02
      vertex   4.707285e+01 -6.934220e+01 1.479325e+02
    endloop
  endfacet
  facet normal -3.305729e-02 9.866537e-01 -1.594416e-01
    outer loop
      vertex   4.711866e+01 -7.001675e+01 1.437488e+02
      vertex   4.707285e+01 -6.934220e+01 1.479325e+02
      vertex   4.783294e+01 -6.998249e+01 1.438127e+02
    endloop
  endfacet
  facet normal -2.682281e-01 9.431905e-01 -1.960749e-01
    outer loop
      vertex   4.783294e+01 -6.998249e+01 1.438127e+02
      vertex   4.707285e+01 -6.934220e+01 1.479325e+02
      vertex   4.776086e+01 -6.913971e+01 1.479654e+02
    endloop
  endfacet
  facet normal -4.917067e-01 8.516611e-01 -1.813778e-01
    outer loop
      vertex   4.783294e+01 -6.998249e+01 1.438127e+02
      vertex   4.776086e+01 -6.913971e+01 1.479654e+02
      vertex   4.845470e+01 -6.962351e+01 1.438127e+02
    endloop
  endfacet
  facet normal -6.827129e-01 7.038876e-01 -1.960749e-01
    outer loop
      vertex   4.845470e+01 -6.962351e+01 1.438127e+02
      vertex   4.776086e+01 -6.913971e+01 1.479654e+02
      vertex   4.828024e+01 -6.864512e+01 1.479325e+02
    endloop
  endfacet
  facet normal -8.379386e-01 5.219553e-01 -1.594416e-01
    outer loop
      vertex   4.845470e+01 -6.962351e+01 1.438127e+02
      vertex   4.828024e+01 -6.864512e+01 1.479325e+02
      vertex   4.884150e+01 -6.902206e+01 1.437488e+02
    endloop
  endfacet
  facet normal -9.405700e-01 3.029403e-01 -1.534774e-01
    outer loop
      vertex   4.884150e+01 -6.902206e+01 1.437488e+02
      vertex   4.828024e+01 -6.864512e+01 1.479325e+02
      vertex   4.851200e+01 -6.797175e+01 1.478413e+02
    endloop
  endfacet
  facet normal -9.924352e-01 7.306810e-02 -9.865838e-02
    outer loop
      vertex   4.884150e+01 -6.902206e+01 1.437488e+02
      vertex   4.851200e+01 -6.797175e+01 1.478413e+02
      vertex   4.890474e+01 -6.831591e+01 1.436357e+02
    endloop
  endfacet
  facet normal -9.827274e-01 -1.677992e-01 -7.804094e-02
    outer loop
      vertex   4.890474e+01 -6.831591e+01 1.436357e+02
      vertex   4.851200e+01 -6.797175e+01 1.478413e+02
      vertex   4.840304e+01 -6.727387e+01 1.477128e+02
    endloop
  endfacet
  facet normal -9.198033e-01 -3.921659e-01 -1.295283e-02
    outer loop
      vertex   4.890474e+01 -6.831591e+01 1.436357e+02
      vertex   4.840304e+01 -6.727387e+01 1.477128e+02
      vertex   4.862993e+01 -6.766684e+01 1.434992e+02
    endloop
  endfacet
  facet normal -7.995273e-01 -6.004901e-01 1.295283e-02
    outer loop
      vertex   4.862993e+01 -6.766684e+01 1.434992e+02
      vertex   4.840304e+01 -6.727387e+01 1.477128e+02
      vertex   4.797834e+01 -6.671133e+01 1.475763e+02
    endloop
  endfacet
  facet normal -6.366820e-01 -7.671673e-01 7.804094e-02
    outer loop
      vertex   4.862993e+01 -6.766684e+01 1.434992e+02
      vertex   4.797834e+01 -6.671133e+01 1.475763e+02
      vertex   4.808002e+01 -6.722354e+01 1.433706e+02
    endloop
  endfacet
  facet normal -4.329388e-01 -8.960081e-01 9.865838e-02
    outer loop
      vertex   4.808002e+01 -6.722354e+01 1.433706e+02
      vertex   4.797834e+01 -6.671133e+01 1.475763e+02
      vertex   4.733518e+01 -6.641303e+01 1.474631e+02
    endloop
  endfacet
  facet normal -2.079310e-01 -9.660276e-01 1.534774e-01
    outer loop
      vertex   4.808002e+01 -6.722354e+01 1.433706e+02
      vertex   4.733518e+01 -6.641303e+01 1.474631e+02
      vertex   4.738098e+01 -6.708757e+01 1.432794e+02
    endloop
  endfacet
  facet normal 3.305729e-02 -9.866537e-01 1.594416e-01
    outer loop
      vertex   4.738098e+01 -6.708757e+01 1.432794e+02
      vertex   4.733518e+01 -6.641303e+01 1.474631e+02
      vertex   4.662090e+01 -6.644728e+01 1.473992e+02
    endloop
  endfacet
  facet normal -9.575948e-02 1.658603e-01 9.814889e-01
    outer loop
      vertex   4.669297e+01 -6.729007e+01 1.432465e+02
      vertex   4.617360e+01 -6.778465e+01 1.432794e+02
      vertex   4.738098e+01 -6.708757e+01 1.432794e+02
    endloop
  endfacet
  facet normal -9.575948e-02 1.658603e-01 9.814889e-01
    outer loop
      vertex   4.738098e+01 -6.708757e+01 1.432794e+02
      vertex   4.617360e+01 -6.778465e+01 1.432794e+02
      vertex   4.594184e+01 -6.845802e+01 1.433706e+02
    endloop
  endfacet
  facet normal -9.575948e-02 1.658603e-01 9.814889e-01
    outer loop
      vertex   4.738098e+01 -6.708757e+01 1.432794e+02
      vertex   4.594184e+01 -6.845802e+01 1.433706e+02
      vertex   4.808002e+01 -6.722354e+01 1.433706e+02
    endloop
  endfacet
  facet normal -9.575948e-02 1.658603e-01 9.814889e-01
    outer loop
      vertex   4.808002e+01 -6.722354e+01 1.433706e+02
      vertex   4.594184e+01 -6.845802e+01 1.433706e+02
      vertex   4.605079e+01 -6.915591e+01 1.434992e+02
    endloop
  endfacet
  facet normal -9.575948e-02 1.658603e-01 9.814889e-01
    outer loop
      vertex   4.808002e+01 -6.722354e+01 1.433706e+02
      vertex   4.605079e+01 -6.915591e+01 1.434992e+02
      vertex   4.862993e+01 -6.766684e+01 1.434992e+02
    endloop
  endfacet
  facet normal -9.575948e-02 1.658603e-01 9.814889e-01
    outer loop
      vertex   4.862993e+01 -6.766684e+01 1.434992e+02
      vertex   4.605079e+01 -6.915591e+01 1.434992e+02
      vertex   4.647550e+01 -6.971844e+01 1.436357e+02
    endloop
  endfacet
  facet normal -9.575948e-02 1.658603e-01 9.814889e-01
    outer loop
      vertex   4.862993e+01 -6.766684e+01 1.434992e+02
      vertex   4.647550e+01 -6.971844e+01 1.436357e+02
      vertex   4.890474e+01 -6.831591e+01 1.436357e+02
    endloop
  endfacet
  facet normal -9.575948e-02 1.658603e-01 9.814889e-01
    outer loop
      vertex   4.890474e+01 -6.831591e+01 1.436357e+02
      vertex   4.647550e+01 -6.971844e+01 1.436357e+02
      vertex   4.711866e+01 -7.001675e+01 1.437488e+02
    endloop
  endfacet
  facet normal -9.575948e-02 1.658603e-01 9.814889e-01
    outer loop
      vertex   4.890474e+01 -6.831591e+01 1.436357e+02
      vertex   4.711866e+01 -7.001675e+01 1.437488e+02
      vertex   4.884150e+01 -6.902206e+01 1.437488e+02
    endloop
  endfacet
  facet normal -9.575948e-02 1.658603e-01 9.814889e-01
    outer loop
      vertex   4.884150e+01 -6.902206e+01 1.437488e+02
      vertex   4.711866e+01 -7.001675e+01 1.437488e+02
      vertex   4.783294e+01 -6.998249e+01 1.438127e+02
    endloop
  endfacet
  facet normal -9.575948e-02 1.658603e-01 9.814889e-01
    outer loop
      vertex   4.884150e+01 -6.902206e+01 1.437488e+02
      vertex   4.783294e+01 -6.998249e+01 1.438127e+02
      vertex   4.845470e+01 -6.962351e+01 1.438127e+02
    endloop
  endfacet
endsolid
