solid ASCII
  facet normal -9.575951e-02 -1.658603e-01 9.814889e-01
    outer loop
      vertex   3.052085e+01 8.232320e+01 1.485112e+02
      vertex   3.712590e+01 7.788645e+01 1.484059e+02
      vertex   4.426901e+01 7.438570e+01 1.485112e+02
    endloop
  endfacet
  facet normal -9.575951e-02 -1.658603e-01 9.814889e-01
    outer loop
      vertex   4.426901e+01 7.438570e+01 1.485112e+02
      vertex   3.712590e+01 7.788645e+01 1.484059e+02
      vertex   3.801287e+01 7.718268e+01 1.483735e+02
    endloop
  endfacet
  facet normal -9.575951e-02 -1.658603e-01 9.814889e-01
    outer loop
      vertex   4.426901e+01 7.438570e+01 1.485112e+02
      vertex   3.801287e+01 7.718268e+01 1.483735e+02
      vertex   3.865526e+01 7.625450e+01 1.482793e+02
    endloop
  endfacet
  facet normal -9.575951e-02 -1.658603e-01 9.814889e-01
    outer loop
      vertex   2.625138e+01 7.492825e+01 1.468450e+02
      vertex   3.211842e+01 7.679387e+01 1.477327e+02
      vertex   3.052085e+01 8.232320e+01 1.485112e+02
    endloop
  endfacet
  facet normal -9.575951e-02 -1.658603e-01 9.814889e-01
    outer loop
      vertex   3.052085e+01 8.232320e+01 1.485112e+02
      vertex   3.211842e+01 7.679387e+01 1.477327e+02
      vertex   3.287887e+01 7.760630e+01 1.479442e+02
    endloop
  endfacet
  facet normal -9.575951e-02 -1.658603e-01 9.814889e-01
    outer loop
      vertex   3.052085e+01 8.232320e+01 1.485112e+02
      vertex   3.287887e+01 7.760630e+01 1.479442e+02
      vertex   3.385091e+01 7.815668e+01 1.481320e+02
    endloop
  endfacet
  facet normal -9.575951e-02 -1.658603e-01 9.814889e-01
    outer loop
      vertex   3.999953e+01 6.699075e+01 1.468450e+02
      vertex   3.390573e+01 7.118027e+01 1.469584e+02
      vertex   2.625138e+01 7.492825e+01 1.468450e+02
    endloop
  endfacet
  facet normal -9.575951e-02 -1.658603e-01 9.814889e-01
    outer loop
      vertex   2.625138e+01 7.492825e+01 1.468450e+02
      vertex   3.390573e+01 7.118027e+01 1.469584e+02
      vertex   3.292491e+01 7.174689e+01 1.469585e+02
    endloop
  endfacet
  facet normal -9.575951e-02 -1.658603e-01 9.814889e-01
    outer loop
      vertex   2.625138e+01 7.492825e+01 1.468450e+02
      vertex   3.292491e+01 7.174689e+01 1.469585e+02
      vertex   3.215159e+01 7.257208e+01 1.470225e+02
    endloop
  endfacet
  facet normal -9.575951e-02 -1.658603e-01 9.814889e-01
    outer loop
      vertex   4.426901e+01 7.438570e+01 1.485112e+02
      vertex   3.868081e+01 7.300277e+01 1.477323e+02
      vertex   3.999953e+01 6.699075e+01 1.468450e+02
    endloop
  endfacet
  facet normal -9.575951e-02 -1.658603e-01 9.814889e-01
    outer loop
      vertex   3.999953e+01 6.699075e+01 1.468450e+02
      vertex   3.868081e+01 7.300277e+01 1.477323e+02
      vertex   3.805293e+01 7.208515e+01 1.475160e+02
    endloop
  endfacet
  facet normal -9.575951e-02 -1.658603e-01 9.814889e-01
    outer loop
      vertex   3.999953e+01 6.699075e+01 1.468450e+02
      vertex   3.805293e+01 7.208515e+01 1.475160e+02
      vertex   3.717690e+01 7.139605e+01 1.473141e+02
    endloop
  endfacet
  facet normal -9.575951e-02 -1.658603e-01 9.814889e-01
    outer loop
      vertex   3.865526e+01 7.625450e+01 1.482793e+02
      vertex   3.899598e+01 7.518436e+01 1.481317e+02
      vertex   4.426901e+01 7.438570e+01 1.485112e+02
    endloop
  endfacet
  facet normal -9.575951e-02 -1.658603e-01 9.814889e-01
    outer loop
      vertex   4.426901e+01 7.438570e+01 1.485112e+02
      vertex   3.899598e+01 7.518436e+01 1.481317e+02
      vertex   3.900476e+01 7.406737e+01 1.479438e+02
    endloop
  endfacet
  facet normal -9.575951e-02 -1.658603e-01 9.814889e-01
    outer loop
      vertex   4.426901e+01 7.438570e+01 1.485112e+02
      vertex   3.900476e+01 7.406737e+01 1.479438e+02
      vertex   3.868081e+01 7.300277e+01 1.477323e+02
    endloop
  endfacet
  facet normal -9.575951e-02 -1.658603e-01 9.814889e-01
    outer loop
      vertex   3.717690e+01 7.139605e+01 1.473141e+02
      vertex   3.613057e+01 7.099669e+01 1.471445e+02
      vertex   3.999953e+01 6.699075e+01 1.468450e+02
    endloop
  endfacet
  facet normal -9.575951e-02 -1.658603e-01 9.814889e-01
    outer loop
      vertex   3.999953e+01 6.699075e+01 1.468450e+02
      vertex   3.613057e+01 7.099669e+01 1.471445e+02
      vertex   3.500689e+01 7.092257e+01 1.470223e+02
    endloop
  endfacet
  facet normal -9.575951e-02 -1.658603e-01 9.814889e-01
    outer loop
      vertex   3.999953e+01 6.699075e+01 1.468450e+02
      vertex   3.500689e+01 7.092257e+01 1.470223e+02
      vertex   3.390573e+01 7.118027e+01 1.469584e+02
    endloop
  endfacet
  facet normal -9.575951e-02 -1.658603e-01 9.814889e-01
    outer loop
      vertex   3.215159e+01 7.257208e+01 1.470225e+02
      vertex   3.165449e+01 7.358253e+01 1.471448e+02
      vertex   2.625138e+01 7.492825e+01 1.468450e+02
    endloop
  endfacet
  facet normal -9.575951e-02 -1.658603e-01 9.814889e-01
    outer loop
      vertex   2.625138e+01 7.492825e+01 1.468450e+02
      vertex   3.165449e+01 7.358253e+01 1.471448e+02
      vertex   3.147777e+01 7.468844e+01 1.473144e+02
    endloop
  endfacet
  facet normal -9.575951e-02 -1.658603e-01 9.814889e-01
    outer loop
      vertex   2.625138e+01 7.492825e+01 1.468450e+02
      vertex   3.147777e+01 7.468844e+01 1.473144e+02
      vertex   3.163713e+01 7.579156e+01 1.475164e+02
    endloop
  endfacet
  facet normal -9.575951e-02 -1.658603e-01 9.814889e-01
    outer loop
      vertex   3.163713e+01 7.579156e+01 1.475164e+02
      vertex   3.211842e+01 7.679387e+01 1.477327e+02
      vertex   2.625138e+01 7.492825e+01 1.468450e+02
    endloop
  endfacet
  facet normal -9.575951e-02 -1.658603e-01 9.814889e-01
    outer loop
      vertex   3.385091e+01 7.815668e+01 1.481320e+02
      vertex   3.494817e+01 7.839609e+01 1.482795e+02
      vertex   3.052085e+01 8.232320e+01 1.485112e+02
    endloop
  endfacet
  facet normal -9.575951e-02 -1.658603e-01 9.814889e-01
    outer loop
      vertex   3.052085e+01 8.232320e+01 1.485112e+02
      vertex   3.494817e+01 7.839609e+01 1.482795e+02
      vertex   3.607315e+01 7.830326e+01 1.483736e+02
    endloop
  endfacet
  facet normal -9.575951e-02 -1.658603e-01 9.814889e-01
    outer loop
      vertex   3.052085e+01 8.232320e+01 1.485112e+02
      vertex   3.607315e+01 7.830326e+01 1.483736e+02
      vertex   3.712590e+01 7.788645e+01 1.484059e+02
    endloop
  endfacet
  facet normal -8.660254e-01 5.000000e-01 -9.237203e-15
    outer loop
      vertex   4.314844e+01 7.879482e+01 1.422569e+02
      vertex   4.641384e+01 8.445066e+01 1.087882e+02
      vertex   3.691598e+01 6.799989e+01 1.398247e+02
    endloop
  endfacet
  facet normal -8.660254e-01 5.000000e-01 -9.516124e-15
    outer loop
      vertex   3.691598e+01 6.799989e+01 1.398247e+02
      vertex   4.641384e+01 8.445066e+01 1.087882e+02
      vertex   4.018138e+01 7.365573e+01 1.063559e+02
    endloop
  endfacet
  facet normal -8.680667e-01 4.580349e-01 1.914790e-01
    outer loop
      vertex   4.018138e+01 7.365573e+01 1.063559e+02
      vertex   4.641384e+01 8.445066e+01 1.087882e+02
      vertex   4.012283e+01 7.385880e+01 1.056047e+02
    endloop
  endfacet
  facet normal -8.680667e-01 4.580349e-01 1.914790e-01
    outer loop
      vertex   4.012283e+01 7.385880e+01 1.056047e+02
      vertex   4.641384e+01 8.445066e+01 1.087882e+02
      vertex   4.635528e+01 8.465372e+01 1.080370e+02
    endloop
  endfacet
  facet normal -7.732749e-01 3.235877e-01 5.452860e-01
    outer loop
      vertex   4.012283e+01 7.385880e+01 1.056047e+02
      vertex   4.635528e+01 8.465372e+01 1.080370e+02
      vertex   3.980950e+01 7.418319e+01 1.049678e+02
    endloop
  endfacet
  facet normal -7.732749e-01 3.235877e-01 5.452860e-01
    outer loop
      vertex   3.980950e+01 7.418319e+01 1.049678e+02
      vertex   4.635528e+01 8.465372e+01 1.080370e+02
      vertex   4.604196e+01 8.497811e+01 1.074001e+02
    endloop
  endfacet
  facet normal -5.607591e-01 1.398773e-01 8.160782e-01
    outer loop
      vertex   3.980950e+01 7.418319e+01 1.049678e+02
      vertex   4.604196e+01 8.497811e+01 1.074001e+02
      vertex   3.928910e+01 7.457952e+01 1.045423e+02
    endloop
  endfacet
  facet normal -5.607591e-01 1.398773e-01 8.160782e-01
    outer loop
      vertex   3.928910e+01 7.457952e+01 1.045423e+02
      vertex   4.604196e+01 8.497811e+01 1.074001e+02
      vertex   4.552155e+01 8.537445e+01 1.069746e+02
    endloop
  endfacet
  facet normal -2.628727e-01 -6.512821e-02 9.626299e-01
    outer loop
      vertex   3.928910e+01 7.457952e+01 1.045423e+02
      vertex   4.552155e+01 8.537445e+01 1.069746e+02
      vertex   3.864085e+01 7.498745e+01 1.043929e+02
    endloop
  endfacet
  facet normal -2.628727e-01 -6.512821e-02 9.626299e-01
    outer loop
      vertex   3.864085e+01 7.498745e+01 1.043929e+02
      vertex   4.552155e+01 8.537445e+01 1.069746e+02
      vertex   4.487331e+01 8.578238e+01 1.068252e+02
    endloop
  endfacet
  facet normal -9.575951e-02 -1.658603e-01 9.814889e-01
    outer loop
      vertex   4.487331e+01 8.578238e+01 1.068252e+02
      vertex   4.008852e+01 8.854488e+01 1.068252e+02
      vertex   3.864085e+01 7.498745e+01 1.043929e+02
    endloop
  endfacet
  facet normal -9.575951e-02 -1.658603e-01 9.814889e-01
    outer loop
      vertex   3.864085e+01 7.498745e+01 1.043929e+02
      vertex   4.008852e+01 8.854488e+01 1.068252e+02
      vertex   3.385606e+01 7.774995e+01 1.043929e+02
    endloop
  endfacet
  facet normal 8.660254e-01 -5.000000e-01 9.319239e-15
    outer loop
      vertex   3.816495e+01 8.921316e+01 1.087882e+02
      vertex   3.489955e+01 8.355732e+01 1.422569e+02
      vertex   3.193249e+01 7.841823e+01 1.063559e+02
    endloop
  endfacet
  facet normal 8.660254e-01 -5.000000e-01 9.327442e-15
    outer loop
      vertex   3.193249e+01 7.841823e+01 1.063559e+02
      vertex   3.489955e+01 8.355732e+01 1.422569e+02
      vertex   2.866709e+01 7.276239e+01 1.398247e+02
    endloop
  endfacet
  facet normal 7.503366e-02 -2.602185e-01 9.626299e-01
    outer loop
      vertex   3.385606e+01 7.774995e+01 1.043929e+02
      vertex   4.008852e+01 8.854488e+01 1.068252e+02
      vertex   3.317865e+01 7.810739e+01 1.045423e+02
    endloop
  endfacet
  facet normal 7.503366e-02 -2.602185e-01 9.626299e-01
    outer loop
      vertex   3.317865e+01 7.810739e+01 1.045423e+02
      vertex   4.008852e+01 8.854488e+01 1.068252e+02
      vertex   3.941111e+01 8.890231e+01 1.069746e+02
    endloop
  endfacet
  facet normal 4.015168e-01 -4.156929e-01 8.160782e-01
    outer loop
      vertex   3.317865e+01 7.810739e+01 1.045423e+02
      vertex   3.941111e+01 8.890231e+01 1.069746e+02
      vertex   3.257522e+01 7.835990e+01 1.049678e+02
    endloop
  endfacet
  facet normal 4.015168e-01 -4.156929e-01 8.160782e-01
    outer loop
      vertex   3.257522e+01 7.835990e+01 1.049678e+02
      vertex   3.941111e+01 8.890231e+01 1.069746e+02
      vertex   3.880768e+01 8.915483e+01 1.074001e+02
    endloop
  endfacet
  facet normal 6.668727e-01 -5.078819e-01 5.452860e-01
    outer loop
      vertex   3.257522e+01 7.835990e+01 1.049678e+02
      vertex   3.880768e+01 8.915483e+01 1.074001e+02
      vertex   3.213763e+01 7.846906e+01 1.056047e+02
    endloop
  endfacet
  facet normal 6.668727e-01 -5.078819e-01 5.452860e-01
    outer loop
      vertex   3.213763e+01 7.846906e+01 1.056047e+02
      vertex   3.880768e+01 8.915483e+01 1.074001e+02
      vertex   3.837008e+01 8.926398e+01 1.080370e+02
    endloop
  endfacet
  facet normal 8.307032e-01 -5.227504e-01 1.914790e-01
    outer loop
      vertex   3.213763e+01 7.846906e+01 1.056047e+02
      vertex   3.837008e+01 8.926398e+01 1.080370e+02
      vertex   3.193249e+01 7.841823e+01 1.063559e+02
    endloop
  endfacet
  facet normal 8.307032e-01 -5.227504e-01 1.914790e-01
    outer loop
      vertex   3.193249e+01 7.841823e+01 1.063559e+02
      vertex   3.837008e+01 8.926398e+01 1.080370e+02
      vertex   3.816495e+01 8.921316e+01 1.087882e+02
    endloop
  endfacet
  facet normal 8.680667e-01 -4.580349e-01 -1.914790e-01
    outer loop
      vertex   2.866709e+01 7.276239e+01 1.398247e+02
      vertex   3.489955e+01 8.355732e+01 1.422569e+02
      vertex   2.872564e+01 7.255933e+01 1.405759e+02
    endloop
  endfacet
  facet normal 8.680667e-01 -4.580349e-01 -1.914790e-01
    outer loop
      vertex   2.872564e+01 7.255933e+01 1.405759e+02
      vertex   3.489955e+01 8.355732e+01 1.422569e+02
      vertex   3.495810e+01 8.335426e+01 1.430081e+02
    endloop
  endfacet
  facet normal 7.732749e-01 -3.235877e-01 -5.452860e-01
    outer loop
      vertex   2.872564e+01 7.255933e+01 1.405759e+02
      vertex   3.495810e+01 8.335426e+01 1.430081e+02
      vertex   2.903897e+01 7.223494e+01 1.412127e+02
    endloop
  endfacet
  facet normal 7.732749e-01 -3.235877e-01 -5.452860e-01
    outer loop
      vertex   2.903897e+01 7.223494e+01 1.412127e+02
      vertex   3.495810e+01 8.335426e+01 1.430081e+02
      vertex   3.527143e+01 8.302987e+01 1.436450e+02
    endloop
  endfacet
  facet normal 5.607591e-01 -1.398773e-01 -8.160782e-01
    outer loop
      vertex   2.903897e+01 7.223494e+01 1.412127e+02
      vertex   3.527143e+01 8.302987e+01 1.436450e+02
      vertex   2.955937e+01 7.183861e+01 1.416382e+02
    endloop
  endfacet
  facet normal 5.607591e-01 -1.398773e-01 -8.160782e-01
    outer loop
      vertex   2.955937e+01 7.183861e+01 1.416382e+02
      vertex   3.527143e+01 8.302987e+01 1.436450e+02
      vertex   3.579183e+01 8.263354e+01 1.440705e+02
    endloop
  endfacet
  facet normal 2.628727e-01 6.512821e-02 -9.626299e-01
    outer loop
      vertex   2.955937e+01 7.183861e+01 1.416382e+02
      vertex   3.579183e+01 8.263354e+01 1.440705e+02
      vertex   3.020762e+01 7.143067e+01 1.417876e+02
    endloop
  endfacet
  facet normal 2.628727e-01 6.512821e-02 -9.626299e-01
    outer loop
      vertex   3.020762e+01 7.143067e+01 1.417876e+02
      vertex   3.579183e+01 8.263354e+01 1.440705e+02
      vertex   3.644008e+01 8.222560e+01 1.442199e+02
    endloop
  endfacet
  facet normal 9.575951e-02 1.658603e-01 -9.814889e-01
    outer loop
      vertex   3.644008e+01 8.222560e+01 1.442199e+02
      vertex   4.122487e+01 7.946310e+01 1.442199e+02
      vertex   3.020762e+01 7.143067e+01 1.417876e+02
    endloop
  endfacet
  facet normal 9.575951e-02 1.658603e-01 -9.814889e-01
    outer loop
      vertex   3.020762e+01 7.143067e+01 1.417876e+02
      vertex   4.122487e+01 7.946310e+01 1.442199e+02
      vertex   3.499241e+01 6.866817e+01 1.417876e+02
    endloop
  endfacet
  facet normal -7.503366e-02 2.602185e-01 -9.626299e-01
    outer loop
      vertex   3.499241e+01 6.866817e+01 1.417876e+02
      vertex   4.122487e+01 7.946310e+01 1.442199e+02
      vertex   3.566982e+01 6.831074e+01 1.416382e+02
    endloop
  endfacet
  facet normal -7.503366e-02 2.602185e-01 -9.626299e-01
    outer loop
      vertex   3.566982e+01 6.831074e+01 1.416382e+02
      vertex   4.122487e+01 7.946310e+01 1.442199e+02
      vertex   4.190227e+01 7.910567e+01 1.440705e+02
    endloop
  endfacet
  facet normal -4.015168e-01 4.156929e-01 -8.160782e-01
    outer loop
      vertex   3.566982e+01 6.831074e+01 1.416382e+02
      vertex   4.190227e+01 7.910567e+01 1.440705e+02
      vertex   3.627325e+01 6.805823e+01 1.412127e+02
    endloop
  endfacet
  facet normal -4.015168e-01 4.156929e-01 -8.160782e-01
    outer loop
      vertex   3.627325e+01 6.805823e+01 1.412127e+02
      vertex   4.190227e+01 7.910567e+01 1.440705e+02
      vertex   4.250571e+01 7.885315e+01 1.436450e+02
    endloop
  endfacet
  facet normal -6.668727e-01 5.078819e-01 -5.452860e-01
    outer loop
      vertex   3.627325e+01 6.805823e+01 1.412127e+02
      vertex   4.250571e+01 7.885315e+01 1.436450e+02
      vertex   3.671085e+01 6.794907e+01 1.405759e+02
    endloop
  endfacet
  facet normal -6.668727e-01 5.078819e-01 -5.452860e-01
    outer loop
      vertex   3.671085e+01 6.794907e+01 1.405759e+02
      vertex   4.250571e+01 7.885315e+01 1.436450e+02
      vertex   4.294330e+01 7.874400e+01 1.430081e+02
    endloop
  endfacet
  facet normal -8.307032e-01 5.227504e-01 -1.914790e-01
    outer loop
      vertex   3.671085e+01 6.794907e+01 1.405759e+02
      vertex   4.294330e+01 7.874400e+01 1.430081e+02
      vertex   3.691598e+01 6.799989e+01 1.398247e+02
    endloop
  endfacet
  facet normal -8.307032e-01 5.227504e-01 -1.914790e-01
    outer loop
      vertex   3.691598e+01 6.799989e+01 1.398247e+02
      vertex   4.294330e+01 7.874400e+01 1.430081e+02
      vertex   4.314844e+01 7.879482e+01 1.422569e+02
    endloop
  endfacet
  facet normal 4.999967e-01 8.660197e-01 -3.639956e-03
    outer loop
      vertex   4.716866e+01 8.933305e+01 8.518517e+01
      vertex   5.146631e+01 8.685180e+01 8.518517e+01
      vertex   4.716724e+01 8.933059e+01 8.440481e+01
    endloop
  endfacet
  facet normal 4.999967e-01 8.660197e-01 -3.639956e-03
    outer loop
      vertex   4.716724e+01 8.933059e+01 8.440481e+01
      vertex   5.146631e+01 8.685180e+01 8.518517e+01
      vertex   5.146489e+01 8.684934e+01 8.440481e+01
    endloop
  endfacet
  facet normal 4.612402e-01 7.988915e-01 -3.860438e-01
    outer loop
      vertex   4.716724e+01 8.933059e+01 8.440481e+01
      vertex   5.146489e+01 8.684934e+01 8.440481e+01
      vertex   4.701661e+01 8.906969e+01 8.368495e+01
    endloop
  endfacet
  facet normal 4.612402e-01 7.988915e-01 -3.860438e-01
    outer loop
      vertex   4.701661e+01 8.906969e+01 8.368495e+01
      vertex   5.146489e+01 8.684934e+01 8.440481e+01
      vertex   5.131426e+01 8.658844e+01 8.368495e+01
    endloop
  endfacet
  facet normal 3.522641e-01 6.101394e-01 -7.096759e-01
    outer loop
      vertex   4.701661e+01 8.906969e+01 8.368495e+01
      vertex   5.131426e+01 8.658844e+01 8.368495e+01
      vertex   4.673971e+01 8.859008e+01 8.313516e+01
    endloop
  endfacet
  facet normal 3.522641e-01 6.101394e-01 -7.096759e-01
    outer loop
      vertex   4.673971e+01 8.859008e+01 8.313516e+01
      vertex   5.131426e+01 8.658844e+01 8.368495e+01
      vertex   5.103736e+01 8.610883e+01 8.313516e+01
    endloop
  endfacet
  facet normal 1.896590e-01 3.284990e-01 -9.252664e-01
    outer loop
      vertex   4.673971e+01 8.859008e+01 8.313516e+01
      vertex   5.103736e+01 8.610883e+01 8.313516e+01
      vertex   4.637869e+01 8.796478e+01 8.283915e+01
    endloop
  endfacet
  facet normal 1.896590e-01 3.284990e-01 -9.252664e-01
    outer loop
      vertex   4.637869e+01 8.796478e+01 8.283915e+01
      vertex   5.103736e+01 8.610883e+01 8.313516e+01
      vertex   5.067634e+01 8.548353e+01 8.283915e+01
    endloop
  endfacet
  facet normal 9.575951e-02 1.658603e-01 -9.814889e-01
    outer loop
      vertex   5.067634e+01 8.548353e+01 8.283915e+01
      vertex   4.889883e+01 8.240480e+01 8.214546e+01
      vertex   4.637869e+01 8.796478e+01 8.283915e+01
    endloop
  endfacet
  facet normal 9.575951e-02 1.658603e-01 -9.814889e-01
    outer loop
      vertex   4.637869e+01 8.796478e+01 8.283915e+01
      vertex   4.889883e+01 8.240480e+01 8.214546e+01
      vertex   4.460118e+01 8.488605e+01 8.214546e+01
    endloop
  endfacet
  facet normal 8.660254e-01 -5.000000e-01 2.394728e-14
    outer loop
      vertex   5.103736e+01 8.610883e+01 8.313516e+01
      vertex   5.146631e+01 8.685180e+01 8.518517e+01
      vertex   5.067634e+01 8.548353e+01 8.283915e+01
    endloop
  endfacet
  facet normal 8.660254e-01 -5.000000e-01 1.056033e-14
    outer loop
      vertex   5.067634e+01 8.548353e+01 8.283915e+01
      vertex   5.146631e+01 8.685180e+01 8.518517e+01
      vertex   4.544201e+01 7.641741e+01 1.469313e+02
    endloop
  endfacet
  facet normal 8.660254e-01 -5.000000e-01 1.035379e-14
    outer loop
      vertex   5.067634e+01 8.548353e+01 8.283915e+01
      vertex   4.544201e+01 7.641741e+01 1.469313e+02
      vertex   4.426901e+01 7.438570e+01 1.485112e+02
    endloop
  endfacet
  facet normal 8.660254e-01 -5.000000e-01 2.055211e-14
    outer loop
      vertex   4.426901e+01 7.438570e+01 1.485112e+02
      vertex   4.544201e+01 7.641741e+01 1.469313e+02
      vertex   4.465918e+01 7.506151e+01 1.485084e+02
    endloop
  endfacet
  facet normal 8.660254e-01 -5.000000e-01 2.258446e-14
    outer loop
      vertex   4.465918e+01 7.506151e+01 1.485084e+02
      vertex   4.544201e+01 7.641741e+01 1.469313e+02
      vertex   4.501912e+01 7.568494e+01 1.482071e+02
    endloop
  endfacet
  facet normal 8.660254e-01 -5.000000e-01 -2.203387e-14
    outer loop
      vertex   4.501912e+01 7.568494e+01 1.482071e+02
      vertex   4.544201e+01 7.641741e+01 1.469313e+02
      vertex   4.529401e+01 7.616106e+01 1.476533e+02
    endloop
  endfacet
  facet normal 8.660254e-01 -5.000000e-01 8.071852e-15
    outer loop
      vertex   5.103736e+01 8.610883e+01 8.313516e+01
      vertex   5.131426e+01 8.658844e+01 8.368495e+01
      vertex   5.146631e+01 8.685180e+01 8.518517e+01
    endloop
  endfacet
  facet normal 8.660254e-01 -5.000000e-01 1.148195e-14
    outer loop
      vertex   5.146631e+01 8.685180e+01 8.518517e+01
      vertex   5.131426e+01 8.658844e+01 8.368495e+01
      vertex   5.146489e+01 8.684934e+01 8.440481e+01
    endloop
  endfacet
  facet normal 8.660254e-01 -5.000000e-01 9.186669e-15
    outer loop
      vertex   3.999953e+01 6.699075e+01 1.468450e+02
      vertex   4.856098e+01 8.181963e+01 8.225198e+01
      vertex   4.426901e+01 7.438570e+01 1.485112e+02
    endloop
  endfacet
  facet normal 8.660254e-01 -5.000000e-01 8.424752e-15
    outer loop
      vertex   4.426901e+01 7.438570e+01 1.485112e+02
      vertex   4.856098e+01 8.181963e+01 8.225198e+01
      vertex   4.889883e+01 8.240480e+01 8.214546e+01
    endloop
  endfacet
  facet normal 8.660254e-01 -5.000000e-01 9.264593e-15
    outer loop
      vertex   4.426901e+01 7.438570e+01 1.485112e+02
      vertex   4.889883e+01 8.240480e+01 8.214546e+01
      vertex   5.067634e+01 8.548353e+01 8.283915e+01
    endloop
  endfacet
  facet normal 8.660254e-01 -5.000000e-01 4.436358e-15
    outer loop
      vertex   3.963851e+01 6.636545e+01 1.465490e+02
      vertex   3.920956e+01 6.562248e+01 1.444990e+02
      vertex   3.999953e+01 6.699075e+01 1.468450e+02
    endloop
  endfacet
  facet normal 8.660254e-01 -5.000000e-01 9.940644e-15
    outer loop
      vertex   3.999953e+01 6.699075e+01 1.468450e+02
      vertex   3.920956e+01 6.562248e+01 1.444990e+02
      vertex   4.479659e+01 7.529950e+01 8.723466e+01
    endloop
  endfacet
  facet normal 8.660254e-01 -5.000000e-01 9.540444e-15
    outer loop
      vertex   3.999953e+01 6.699075e+01 1.468450e+02
      vertex   4.479659e+01 7.529950e+01 8.723466e+01
      vertex   4.529390e+01 7.616087e+01 8.586775e+01
    endloop
  endfacet
  facet normal 8.660254e-01 -5.000000e-01 2.468733e-14
    outer loop
      vertex   4.529390e+01 7.616087e+01 8.586775e+01
      vertex   4.479659e+01 7.529950e+01 8.723466e+01
      vertex   4.506329e+01 7.576145e+01 8.621900e+01
    endloop
  endfacet
  facet normal 8.660254e-01 -5.000000e-01 -1.814091e-14
    outer loop
      vertex   4.506329e+01 7.576145e+01 8.621900e+01
      vertex   4.479659e+01 7.529950e+01 8.723466e+01
      vertex   4.489275e+01 7.546606e+01 8.668776e+01
    endloop
  endfacet
  facet normal 8.660254e-01 -5.000000e-01 9.828421e-15
    outer loop
      vertex   3.963851e+01 6.636545e+01 1.465490e+02
      vertex   3.936161e+01 6.588584e+01 1.459992e+02
      vertex   3.920956e+01 6.562248e+01 1.444990e+02
    endloop
  endfacet
  facet normal 8.660254e-01 -5.000000e-01 1.278765e-14
    outer loop
      vertex   3.920956e+01 6.562248e+01 1.444990e+02
      vertex   3.936161e+01 6.588584e+01 1.459992e+02
      vertex   3.921098e+01 6.562494e+01 1.452794e+02
    endloop
  endfacet
  facet normal 8.660254e-01 -5.000000e-01 9.479837e-15
    outer loop
      vertex   4.529390e+01 7.616087e+01 8.586775e+01
      vertex   4.856098e+01 8.181963e+01 8.225198e+01
      vertex   3.999953e+01 6.699075e+01 1.468450e+02
    endloop
  endfacet
  facet normal 8.660254e-01 -5.000000e-01 -3.331992e-13
    outer loop
      vertex   4.866840e+01 8.200568e+01 8.216390e+01
      vertex   4.878308e+01 8.220431e+01 8.212775e+01
      vertex   4.856098e+01 8.181963e+01 8.225198e+01
    endloop
  endfacet
  facet normal 8.660254e-01 -5.000000e-01 2.523410e-13
    outer loop
      vertex   4.856098e+01 8.181963e+01 8.225198e+01
      vertex   4.878308e+01 8.220431e+01 8.212775e+01
      vertex   4.889883e+01 8.240480e+01 8.214546e+01
    endloop
  endfacet
  facet normal -3.029379e-01 -5.247038e-01 -7.955593e-01
    outer loop
      vertex   4.099625e+01 7.864212e+01 8.586775e+01
      vertex   4.529390e+01 7.616087e+01 8.586775e+01
      vertex   4.076564e+01 7.824270e+01 8.621900e+01
    endloop
  endfacet
  facet normal -3.029379e-01 -5.247038e-01 -7.955593e-01
    outer loop
      vertex   4.076564e+01 7.824270e+01 8.621900e+01
      vertex   4.529390e+01 7.616087e+01 8.586775e+01
      vertex   4.506329e+01 7.576145e+01 8.621900e+01
    endloop
  endfacet
  facet normal -4.042958e-01 -7.002609e-01 -5.883703e-01
    outer loop
      vertex   4.076564e+01 7.824270e+01 8.621900e+01
      vertex   4.506329e+01 7.576145e+01 8.621900e+01
      vertex   4.489275e+01 7.546606e+01 8.668776e+01
    endloop
  endfacet
  facet normal -4.716844e-01 -8.169813e-01 -3.317459e-01
    outer loop
      vertex   4.479659e+01 7.529950e+01 8.723466e+01
      vertex   4.049894e+01 7.778075e+01 8.723466e+01
      vertex   4.489275e+01 7.546606e+01 8.668776e+01
    endloop
  endfacet
  facet normal -4.716844e-01 -8.169813e-01 -3.317459e-01
    outer loop
      vertex   4.489275e+01 7.546606e+01 8.668776e+01
      vertex   4.049894e+01 7.778075e+01 8.723466e+01
      vertex   4.059510e+01 7.794731e+01 8.668776e+01
    endloop
  endfacet
  facet normal -4.042958e-01 -7.002609e-01 -5.883703e-01
    outer loop
      vertex   4.489275e+01 7.546606e+01 8.668776e+01
      vertex   4.059510e+01 7.794731e+01 8.668776e+01
      vertex   4.076564e+01 7.824270e+01 8.621900e+01
    endloop
  endfacet
  facet normal -2.420884e-01 -4.193094e-01 -8.749702e-01
    outer loop
      vertex   4.099625e+01 7.864212e+01 8.586775e+01
      vertex   4.426333e+01 8.430088e+01 8.225198e+01
      vertex   4.529390e+01 7.616087e+01 8.586775e+01
    endloop
  endfacet
  facet normal -2.420884e-01 -4.193094e-01 -8.749702e-01
    outer loop
      vertex   4.529390e+01 7.616087e+01 8.586775e+01
      vertex   4.426333e+01 8.430088e+01 8.225198e+01
      vertex   4.856098e+01 8.181963e+01 8.225198e+01
    endloop
  endfacet
  facet normal 8.660254e-01 -5.000000e-01 -6.717773e-15
    outer loop
      vertex   4.415342e+01 8.411051e+01 7.328598e+01
      vertex   4.201726e+01 8.041057e+01 7.167252e+01
      vertex   4.415200e+01 8.410805e+01 7.250563e+01
    endloop
  endfacet
  facet normal 8.660254e-01 -5.000000e-01 1.820694e-14
    outer loop
      vertex   4.415200e+01 8.410805e+01 7.250563e+01
      vertex   4.201726e+01 8.041057e+01 7.167252e+01
      vertex   4.223070e+01 8.078026e+01 7.031616e+01
    endloop
  endfacet
  facet normal 8.660254e-01 -5.000000e-01 5.790970e-15
    outer loop
      vertex   4.415200e+01 8.410805e+01 7.250563e+01
      vertex   4.223070e+01 8.078026e+01 7.031616e+01
      vertex   4.258970e+01 8.140206e+01 6.908880e+01
    endloop
  endfacet
  facet normal 8.660254e-01 -5.000000e-01 9.765043e-15
    outer loop
      vertex   4.201726e+01 8.041057e+01 7.167252e+01
      vertex   4.415342e+01 8.411051e+01 7.328598e+01
      vertex   4.099625e+01 7.864212e+01 8.586775e+01
    endloop
  endfacet
  facet normal 8.660254e-01 -5.000000e-01 1.278598e-14
    outer loop
      vertex   4.099625e+01 7.864212e+01 8.586775e+01
      vertex   4.415342e+01 8.411051e+01 7.328598e+01
      vertex   4.430405e+01 8.437140e+01 7.400585e+01
    endloop
  endfacet
  facet normal 8.660254e-01 -5.000000e-01 1.040876e-14
    outer loop
      vertex   4.099625e+01 7.864212e+01 8.586775e+01
      vertex   4.430405e+01 8.437140e+01 7.400585e+01
      vertex   4.426333e+01 8.430088e+01 8.225198e+01
    endloop
  endfacet
  facet normal 8.660254e-01 -5.000000e-01 1.026275e-14
    outer loop
      vertex   4.426333e+01 8.430088e+01 8.225198e+01
      vertex   4.430405e+01 8.437140e+01 7.400585e+01
      vertex   4.458095e+01 8.485101e+01 7.455564e+01
    endloop
  endfacet
  facet normal 8.660254e-01 -5.000000e-01 1.305380e-14
    outer loop
      vertex   4.426333e+01 8.430088e+01 8.225198e+01
      vertex   4.458095e+01 8.485101e+01 7.455564e+01
      vertex   4.494197e+01 8.547631e+01 7.485164e+01
    endloop
  endfacet
  facet normal 8.660254e-01 -5.000000e-01 6.936651e-15
    outer loop
      vertex   4.533215e+01 8.615212e+01 7.484880e+01
      vertex   4.460118e+01 8.488605e+01 8.214546e+01
      vertex   4.494197e+01 8.547631e+01 7.485164e+01
    endloop
  endfacet
  facet normal 8.660254e-01 -5.000000e-01 1.122850e-14
    outer loop
      vertex   4.494197e+01 8.547631e+01 7.485164e+01
      vertex   4.460118e+01 8.488605e+01 8.214546e+01
      vertex   4.448543e+01 8.468556e+01 8.212775e+01
    endloop
  endfacet
  facet normal 8.660254e-01 -5.000000e-01 -1.696773e-15
    outer loop
      vertex   4.494197e+01 8.547631e+01 7.485164e+01
      vertex   4.448543e+01 8.468556e+01 8.212775e+01
      vertex   4.437075e+01 8.448693e+01 8.216390e+01
    endloop
  endfacet
  facet normal 8.660254e-01 -5.000000e-01 1.741855e-14
    outer loop
      vertex   4.533215e+01 8.615212e+01 7.484880e+01
      vertex   4.569208e+01 8.677555e+01 7.454755e+01
      vertex   4.460118e+01 8.488605e+01 8.214546e+01
    endloop
  endfacet
  facet normal 8.660254e-01 -5.000000e-01 8.578452e-15
    outer loop
      vertex   4.460118e+01 8.488605e+01 8.214546e+01
      vertex   4.569208e+01 8.677555e+01 7.454755e+01
      vertex   4.637869e+01 8.796478e+01 8.283915e+01
    endloop
  endfacet
  facet normal 8.660254e-01 -5.000000e-01 1.010224e-14
    outer loop
      vertex   4.637869e+01 8.796478e+01 8.283915e+01
      vertex   4.569208e+01 8.677555e+01 7.454755e+01
      vertex   4.596698e+01 8.725168e+01 7.399375e+01
    endloop
  endfacet
  facet normal 8.660254e-01 -5.000000e-01 9.142537e-15
    outer loop
      vertex   4.637869e+01 8.796478e+01 8.283915e+01
      vertex   4.596698e+01 8.725168e+01 7.399375e+01
      vertex   4.824972e+01 9.120550e+01 7.410481e+01
    endloop
  endfacet
  facet normal 8.660254e-01 -5.000000e-01 1.120445e-14
    outer loop
      vertex   4.824972e+01 9.120550e+01 7.410481e+01
      vertex   4.596698e+01 8.725168e+01 7.399375e+01
      vertex   4.611498e+01 8.750802e+01 7.327170e+01
    endloop
  endfacet
  facet normal 8.660254e-01 -5.000000e-01 1.114904e-14
    outer loop
      vertex   4.824972e+01 9.120550e+01 7.410481e+01
      vertex   4.611498e+01 8.750802e+01 7.327170e+01
      vertex   4.830690e+01 9.130454e+01 7.268747e+01
    endloop
  endfacet
  facet normal 8.660254e-01 -5.000000e-01 5.305447e-15
    outer loop
      vertex   4.830690e+01 9.130454e+01 7.268747e+01
      vertex   4.611498e+01 8.750802e+01 7.327170e+01
      vertex   4.820495e+01 9.112795e+01 7.128021e+01
    endloop
  endfacet
  facet normal 8.660254e-01 -5.000000e-01 7.661255e-15
    outer loop
      vertex   4.820495e+01 9.112795e+01 7.128021e+01
      vertex   4.611498e+01 8.750802e+01 7.327170e+01
      vertex   4.794898e+01 9.068461e+01 6.995361e+01
    endloop
  endfacet
  facet normal 8.660254e-01 -5.000000e-01 8.969076e-15
    outer loop
      vertex   4.794898e+01 9.068461e+01 6.995361e+01
      vertex   4.611498e+01 8.750802e+01 7.327170e+01
      vertex   4.611356e+01 8.750556e+01 7.249135e+01
    endloop
  endfacet
  facet normal 8.660254e-01 -5.000000e-01 6.508923e-15
    outer loop
      vertex   4.794898e+01 9.068461e+01 6.995361e+01
      vertex   4.611356e+01 8.750556e+01 7.249135e+01
      vertex   4.755184e+01 8.999673e+01 6.877419e+01
    endloop
  endfacet
  facet normal 8.660254e-01 -5.000000e-01 1.455105e-14
    outer loop
      vertex   4.755184e+01 8.999673e+01 6.877419e+01
      vertex   4.611356e+01 8.750556e+01 7.249135e+01
      vertex   4.703343e+01 8.909882e+01 6.780108e+01
    endloop
  endfacet
  facet normal 8.660254e-01 -5.000000e-01 8.192858e-15
    outer loop
      vertex   4.703343e+01 8.909882e+01 6.780108e+01
      vertex   4.611356e+01 8.750556e+01 7.249135e+01
      vertex   4.596293e+01 8.724467e+01 7.177148e+01
    endloop
  endfacet
  facet normal 8.660254e-01 -5.000000e-01 9.525594e-15
    outer loop
      vertex   4.703343e+01 8.909882e+01 6.780108e+01
      vertex   4.596293e+01 8.724467e+01 7.177148e+01
      vertex   4.641974e+01 8.803589e+01 6.708309e+01
    endloop
  endfacet
  facet normal 8.660254e-01 -5.000000e-01 9.816915e-15
    outer loop
      vertex   4.641974e+01 8.803589e+01 6.708309e+01
      vertex   4.596293e+01 8.724467e+01 7.177148e+01
      vertex   4.568603e+01 8.676506e+01 7.122169e+01
    endloop
  endfacet
  facet normal 8.660254e-01 -5.000000e-01 1.165406e-14
    outer loop
      vertex   4.641974e+01 8.803589e+01 6.708309e+01
      vertex   4.568603e+01 8.676506e+01 7.122169e+01
      vertex   4.574156e+01 8.686125e+01 6.665621e+01
    endloop
  endfacet
  facet normal 8.660254e-01 -5.000000e-01 1.159002e-14
    outer loop
      vertex   4.574156e+01 8.686125e+01 6.665621e+01
      vertex   4.568603e+01 8.676506e+01 7.122169e+01
      vertex   4.532501e+01 8.613976e+01 7.092569e+01
    endloop
  endfacet
  facet normal 8.660254e-01 -5.000000e-01 1.033744e-14
    outer loop
      vertex   4.574156e+01 8.686125e+01 6.665621e+01
      vertex   4.532501e+01 8.613976e+01 7.092569e+01
      vertex   4.493483e+01 8.546395e+01 7.092853e+01
    endloop
  endfacet
  facet normal 8.660254e-01 -5.000000e-01 1.314863e-14
    outer loop
      vertex   4.574156e+01 8.686125e+01 6.665621e+01
      vertex   4.493483e+01 8.546395e+01 7.092853e+01
      vertex   4.503289e+01 8.563379e+01 6.654185e+01
    endloop
  endfacet
  facet normal 8.660254e-01 -5.000000e-01 1.389237e-14
    outer loop
      vertex   4.503289e+01 8.563379e+01 6.654185e+01
      vertex   4.493483e+01 8.546395e+01 7.092853e+01
      vertex   4.457490e+01 8.484052e+01 7.122978e+01
    endloop
  endfacet
  facet normal 8.660254e-01 -5.000000e-01 9.283124e-15
    outer loop
      vertex   4.503289e+01 8.563379e+01 6.654185e+01
      vertex   4.457490e+01 8.484052e+01 7.122978e+01
      vertex   4.432927e+01 8.441508e+01 6.674575e+01
    endloop
  endfacet
  facet normal 8.660254e-01 -5.000000e-01 1.098000e-14
    outer loop
      vertex   4.432927e+01 8.441508e+01 6.674575e+01
      vertex   4.457490e+01 8.484052e+01 7.122978e+01
      vertex   4.430000e+01 8.436439e+01 7.178359e+01
    endloop
  endfacet
  facet normal 8.660254e-01 -5.000000e-01 1.119801e-14
    outer loop
      vertex   4.432927e+01 8.441508e+01 6.674575e+01
      vertex   4.430000e+01 8.436439e+01 7.178359e+01
      vertex   4.366597e+01 8.326621e+01 6.725768e+01
    endloop
  endfacet
  facet normal 8.660254e-01 -5.000000e-01 8.346119e-15
    outer loop
      vertex   4.366597e+01 8.326621e+01 6.725768e+01
      vertex   4.430000e+01 8.436439e+01 7.178359e+01
      vertex   4.307625e+01 8.224480e+01 6.805197e+01
    endloop
  endfacet
  facet normal 8.660254e-01 -5.000000e-01 1.221650e-14
    outer loop
      vertex   4.307625e+01 8.224480e+01 6.805197e+01
      vertex   4.430000e+01 8.436439e+01 7.178359e+01
      vertex   4.415200e+01 8.410805e+01 7.250563e+01
    endloop
  endfacet
  facet normal 8.660254e-01 -5.000000e-01 1.566076e-14
    outer loop
      vertex   4.307625e+01 8.224480e+01 6.805197e+01
      vertex   4.415200e+01 8.410805e+01 7.250563e+01
      vertex   4.258970e+01 8.140206e+01 6.908880e+01
    endloop
  endfacet
  facet normal 8.660254e-01 -5.000000e-01 1.701810e-14
    outer loop
      vertex   4.437075e+01 8.448693e+01 8.216390e+01
      vertex   4.426333e+01 8.430088e+01 8.225198e+01
      vertex   4.494197e+01 8.547631e+01 7.485164e+01
    endloop
  endfacet
  facet normal 8.660254e-01 -5.000000e-01 1.381661e-14
    outer loop
      vertex   4.099625e+01 7.864212e+01 8.586775e+01
      vertex   4.076564e+01 7.824270e+01 8.621900e+01
      vertex   4.201726e+01 8.041057e+01 7.167252e+01
    endloop
  endfacet
  facet normal 8.660254e-01 -5.000000e-01 4.102932e-15
    outer loop
      vertex   4.201726e+01 8.041057e+01 7.167252e+01
      vertex   4.076564e+01 7.824270e+01 8.621900e+01
      vertex   4.059510e+01 7.794731e+01 8.668776e+01
    endloop
  endfacet
  facet normal 8.660254e-01 -5.000000e-01 3.266817e-14
    outer loop
      vertex   4.201726e+01 8.041057e+01 7.167252e+01
      vertex   4.059510e+01 7.794731e+01 8.668776e+01
      vertex   4.049894e+01 7.778075e+01 8.723466e+01
    endloop
  endfacet
  facet normal 8.660254e-01 -5.000000e-01 2.523057e-15
    outer loop
      vertex   4.716866e+01 8.933305e+01 8.518517e+01
      vertex   4.716724e+01 8.933059e+01 8.440481e+01
      vertex   4.824972e+01 9.120550e+01 7.410481e+01
    endloop
  endfacet
  facet normal 8.660254e-01 -5.000000e-01 8.288445e-15
    outer loop
      vertex   4.824972e+01 9.120550e+01 7.410481e+01
      vertex   4.716724e+01 8.933059e+01 8.440481e+01
      vertex   4.701661e+01 8.906969e+01 8.368495e+01
    endloop
  endfacet
  facet normal 8.660254e-01 -5.000000e-01 1.426652e-14
    outer loop
      vertex   4.824972e+01 9.120550e+01 7.410481e+01
      vertex   4.701661e+01 8.906969e+01 8.368495e+01
      vertex   4.673971e+01 8.859008e+01 8.313516e+01
    endloop
  endfacet
  facet normal 8.660254e-01 -5.000000e-01 6.154402e-15
    outer loop
      vertex   4.673971e+01 8.859008e+01 8.313516e+01
      vertex   4.637869e+01 8.796478e+01 8.283915e+01
      vertex   4.824972e+01 9.120550e+01 7.410481e+01
    endloop
  endfacet
  facet normal 4.907445e-01 8.499943e-01 1.915190e-01
    outer loop
      vertex   4.824972e+01 9.120550e+01 7.410481e+01
      vertex   4.201581e+01 9.230805e+01 8.518517e+01
      vertex   4.716866e+01 8.933305e+01 8.518517e+01
    endloop
  endfacet
  facet normal 4.907445e-01 8.499943e-01 1.915190e-01
    outer loop
      vertex   4.716866e+01 8.933305e+01 8.518517e+01
      vertex   4.201581e+01 9.230805e+01 8.518517e+01
      vertex   4.487331e+01 8.578238e+01 1.068252e+02
    endloop
  endfacet
  facet normal 4.907445e-01 8.499943e-01 1.915190e-01
    outer loop
      vertex   4.716866e+01 8.933305e+01 8.518517e+01
      vertex   4.487331e+01 8.578238e+01 1.068252e+02
      vertex   4.552155e+01 8.537445e+01 1.069746e+02
    endloop
  endfacet
  facet normal 4.907445e-01 8.499943e-01 1.915190e-01
    outer loop
      vertex   4.824972e+01 9.120550e+01 7.410481e+01
      vertex   4.309687e+01 9.418050e+01 7.410481e+01
      vertex   4.201581e+01 9.230805e+01 8.518517e+01
    endloop
  endfacet
  facet normal 4.907445e-01 8.499943e-01 1.915190e-01
    outer loop
      vertex   3.771815e+01 9.478930e+01 8.518517e+01
      vertex   3.837008e+01 8.926398e+01 1.080370e+02
      vertex   4.201581e+01 9.230805e+01 8.518517e+01
    endloop
  endfacet
  facet normal 4.907445e-01 8.499943e-01 1.915190e-01
    outer loop
      vertex   4.201581e+01 9.230805e+01 8.518517e+01
      vertex   3.837008e+01 8.926398e+01 1.080370e+02
      vertex   3.880768e+01 8.915483e+01 1.074001e+02
    endloop
  endfacet
  facet normal 4.907445e-01 8.499943e-01 1.915190e-01
    outer loop
      vertex   4.201581e+01 9.230805e+01 8.518517e+01
      vertex   3.880768e+01 8.915483e+01 1.074001e+02
      vertex   3.941111e+01 8.890231e+01 1.069746e+02
    endloop
  endfacet
  facet normal 4.907445e-01 8.499943e-01 1.915190e-01
    outer loop
      vertex   3.837008e+01 8.926398e+01 1.080370e+02
      vertex   3.771815e+01 9.478930e+01 8.518517e+01
      vertex   3.816495e+01 8.921316e+01 1.087882e+02
    endloop
  endfacet
  facet normal 4.907445e-01 8.499943e-01 1.915190e-01
    outer loop
      vertex   3.816495e+01 8.921316e+01 1.087882e+02
      vertex   3.771815e+01 9.478930e+01 8.518517e+01
      vertex   3.169386e+01 8.435491e+01 1.469313e+02
    endloop
  endfacet
  facet normal 4.907445e-01 8.499943e-01 1.915190e-01
    outer loop
      vertex   3.816495e+01 8.921316e+01 1.087882e+02
      vertex   3.169386e+01 8.435491e+01 1.469313e+02
      vertex   3.489955e+01 8.355732e+01 1.422569e+02
    endloop
  endfacet
  facet normal 4.907445e-01 8.499943e-01 1.915190e-01
    outer loop
      vertex   3.489955e+01 8.355732e+01 1.422569e+02
      vertex   3.169386e+01 8.435491e+01 1.469313e+02
      vertex   3.495810e+01 8.335426e+01 1.430081e+02
    endloop
  endfacet
  facet normal 4.907445e-01 8.499943e-01 1.915190e-01
    outer loop
      vertex   3.495810e+01 8.335426e+01 1.430081e+02
      vertex   3.169386e+01 8.435491e+01 1.469313e+02
      vertex   3.527143e+01 8.302987e+01 1.436450e+02
    endloop
  endfacet
  facet normal 4.907445e-01 8.499943e-01 1.915190e-01
    outer loop
      vertex   3.527143e+01 8.302987e+01 1.436450e+02
      vertex   3.169386e+01 8.435491e+01 1.469313e+02
      vertex   3.579183e+01 8.263354e+01 1.440705e+02
    endloop
  endfacet
  facet normal 4.907445e-01 8.499943e-01 1.915190e-01
    outer loop
      vertex   3.579183e+01 8.263354e+01 1.440705e+02
      vertex   3.169386e+01 8.435491e+01 1.469313e+02
      vertex   3.644008e+01 8.222560e+01 1.442199e+02
    endloop
  endfacet
  facet normal 4.907445e-01 8.499943e-01 1.915190e-01
    outer loop
      vertex   3.644008e+01 8.222560e+01 1.442199e+02
      vertex   3.169386e+01 8.435491e+01 1.469313e+02
      vertex   4.544201e+01 7.641741e+01 1.469313e+02
    endloop
  endfacet
  facet normal 4.907445e-01 8.499943e-01 1.915190e-01
    outer loop
      vertex   3.644008e+01 8.222560e+01 1.442199e+02
      vertex   4.544201e+01 7.641741e+01 1.469313e+02
      vertex   4.122487e+01 7.946310e+01 1.442199e+02
    endloop
  endfacet
  facet normal 4.907445e-01 8.499943e-01 1.915190e-01
    outer loop
      vertex   4.122487e+01 7.946310e+01 1.442199e+02
      vertex   4.544201e+01 7.641741e+01 1.469313e+02
      vertex   4.190227e+01 7.910567e+01 1.440705e+02
    endloop
  endfacet
  facet normal 4.907445e-01 8.499943e-01 1.915190e-01
    outer loop
      vertex   4.190227e+01 7.910567e+01 1.440705e+02
      vertex   4.544201e+01 7.641741e+01 1.469313e+02
      vertex   4.250571e+01 7.885315e+01 1.436450e+02
    endloop
  endfacet
  facet normal 4.907445e-01 8.499943e-01 1.915190e-01
    outer loop
      vertex   4.250571e+01 7.885315e+01 1.436450e+02
      vertex   4.544201e+01 7.641741e+01 1.469313e+02
      vertex   4.294330e+01 7.874400e+01 1.430081e+02
    endloop
  endfacet
  facet normal 4.907445e-01 8.499943e-01 1.915190e-01
    outer loop
      vertex   4.294330e+01 7.874400e+01 1.430081e+02
      vertex   4.544201e+01 7.641741e+01 1.469313e+02
      vertex   4.314844e+01 7.879482e+01 1.422569e+02
    endloop
  endfacet
  facet normal 4.907445e-01 8.499943e-01 1.915190e-01
    outer loop
      vertex   4.314844e+01 7.879482e+01 1.422569e+02
      vertex   4.544201e+01 7.641741e+01 1.469313e+02
      vertex   4.641384e+01 8.445066e+01 1.087882e+02
    endloop
  endfacet
  facet normal 4.907445e-01 8.499943e-01 1.915190e-01
    outer loop
      vertex   4.641384e+01 8.445066e+01 1.087882e+02
      vertex   4.544201e+01 7.641741e+01 1.469313e+02
      vertex   5.146631e+01 8.685180e+01 8.518517e+01
    endloop
  endfacet
  facet normal 4.907445e-01 8.499943e-01 1.915190e-01
    outer loop
      vertex   4.641384e+01 8.445066e+01 1.087882e+02
      vertex   5.146631e+01 8.685180e+01 8.518517e+01
      vertex   4.635528e+01 8.465372e+01 1.080370e+02
    endloop
  endfacet
  facet normal 4.907445e-01 8.499943e-01 1.915190e-01
    outer loop
      vertex   4.635528e+01 8.465372e+01 1.080370e+02
      vertex   5.146631e+01 8.685180e+01 8.518517e+01
      vertex   4.716866e+01 8.933305e+01 8.518517e+01
    endloop
  endfacet
  facet normal 4.907445e-01 8.499943e-01 1.915190e-01
    outer loop
      vertex   4.635528e+01 8.465372e+01 1.080370e+02
      vertex   4.716866e+01 8.933305e+01 8.518517e+01
      vertex   4.604196e+01 8.497811e+01 1.074001e+02
    endloop
  endfacet
  facet normal 4.907445e-01 8.499943e-01 1.915190e-01
    outer loop
      vertex   4.604196e+01 8.497811e+01 1.074001e+02
      vertex   4.716866e+01 8.933305e+01 8.518517e+01
      vertex   4.552155e+01 8.537445e+01 1.069746e+02
    endloop
  endfacet
  facet normal 4.907445e-01 8.499943e-01 1.915190e-01
    outer loop
      vertex   3.941111e+01 8.890231e+01 1.069746e+02
      vertex   4.008852e+01 8.854488e+01 1.068252e+02
      vertex   4.201581e+01 9.230805e+01 8.518517e+01
    endloop
  endfacet
  facet normal 4.907445e-01 8.499943e-01 1.915190e-01
    outer loop
      vertex   4.201581e+01 9.230805e+01 8.518517e+01
      vertex   4.008852e+01 8.854488e+01 1.068252e+02
      vertex   4.487331e+01 8.578238e+01 1.068252e+02
    endloop
  endfacet
  facet normal -4.907445e-01 -8.499943e-01 -1.915190e-01
    outer loop
      vertex   4.479659e+01 7.529950e+01 8.723466e+01
      vertex   4.012283e+01 7.385880e+01 1.056047e+02
      vertex   4.049894e+01 7.778075e+01 8.723466e+01
    endloop
  endfacet
  facet normal -4.907445e-01 -8.499943e-01 -1.915190e-01
    outer loop
      vertex   4.049894e+01 7.778075e+01 8.723466e+01
      vertex   4.012283e+01 7.385880e+01 1.056047e+02
      vertex   3.980950e+01 7.418319e+01 1.049678e+02
    endloop
  endfacet
  facet normal -4.907445e-01 -8.499943e-01 -1.915190e-01
    outer loop
      vertex   4.049894e+01 7.778075e+01 8.723466e+01
      vertex   3.980950e+01 7.418319e+01 1.049678e+02
      vertex   3.928910e+01 7.457952e+01 1.045423e+02
    endloop
  endfacet
  facet normal -4.907445e-01 -8.499943e-01 -1.915190e-01
    outer loop
      vertex   4.012283e+01 7.385880e+01 1.056047e+02
      vertex   4.479659e+01 7.529950e+01 8.723466e+01
      vertex   4.018138e+01 7.365573e+01 1.063559e+02
    endloop
  endfacet
  facet normal -4.907445e-01 -8.499943e-01 -1.915190e-01
    outer loop
      vertex   4.018138e+01 7.365573e+01 1.063559e+02
      vertex   4.479659e+01 7.529950e+01 8.723466e+01
      vertex   3.920956e+01 6.562248e+01 1.444990e+02
    endloop
  endfacet
  facet normal -4.907445e-01 -8.499943e-01 -1.915190e-01
    outer loop
      vertex   4.018138e+01 7.365573e+01 1.063559e+02
      vertex   3.920956e+01 6.562248e+01 1.444990e+02
      vertex   3.691598e+01 6.799989e+01 1.398247e+02
    endloop
  endfacet
  facet normal -4.907445e-01 -8.499943e-01 -1.915190e-01
    outer loop
      vertex   3.691598e+01 6.799989e+01 1.398247e+02
      vertex   3.920956e+01 6.562248e+01 1.444990e+02
      vertex   3.671085e+01 6.794907e+01 1.405759e+02
    endloop
  endfacet
  facet normal -4.907445e-01 -8.499943e-01 -1.915190e-01
    outer loop
      vertex   3.671085e+01 6.794907e+01 1.405759e+02
      vertex   3.920956e+01 6.562248e+01 1.444990e+02
      vertex   3.627325e+01 6.805823e+01 1.412127e+02
    endloop
  endfacet
  facet normal -4.907445e-01 -8.499943e-01 -1.915190e-01
    outer loop
      vertex   3.627325e+01 6.805823e+01 1.412127e+02
      vertex   3.920956e+01 6.562248e+01 1.444990e+02
      vertex   3.566982e+01 6.831074e+01 1.416382e+02
    endloop
  endfacet
  facet normal -4.907445e-01 -8.499943e-01 -1.915190e-01
    outer loop
      vertex   3.566982e+01 6.831074e+01 1.416382e+02
      vertex   3.920956e+01 6.562248e+01 1.444990e+02
      vertex   3.499241e+01 6.866817e+01 1.417876e+02
    endloop
  endfacet
  facet normal -4.907445e-01 -8.499943e-01 -1.915190e-01
    outer loop
      vertex   3.499241e+01 6.866817e+01 1.417876e+02
      vertex   3.920956e+01 6.562248e+01 1.444990e+02
      vertex   3.020762e+01 7.143067e+01 1.417876e+02
    endloop
  endfacet
  facet normal -4.907445e-01 -8.499943e-01 -1.915190e-01
    outer loop
      vertex   3.020762e+01 7.143067e+01 1.417876e+02
      vertex   3.920956e+01 6.562248e+01 1.444990e+02
      vertex   2.546141e+01 7.355998e+01 1.444990e+02
    endloop
  endfacet
  facet normal -4.907445e-01 -8.499943e-01 -1.915190e-01
    outer loop
      vertex   3.020762e+01 7.143067e+01 1.417876e+02
      vertex   2.546141e+01 7.355998e+01 1.444990e+02
      vertex   2.955937e+01 7.183861e+01 1.416382e+02
    endloop
  endfacet
  facet normal -4.907445e-01 -8.499943e-01 -1.915190e-01
    outer loop
      vertex   2.955937e+01 7.183861e+01 1.416382e+02
      vertex   2.546141e+01 7.355998e+01 1.444990e+02
      vertex   2.903897e+01 7.223494e+01 1.412127e+02
    endloop
  endfacet
  facet normal -4.907445e-01 -8.499943e-01 -1.915190e-01
    outer loop
      vertex   2.903897e+01 7.223494e+01 1.412127e+02
      vertex   2.546141e+01 7.355998e+01 1.444990e+02
      vertex   2.872564e+01 7.255933e+01 1.405759e+02
    endloop
  endfacet
  facet normal -4.907445e-01 -8.499943e-01 -1.915190e-01
    outer loop
      vertex   2.872564e+01 7.255933e+01 1.405759e+02
      vertex   2.546141e+01 7.355998e+01 1.444990e+02
      vertex   2.866709e+01 7.276239e+01 1.398247e+02
    endloop
  endfacet
  facet normal -4.907445e-01 -8.499943e-01 -1.915190e-01
    outer loop
      vertex   2.866709e+01 7.276239e+01 1.398247e+02
      vertex   2.546141e+01 7.355998e+01 1.444990e+02
      vertex   3.193249e+01 7.841823e+01 1.063559e+02
    endloop
  endfacet
  facet normal -4.907445e-01 -8.499943e-01 -1.915190e-01
    outer loop
      vertex   3.193249e+01 7.841823e+01 1.063559e+02
      vertex   2.546141e+01 7.355998e+01 1.444990e+02
      vertex   3.104843e+01 8.323700e+01 8.723466e+01
    endloop
  endfacet
  facet normal -4.907445e-01 -8.499943e-01 -1.915190e-01
    outer loop
      vertex   3.193249e+01 7.841823e+01 1.063559e+02
      vertex   3.104843e+01 8.323700e+01 8.723466e+01
      vertex   3.213763e+01 7.846906e+01 1.056047e+02
    endloop
  endfacet
  facet normal -4.907445e-01 -8.499943e-01 -1.915190e-01
    outer loop
      vertex   3.213763e+01 7.846906e+01 1.056047e+02
      vertex   3.104843e+01 8.323700e+01 8.723466e+01
      vertex   3.534608e+01 8.075575e+01 8.723466e+01
    endloop
  endfacet
  facet normal -4.907445e-01 -8.499943e-01 -1.915190e-01
    outer loop
      vertex   3.213763e+01 7.846906e+01 1.056047e+02
      vertex   3.534608e+01 8.075575e+01 8.723466e+01
      vertex   3.257522e+01 7.835990e+01 1.049678e+02
    endloop
  endfacet
  facet normal -4.907445e-01 -8.499943e-01 -1.915190e-01
    outer loop
      vertex   3.257522e+01 7.835990e+01 1.049678e+02
      vertex   3.534608e+01 8.075575e+01 8.723466e+01
      vertex   3.317865e+01 7.810739e+01 1.045423e+02
    endloop
  endfacet
  facet normal -4.907445e-01 -8.499943e-01 -1.915190e-01
    outer loop
      vertex   3.317865e+01 7.810739e+01 1.045423e+02
      vertex   3.534608e+01 8.075575e+01 8.723466e+01
      vertex   3.385606e+01 7.774995e+01 1.043929e+02
    endloop
  endfacet
  facet normal -4.907445e-01 -8.499943e-01 -1.915190e-01
    outer loop
      vertex   3.385606e+01 7.774995e+01 1.043929e+02
      vertex   3.534608e+01 8.075575e+01 8.723466e+01
      vertex   3.864085e+01 7.498745e+01 1.043929e+02
    endloop
  endfacet
  facet normal -4.907445e-01 -8.499943e-01 -1.915190e-01
    outer loop
      vertex   3.864085e+01 7.498745e+01 1.043929e+02
      vertex   3.534608e+01 8.075575e+01 8.723466e+01
      vertex   4.049894e+01 7.778075e+01 8.723466e+01
    endloop
  endfacet
  facet normal -4.907445e-01 -8.499943e-01 -1.915190e-01
    outer loop
      vertex   3.864085e+01 7.498745e+01 1.043929e+02
      vertex   4.049894e+01 7.778075e+01 8.723466e+01
      vertex   3.928910e+01 7.457952e+01 1.045423e+02
    endloop
  endfacet
  facet normal -4.907445e-01 -8.499943e-01 -1.915190e-01
    outer loop
      vertex   3.686441e+01 8.338557e+01 7.167252e+01
      vertex   4.201726e+01 8.041057e+01 7.167252e+01
      vertex   3.534608e+01 8.075575e+01 8.723466e+01
    endloop
  endfacet
  facet normal -4.907445e-01 -8.499943e-01 -1.915190e-01
    outer loop
      vertex   3.534608e+01 8.075575e+01 8.723466e+01
      vertex   4.201726e+01 8.041057e+01 7.167252e+01
      vertex   4.049894e+01 7.778075e+01 8.723466e+01
    endloop
  endfacet
  facet normal 1.896590e-01 3.284990e-01 -9.252664e-01
    outer loop
      vertex   4.122584e+01 9.093978e+01 8.283915e+01
      vertex   3.692818e+01 9.342103e+01 8.283915e+01
      vertex   4.158686e+01 9.156508e+01 8.313516e+01
    endloop
  endfacet
  facet normal 1.896590e-01 3.284990e-01 -9.252664e-01
    outer loop
      vertex   4.158686e+01 9.156508e+01 8.313516e+01
      vertex   3.692818e+01 9.342103e+01 8.283915e+01
      vertex   3.728921e+01 9.404633e+01 8.313516e+01
    endloop
  endfacet
  facet normal 3.522641e-01 6.101394e-01 -7.096759e-01
    outer loop
      vertex   4.158686e+01 9.156508e+01 8.313516e+01
      vertex   3.728921e+01 9.404633e+01 8.313516e+01
      vertex   4.186376e+01 9.204469e+01 8.368495e+01
    endloop
  endfacet
  facet normal 3.522641e-01 6.101394e-01 -7.096759e-01
    outer loop
      vertex   4.186376e+01 9.204469e+01 8.368495e+01
      vertex   3.728921e+01 9.404633e+01 8.313516e+01
      vertex   3.756611e+01 9.452594e+01 8.368495e+01
    endloop
  endfacet
  facet normal 4.612402e-01 7.988915e-01 -3.860438e-01
    outer loop
      vertex   4.186376e+01 9.204469e+01 8.368495e+01
      vertex   3.756611e+01 9.452594e+01 8.368495e+01
      vertex   4.201439e+01 9.230559e+01 8.440481e+01
    endloop
  endfacet
  facet normal 4.612402e-01 7.988915e-01 -3.860438e-01
    outer loop
      vertex   4.201439e+01 9.230559e+01 8.440481e+01
      vertex   3.756611e+01 9.452594e+01 8.368495e+01
      vertex   3.771673e+01 9.478684e+01 8.440481e+01
    endloop
  endfacet
  facet normal 4.999967e-01 8.660197e-01 -3.639956e-03
    outer loop
      vertex   4.201439e+01 9.230559e+01 8.440481e+01
      vertex   3.771673e+01 9.478684e+01 8.440481e+01
      vertex   4.201581e+01 9.230805e+01 8.518517e+01
    endloop
  endfacet
  facet normal 4.999967e-01 8.660197e-01 -3.639956e-03
    outer loop
      vertex   4.201581e+01 9.230805e+01 8.518517e+01
      vertex   3.771673e+01 9.478684e+01 8.440481e+01
      vertex   3.771815e+01 9.478930e+01 8.518517e+01
    endloop
  endfacet
  facet normal -8.660254e-01 5.000000e-01 -1.826937e-14
    outer loop
      vertex   3.771673e+01 9.478684e+01 8.440481e+01
      vertex   3.756611e+01 9.452594e+01 8.368495e+01
      vertex   3.771815e+01 9.478930e+01 8.518517e+01
    endloop
  endfacet
  facet normal -8.660254e-01 5.000000e-01 -1.133405e-14
    outer loop
      vertex   3.771815e+01 9.478930e+01 8.518517e+01
      vertex   3.756611e+01 9.452594e+01 8.368495e+01
      vertex   3.728921e+01 9.404633e+01 8.313516e+01
    endloop
  endfacet
  facet normal -8.660254e-01 5.000000e-01 -1.973727e-14
    outer loop
      vertex   3.771815e+01 9.478930e+01 8.518517e+01
      vertex   3.728921e+01 9.404633e+01 8.313516e+01
      vertex   3.692818e+01 9.342103e+01 8.283915e+01
    endloop
  endfacet
  facet normal -8.660254e-01 5.000000e-01 -9.822829e-15
    outer loop
      vertex   3.771815e+01 9.478930e+01 8.518517e+01
      vertex   3.692818e+01 9.342103e+01 8.283915e+01
      vertex   3.052085e+01 8.232320e+01 1.485112e+02
    endloop
  endfacet
  facet normal -8.660254e-01 5.000000e-01 -9.587095e-15
    outer loop
      vertex   3.052085e+01 8.232320e+01 1.485112e+02
      vertex   3.692818e+01 9.342103e+01 8.283915e+01
      vertex   3.515068e+01 9.034230e+01 8.214546e+01
    endloop
  endfacet
  facet normal -8.660254e-01 5.000000e-01 -9.558853e-15
    outer loop
      vertex   3.052085e+01 8.232320e+01 1.485112e+02
      vertex   3.515068e+01 9.034230e+01 8.214546e+01
      vertex   3.481283e+01 8.975713e+01 8.225198e+01
    endloop
  endfacet
  facet normal -8.660254e-01 5.000000e-01 2.500677e-14
    outer loop
      vertex   3.481283e+01 8.975713e+01 8.225198e+01
      vertex   3.515068e+01 9.034230e+01 8.214546e+01
      vertex   3.503492e+01 9.014181e+01 8.212775e+01
    endloop
  endfacet
  facet normal -8.660254e-01 5.000000e-01 2.338534e-13
    outer loop
      vertex   3.481283e+01 8.975713e+01 8.225198e+01
      vertex   3.503492e+01 9.014181e+01 8.212775e+01
      vertex   3.492025e+01 8.994318e+01 8.216390e+01
    endloop
  endfacet
  facet normal -8.660254e-01 5.000000e-01 -9.315282e-15
    outer loop
      vertex   3.052085e+01 8.232320e+01 1.485112e+02
      vertex   3.481283e+01 8.975713e+01 8.225198e+01
      vertex   2.625138e+01 7.492825e+01 1.468450e+02
    endloop
  endfacet
  facet normal -8.660254e-01 5.000000e-01 -9.588347e-15
    outer loop
      vertex   2.625138e+01 7.492825e+01 1.468450e+02
      vertex   3.481283e+01 8.975713e+01 8.225198e+01
      vertex   3.154575e+01 8.409837e+01 8.586775e+01
    endloop
  endfacet
  facet normal -8.660254e-01 5.000000e-01 -1.107922e-14
    outer loop
      vertex   2.625138e+01 7.492825e+01 1.468450e+02
      vertex   3.154575e+01 8.409837e+01 8.586775e+01
      vertex   3.104843e+01 8.323700e+01 8.723466e+01
    endloop
  endfacet
  facet normal -8.660254e-01 5.000000e-01 1.056618e-14
    outer loop
      vertex   3.104843e+01 8.323700e+01 8.723466e+01
      vertex   3.154575e+01 8.409837e+01 8.586775e+01
      vertex   3.131514e+01 8.369895e+01 8.621900e+01
    endloop
  endfacet
  facet normal -8.660254e-01 5.000000e-01 -8.350577e-15
    outer loop
      vertex   3.104843e+01 8.323700e+01 8.723466e+01
      vertex   3.131514e+01 8.369895e+01 8.621900e+01
      vertex   3.114459e+01 8.340356e+01 8.668776e+01
    endloop
  endfacet
  facet normal -8.660254e-01 5.000000e-01 -1.010810e-14
    outer loop
      vertex   3.104843e+01 8.323700e+01 8.723466e+01
      vertex   2.546141e+01 7.355998e+01 1.444990e+02
      vertex   2.625138e+01 7.492825e+01 1.468450e+02
    endloop
  endfacet
  facet normal -8.660254e-01 5.000000e-01 -1.235843e-14
    outer loop
      vertex   2.625138e+01 7.492825e+01 1.468450e+02
      vertex   2.546141e+01 7.355998e+01 1.444990e+02
      vertex   2.589036e+01 7.430295e+01 1.465490e+02
    endloop
  endfacet
  facet normal -8.660254e-01 5.000000e-01 -1.095764e-14
    outer loop
      vertex   2.589036e+01 7.430295e+01 1.465490e+02
      vertex   2.546141e+01 7.355998e+01 1.444990e+02
      vertex   2.561345e+01 7.382334e+01 1.459992e+02
    endloop
  endfacet
  facet normal -8.660254e-01 5.000000e-01 -1.676361e-14
    outer loop
      vertex   2.561345e+01 7.382334e+01 1.459992e+02
      vertex   2.546141e+01 7.355998e+01 1.444990e+02
      vertex   2.546283e+01 7.356244e+01 1.452794e+02
    endloop
  endfacet
  facet normal -8.660254e-01 5.000000e-01 -9.487357e-15
    outer loop
      vertex   3.771815e+01 9.478930e+01 8.518517e+01
      vertex   3.052085e+01 8.232320e+01 1.485112e+02
      vertex   3.169386e+01 8.435491e+01 1.469313e+02
    endloop
  endfacet
  facet normal -8.660254e-01 5.000000e-01 -2.516954e-14
    outer loop
      vertex   3.169386e+01 8.435491e+01 1.469313e+02
      vertex   3.052085e+01 8.232320e+01 1.485112e+02
      vertex   3.091103e+01 8.299901e+01 1.485084e+02
    endloop
  endfacet
  facet normal -8.660254e-01 5.000000e-01 -3.027990e-14
    outer loop
      vertex   3.169386e+01 8.435491e+01 1.469313e+02
      vertex   3.091103e+01 8.299901e+01 1.485084e+02
      vertex   3.127096e+01 8.362244e+01 1.482071e+02
    endloop
  endfacet
  facet normal -8.660254e-01 5.000000e-01 -1.703159e-14
    outer loop
      vertex   3.127096e+01 8.362244e+01 1.482071e+02
      vertex   3.154586e+01 8.409856e+01 1.476533e+02
      vertex   3.169386e+01 8.435491e+01 1.469313e+02
    endloop
  endfacet
  facet normal -4.716844e-01 -8.169813e-01 -3.317459e-01
    outer loop
      vertex   3.534608e+01 8.075575e+01 8.723466e+01
      vertex   3.104843e+01 8.323700e+01 8.723466e+01
      vertex   3.544225e+01 8.092231e+01 8.668776e+01
    endloop
  endfacet
  facet normal -4.716844e-01 -8.169813e-01 -3.317459e-01
    outer loop
      vertex   3.544225e+01 8.092231e+01 8.668776e+01
      vertex   3.104843e+01 8.323700e+01 8.723466e+01
      vertex   3.114459e+01 8.340356e+01 8.668776e+01
    endloop
  endfacet
  facet normal -4.042958e-01 -7.002609e-01 -5.883703e-01
    outer loop
      vertex   3.544225e+01 8.092231e+01 8.668776e+01
      vertex   3.114459e+01 8.340356e+01 8.668776e+01
      vertex   3.131514e+01 8.369895e+01 8.621900e+01
    endloop
  endfacet
  facet normal -3.029379e-01 -5.247038e-01 -7.955593e-01
    outer loop
      vertex   3.154575e+01 8.409837e+01 8.586775e+01
      vertex   3.584340e+01 8.161712e+01 8.586775e+01
      vertex   3.131514e+01 8.369895e+01 8.621900e+01
    endloop
  endfacet
  facet normal -3.029379e-01 -5.247038e-01 -7.955593e-01
    outer loop
      vertex   3.131514e+01 8.369895e+01 8.621900e+01
      vertex   3.584340e+01 8.161712e+01 8.586775e+01
      vertex   3.561279e+01 8.121770e+01 8.621900e+01
    endloop
  endfacet
  facet normal -4.042958e-01 -7.002609e-01 -5.883703e-01
    outer loop
      vertex   3.131514e+01 8.369895e+01 8.621900e+01
      vertex   3.561279e+01 8.121770e+01 8.621900e+01
      vertex   3.544225e+01 8.092231e+01 8.668776e+01
    endloop
  endfacet
  facet normal 9.575951e-02 1.658603e-01 -9.814889e-01
    outer loop
      vertex   4.122584e+01 9.093978e+01 8.283915e+01
      vertex   3.944833e+01 8.786105e+01 8.214546e+01
      vertex   3.692818e+01 9.342103e+01 8.283915e+01
    endloop
  endfacet
  facet normal 9.575951e-02 1.658603e-01 -9.814889e-01
    outer loop
      vertex   3.692818e+01 9.342103e+01 8.283915e+01
      vertex   3.944833e+01 8.786105e+01 8.214546e+01
      vertex   3.515068e+01 9.034230e+01 8.214546e+01
    endloop
  endfacet
  facet normal -8.660254e-01 5.000000e-01 -5.586342e-15
    outer loop
      vertex   3.914715e+01 8.733939e+01 7.178359e+01
      vertex   3.792340e+01 8.521980e+01 6.805197e+01
      vertex   3.899915e+01 8.708305e+01 7.250563e+01
    endloop
  endfacet
  facet normal -8.660254e-01 5.000000e-01 -8.388483e-15
    outer loop
      vertex   3.899915e+01 8.708305e+01 7.250563e+01
      vertex   3.792340e+01 8.521980e+01 6.805197e+01
      vertex   3.743685e+01 8.437706e+01 6.908880e+01
    endloop
  endfacet
  facet normal -8.660254e-01 5.000000e-01 -5.084754e-15
    outer loop
      vertex   3.899915e+01 8.708305e+01 7.250563e+01
      vertex   3.743685e+01 8.437706e+01 6.908880e+01
      vertex   3.707785e+01 8.375526e+01 7.031616e+01
    endloop
  endfacet
  facet normal -8.660254e-01 5.000000e-01 -1.253771e-14
    outer loop
      vertex   3.942205e+01 8.781552e+01 7.122978e+01
      vertex   3.917641e+01 8.739008e+01 6.674575e+01
      vertex   3.914715e+01 8.733939e+01 7.178359e+01
    endloop
  endfacet
  facet normal -8.660254e-01 5.000000e-01 -1.255278e-14
    outer loop
      vertex   3.914715e+01 8.733939e+01 7.178359e+01
      vertex   3.917641e+01 8.739008e+01 6.674575e+01
      vertex   3.851311e+01 8.624121e+01 6.725768e+01
    endloop
  endfacet
  facet normal -8.660254e-01 5.000000e-01 -1.098818e-14
    outer loop
      vertex   3.914715e+01 8.733939e+01 7.178359e+01
      vertex   3.851311e+01 8.624121e+01 6.725768e+01
      vertex   3.792340e+01 8.521980e+01 6.805197e+01
    endloop
  endfacet
  facet normal -8.660254e-01 5.000000e-01 -1.117958e-14
    outer loop
      vertex   3.917641e+01 8.739008e+01 6.674575e+01
      vertex   3.942205e+01 8.781552e+01 7.122978e+01
      vertex   3.988004e+01 8.860879e+01 6.654185e+01
    endloop
  endfacet
  facet normal -8.660254e-01 5.000000e-01 -1.025133e-14
    outer loop
      vertex   3.988004e+01 8.860879e+01 6.654185e+01
      vertex   3.942205e+01 8.781552e+01 7.122978e+01
      vertex   3.978198e+01 8.843895e+01 7.092853e+01
    endloop
  endfacet
  facet normal -8.660254e-01 5.000000e-01 -1.015950e-14
    outer loop
      vertex   3.988004e+01 8.860879e+01 6.654185e+01
      vertex   3.978198e+01 8.843895e+01 7.092853e+01
      vertex   4.058871e+01 8.983625e+01 6.665621e+01
    endloop
  endfacet
  facet normal -8.660254e-01 5.000000e-01 -1.187138e-14
    outer loop
      vertex   4.058871e+01 8.983625e+01 6.665621e+01
      vertex   3.978198e+01 8.843895e+01 7.092853e+01
      vertex   4.017216e+01 8.911476e+01 7.092569e+01
    endloop
  endfacet
  facet normal -8.660254e-01 5.000000e-01 -1.159002e-14
    outer loop
      vertex   4.058871e+01 8.983625e+01 6.665621e+01
      vertex   4.017216e+01 8.911476e+01 7.092569e+01
      vertex   4.053318e+01 8.974006e+01 7.122169e+01
    endloop
  endfacet
  facet normal -8.660254e-01 5.000000e-01 -1.164962e-14
    outer loop
      vertex   4.058871e+01 8.983625e+01 6.665621e+01
      vertex   4.053318e+01 8.974006e+01 7.122169e+01
      vertex   4.126689e+01 9.101089e+01 6.708309e+01
    endloop
  endfacet
  facet normal -8.660254e-01 5.000000e-01 -6.914834e-15
    outer loop
      vertex   4.126689e+01 9.101089e+01 6.708309e+01
      vertex   4.053318e+01 8.974006e+01 7.122169e+01
      vertex   4.081008e+01 9.021967e+01 7.177148e+01
    endloop
  endfacet
  facet normal -8.660254e-01 5.000000e-01 -8.365203e-15
    outer loop
      vertex   4.126689e+01 9.101089e+01 6.708309e+01
      vertex   4.081008e+01 9.021967e+01 7.177148e+01
      vertex   4.188057e+01 9.207382e+01 6.780108e+01
    endloop
  endfacet
  facet normal -8.660254e-01 5.000000e-01 -1.232985e-14
    outer loop
      vertex   4.188057e+01 9.207382e+01 6.780108e+01
      vertex   4.081008e+01 9.021967e+01 7.177148e+01
      vertex   4.096071e+01 9.048056e+01 7.249135e+01
    endloop
  endfacet
  facet normal -8.660254e-01 5.000000e-01 -1.283229e-14
    outer loop
      vertex   4.188057e+01 9.207382e+01 6.780108e+01
      vertex   4.096071e+01 9.048056e+01 7.249135e+01
      vertex   4.239899e+01 9.297173e+01 6.877419e+01
    endloop
  endfacet
  facet normal -8.660254e-01 5.000000e-01 -7.296293e-15
    outer loop
      vertex   4.239899e+01 9.297173e+01 6.877419e+01
      vertex   4.096071e+01 9.048056e+01 7.249135e+01
      vertex   4.279613e+01 9.365961e+01 6.995361e+01
    endloop
  endfacet
  facet normal -8.660254e-01 5.000000e-01 -1.237114e-15
    outer loop
      vertex   4.279613e+01 9.365961e+01 6.995361e+01
      vertex   4.096071e+01 9.048056e+01 7.249135e+01
      vertex   4.096213e+01 9.048302e+01 7.327170e+01
    endloop
  endfacet
  facet normal -8.660254e-01 5.000000e-01 -1.109444e-14
    outer loop
      vertex   4.279613e+01 9.365961e+01 6.995361e+01
      vertex   4.096213e+01 9.048302e+01 7.327170e+01
      vertex   4.305210e+01 9.410295e+01 7.128021e+01
    endloop
  endfacet
  facet normal -8.660254e-01 5.000000e-01 -9.189634e-15
    outer loop
      vertex   4.305210e+01 9.410295e+01 7.128021e+01
      vertex   4.096213e+01 9.048302e+01 7.327170e+01
      vertex   4.315405e+01 9.427954e+01 7.268747e+01
    endloop
  endfacet
  facet normal -8.660254e-01 5.000000e-01 -6.312822e-15
    outer loop
      vertex   4.315405e+01 9.427954e+01 7.268747e+01
      vertex   4.096213e+01 9.048302e+01 7.327170e+01
      vertex   4.309687e+01 9.418050e+01 7.410481e+01
    endloop
  endfacet
  facet normal -8.660254e-01 5.000000e-01 -1.173800e-14
    outer loop
      vertex   4.309687e+01 9.418050e+01 7.410481e+01
      vertex   4.096213e+01 9.048302e+01 7.327170e+01
      vertex   4.081413e+01 9.022668e+01 7.399375e+01
    endloop
  endfacet
  facet normal -8.660254e-01 5.000000e-01 -9.721179e-15
    outer loop
      vertex   4.309687e+01 9.418050e+01 7.410481e+01
      vertex   4.081413e+01 9.022668e+01 7.399375e+01
      vertex   4.122584e+01 9.093978e+01 8.283915e+01
    endloop
  endfacet
  facet normal -8.660254e-01 5.000000e-01 -1.073884e-14
    outer loop
      vertex   4.122584e+01 9.093978e+01 8.283915e+01
      vertex   4.081413e+01 9.022668e+01 7.399375e+01
      vertex   4.053923e+01 8.975055e+01 7.454755e+01
    endloop
  endfacet
  facet normal -8.660254e-01 5.000000e-01 -9.014380e-15
    outer loop
      vertex   4.122584e+01 9.093978e+01 8.283915e+01
      vertex   4.053923e+01 8.975055e+01 7.454755e+01
      vertex   3.944833e+01 8.786105e+01 8.214546e+01
    endloop
  endfacet
  facet normal -8.660254e-01 5.000000e-01 -1.453468e-14
    outer loop
      vertex   3.944833e+01 8.786105e+01 8.214546e+01
      vertex   4.053923e+01 8.975055e+01 7.454755e+01
      vertex   4.017930e+01 8.912712e+01 7.484880e+01
    endloop
  endfacet
  facet normal -8.660254e-01 5.000000e-01 -7.785440e-15
    outer loop
      vertex   3.944833e+01 8.786105e+01 8.214546e+01
      vertex   4.017930e+01 8.912712e+01 7.484880e+01
      vertex   3.978912e+01 8.845131e+01 7.485164e+01
    endloop
  endfacet
  facet normal -8.660254e-01 5.000000e-01 -1.136772e-14
    outer loop
      vertex   3.942810e+01 8.782601e+01 7.455564e+01
      vertex   3.911048e+01 8.727588e+01 8.225198e+01
      vertex   3.978912e+01 8.845131e+01 7.485164e+01
    endloop
  endfacet
  facet normal -8.660254e-01 5.000000e-01 -1.132653e-14
    outer loop
      vertex   3.978912e+01 8.845131e+01 7.485164e+01
      vertex   3.911048e+01 8.727588e+01 8.225198e+01
      vertex   3.921790e+01 8.746193e+01 8.216390e+01
    endloop
  endfacet
  facet normal -8.660254e-01 5.000000e-01 -1.096115e-14
    outer loop
      vertex   3.978912e+01 8.845131e+01 7.485164e+01
      vertex   3.921790e+01 8.746193e+01 8.216390e+01
      vertex   3.933258e+01 8.766056e+01 8.212775e+01
    endloop
  endfacet
  facet normal -8.660254e-01 5.000000e-01 -8.564706e-15
    outer loop
      vertex   3.942810e+01 8.782601e+01 7.455564e+01
      vertex   3.915120e+01 8.734640e+01 7.400585e+01
      vertex   3.911048e+01 8.727588e+01 8.225198e+01
    endloop
  endfacet
  facet normal -8.660254e-01 5.000000e-01 -8.800001e-15
    outer loop
      vertex   3.911048e+01 8.727588e+01 8.225198e+01
      vertex   3.915120e+01 8.734640e+01 7.400585e+01
      vertex   3.584340e+01 8.161712e+01 8.586775e+01
    endloop
  endfacet
  facet normal -8.660254e-01 5.000000e-01 -1.790037e-14
    outer loop
      vertex   3.584340e+01 8.161712e+01 8.586775e+01
      vertex   3.915120e+01 8.734640e+01 7.400585e+01
      vertex   3.900057e+01 8.708551e+01 7.328598e+01
    endloop
  endfacet
  facet normal -8.660254e-01 5.000000e-01 -9.459451e-15
    outer loop
      vertex   3.584340e+01 8.161712e+01 8.586775e+01
      vertex   3.900057e+01 8.708551e+01 7.328598e+01
      vertex   3.686441e+01 8.338557e+01 7.167252e+01
    endloop
  endfacet
  facet normal -8.660254e-01 5.000000e-01 0.000000e+00
    outer loop
      vertex   3.686441e+01 8.338557e+01 7.167252e+01
      vertex   3.900057e+01 8.708551e+01 7.328598e+01
      vertex   3.899915e+01 8.708305e+01 7.250563e+01
    endloop
  endfacet
  facet normal -8.660254e-01 5.000000e-01 -1.401645e-14
    outer loop
      vertex   3.686441e+01 8.338557e+01 7.167252e+01
      vertex   3.899915e+01 8.708305e+01 7.250563e+01
      vertex   3.707785e+01 8.375526e+01 7.031616e+01
    endloop
  endfacet
  facet normal -8.660254e-01 5.000000e-01 -3.144585e-15
    outer loop
      vertex   4.122584e+01 9.093978e+01 8.283915e+01
      vertex   4.158686e+01 9.156508e+01 8.313516e+01
      vertex   4.309687e+01 9.418050e+01 7.410481e+01
    endloop
  endfacet
  facet normal -8.660254e-01 5.000000e-01 -1.386653e-14
    outer loop
      vertex   4.309687e+01 9.418050e+01 7.410481e+01
      vertex   4.158686e+01 9.156508e+01 8.313516e+01
      vertex   4.186376e+01 9.204469e+01 8.368495e+01
    endloop
  endfacet
  facet normal -8.660254e-01 5.000000e-01 -1.124180e-14
    outer loop
      vertex   4.309687e+01 9.418050e+01 7.410481e+01
      vertex   4.186376e+01 9.204469e+01 8.368495e+01
      vertex   4.201439e+01 9.230559e+01 8.440481e+01
    endloop
  endfacet
  facet normal -8.660254e-01 5.000000e-01 -1.027618e-14
    outer loop
      vertex   4.201439e+01 9.230559e+01 8.440481e+01
      vertex   4.201581e+01 9.230805e+01 8.518517e+01
      vertex   4.309687e+01 9.418050e+01 7.410481e+01
    endloop
  endfacet
  facet normal -8.660254e-01 5.000000e-01 -4.579377e-14
    outer loop
      vertex   3.534608e+01 8.075575e+01 8.723466e+01
      vertex   3.544225e+01 8.092231e+01 8.668776e+01
      vertex   3.686441e+01 8.338557e+01 7.167252e+01
    endloop
  endfacet
  facet normal -8.660254e-01 5.000000e-01 -4.102932e-15
    outer loop
      vertex   3.686441e+01 8.338557e+01 7.167252e+01
      vertex   3.544225e+01 8.092231e+01 8.668776e+01
      vertex   3.561279e+01 8.121770e+01 8.621900e+01
    endloop
  endfacet
  facet normal -8.660254e-01 5.000000e-01 -1.112185e-14
    outer loop
      vertex   3.686441e+01 8.338557e+01 7.167252e+01
      vertex   3.561279e+01 8.121770e+01 8.621900e+01
      vertex   3.584340e+01 8.161712e+01 8.586775e+01
    endloop
  endfacet
  facet normal -8.660254e-01 5.000000e-01 -5.924337e-15
    outer loop
      vertex   3.933258e+01 8.766056e+01 8.212775e+01
      vertex   3.944833e+01 8.786105e+01 8.214546e+01
      vertex   3.978912e+01 8.845131e+01 7.485164e+01
    endloop
  endfacet
  facet normal -2.420884e-01 -4.193094e-01 -8.749702e-01
    outer loop
      vertex   3.154575e+01 8.409837e+01 8.586775e+01
      vertex   3.481283e+01 8.975713e+01 8.225198e+01
      vertex   3.584340e+01 8.161712e+01 8.586775e+01
    endloop
  endfacet
  facet normal -2.420884e-01 -4.193094e-01 -8.749702e-01
    outer loop
      vertex   3.584340e+01 8.161712e+01 8.586775e+01
      vertex   3.481283e+01 8.975713e+01 8.225198e+01
      vertex   3.911048e+01 8.727588e+01 8.225198e+01
    endloop
  endfacet
  facet normal 3.814006e-02 6.606053e-02 -9.970864e-01
    outer loop
      vertex   4.460118e+01 8.488605e+01 8.214546e+01
      vertex   4.889883e+01 8.240480e+01 8.214546e+01
      vertex   4.448543e+01 8.468556e+01 8.212775e+01
    endloop
  endfacet
  facet normal 3.814006e-02 6.606053e-02 -9.970864e-01
    outer loop
      vertex   4.448543e+01 8.468556e+01 8.212775e+01
      vertex   4.889883e+01 8.240480e+01 8.214546e+01
      vertex   4.878308e+01 8.220431e+01 8.212775e+01
    endloop
  endfacet
  facet normal -7.785999e-02 -1.348575e-01 -9.878012e-01
    outer loop
      vertex   4.448543e+01 8.468556e+01 8.212775e+01
      vertex   4.878308e+01 8.220431e+01 8.212775e+01
      vertex   4.866840e+01 8.200568e+01 8.216390e+01
    endloop
  endfacet
  facet normal -1.896626e-01 -3.285052e-01 -9.252634e-01
    outer loop
      vertex   4.856098e+01 8.181963e+01 8.225198e+01
      vertex   4.426333e+01 8.430088e+01 8.225198e+01
      vertex   4.866840e+01 8.200568e+01 8.216390e+01
    endloop
  endfacet
  facet normal -1.896626e-01 -3.285052e-01 -9.252634e-01
    outer loop
      vertex   4.866840e+01 8.200568e+01 8.216390e+01
      vertex   4.426333e+01 8.430088e+01 8.225198e+01
      vertex   4.437075e+01 8.448693e+01 8.216390e+01
    endloop
  endfacet
  facet normal -7.785999e-02 -1.348575e-01 -9.878012e-01
    outer loop
      vertex   4.866840e+01 8.200568e+01 8.216390e+01
      vertex   4.437075e+01 8.448693e+01 8.216390e+01
      vertex   4.448543e+01 8.468556e+01 8.212775e+01
    endloop
  endfacet
  facet normal -1.896626e-01 -3.285052e-01 -9.252634e-01
    outer loop
      vertex   3.911048e+01 8.727588e+01 8.225198e+01
      vertex   3.481283e+01 8.975713e+01 8.225198e+01
      vertex   3.921790e+01 8.746193e+01 8.216390e+01
    endloop
  endfacet
  facet normal -1.896626e-01 -3.285052e-01 -9.252634e-01
    outer loop
      vertex   3.921790e+01 8.746193e+01 8.216390e+01
      vertex   3.481283e+01 8.975713e+01 8.225198e+01
      vertex   3.492025e+01 8.994318e+01 8.216390e+01
    endloop
  endfacet
  facet normal -7.785999e-02 -1.348575e-01 -9.878012e-01
    outer loop
      vertex   3.921790e+01 8.746193e+01 8.216390e+01
      vertex   3.492025e+01 8.994318e+01 8.216390e+01
      vertex   3.503492e+01 9.014181e+01 8.212775e+01
    endloop
  endfacet
  facet normal 3.814006e-02 6.606053e-02 -9.970864e-01
    outer loop
      vertex   3.515068e+01 9.034230e+01 8.214546e+01
      vertex   3.944833e+01 8.786105e+01 8.214546e+01
      vertex   3.503492e+01 9.014181e+01 8.212775e+01
    endloop
  endfacet
  facet normal 3.814006e-02 6.606053e-02 -9.970864e-01
    outer loop
      vertex   3.503492e+01 9.014181e+01 8.212775e+01
      vertex   3.944833e+01 8.786105e+01 8.214546e+01
      vertex   3.933258e+01 8.766056e+01 8.212775e+01
    endloop
  endfacet
  facet normal -7.785999e-02 -1.348575e-01 -9.878012e-01
    outer loop
      vertex   3.503492e+01 9.014181e+01 8.212775e+01
      vertex   3.933258e+01 8.766056e+01 8.212775e+01
      vertex   3.921790e+01 8.746193e+01 8.216390e+01
    endloop
  endfacet
  facet normal 1.819978e-03 3.152294e-03 9.999934e-01
    outer loop
      vertex   3.052085e+01 8.232320e+01 1.485112e+02
      vertex   4.426901e+01 7.438570e+01 1.485112e+02
      vertex   3.091103e+01 8.299901e+01 1.485084e+02
    endloop
  endfacet
  facet normal 1.819978e-03 3.152294e-03 9.999934e-01
    outer loop
      vertex   3.091103e+01 8.299901e+01 1.485084e+02
      vertex   4.426901e+01 7.438570e+01 1.485112e+02
      vertex   4.465918e+01 7.506151e+01 1.485084e+02
    endloop
  endfacet
  facet normal 1.930219e-01 3.343237e-01 9.224805e-01
    outer loop
      vertex   3.091103e+01 8.299901e+01 1.485084e+02
      vertex   4.465918e+01 7.506151e+01 1.485084e+02
      vertex   3.127096e+01 8.362244e+01 1.482071e+02
    endloop
  endfacet
  facet normal 1.930219e-01 3.343237e-01 9.224805e-01
    outer loop
      vertex   3.127096e+01 8.362244e+01 1.482071e+02
      vertex   4.465918e+01 7.506151e+01 1.485084e+02
      vertex   4.501912e+01 7.568494e+01 1.482071e+02
    endloop
  endfacet
  facet normal 3.548380e-01 6.145974e-01 7.045283e-01
    outer loop
      vertex   3.127096e+01 8.362244e+01 1.482071e+02
      vertex   4.501912e+01 7.568494e+01 1.482071e+02
      vertex   3.154586e+01 8.409856e+01 1.476533e+02
    endloop
  endfacet
  facet normal 3.548380e-01 6.145974e-01 7.045283e-01
    outer loop
      vertex   3.154586e+01 8.409856e+01 1.476533e+02
      vertex   4.501912e+01 7.568494e+01 1.482071e+02
      vertex   4.529401e+01 7.616106e+01 1.476533e+02
    endloop
  endfacet
  facet normal 4.626332e-01 8.013042e-01 3.793180e-01
    outer loop
      vertex   3.154586e+01 8.409856e+01 1.476533e+02
      vertex   4.529401e+01 7.616106e+01 1.476533e+02
      vertex   3.169386e+01 8.435491e+01 1.469313e+02
    endloop
  endfacet
  facet normal 4.626332e-01 8.013042e-01 3.793180e-01
    outer loop
      vertex   3.169386e+01 8.435491e+01 1.469313e+02
      vertex   4.529401e+01 7.616106e+01 1.476533e+02
      vertex   4.544201e+01 7.641741e+01 1.469313e+02
    endloop
  endfacet
  facet normal -1.896590e-01 -3.284990e-01 9.252664e-01
    outer loop
      vertex   3.999953e+01 6.699075e+01 1.468450e+02
      vertex   2.625138e+01 7.492825e+01 1.468450e+02
      vertex   3.963851e+01 6.636545e+01 1.465490e+02
    endloop
  endfacet
  facet normal -1.896590e-01 -3.284990e-01 9.252664e-01
    outer loop
      vertex   3.963851e+01 6.636545e+01 1.465490e+02
      vertex   2.625138e+01 7.492825e+01 1.468450e+02
      vertex   2.589036e+01 7.430295e+01 1.465490e+02
    endloop
  endfacet
  facet normal -3.522641e-01 -6.101394e-01 7.096759e-01
    outer loop
      vertex   3.963851e+01 6.636545e+01 1.465490e+02
      vertex   2.589036e+01 7.430295e+01 1.465490e+02
      vertex   3.936161e+01 6.588584e+01 1.459992e+02
    endloop
  endfacet
  facet normal -3.522641e-01 -6.101394e-01 7.096759e-01
    outer loop
      vertex   3.936161e+01 6.588584e+01 1.459992e+02
      vertex   2.589036e+01 7.430295e+01 1.465490e+02
      vertex   2.561345e+01 7.382334e+01 1.459992e+02
    endloop
  endfacet
  facet normal -4.612402e-01 -7.988915e-01 3.860438e-01
    outer loop
      vertex   3.936161e+01 6.588584e+01 1.459992e+02
      vertex   2.561345e+01 7.382334e+01 1.459992e+02
      vertex   3.921098e+01 6.562494e+01 1.452794e+02
    endloop
  endfacet
  facet normal -4.612402e-01 -7.988915e-01 3.860438e-01
    outer loop
      vertex   3.921098e+01 6.562494e+01 1.452794e+02
      vertex   2.561345e+01 7.382334e+01 1.459992e+02
      vertex   2.546283e+01 7.356244e+01 1.452794e+02
    endloop
  endfacet
  facet normal -4.999967e-01 -8.660197e-01 3.639956e-03
    outer loop
      vertex   3.921098e+01 6.562494e+01 1.452794e+02
      vertex   2.546283e+01 7.356244e+01 1.452794e+02
      vertex   3.920956e+01 6.562248e+01 1.444990e+02
    endloop
  endfacet
  facet normal -4.999967e-01 -8.660197e-01 3.639956e-03
    outer loop
      vertex   3.920956e+01 6.562248e+01 1.444990e+02
      vertex   2.546283e+01 7.356244e+01 1.452794e+02
      vertex   2.546141e+01 7.355998e+01 1.444990e+02
    endloop
  endfacet
  facet normal 4.626332e-01 8.013042e-01 3.793180e-01
    outer loop
      vertex   4.430000e+01 8.436439e+01 7.178359e+01
      vertex   3.914715e+01 8.733939e+01 7.178359e+01
      vertex   4.415200e+01 8.410805e+01 7.250563e+01
    endloop
  endfacet
  facet normal 4.626332e-01 8.013042e-01 3.793180e-01
    outer loop
      vertex   4.415200e+01 8.410805e+01 7.250563e+01
      vertex   3.914715e+01 8.733939e+01 7.178359e+01
      vertex   3.899915e+01 8.708305e+01 7.250563e+01
    endloop
  endfacet
  facet normal 4.999967e-01 8.660197e-01 -3.639956e-03
    outer loop
      vertex   4.415200e+01 8.410805e+01 7.250563e+01
      vertex   3.899915e+01 8.708305e+01 7.250563e+01
      vertex   4.415342e+01 8.411051e+01 7.328598e+01
    endloop
  endfacet
  facet normal 4.999967e-01 8.660197e-01 -3.639956e-03
    outer loop
      vertex   4.415342e+01 8.411051e+01 7.328598e+01
      vertex   3.899915e+01 8.708305e+01 7.250563e+01
      vertex   3.900057e+01 8.708551e+01 7.328598e+01
    endloop
  endfacet
  facet normal 4.612402e-01 7.988915e-01 -3.860438e-01
    outer loop
      vertex   4.415342e+01 8.411051e+01 7.328598e+01
      vertex   3.900057e+01 8.708551e+01 7.328598e+01
      vertex   3.915120e+01 8.734640e+01 7.400585e+01
    endloop
  endfacet
  facet normal 3.548380e-01 6.145974e-01 7.045283e-01
    outer loop
      vertex   4.430000e+01 8.436439e+01 7.178359e+01
      vertex   4.457490e+01 8.484052e+01 7.122978e+01
      vertex   3.914715e+01 8.733939e+01 7.178359e+01
    endloop
  endfacet
  facet normal 3.548380e-01 6.145974e-01 7.045283e-01
    outer loop
      vertex   3.914715e+01 8.733939e+01 7.178359e+01
      vertex   4.457490e+01 8.484052e+01 7.122978e+01
      vertex   3.942205e+01 8.781552e+01 7.122978e+01
    endloop
  endfacet
  facet normal 1.930219e-01 3.343237e-01 9.224805e-01
    outer loop
      vertex   3.942205e+01 8.781552e+01 7.122978e+01
      vertex   4.457490e+01 8.484052e+01 7.122978e+01
      vertex   4.493483e+01 8.546395e+01 7.092853e+01
    endloop
  endfacet
  facet normal 1.930219e-01 3.343237e-01 9.224805e-01
    outer loop
      vertex   3.942205e+01 8.781552e+01 7.122978e+01
      vertex   4.493483e+01 8.546395e+01 7.092853e+01
      vertex   3.978198e+01 8.843895e+01 7.092853e+01
    endloop
  endfacet
  facet normal 1.819978e-03 3.152294e-03 9.999934e-01
    outer loop
      vertex   3.978198e+01 8.843895e+01 7.092853e+01
      vertex   4.493483e+01 8.546395e+01 7.092853e+01
      vertex   4.532501e+01 8.613976e+01 7.092569e+01
    endloop
  endfacet
  facet normal 1.819978e-03 3.152294e-03 9.999934e-01
    outer loop
      vertex   3.978198e+01 8.843895e+01 7.092853e+01
      vertex   4.532501e+01 8.613976e+01 7.092569e+01
      vertex   4.017216e+01 8.911476e+01 7.092569e+01
    endloop
  endfacet
  facet normal -1.896590e-01 -3.284990e-01 9.252664e-01
    outer loop
      vertex   4.017216e+01 8.911476e+01 7.092569e+01
      vertex   4.532501e+01 8.613976e+01 7.092569e+01
      vertex   4.568603e+01 8.676506e+01 7.122169e+01
    endloop
  endfacet
  facet normal -1.896590e-01 -3.284990e-01 9.252664e-01
    outer loop
      vertex   4.017216e+01 8.911476e+01 7.092569e+01
      vertex   4.568603e+01 8.676506e+01 7.122169e+01
      vertex   4.053318e+01 8.974006e+01 7.122169e+01
    endloop
  endfacet
  facet normal -3.522641e-01 -6.101394e-01 7.096759e-01
    outer loop
      vertex   4.053318e+01 8.974006e+01 7.122169e+01
      vertex   4.568603e+01 8.676506e+01 7.122169e+01
      vertex   4.596293e+01 8.724467e+01 7.177148e+01
    endloop
  endfacet
  facet normal -3.522641e-01 -6.101394e-01 7.096759e-01
    outer loop
      vertex   4.053318e+01 8.974006e+01 7.122169e+01
      vertex   4.596293e+01 8.724467e+01 7.177148e+01
      vertex   4.081008e+01 9.021967e+01 7.177148e+01
    endloop
  endfacet
  facet normal -4.612402e-01 -7.988915e-01 3.860438e-01
    outer loop
      vertex   4.081008e+01 9.021967e+01 7.177148e+01
      vertex   4.596293e+01 8.724467e+01 7.177148e+01
      vertex   4.611356e+01 8.750556e+01 7.249135e+01
    endloop
  endfacet
  facet normal -4.612402e-01 -7.988915e-01 3.860438e-01
    outer loop
      vertex   4.081008e+01 9.021967e+01 7.177148e+01
      vertex   4.611356e+01 8.750556e+01 7.249135e+01
      vertex   4.096071e+01 9.048056e+01 7.249135e+01
    endloop
  endfacet
  facet normal -4.999967e-01 -8.660197e-01 3.639956e-03
    outer loop
      vertex   4.096071e+01 9.048056e+01 7.249135e+01
      vertex   4.611356e+01 8.750556e+01 7.249135e+01
      vertex   4.611498e+01 8.750802e+01 7.327170e+01
    endloop
  endfacet
  facet normal -4.999967e-01 -8.660197e-01 3.639956e-03
    outer loop
      vertex   4.096071e+01 9.048056e+01 7.249135e+01
      vertex   4.611498e+01 8.750802e+01 7.327170e+01
      vertex   4.096213e+01 9.048302e+01 7.327170e+01
    endloop
  endfacet
  facet normal -4.626332e-01 -8.013042e-01 -3.793180e-01
    outer loop
      vertex   4.096213e+01 9.048302e+01 7.327170e+01
      vertex   4.611498e+01 8.750802e+01 7.327170e+01
      vertex   4.596698e+01 8.725168e+01 7.399375e+01
    endloop
  endfacet
  facet normal -4.626332e-01 -8.013042e-01 -3.793180e-01
    outer loop
      vertex   4.096213e+01 9.048302e+01 7.327170e+01
      vertex   4.596698e+01 8.725168e+01 7.399375e+01
      vertex   4.081413e+01 9.022668e+01 7.399375e+01
    endloop
  endfacet
  facet normal -3.548380e-01 -6.145974e-01 -7.045283e-01
    outer loop
      vertex   4.081413e+01 9.022668e+01 7.399375e+01
      vertex   4.596698e+01 8.725168e+01 7.399375e+01
      vertex   4.569208e+01 8.677555e+01 7.454755e+01
    endloop
  endfacet
  facet normal -3.548380e-01 -6.145974e-01 -7.045283e-01
    outer loop
      vertex   4.081413e+01 9.022668e+01 7.399375e+01
      vertex   4.569208e+01 8.677555e+01 7.454755e+01
      vertex   4.053923e+01 8.975055e+01 7.454755e+01
    endloop
  endfacet
  facet normal -1.930219e-01 -3.343237e-01 -9.224805e-01
    outer loop
      vertex   4.053923e+01 8.975055e+01 7.454755e+01
      vertex   4.569208e+01 8.677555e+01 7.454755e+01
      vertex   4.533215e+01 8.615212e+01 7.484880e+01
    endloop
  endfacet
  facet normal -1.930219e-01 -3.343237e-01 -9.224805e-01
    outer loop
      vertex   4.053923e+01 8.975055e+01 7.454755e+01
      vertex   4.533215e+01 8.615212e+01 7.484880e+01
      vertex   4.017930e+01 8.912712e+01 7.484880e+01
    endloop
  endfacet
  facet normal -1.819978e-03 -3.152294e-03 -9.999934e-01
    outer loop
      vertex   4.017930e+01 8.912712e+01 7.484880e+01
      vertex   4.533215e+01 8.615212e+01 7.484880e+01
      vertex   4.494197e+01 8.547631e+01 7.485164e+01
    endloop
  endfacet
  facet normal -1.819978e-03 -3.152294e-03 -9.999934e-01
    outer loop
      vertex   4.017930e+01 8.912712e+01 7.484880e+01
      vertex   4.494197e+01 8.547631e+01 7.485164e+01
      vertex   3.978912e+01 8.845131e+01 7.485164e+01
    endloop
  endfacet
  facet normal 1.896590e-01 3.284990e-01 -9.252664e-01
    outer loop
      vertex   3.978912e+01 8.845131e+01 7.485164e+01
      vertex   4.494197e+01 8.547631e+01 7.485164e+01
      vertex   4.458095e+01 8.485101e+01 7.455564e+01
    endloop
  endfacet
  facet normal 1.896590e-01 3.284990e-01 -9.252664e-01
    outer loop
      vertex   3.978912e+01 8.845131e+01 7.485164e+01
      vertex   4.458095e+01 8.485101e+01 7.455564e+01
      vertex   3.942810e+01 8.782601e+01 7.455564e+01
    endloop
  endfacet
  facet normal 3.522641e-01 6.101394e-01 -7.096759e-01
    outer loop
      vertex   3.942810e+01 8.782601e+01 7.455564e+01
      vertex   4.458095e+01 8.485101e+01 7.455564e+01
      vertex   4.430405e+01 8.437140e+01 7.400585e+01
    endloop
  endfacet
  facet normal 3.522641e-01 6.101394e-01 -7.096759e-01
    outer loop
      vertex   3.942810e+01 8.782601e+01 7.455564e+01
      vertex   4.430405e+01 8.437140e+01 7.400585e+01
      vertex   3.915120e+01 8.734640e+01 7.400585e+01
    endloop
  endfacet
  facet normal 4.612402e-01 7.988915e-01 -3.860438e-01
    outer loop
      vertex   3.915120e+01 8.734640e+01 7.400585e+01
      vertex   4.430405e+01 8.437140e+01 7.400585e+01
      vertex   4.415342e+01 8.411051e+01 7.328598e+01
    endloop
  endfacet
  facet normal -4.769371e-01 -8.260793e-01 -3.002067e-01
    outer loop
      vertex   4.201726e+01 8.041057e+01 7.167252e+01
      vertex   3.686441e+01 8.338557e+01 7.167252e+01
      vertex   4.223070e+01 8.078026e+01 7.031616e+01
    endloop
  endfacet
  facet normal -4.769371e-01 -8.260793e-01 -3.002067e-01
    outer loop
      vertex   4.223070e+01 8.078026e+01 7.031616e+01
      vertex   3.686441e+01 8.338557e+01 7.167252e+01
      vertex   3.707785e+01 8.375526e+01 7.031616e+01
    endloop
  endfacet
  facet normal -4.315781e-01 -7.475153e-01 -5.049368e-01
    outer loop
      vertex   4.223070e+01 8.078026e+01 7.031616e+01
      vertex   3.707785e+01 8.375526e+01 7.031616e+01
      vertex   4.258970e+01 8.140206e+01 6.908880e+01
    endloop
  endfacet
  facet normal -4.315781e-01 -7.475153e-01 -5.049368e-01
    outer loop
      vertex   4.258970e+01 8.140206e+01 6.908880e+01
      vertex   3.707785e+01 8.375526e+01 7.031616e+01
      vertex   3.743685e+01 8.437706e+01 6.908880e+01
    endloop
  endfacet
  facet normal -3.645781e-01 -6.314677e-01 -6.843474e-01
    outer loop
      vertex   4.258970e+01 8.140206e+01 6.908880e+01
      vertex   3.743685e+01 8.437706e+01 6.908880e+01
      vertex   4.307625e+01 8.224480e+01 6.805197e+01
    endloop
  endfacet
  facet normal -3.645781e-01 -6.314677e-01 -6.843474e-01
    outer loop
      vertex   4.307625e+01 8.224480e+01 6.805197e+01
      vertex   3.743685e+01 8.437706e+01 6.908880e+01
      vertex   3.792340e+01 8.521980e+01 6.805197e+01
    endloop
  endfacet
  facet normal -2.792965e-01 -4.837558e-01 -8.294419e-01
    outer loop
      vertex   4.307625e+01 8.224480e+01 6.805197e+01
      vertex   3.792340e+01 8.521980e+01 6.805197e+01
      vertex   4.366597e+01 8.326621e+01 6.725768e+01
    endloop
  endfacet
  facet normal -2.792965e-01 -4.837558e-01 -8.294419e-01
    outer loop
      vertex   4.366597e+01 8.326621e+01 6.725768e+01
      vertex   3.792340e+01 8.521980e+01 6.805197e+01
      vertex   3.851311e+01 8.624121e+01 6.725768e+01
    endloop
  endfacet
  facet normal -1.800099e-01 -3.117863e-01 -9.329447e-01
    outer loop
      vertex   4.366597e+01 8.326621e+01 6.725768e+01
      vertex   3.851311e+01 8.624121e+01 6.725768e+01
      vertex   4.432927e+01 8.441508e+01 6.674575e+01
    endloop
  endfacet
  facet normal -1.800099e-01 -3.117863e-01 -9.329447e-01
    outer loop
      vertex   4.432927e+01 8.441508e+01 6.674575e+01
      vertex   3.851311e+01 8.624121e+01 6.725768e+01
      vertex   3.917641e+01 8.739008e+01 6.674575e+01
    endloop
  endfacet
  facet normal -7.169681e-02 -1.241825e-01 -9.896657e-01
    outer loop
      vertex   4.432927e+01 8.441508e+01 6.674575e+01
      vertex   3.917641e+01 8.739008e+01 6.674575e+01
      vertex   4.503289e+01 8.563379e+01 6.654185e+01
    endloop
  endfacet
  facet normal -7.169681e-02 -1.241825e-01 -9.896657e-01
    outer loop
      vertex   4.503289e+01 8.563379e+01 6.654185e+01
      vertex   3.917641e+01 8.739008e+01 6.674575e+01
      vertex   3.988004e+01 8.860879e+01 6.654185e+01
    endloop
  endfacet
  facet normal 4.021145e-02 6.964827e-02 -9.967608e-01
    outer loop
      vertex   4.503289e+01 8.563379e+01 6.654185e+01
      vertex   3.988004e+01 8.860879e+01 6.654185e+01
      vertex   4.574156e+01 8.686125e+01 6.665621e+01
    endloop
  endfacet
  facet normal 4.021145e-02 6.964827e-02 -9.967608e-01
    outer loop
      vertex   4.574156e+01 8.686125e+01 6.665621e+01
      vertex   3.988004e+01 8.860879e+01 6.654185e+01
      vertex   4.058871e+01 8.983625e+01 6.665621e+01
    endloop
  endfacet
  facet normal 1.501033e-01 2.599866e-01 -9.538742e-01
    outer loop
      vertex   4.574156e+01 8.686125e+01 6.665621e+01
      vertex   4.058871e+01 8.983625e+01 6.665621e+01
      vertex   4.641974e+01 8.803589e+01 6.708309e+01
    endloop
  endfacet
  facet normal 1.501033e-01 2.599866e-01 -9.538742e-01
    outer loop
      vertex   4.641974e+01 8.803589e+01 6.708309e+01
      vertex   4.058871e+01 8.983625e+01 6.665621e+01
      vertex   4.126689e+01 9.101089e+01 6.708309e+01
    endloop
  endfacet
  facet normal 2.524684e-01 4.372881e-01 -8.631563e-01
    outer loop
      vertex   4.641974e+01 8.803589e+01 6.708309e+01
      vertex   4.126689e+01 9.101089e+01 6.708309e+01
      vertex   4.703343e+01 8.909882e+01 6.780108e+01
    endloop
  endfacet
  facet normal 2.524684e-01 4.372881e-01 -8.631563e-01
    outer loop
      vertex   4.703343e+01 8.909882e+01 6.780108e+01
      vertex   4.126689e+01 9.101089e+01 6.708309e+01
      vertex   4.188057e+01 9.207382e+01 6.780108e+01
    endloop
  endfacet
  facet normal 3.421737e-01 5.926622e-01 -7.291561e-01
    outer loop
      vertex   4.703343e+01 8.909882e+01 6.780108e+01
      vertex   4.188057e+01 9.207382e+01 6.780108e+01
      vertex   4.755184e+01 8.999673e+01 6.877419e+01
    endloop
  endfacet
  facet normal 3.421737e-01 5.926622e-01 -7.291561e-01
    outer loop
      vertex   4.755184e+01 8.999673e+01 6.877419e+01
      vertex   4.188057e+01 9.207382e+01 6.780108e+01
      vertex   4.239899e+01 9.297173e+01 6.877419e+01
    endloop
  endfacet
  facet normal 4.147209e-01 7.183177e-01 -5.585931e-01
    outer loop
      vertex   4.755184e+01 8.999673e+01 6.877419e+01
      vertex   4.239899e+01 9.297173e+01 6.877419e+01
      vertex   4.794898e+01 9.068461e+01 6.995361e+01
    endloop
  endfacet
  facet normal 4.147209e-01 7.183177e-01 -5.585931e-01
    outer loop
      vertex   4.794898e+01 9.068461e+01 6.995361e+01
      vertex   4.239899e+01 9.297173e+01 6.877419e+01
      vertex   4.279613e+01 9.365961e+01 6.995361e+01
    endloop
  endfacet
  facet normal 4.664723e-01 8.079538e-01 -3.600198e-01
    outer loop
      vertex   4.794898e+01 9.068461e+01 6.995361e+01
      vertex   4.279613e+01 9.365961e+01 6.995361e+01
      vertex   4.820495e+01 9.112795e+01 7.128021e+01
    endloop
  endfacet
  facet normal 4.664723e-01 8.079538e-01 -3.600198e-01
    outer loop
      vertex   4.820495e+01 9.112795e+01 7.128021e+01
      vertex   4.279613e+01 9.365961e+01 6.995361e+01
      vertex   4.305210e+01 9.410295e+01 7.128021e+01
    endloop
  endfacet
  facet normal 4.948329e-01 8.570757e-01 -1.433936e-01
    outer loop
      vertex   4.820495e+01 9.112795e+01 7.128021e+01
      vertex   4.305210e+01 9.410295e+01 7.128021e+01
      vertex   4.830690e+01 9.130454e+01 7.268747e+01
    endloop
  endfacet
  facet normal 4.948329e-01 8.570757e-01 -1.433936e-01
    outer loop
      vertex   4.830690e+01 9.130454e+01 7.268747e+01
      vertex   4.305210e+01 9.410295e+01 7.128021e+01
      vertex   4.315405e+01 9.427954e+01 7.268747e+01
    endloop
  endfacet
  facet normal 4.983804e-01 8.632202e-01 8.042289e-02
    outer loop
      vertex   4.830690e+01 9.130454e+01 7.268747e+01
      vertex   4.315405e+01 9.427954e+01 7.268747e+01
      vertex   4.824972e+01 9.120550e+01 7.410481e+01
    endloop
  endfacet
  facet normal 4.983804e-01 8.632202e-01 8.042289e-02
    outer loop
      vertex   4.824972e+01 9.120550e+01 7.410481e+01
      vertex   4.315405e+01 9.427954e+01 7.268747e+01
      vertex   4.309687e+01 9.418050e+01 7.410481e+01
    endloop
  endfacet
  facet normal -8.658939e-01 5.002276e-01 5.129458e-05
    outer loop
      vertex   3.068251e+01 7.052996e+01 1.605438e+02
      vertex   3.176599e+01 7.240529e+01 1.621840e+02
      vertex   3.104165e+01 7.115200e+01 1.568628e+02
    endloop
  endfacet
  facet normal -8.658939e-01 5.002276e-01 5.129458e-05
    outer loop
      vertex   3.104165e+01 7.115200e+01 1.568628e+02
      vertex   3.176599e+01 7.240529e+01 1.621840e+02
      vertex   3.220004e+01 7.315664e+01 1.621808e+02
    endloop
  endfacet
  facet normal -8.658939e-01 5.002276e-01 5.129458e-05
    outer loop
      vertex   3.104165e+01 7.115200e+01 1.568628e+02
      vertex   3.220004e+01 7.315664e+01 1.621808e+02
      vertex   3.427315e+01 7.674561e+01 1.581234e+02
    endloop
  endfacet
  facet normal -8.658939e-01 5.002276e-01 5.129458e-05
    outer loop
      vertex   3.427315e+01 7.674561e+01 1.581234e+02
      vertex   3.220004e+01 7.315664e+01 1.621808e+02
      vertex   3.260167e+01 7.385183e+01 1.625100e+02
    endloop
  endfacet
  facet normal -8.658939e-01 5.002276e-01 5.129458e-05
    outer loop
      vertex   3.427315e+01 7.674561e+01 1.581234e+02
      vertex   3.260167e+01 7.385183e+01 1.625100e+02
      vertex   3.391402e+01 7.612357e+01 1.618043e+02
    endloop
  endfacet
  facet normal -8.658939e-01 5.002276e-01 5.129458e-05
    outer loop
      vertex   3.391402e+01 7.612357e+01 1.618043e+02
      vertex   3.260167e+01 7.385183e+01 1.625100e+02
      vertex   3.290973e+01 7.438502e+01 1.631213e+02
    endloop
  endfacet
  facet normal -8.658939e-01 5.002276e-01 5.129458e-05
    outer loop
      vertex   3.391402e+01 7.612357e+01 1.618043e+02
      vertex   3.290973e+01 7.438502e+01 1.631213e+02
      vertex   3.307733e+01 7.467506e+01 1.639217e+02
    endloop
  endfacet
  facet normal -8.658939e-01 5.002276e-01 5.129458e-05
    outer loop
      vertex   3.023352e+01 6.975267e+01 1.613464e+02
      vertex   3.105982e+01 7.118282e+01 1.631347e+02
      vertex   3.068251e+01 7.052996e+01 1.605438e+02
    endloop
  endfacet
  facet normal -8.658939e-01 5.002276e-01 5.129458e-05
    outer loop
      vertex   3.068251e+01 7.052996e+01 1.605438e+02
      vertex   3.105982e+01 7.118282e+01 1.631347e+02
      vertex   3.136560e+01 7.171218e+01 1.625190e+02
    endloop
  endfacet
  facet normal -8.658939e-01 5.002276e-01 5.129458e-05
    outer loop
      vertex   3.068251e+01 7.052996e+01 1.605438e+02
      vertex   3.136560e+01 7.171218e+01 1.625190e+02
      vertex   3.176599e+01 7.240529e+01 1.621840e+02
    endloop
  endfacet
  facet normal -8.658939e-01 5.002276e-01 5.129458e-05
    outer loop
      vertex   3.023352e+01 6.975267e+01 1.613464e+02
      vertex   2.990339e+01 6.918112e+01 1.623535e+02
      vertex   3.105982e+01 7.118282e+01 1.631347e+02
    endloop
  endfacet
  facet normal -8.658939e-01 5.002276e-01 5.129458e-05
    outer loop
      vertex   3.105982e+01 7.118282e+01 1.631347e+02
      vertex   2.990339e+01 6.918112e+01 1.623535e+02
      vertex   3.089521e+01 7.089780e+01 1.639376e+02
    endloop
  endfacet
  facet normal -8.658939e-01 5.002276e-01 5.129458e-05
    outer loop
      vertex   3.089521e+01 7.089780e+01 1.639376e+02
      vertex   2.990339e+01 6.918112e+01 1.623535e+02
      vertex   2.971450e+01 6.885405e+01 1.634969e+02
    endloop
  endfacet
  facet normal -8.658939e-01 5.002276e-01 5.129458e-05
    outer loop
      vertex   3.089521e+01 7.089780e+01 1.639376e+02
      vertex   2.971450e+01 6.885405e+01 1.634969e+02
      vertex   2.967967e+01 6.879362e+01 1.646990e+02
    endloop
  endfacet
  facet normal -8.658939e-01 5.002276e-01 5.129458e-05
    outer loop
      vertex   3.089521e+01 7.089780e+01 1.639376e+02
      vertex   2.967967e+01 6.879362e+01 1.646990e+02
      vertex   3.089683e+01 7.090051e+01 1.648053e+02
    endloop
  endfacet
  facet normal -8.658939e-01 5.002276e-01 5.129458e-05
    outer loop
      vertex   3.089683e+01 7.090051e+01 1.648053e+02
      vertex   2.967967e+01 6.879362e+01 1.646990e+02
      vertex   2.980125e+01 6.900395e+01 1.658784e+02
    endloop
  endfacet
  facet normal -8.658939e-01 5.002276e-01 5.129458e-05
    outer loop
      vertex   3.089683e+01 7.090051e+01 1.648053e+02
      vertex   2.980125e+01 6.900395e+01 1.658784e+02
      vertex   3.007099e+01 6.947077e+01 1.669550e+02
    endloop
  endfacet
  facet normal -8.658939e-01 5.002276e-01 5.129458e-05
    outer loop
      vertex   3.089683e+01 7.090051e+01 1.648053e+02
      vertex   3.007099e+01 6.947077e+01 1.669550e+02
      vertex   3.106443e+01 7.119055e+01 1.656058e+02
    endloop
  endfacet
  facet normal -8.658939e-01 5.002276e-01 5.129458e-05
    outer loop
      vertex   3.106443e+01 7.119055e+01 1.656058e+02
      vertex   3.007099e+01 6.947077e+01 1.669550e+02
      vertex   3.047062e+01 7.016243e+01 1.678561e+02
    endloop
  endfacet
  facet normal -8.658939e-01 5.002276e-01 5.129458e-05
    outer loop
      vertex   3.106443e+01 7.119055e+01 1.656058e+02
      vertex   3.047062e+01 7.016243e+01 1.678561e+02
      vertex   3.137249e+01 7.172374e+01 1.662171e+02
    endloop
  endfacet
  facet normal -8.658939e-01 5.002276e-01 5.129458e-05
    outer loop
      vertex   3.137249e+01 7.172374e+01 1.662171e+02
      vertex   3.047062e+01 7.016243e+01 1.678561e+02
      vertex   3.097304e+01 7.103205e+01 1.685203e+02
    endloop
  endfacet
  facet normal -8.658939e-01 5.002276e-01 5.129458e-05
    outer loop
      vertex   3.137249e+01 7.172374e+01 1.662171e+02
      vertex   3.097304e+01 7.103205e+01 1.685203e+02
      vertex   3.177412e+01 7.241893e+01 1.665462e+02
    endloop
  endfacet
  facet normal -8.658939e-01 5.002276e-01 5.129458e-05
    outer loop
      vertex   3.177412e+01 7.241893e+01 1.665462e+02
      vertex   3.097304e+01 7.103205e+01 1.685203e+02
      vertex   3.154420e+01 7.202069e+01 1.689028e+02
    endloop
  endfacet
  facet normal -8.658939e-01 5.002276e-01 5.129458e-05
    outer loop
      vertex   3.177412e+01 7.241893e+01 1.665462e+02
      vertex   3.154420e+01 7.202069e+01 1.689028e+02
      vertex   3.214538e+01 7.306133e+01 1.689776e+02
    endloop
  endfacet
  facet normal -8.658939e-01 5.002276e-01 5.129458e-05
    outer loop
      vertex   3.177412e+01 7.241893e+01 1.665462e+02
      vertex   3.214538e+01 7.306133e+01 1.689776e+02
      vertex   3.220817e+01 7.317027e+01 1.665431e+02
    endloop
  endfacet
  facet normal -8.658939e-01 5.002276e-01 5.129458e-05
    outer loop
      vertex   3.220817e+01 7.317027e+01 1.665431e+02
      vertex   3.214538e+01 7.306133e+01 1.689776e+02
      vertex   3.273583e+01 7.408342e+01 1.687397e+02
    endloop
  endfacet
  facet normal -8.658939e-01 5.002276e-01 5.129458e-05
    outer loop
      vertex   3.220817e+01 7.317027e+01 1.665431e+02
      vertex   3.273583e+01 7.408342e+01 1.687397e+02
      vertex   3.260857e+01 7.386339e+01 1.662081e+02
    endloop
  endfacet
  facet normal -8.658939e-01 5.002276e-01 5.129458e-05
    outer loop
      vertex   3.260857e+01 7.386339e+01 1.662081e+02
      vertex   3.273583e+01 7.408342e+01 1.687397e+02
      vertex   3.327553e+01 7.501769e+01 1.682051e+02
    endloop
  endfacet
  facet normal -8.658939e-01 5.002276e-01 5.129458e-05
    outer loop
      vertex   3.260857e+01 7.386339e+01 1.662081e+02
      vertex   3.327553e+01 7.501769e+01 1.682051e+02
      vertex   3.291434e+01 7.439275e+01 1.655923e+02
    endloop
  endfacet
  facet normal -8.658939e-01 5.002276e-01 5.129458e-05
    outer loop
      vertex   3.291434e+01 7.439275e+01 1.655923e+02
      vertex   3.327553e+01 7.501769e+01 1.682051e+02
      vertex   3.372788e+01 7.580080e+01 1.674101e+02
    endloop
  endfacet
  facet normal -8.658939e-01 5.002276e-01 5.129458e-05
    outer loop
      vertex   3.291434e+01 7.439275e+01 1.655923e+02
      vertex   3.372788e+01 7.580080e+01 1.674101e+02
      vertex   3.406224e+01 7.637968e+01 1.664085e+02
    endloop
  endfacet
  facet normal -8.658939e-01 5.002276e-01 5.129458e-05
    outer loop
      vertex   3.291434e+01 7.439275e+01 1.655923e+02
      vertex   3.406224e+01 7.637968e+01 1.664085e+02
      vertex   3.307895e+01 7.467777e+01 1.647894e+02
    endloop
  endfacet
  facet normal -8.658939e-01 5.002276e-01 5.129458e-05
    outer loop
      vertex   3.307895e+01 7.467777e+01 1.647894e+02
      vertex   3.406224e+01 7.637968e+01 1.664085e+02
      vertex   3.425593e+01 7.671507e+01 1.652684e+02
    endloop
  endfacet
  facet normal -8.658939e-01 5.002276e-01 5.129458e-05
    outer loop
      vertex   3.307895e+01 7.467777e+01 1.647894e+02
      vertex   3.425593e+01 7.671507e+01 1.652684e+02
      vertex   3.429582e+01 7.678425e+01 1.640669e+02
    endloop
  endfacet
  facet normal -8.658939e-01 5.002276e-01 5.129458e-05
    outer loop
      vertex   3.307895e+01 7.467777e+01 1.647894e+02
      vertex   3.429582e+01 7.678425e+01 1.640669e+02
      vertex   3.307733e+01 7.467506e+01 1.639217e+02
    endloop
  endfacet
  facet normal -8.658939e-01 5.002276e-01 5.129458e-05
    outer loop
      vertex   3.307733e+01 7.467506e+01 1.639217e+02
      vertex   3.429582e+01 7.678425e+01 1.640669e+02
      vertex   3.417922e+01 7.658252e+01 1.628855e+02
    endloop
  endfacet
  facet normal -8.658939e-01 5.002276e-01 5.129458e-05
    outer loop
      vertex   3.307733e+01 7.467506e+01 1.639217e+02
      vertex   3.417922e+01 7.658252e+01 1.628855e+02
      vertex   3.391402e+01 7.612357e+01 1.618043e+02
    endloop
  endfacet
  facet normal -9.575951e-02 -1.658603e-01 9.814889e-01
    outer loop
      vertex   3.104165e+01 7.115200e+01 1.568628e+02
      vertex   3.427315e+01 7.674561e+01 1.581234e+02
      vertex   3.062156e+01 7.219521e+01 1.569981e+02
    endloop
  endfacet
  facet normal -9.575951e-02 -1.658603e-01 9.814889e-01
    outer loop
      vertex   3.062156e+01 7.219521e+01 1.569981e+02
      vertex   3.427315e+01 7.674561e+01 1.581234e+02
      vertex   3.315957e+01 7.658840e+01 1.579882e+02
    endloop
  endfacet
  facet normal -9.575951e-02 -1.658603e-01 9.814889e-01
    outer loop
      vertex   3.062156e+01 7.219521e+01 1.569981e+02
      vertex   3.315957e+01 7.658840e+01 1.579882e+02
      vertex   3.052855e+01 7.330978e+01 1.571774e+02
    endloop
  endfacet
  facet normal -9.575951e-02 -1.658603e-01 9.814889e-01
    outer loop
      vertex   3.052855e+01 7.330978e+01 1.571774e+02
      vertex   3.315957e+01 7.658840e+01 1.579882e+02
      vertex   3.214755e+01 7.611221e+01 1.578090e+02
    endloop
  endfacet
  facet normal -9.575951e-02 -1.658603e-01 9.814889e-01
    outer loop
      vertex   3.052855e+01 7.330978e+01 1.571774e+02
      vertex   3.214755e+01 7.611221e+01 1.578090e+02
      vertex   3.077088e+01 7.439668e+01 1.573847e+02
    endloop
  endfacet
  facet normal -9.575951e-02 -1.658603e-01 9.814889e-01
    outer loop
      vertex   3.077088e+01 7.439668e+01 1.573847e+02
      vertex   3.214755e+01 7.611221e+01 1.578090e+02
      vertex   3.132702e+01 7.535934e+01 1.576017e+02
    endloop
  endfacet
  facet normal 3.565666e-01 9.151461e-01 1.880633e-01
    outer loop
      vertex   3.607315e+01 7.830326e+01 1.483736e+02
      vertex   3.489398e+01 7.598774e+01 1.618770e+02
      vertex   3.712590e+01 7.788645e+01 1.484059e+02
    endloop
  endfacet
  facet normal 3.737542e-01 9.078825e-01 1.898872e-01
    outer loop
      vertex   3.712590e+01 7.788645e+01 1.484059e+02
      vertex   3.489398e+01 7.598774e+01 1.618770e+02
      vertex   3.580917e+01 7.560580e+01 1.619017e+02
    endloop
  endfacet
  facet normal 5.997978e-01 7.772969e-01 1.898738e-01
    outer loop
      vertex   3.712590e+01 7.788645e+01 1.484059e+02
      vertex   3.580917e+01 7.560580e+01 1.619017e+02
      vertex   3.659722e+01 7.500378e+01 1.618769e+02
    endloop
  endfacet
  facet normal 1.176269e-01 9.770101e-01 1.778064e-01
    outer loop
      vertex   3.489398e+01 7.598774e+01 1.618770e+02
      vertex   3.607315e+01 7.830326e+01 1.483736e+02
      vertex   3.427315e+01 7.674561e+01 1.581234e+02
    endloop
  endfacet
  facet normal 6.696148e-02 9.832611e-01 1.694512e-01
    outer loop
      vertex   3.427315e+01 7.674561e+01 1.581234e+02
      vertex   3.607315e+01 7.830326e+01 1.483736e+02
      vertex   3.494817e+01 7.839609e+01 1.482795e+02
    endloop
  endfacet
  facet normal -1.563191e-01 9.758018e-01 1.528896e-01
    outer loop
      vertex   3.427315e+01 7.674561e+01 1.581234e+02
      vertex   3.494817e+01 7.839609e+01 1.482795e+02
      vertex   3.315957e+01 7.658840e+01 1.579882e+02
    endloop
  endfacet
  facet normal -2.287405e-01 9.637558e-01 1.373047e-01
    outer loop
      vertex   3.315957e+01 7.658840e+01 1.579882e+02
      vertex   3.494817e+01 7.839609e+01 1.482795e+02
      vertex   3.385091e+01 7.815668e+01 1.481320e+02
    endloop
  endfacet
  facet normal -4.391608e-01 8.915186e-01 1.110511e-01
    outer loop
      vertex   3.315957e+01 7.658840e+01 1.579882e+02
      vertex   3.385091e+01 7.815668e+01 1.481320e+02
      vertex   3.214755e+01 7.611221e+01 1.578090e+02
    endloop
  endfacet
  facet normal -5.040907e-01 8.586634e-01 9.268063e-02
    outer loop
      vertex   3.214755e+01 7.611221e+01 1.578090e+02
      vertex   3.385091e+01 7.815668e+01 1.481320e+02
      vertex   3.287887e+01 7.760630e+01 1.479442e+02
    endloop
  endfacet
  facet normal -6.830081e-01 7.279733e-01 5.962276e-02
    outer loop
      vertex   3.214755e+01 7.611221e+01 1.578090e+02
      vertex   3.287887e+01 7.760630e+01 1.479442e+02
      vertex   3.132702e+01 7.535934e+01 1.576017e+02
    endloop
  endfacet
  facet normal -7.346232e-01 6.773219e-01 3.954397e-02
    outer loop
      vertex   3.132702e+01 7.535934e+01 1.576017e+02
      vertex   3.287887e+01 7.760630e+01 1.479442e+02
      vertex   3.211842e+01 7.679387e+01 1.477327e+02
    endloop
  endfacet
  facet normal -8.661942e-01 4.996974e-01 3.174110e-03
    outer loop
      vertex   3.132702e+01 7.535934e+01 1.576017e+02
      vertex   3.211842e+01 7.679387e+01 1.477327e+02
      vertex   3.077088e+01 7.439668e+01 1.573847e+02
    endloop
  endfacet
  facet normal -8.998542e-01 4.358443e-01 -1.738383e-02
    outer loop
      vertex   3.077088e+01 7.439668e+01 1.573847e+02
      vertex   3.211842e+01 7.679387e+01 1.477327e+02
      vertex   3.163713e+01 7.579156e+01 1.475164e+02
    endloop
  endfacet
  facet normal -9.724423e-01 2.269743e-01 -5.327910e-02
    outer loop
      vertex   3.077088e+01 7.439668e+01 1.573847e+02
      vertex   3.163713e+01 7.579156e+01 1.475164e+02
      vertex   3.052855e+01 7.330978e+01 1.571774e+02
    endloop
  endfacet
  facet normal -9.851021e-01 1.556868e-01 -7.304446e-02
    outer loop
      vertex   3.052855e+01 7.330978e+01 1.571774e+02
      vertex   3.163713e+01 7.579156e+01 1.475164e+02
      vertex   3.147777e+01 7.468844e+01 1.473144e+02
    endloop
  endfacet
  facet normal -9.923116e-01 -6.596332e-02 -1.047208e-01
    outer loop
      vertex   3.052855e+01 7.330978e+01 1.571774e+02
      vertex   3.147777e+01 7.468844e+01 1.473144e+02
      vertex   3.062156e+01 7.219521e+01 1.569981e+02
    endloop
  endfacet
  facet normal -9.827923e-01 -1.382571e-01 -1.224923e-01
    outer loop
      vertex   3.062156e+01 7.219521e+01 1.569981e+02
      vertex   3.147777e+01 7.468844e+01 1.473144e+02
      vertex   3.165449e+01 7.358253e+01 1.471448e+02
    endloop
  endfacet
  facet normal -9.240368e-01 -3.530867e-01 -1.465800e-01
    outer loop
      vertex   3.062156e+01 7.219521e+01 1.569981e+02
      vertex   3.165449e+01 7.358253e+01 1.471448e+02
      vertex   3.104165e+01 7.115200e+01 1.568628e+02
    endloop
  endfacet
  facet normal -8.931299e-01 -4.198695e-01 -1.613335e-01
    outer loop
      vertex   3.104165e+01 7.115200e+01 1.568628e+02
      vertex   3.165449e+01 7.358253e+01 1.471448e+02
      vertex   3.215159e+01 7.257208e+01 1.470225e+02
    endloop
  endfacet
  facet normal -8.386848e-01 -5.176340e-01 -1.693009e-01
    outer loop
      vertex   3.104165e+01 7.115200e+01 1.568628e+02
      vertex   3.215159e+01 7.257208e+01 1.470225e+02
      vertex   3.068251e+01 7.052996e+01 1.605438e+02
    endloop
  endfacet
  facet normal -7.851496e-01 -5.940587e-01 -1.750267e-01
    outer loop
      vertex   3.068251e+01 7.052996e+01 1.605438e+02
      vertex   3.215159e+01 7.257208e+01 1.470225e+02
      vertex   3.128971e+01 6.974889e+01 1.604710e+02
    endloop
  endfacet
  facet normal -7.241103e-01 -6.641761e-01 -1.858343e-01
    outer loop
      vertex   3.128971e+01 6.974889e+01 1.604710e+02
      vertex   3.215159e+01 7.257208e+01 1.470225e+02
      vertex   3.292491e+01 7.174689e+01 1.469585e+02
    endloop
  endfacet
  facet normal -6.000180e-01 -7.776789e-01 -1.876003e-01
    outer loop
      vertex   3.128971e+01 6.974889e+01 1.604710e+02
      vertex   3.292491e+01 7.174689e+01 1.469585e+02
      vertex   3.207775e+01 6.914687e+01 1.604462e+02
    endloop
  endfacet
  facet normal -4.906785e-01 -8.493444e-01 -1.945476e-01
    outer loop
      vertex   3.207775e+01 6.914687e+01 1.604462e+02
      vertex   3.292491e+01 7.174689e+01 1.469585e+02
      vertex   3.390573e+01 7.118027e+01 1.469584e+02
    endloop
  endfacet
  facet normal -3.739749e-01 -9.082642e-01 -1.876137e-01
    outer loop
      vertex   3.207775e+01 6.914687e+01 1.604462e+02
      vertex   3.390573e+01 7.118027e+01 1.469584e+02
      vertex   3.299294e+01 6.876493e+01 1.604709e+02
    endloop
  endfacet
  facet normal -2.136590e-01 -9.590642e-01 -1.858645e-01
    outer loop
      vertex   3.299294e+01 6.876493e+01 1.604709e+02
      vertex   3.390573e+01 7.118027e+01 1.469584e+02
      vertex   3.500689e+01 7.092257e+01 1.470223e+02
    endloop
  endfacet
  facet normal -1.224243e-01 -9.769156e-01 -1.750660e-01
    outer loop
      vertex   3.299294e+01 6.876493e+01 1.604709e+02
      vertex   3.500689e+01 7.092257e+01 1.470223e+02
      vertex   3.397291e+01 6.862910e+01 1.605436e+02
    endloop
  endfacet
  facet normal -2.947471e-02 -9.851153e-01 -1.693489e-01
    outer loop
      vertex   3.397291e+01 6.862910e+01 1.605436e+02
      vertex   3.500689e+01 7.092257e+01 1.470223e+02
      vertex   3.433204e+01 6.925114e+01 1.568626e+02
    endloop
  endfacet
  facet normal 8.241596e-02 -9.834432e-01 -1.613913e-01
    outer loop
      vertex   3.433204e+01 6.925114e+01 1.568626e+02
      vertex   3.500689e+01 7.092257e+01 1.470223e+02
      vertex   3.613057e+01 7.099669e+01 1.471445e+02
    endloop
  endfacet
  facet normal 1.557098e-01 -9.768572e-01 -1.466440e-01
    outer loop
      vertex   3.433204e+01 6.925114e+01 1.568626e+02
      vertex   3.613057e+01 7.099669e+01 1.471445e+02
      vertex   3.544562e+01 6.940834e+01 1.569979e+02
    endloop
  endfacet
  facet normal 3.711672e-01 -9.204406e-01 -1.225725e-01
    outer loop
      vertex   3.544562e+01 6.940834e+01 1.569979e+02
      vertex   3.613057e+01 7.099669e+01 1.471445e+02
      vertex   3.717690e+01 7.139605e+01 1.473141e+02
    endloop
  endfacet
  facet normal 4.385514e-01 -8.925741e-01 -1.048055e-01
    outer loop
      vertex   3.544562e+01 6.940834e+01 1.569979e+02
      vertex   3.717690e+01 7.139605e+01 1.473141e+02
      vertex   3.645764e+01 6.988454e+01 1.571771e+02
    endloop
  endfacet
  facet normal 6.269656e-01 -7.756060e-01 -7.313996e-02
    outer loop
      vertex   3.645764e+01 6.988454e+01 1.571771e+02
      vertex   3.717690e+01 7.139605e+01 1.473141e+02
      vertex   3.805293e+01 7.208515e+01 1.475160e+02
    endloop
  endfacet
  facet normal 6.823987e-01 -7.290287e-01 -5.337713e-02
    outer loop
      vertex   3.645764e+01 6.988454e+01 1.571771e+02
      vertex   3.805293e+01 7.208515e+01 1.475160e+02
      vertex   3.727817e+01 7.063741e+01 1.573843e+02
    endloop
  endfacet
  facet normal 8.270825e-01 -5.618085e-01 -1.748613e-02
    outer loop
      vertex   3.727817e+01 7.063741e+01 1.573843e+02
      vertex   3.805293e+01 7.208515e+01 1.475160e+02
      vertex   3.868081e+01 7.300277e+01 1.477323e+02
    endloop
  endfacet
  facet normal 8.655849e-01 -5.007528e-01 3.071522e-03
    outer loop
      vertex   3.727817e+01 7.063741e+01 1.573843e+02
      vertex   3.868081e+01 7.300277e+01 1.477323e+02
      vertex   3.783431e+01 7.160007e+01 1.576013e+02
    endloop
  endfacet
  facet normal 9.537365e-01 -2.980449e-01 3.944395e-02
    outer loop
      vertex   3.783431e+01 7.160007e+01 1.576013e+02
      vertex   3.868081e+01 7.300277e+01 1.477323e+02
      vertex   3.900476e+01 7.406737e+01 1.479438e+02
    endloop
  endfacet
  facet normal 9.718329e-01 -2.280298e-01 5.952473e-02
    outer loop
      vertex   3.783431e+01 7.160007e+01 1.576013e+02
      vertex   3.900476e+01 7.406737e+01 1.479438e+02
      vertex   3.807664e+01 7.268697e+01 1.578086e+02
    endloop
  endfacet
  facet normal 9.956740e-01 -7.751890e-03 9.259178e-02
    outer loop
      vertex   3.807664e+01 7.268697e+01 1.578086e+02
      vertex   3.900476e+01 7.406737e+01 1.479438e+02
      vertex   3.899598e+01 7.518436e+01 1.481317e+02
    endloop
  endfacet
  facet normal 9.917023e-01 6.490788e-02 1.109664e-01
    outer loop
      vertex   3.807664e+01 7.268697e+01 1.578086e+02
      vertex   3.899598e+01 7.518436e+01 1.481317e+02
      vertex   3.798363e+01 7.380154e+01 1.579879e+02
    endloop
  endfacet
  facet normal 9.491685e-01 2.832768e-01 1.372350e-01
    outer loop
      vertex   3.798363e+01 7.380154e+01 1.579879e+02
      vertex   3.899598e+01 7.518436e+01 1.481317e+02
      vertex   3.865526e+01 7.625450e+01 1.482793e+02
    endloop
  endfacet
  facet normal 9.234275e-01 3.520313e-01 1.528257e-01
    outer loop
      vertex   3.798363e+01 7.380154e+01 1.579879e+02
      vertex   3.865526e+01 7.625450e+01 1.482793e+02
      vertex   3.756355e+01 7.484474e+01 1.581232e+02
    endloop
  endfacet
  facet normal 8.183523e-01 5.491820e-01 1.694067e-01
    outer loop
      vertex   3.756355e+01 7.484474e+01 1.581232e+02
      vertex   3.865526e+01 7.625450e+01 1.482793e+02
      vertex   3.801287e+01 7.718268e+01 1.483735e+02
    endloop
  endfacet
  facet normal 7.962745e-01 5.789129e-01 1.755186e-01
    outer loop
      vertex   3.756355e+01 7.484474e+01 1.581232e+02
      vertex   3.801287e+01 7.718268e+01 1.483735e+02
      vertex   3.720441e+01 7.422270e+01 1.618041e+02
    endloop
  endfacet
  facet normal 7.848550e-01 5.935475e-01 1.780565e-01
    outer loop
      vertex   3.720441e+01 7.422270e+01 1.618041e+02
      vertex   3.801287e+01 7.718268e+01 1.483735e+02
      vertex   3.659722e+01 7.500378e+01 1.618769e+02
    endloop
  endfacet
  facet normal 6.146760e-01 7.660361e-01 1.880481e-01
    outer loop
      vertex   3.659722e+01 7.500378e+01 1.618769e+02
      vertex   3.801287e+01 7.718268e+01 1.483735e+02
      vertex   3.712590e+01 7.788645e+01 1.484059e+02
    endloop
  endfacet
  facet normal 1.222398e-01 9.765974e-01 1.769601e-01
    outer loop
      vertex   3.427315e+01 7.674561e+01 1.581234e+02
      vertex   3.391402e+01 7.612357e+01 1.618043e+02
      vertex   3.489398e+01 7.598774e+01 1.618770e+02
    endloop
  endfacet
  facet normal 8.658939e-01 -5.002276e-01 -5.129458e-05
    outer loop
      vertex   3.433204e+01 6.925114e+01 1.568626e+02
      vertex   3.505638e+01 7.050443e+01 1.621838e+02
      vertex   3.397291e+01 6.862910e+01 1.605436e+02
    endloop
  endfacet
  facet normal 8.658939e-01 -5.002276e-01 -5.129458e-05
    outer loop
      vertex   3.397291e+01 6.862910e+01 1.605436e+02
      vertex   3.505638e+01 7.050443e+01 1.621838e+02
      vertex   3.465599e+01 6.981132e+01 1.625188e+02
    endloop
  endfacet
  facet normal 8.658939e-01 -5.002276e-01 -5.129458e-05
    outer loop
      vertex   3.397291e+01 6.862910e+01 1.605436e+02
      vertex   3.465599e+01 6.981132e+01 1.625188e+02
      vertex   3.435022e+01 6.928196e+01 1.631346e+02
    endloop
  endfacet
  facet normal 8.658939e-01 -5.002276e-01 -5.129458e-05
    outer loop
      vertex   3.505638e+01 7.050443e+01 1.621838e+02
      vertex   3.433204e+01 6.925114e+01 1.568626e+02
      vertex   3.549044e+01 7.125577e+01 1.621806e+02
    endloop
  endfacet
  facet normal 8.658939e-01 -5.002276e-01 -5.129458e-05
    outer loop
      vertex   3.549044e+01 7.125577e+01 1.621806e+02
      vertex   3.433204e+01 6.925114e+01 1.568626e+02
      vertex   3.756355e+01 7.484474e+01 1.581232e+02
    endloop
  endfacet
  facet normal 8.658939e-01 -5.002276e-01 -5.129458e-05
    outer loop
      vertex   3.549044e+01 7.125577e+01 1.621806e+02
      vertex   3.756355e+01 7.484474e+01 1.581232e+02
      vertex   3.589207e+01 7.195096e+01 1.625098e+02
    endloop
  endfacet
  facet normal 8.658939e-01 -5.002276e-01 -5.129458e-05
    outer loop
      vertex   3.589207e+01 7.195096e+01 1.625098e+02
      vertex   3.756355e+01 7.484474e+01 1.581232e+02
      vertex   3.720441e+01 7.422270e+01 1.618041e+02
    endloop
  endfacet
  facet normal 8.658939e-01 -5.002276e-01 -5.129458e-05
    outer loop
      vertex   3.589207e+01 7.195096e+01 1.625098e+02
      vertex   3.720441e+01 7.422270e+01 1.618041e+02
      vertex   3.620013e+01 7.248416e+01 1.631211e+02
    endloop
  endfacet
  facet normal 8.658939e-01 -5.002276e-01 -5.129458e-05
    outer loop
      vertex   3.620013e+01 7.248416e+01 1.631211e+02
      vertex   3.720441e+01 7.422270e+01 1.618041e+02
      vertex   3.636773e+01 7.277419e+01 1.639215e+02
    endloop
  endfacet
  facet normal 8.658939e-01 -5.002276e-01 -5.129458e-05
    outer loop
      vertex   3.636773e+01 7.277419e+01 1.639215e+02
      vertex   3.720441e+01 7.422270e+01 1.618041e+02
      vertex   3.746961e+01 7.468166e+01 1.628853e+02
    endloop
  endfacet
  facet normal 8.658939e-01 -5.002276e-01 -5.129458e-05
    outer loop
      vertex   3.636773e+01 7.277419e+01 1.639215e+02
      vertex   3.746961e+01 7.468166e+01 1.628853e+02
      vertex   3.758622e+01 7.488338e+01 1.640667e+02
    endloop
  endfacet
  facet normal 8.658939e-01 -5.002276e-01 -5.129458e-05
    outer loop
      vertex   3.636773e+01 7.277419e+01 1.639215e+02
      vertex   3.758622e+01 7.488338e+01 1.640667e+02
      vertex   3.636935e+01 7.277690e+01 1.647892e+02
    endloop
  endfacet
  facet normal 8.658939e-01 -5.002276e-01 -5.129458e-05
    outer loop
      vertex   3.636935e+01 7.277690e+01 1.647892e+02
      vertex   3.758622e+01 7.488338e+01 1.640667e+02
      vertex   3.754633e+01 7.481420e+01 1.652682e+02
    endloop
  endfacet
  facet normal 8.658939e-01 -5.002276e-01 -5.129458e-05
    outer loop
      vertex   3.636935e+01 7.277690e+01 1.647892e+02
      vertex   3.754633e+01 7.481420e+01 1.652682e+02
      vertex   3.735264e+01 7.447881e+01 1.664083e+02
    endloop
  endfacet
  facet normal 8.658939e-01 -5.002276e-01 -5.129458e-05
    outer loop
      vertex   3.636935e+01 7.277690e+01 1.647892e+02
      vertex   3.735264e+01 7.447881e+01 1.664083e+02
      vertex   3.620474e+01 7.249188e+01 1.655921e+02
    endloop
  endfacet
  facet normal 8.658939e-01 -5.002276e-01 -5.129458e-05
    outer loop
      vertex   3.620474e+01 7.249188e+01 1.655921e+02
      vertex   3.735264e+01 7.447881e+01 1.664083e+02
      vertex   3.701828e+01 7.389994e+01 1.674099e+02
    endloop
  endfacet
  facet normal 8.658939e-01 -5.002276e-01 -5.129458e-05
    outer loop
      vertex   3.620474e+01 7.249188e+01 1.655921e+02
      vertex   3.701828e+01 7.389994e+01 1.674099e+02
      vertex   3.656592e+01 7.311683e+01 1.682049e+02
    endloop
  endfacet
  facet normal 8.658939e-01 -5.002276e-01 -5.129458e-05
    outer loop
      vertex   3.620474e+01 7.249188e+01 1.655921e+02
      vertex   3.656592e+01 7.311683e+01 1.682049e+02
      vertex   3.589896e+01 7.196252e+01 1.662079e+02
    endloop
  endfacet
  facet normal 8.658939e-01 -5.002276e-01 -5.129458e-05
    outer loop
      vertex   3.589896e+01 7.196252e+01 1.662079e+02
      vertex   3.656592e+01 7.311683e+01 1.682049e+02
      vertex   3.602623e+01 7.218256e+01 1.687395e+02
    endloop
  endfacet
  facet normal 8.658939e-01 -5.002276e-01 -5.129458e-05
    outer loop
      vertex   3.589896e+01 7.196252e+01 1.662079e+02
      vertex   3.602623e+01 7.218256e+01 1.687395e+02
      vertex   3.549857e+01 7.126941e+01 1.665429e+02
    endloop
  endfacet
  facet normal 8.658939e-01 -5.002276e-01 -5.129458e-05
    outer loop
      vertex   3.549857e+01 7.126941e+01 1.665429e+02
      vertex   3.602623e+01 7.218256e+01 1.687395e+02
      vertex   3.543578e+01 7.116046e+01 1.689775e+02
    endloop
  endfacet
  facet normal 8.658939e-01 -5.002276e-01 -5.129458e-05
    outer loop
      vertex   3.549857e+01 7.126941e+01 1.665429e+02
      vertex   3.543578e+01 7.116046e+01 1.689775e+02
      vertex   3.506452e+01 7.051807e+01 1.665460e+02
    endloop
  endfacet
  facet normal 8.658939e-01 -5.002276e-01 -5.129458e-05
    outer loop
      vertex   3.506452e+01 7.051807e+01 1.665460e+02
      vertex   3.543578e+01 7.116046e+01 1.689775e+02
      vertex   3.483460e+01 7.011983e+01 1.689027e+02
    endloop
  endfacet
  facet normal 8.658939e-01 -5.002276e-01 -5.129458e-05
    outer loop
      vertex   3.506452e+01 7.051807e+01 1.665460e+02
      vertex   3.483460e+01 7.011983e+01 1.689027e+02
      vertex   3.426344e+01 6.913119e+01 1.685202e+02
    endloop
  endfacet
  facet normal 8.658939e-01 -5.002276e-01 -5.129458e-05
    outer loop
      vertex   3.506452e+01 7.051807e+01 1.665460e+02
      vertex   3.426344e+01 6.913119e+01 1.685202e+02
      vertex   3.466289e+01 6.982288e+01 1.662169e+02
    endloop
  endfacet
  facet normal 8.658939e-01 -5.002276e-01 -5.129458e-05
    outer loop
      vertex   3.466289e+01 6.982288e+01 1.662169e+02
      vertex   3.426344e+01 6.913119e+01 1.685202e+02
      vertex   3.376101e+01 6.826156e+01 1.678559e+02
    endloop
  endfacet
  facet normal 8.658939e-01 -5.002276e-01 -5.129458e-05
    outer loop
      vertex   3.466289e+01 6.982288e+01 1.662169e+02
      vertex   3.376101e+01 6.826156e+01 1.678559e+02
      vertex   3.435483e+01 6.928968e+01 1.656056e+02
    endloop
  endfacet
  facet normal 8.658939e-01 -5.002276e-01 -5.129458e-05
    outer loop
      vertex   3.435483e+01 6.928968e+01 1.656056e+02
      vertex   3.376101e+01 6.826156e+01 1.678559e+02
      vertex   3.336139e+01 6.756990e+01 1.669549e+02
    endloop
  endfacet
  facet normal 8.658939e-01 -5.002276e-01 -5.129458e-05
    outer loop
      vertex   3.435483e+01 6.928968e+01 1.656056e+02
      vertex   3.336139e+01 6.756990e+01 1.669549e+02
      vertex   3.418723e+01 6.899965e+01 1.648051e+02
    endloop
  endfacet
  facet normal 8.658939e-01 -5.002276e-01 -5.129458e-05
    outer loop
      vertex   3.418723e+01 6.899965e+01 1.648051e+02
      vertex   3.336139e+01 6.756990e+01 1.669549e+02
      vertex   3.309164e+01 6.710308e+01 1.658782e+02
    endloop
  endfacet
  facet normal 8.658939e-01 -5.002276e-01 -5.129458e-05
    outer loop
      vertex   3.418723e+01 6.899965e+01 1.648051e+02
      vertex   3.309164e+01 6.710308e+01 1.658782e+02
      vertex   3.297007e+01 6.689276e+01 1.646988e+02
    endloop
  endfacet
  facet normal 8.658939e-01 -5.002276e-01 -5.129458e-05
    outer loop
      vertex   3.418723e+01 6.899965e+01 1.648051e+02
      vertex   3.297007e+01 6.689276e+01 1.646988e+02
      vertex   3.418561e+01 6.899694e+01 1.639374e+02
    endloop
  endfacet
  facet normal 8.658939e-01 -5.002276e-01 -5.129458e-05
    outer loop
      vertex   3.418561e+01 6.899694e+01 1.639374e+02
      vertex   3.297007e+01 6.689276e+01 1.646988e+02
      vertex   3.300490e+01 6.695318e+01 1.634967e+02
    endloop
  endfacet
  facet normal 8.658939e-01 -5.002276e-01 -5.129458e-05
    outer loop
      vertex   3.418561e+01 6.899694e+01 1.639374e+02
      vertex   3.300490e+01 6.695318e+01 1.634967e+02
      vertex   3.319378e+01 6.728025e+01 1.623533e+02
    endloop
  endfacet
  facet normal 8.658939e-01 -5.002276e-01 -5.129458e-05
    outer loop
      vertex   3.418561e+01 6.899694e+01 1.639374e+02
      vertex   3.319378e+01 6.728025e+01 1.623533e+02
      vertex   3.435022e+01 6.928196e+01 1.631346e+02
    endloop
  endfacet
  facet normal 8.658939e-01 -5.002276e-01 -5.129458e-05
    outer loop
      vertex   3.435022e+01 6.928196e+01 1.631346e+02
      vertex   3.319378e+01 6.728025e+01 1.623533e+02
      vertex   3.352391e+01 6.785181e+01 1.613462e+02
    endloop
  endfacet
  facet normal 8.658939e-01 -5.002276e-01 -5.129458e-05
    outer loop
      vertex   3.435022e+01 6.928196e+01 1.631346e+02
      vertex   3.352391e+01 6.785181e+01 1.613462e+02
      vertex   3.397291e+01 6.862910e+01 1.605436e+02
    endloop
  endfacet
  facet normal -9.575951e-02 -1.658603e-01 9.814889e-01
    outer loop
      vertex   3.756355e+01 7.484474e+01 1.581232e+02
      vertex   3.433204e+01 6.925114e+01 1.568626e+02
      vertex   3.798363e+01 7.380154e+01 1.579879e+02
    endloop
  endfacet
  facet normal -9.575951e-02 -1.658603e-01 9.814889e-01
    outer loop
      vertex   3.798363e+01 7.380154e+01 1.579879e+02
      vertex   3.433204e+01 6.925114e+01 1.568626e+02
      vertex   3.544562e+01 6.940834e+01 1.569979e+02
    endloop
  endfacet
  facet normal -9.575951e-02 -1.658603e-01 9.814889e-01
    outer loop
      vertex   3.798363e+01 7.380154e+01 1.579879e+02
      vertex   3.544562e+01 6.940834e+01 1.569979e+02
      vertex   3.807664e+01 7.268697e+01 1.578086e+02
    endloop
  endfacet
  facet normal -9.575951e-02 -1.658603e-01 9.814889e-01
    outer loop
      vertex   3.807664e+01 7.268697e+01 1.578086e+02
      vertex   3.544562e+01 6.940834e+01 1.569979e+02
      vertex   3.645764e+01 6.988454e+01 1.571771e+02
    endloop
  endfacet
  facet normal -9.575951e-02 -1.658603e-01 9.814889e-01
    outer loop
      vertex   3.807664e+01 7.268697e+01 1.578086e+02
      vertex   3.645764e+01 6.988454e+01 1.571771e+02
      vertex   3.783431e+01 7.160007e+01 1.576013e+02
    endloop
  endfacet
  facet normal -9.575951e-02 -1.658603e-01 9.814889e-01
    outer loop
      vertex   3.783431e+01 7.160007e+01 1.576013e+02
      vertex   3.645764e+01 6.988454e+01 1.571771e+02
      vertex   3.727817e+01 7.063741e+01 1.573843e+02
    endloop
  endfacet
  facet normal 8.848903e-01 4.657892e-01 -3.106673e-03
    outer loop
      vertex   3.089683e+01 7.090051e+01 1.648053e+02
      vertex   3.138488e+01 6.997140e+01 1.645152e+02
      vertex   3.089521e+01 7.089780e+01 1.639376e+02
    endloop
  endfacet
  facet normal 8.540081e-01 5.113094e-01 9.608799e-02
    outer loop
      vertex   3.089521e+01 7.089780e+01 1.639376e+02
      vertex   3.138488e+01 6.997140e+01 1.645152e+02
      vertex   3.143446e+01 7.005732e+01 1.636173e+02
    endloop
  endfacet
  facet normal 8.476835e-01 4.207184e-01 3.231543e-01
    outer loop
      vertex   3.089521e+01 7.089780e+01 1.639376e+02
      vertex   3.143446e+01 7.005732e+01 1.636173e+02
      vertex   3.105982e+01 7.118282e+01 1.631347e+02
    endloop
  endfacet
  facet normal 8.219798e-01 4.324835e-01 3.705498e-01
    outer loop
      vertex   3.105982e+01 7.118282e+01 1.631347e+02
      vertex   3.143446e+01 7.005732e+01 1.636173e+02
      vertex   3.162719e+01 7.039102e+01 1.628003e+02
    endloop
  endfacet
  facet normal 7.477823e-01 2.819274e-01 6.011145e-01
    outer loop
      vertex   3.105982e+01 7.118282e+01 1.631347e+02
      vertex   3.162719e+01 7.039102e+01 1.628003e+02
      vertex   3.194219e+01 7.093635e+01 1.621527e+02
    endloop
  endfacet
  facet normal 5.034556e-01 5.245469e-01 6.865734e-01
    outer loop
      vertex   3.194219e+01 7.093635e+01 1.621527e+02
      vertex   3.162719e+01 7.039102e+01 1.628003e+02
      vertex   3.242965e+01 6.975576e+01 1.626972e+02
    endloop
  endfacet
  facet normal 5.034556e-01 5.245469e-01 6.865734e-01
    outer loop
      vertex   3.194219e+01 7.093635e+01 1.621527e+02
      vertex   3.242965e+01 6.975576e+01 1.626972e+02
      vertex   3.276541e+01 7.033704e+01 1.620069e+02
    endloop
  endfacet
  facet normal 2.029712e-01 6.981370e-01 6.865912e-01
    outer loop
      vertex   3.276541e+01 7.033704e+01 1.620069e+02
      vertex   3.242965e+01 6.975576e+01 1.626972e+02
      vertex   3.338083e+01 6.937794e+01 1.628002e+02
    endloop
  endfacet
  facet normal 2.029712e-01 6.981370e-01 6.865912e-01
    outer loop
      vertex   3.276541e+01 7.033704e+01 1.620069e+02
      vertex   3.338083e+01 6.937794e+01 1.628002e+02
      vertex   3.369583e+01 6.992327e+01 1.621526e+02
    endloop
  endfacet
  facet normal -1.292669e-01 7.885994e-01 6.011664e-01
    outer loop
      vertex   3.369583e+01 6.992327e+01 1.621526e+02
      vertex   3.338083e+01 6.937794e+01 1.628002e+02
      vertex   3.435022e+01 6.928196e+01 1.631346e+02
    endloop
  endfacet
  facet normal -1.392575e-01 7.840609e-01 6.048602e-01
    outer loop
      vertex   3.369583e+01 6.992327e+01 1.621526e+02
      vertex   3.435022e+01 6.928196e+01 1.631346e+02
      vertex   3.465599e+01 6.981132e+01 1.625188e+02
    endloop
  endfacet
  facet normal 8.427935e-01 5.027365e-01 -1.922372e-01
    outer loop
      vertex   3.138488e+01 6.997140e+01 1.645152e+02
      vertex   3.089683e+01 7.090051e+01 1.648053e+02
      vertex   3.148382e+01 7.014258e+01 1.653966e+02
    endloop
  endfacet
  facet normal 8.534475e-01 4.066122e-01 -3.260274e-01
    outer loop
      vertex   3.148382e+01 7.014258e+01 1.653966e+02
      vertex   3.089683e+01 7.090051e+01 1.648053e+02
      vertex   3.106443e+01 7.119055e+01 1.656058e+02
    endloop
  endfacet
  facet normal 7.890246e-01 4.075183e-01 -4.597488e-01
    outer loop
      vertex   3.148382e+01 7.014258e+01 1.653966e+02
      vertex   3.106443e+01 7.119055e+01 1.656058e+02
      vertex   3.172056e+01 7.055230e+01 1.661661e+02
    endloop
  endfacet
  facet normal 7.582791e-01 2.514930e-01 -6.014682e-01
    outer loop
      vertex   3.172056e+01 7.055230e+01 1.661661e+02
      vertex   3.106443e+01 7.119055e+01 1.656058e+02
      vertex   3.137249e+01 7.172374e+01 1.662171e+02
    endloop
  endfacet
  facet normal 6.992869e-01 2.371382e-01 -6.743614e-01
    outer loop
      vertex   3.172056e+01 7.055230e+01 1.661661e+02
      vertex   3.137249e+01 7.172374e+01 1.662171e+02
      vertex   3.206945e+01 7.115617e+01 1.667402e+02
    endloop
  endfacet
  facet normal 6.112658e-01 2.141988e-02 -7.911354e-01
    outer loop
      vertex   3.206945e+01 7.115617e+01 1.667402e+02
      vertex   3.137249e+01 7.172374e+01 1.662171e+02
      vertex   3.177412e+01 7.241893e+01 1.665462e+02
    endloop
  endfacet
  facet normal 5.851925e-01 1.230073e-02 -8.108011e-01
    outer loop
      vertex   3.206945e+01 7.115617e+01 1.667402e+02
      vertex   3.177412e+01 7.241893e+01 1.665462e+02
      vertex   3.249268e+01 7.188875e+01 1.670568e+02
    endloop
  endfacet
  facet normal 4.452782e-01 -2.298853e-01 -8.653786e-01
    outer loop
      vertex   3.249268e+01 7.188875e+01 1.670568e+02
      vertex   3.177412e+01 7.241893e+01 1.665462e+02
      vertex   3.294439e+01 7.267065e+01 1.670815e+02
    endloop
  endfacet
  facet normal 1.636767e-01 -6.343898e-02 -9.844722e-01
    outer loop
      vertex   3.249268e+01 7.188875e+01 1.670568e+02
      vertex   3.294439e+01 7.267065e+01 1.670815e+02
      vertex   3.383366e+01 7.218565e+01 1.672606e+02
    endloop
  endfacet
  facet normal 3.048300e-03 -3.414913e-01 -9.398800e-01
    outer loop
      vertex   3.383366e+01 7.218565e+01 1.672606e+02
      vertex   3.294439e+01 7.267065e+01 1.670815e+02
      vertex   3.429332e+01 7.298134e+01 1.669730e+02
    endloop
  endfacet
  facet normal -2.974361e-01 -1.679012e-01 -9.398622e-01
    outer loop
      vertex   3.383366e+01 7.218565e+01 1.672606e+02
      vertex   3.429332e+01 7.298134e+01 1.669730e+02
      vertex   3.512926e+01 7.240406e+01 1.668116e+02
    endloop
  endfacet
  facet normal -4.421138e-01 -4.183533e-01 -7.934204e-01
    outer loop
      vertex   3.512926e+01 7.240406e+01 1.668116e+02
      vertex   3.429332e+01 7.298134e+01 1.669730e+02
      vertex   3.549329e+01 7.303425e+01 1.662765e+02
    endloop
  endfacet
  facet normal -6.751884e-01 -2.103481e-01 -7.070179e-01
    outer loop
      vertex   3.512926e+01 7.240406e+01 1.668116e+02
      vertex   3.549329e+01 7.303425e+01 1.662765e+02
      vertex   3.589896e+01 7.196252e+01 1.662079e+02
    endloop
  endfacet
  facet normal -7.635947e-01 -2.509826e-01 -5.949209e-01
    outer loop
      vertex   3.589896e+01 7.196252e+01 1.662079e+02
      vertex   3.549329e+01 7.303425e+01 1.662765e+02
      vertex   3.620474e+01 7.249188e+01 1.655921e+02
    endloop
  endfacet
  facet normal -7.752317e-01 -3.857160e-01 -5.002389e-01
    outer loop
      vertex   3.620474e+01 7.249188e+01 1.655921e+02
      vertex   3.549329e+01 7.303425e+01 1.662765e+02
      vertex   3.575067e+01 7.347984e+01 1.655340e+02
    endloop
  endfacet
  facet normal -8.532816e-01 -4.110414e-01 -3.208667e-01
    outer loop
      vertex   3.620474e+01 7.249188e+01 1.655921e+02
      vertex   3.575067e+01 7.347984e+01 1.655340e+02
      vertex   3.636935e+01 7.277690e+01 1.647892e+02
    endloop
  endfacet
  facet normal -8.401658e-01 -4.873339e-01 -2.379643e-01
    outer loop
      vertex   3.636935e+01 7.277690e+01 1.647892e+02
      vertex   3.575067e+01 7.347984e+01 1.655340e+02
      vertex   3.587350e+01 7.369256e+01 1.646647e+02
    endloop
  endfacet
  facet normal -8.795175e-01 -4.758563e-01 3.128124e-03
    outer loop
      vertex   3.636935e+01 7.277690e+01 1.647892e+02
      vertex   3.587350e+01 7.369256e+01 1.646647e+02
      vertex   3.636773e+01 7.277419e+01 1.639215e+02
    endloop
  endfacet
  facet normal -8.628205e-01 -5.032217e-01 4.804793e-02
    outer loop
      vertex   3.636773e+01 7.277419e+01 1.639215e+02
      vertex   3.587350e+01 7.369256e+01 1.646647e+02
      vertex   3.584848e+01 7.364934e+01 1.637628e+02
    endloop
  endfacet
  facet normal -8.381064e-01 -4.383733e-01 3.246639e-01
    outer loop
      vertex   3.636773e+01 7.277419e+01 1.639215e+02
      vertex   3.584848e+01 7.364934e+01 1.637628e+02
      vertex   3.567831e+01 7.335487e+01 1.629259e+02
    endloop
  endfacet
  facet normal -6.066177e-01 -7.032289e-01 3.707885e-01
    outer loop
      vertex   3.567831e+01 7.335487e+01 1.629259e+02
      vertex   3.584848e+01 7.364934e+01 1.637628e+02
      vertex   3.505994e+01 7.430870e+01 1.637232e+02
    endloop
  endfacet
  facet normal -6.066177e-01 -7.032289e-01 3.707885e-01
    outer loop
      vertex   3.567831e+01 7.335487e+01 1.629259e+02
      vertex   3.505994e+01 7.430870e+01 1.637232e+02
      vertex   3.487856e+01 7.399482e+01 1.628312e+02
    endloop
  endfacet
  facet normal -3.061333e-01 -8.768190e-01 3.707707e-01
    outer loop
      vertex   3.487856e+01 7.399482e+01 1.628312e+02
      vertex   3.505994e+01 7.430870e+01 1.637232e+02
      vertex   3.409484e+01 7.466242e+01 1.637629e+02
    endloop
  endfacet
  facet normal -3.061333e-01 -8.768190e-01 3.707707e-01
    outer loop
      vertex   3.487856e+01 7.399482e+01 1.628312e+02
      vertex   3.409484e+01 7.466242e+01 1.637629e+02
      vertex   3.392468e+01 7.436795e+01 1.629260e+02
    endloop
  endfacet
  facet normal 3.894279e-02 -9.450453e-01 3.246119e-01
    outer loop
      vertex   3.392468e+01 7.436795e+01 1.629260e+02
      vertex   3.409484e+01 7.466242e+01 1.637629e+02
      vertex   3.307733e+01 7.467506e+01 1.639217e+02
    endloop
  endfacet
  facet normal 4.791174e-02 -9.422765e-01 3.313903e-01
    outer loop
      vertex   3.392468e+01 7.436795e+01 1.629260e+02
      vertex   3.307733e+01 7.467506e+01 1.639217e+02
      vertex   3.290973e+01 7.438502e+01 1.631213e+02
    endloop
  endfacet
  facet normal 4.474726e-01 -2.620995e-01 -8.550275e-01
    outer loop
      vertex   3.177412e+01 7.241893e+01 1.665462e+02
      vertex   3.220817e+01 7.317027e+01 1.665431e+02
      vertex   3.294439e+01 7.267065e+01 1.670815e+02
    endloop
  endfacet
  facet normal 2.910747e-01 -4.694607e-01 -8.335960e-01
    outer loop
      vertex   3.294439e+01 7.267065e+01 1.670815e+02
      vertex   3.220817e+01 7.317027e+01 1.665431e+02
      vertex   3.337562e+01 7.341714e+01 1.668117e+02
    endloop
  endfacet
  facet normal 3.048300e-03 -3.414913e-01 -9.398800e-01
    outer loop
      vertex   3.294439e+01 7.267065e+01 1.670815e+02
      vertex   3.337562e+01 7.341714e+01 1.668117e+02
      vertex   3.429332e+01 7.298134e+01 1.669730e+02
    endloop
  endfacet
  facet normal -1.416294e-01 -5.919434e-01 -7.934382e-01
    outer loop
      vertex   3.429332e+01 7.298134e+01 1.669730e+02
      vertex   3.337562e+01 7.341714e+01 1.668117e+02
      vertex   3.468134e+01 7.365307e+01 1.664026e+02
    endloop
  endfacet
  facet normal -4.421138e-01 -4.183533e-01 -7.934204e-01
    outer loop
      vertex   3.429332e+01 7.298134e+01 1.669730e+02
      vertex   3.468134e+01 7.365307e+01 1.664026e+02
      vertex   3.549329e+01 7.303425e+01 1.662765e+02
    endloop
  endfacet
  facet normal -5.551627e-01 -6.140646e-01 -5.609982e-01
    outer loop
      vertex   3.549329e+01 7.303425e+01 1.662765e+02
      vertex   3.468134e+01 7.365307e+01 1.664026e+02
      vertex   3.575067e+01 7.347984e+01 1.655340e+02
    endloop
  endfacet
  facet normal 2.959380e-01 -5.488009e-01 -7.818173e-01
    outer loop
      vertex   3.220817e+01 7.317027e+01 1.665431e+02
      vertex   3.260857e+01 7.386339e+01 1.662081e+02
      vertex   3.337562e+01 7.341714e+01 1.668117e+02
    endloop
  endfacet
  facet normal 1.550018e-01 -6.899497e-01 -7.070671e-01
    outer loop
      vertex   3.337562e+01 7.341714e+01 1.668117e+02
      vertex   3.260857e+01 7.386339e+01 1.662081e+02
      vertex   3.373965e+01 7.404733e+01 1.662766e+02
    endloop
  endfacet
  facet normal -1.416294e-01 -5.919434e-01 -7.934382e-01
    outer loop
      vertex   3.337562e+01 7.341714e+01 1.668117e+02
      vertex   3.373965e+01 7.404733e+01 1.662766e+02
      vertex   3.468134e+01 7.365307e+01 1.664026e+02
    endloop
  endfacet
  facet normal -2.546782e-01 -7.876547e-01 -5.610160e-01
    outer loop
      vertex   3.468134e+01 7.365307e+01 1.664026e+02
      vertex   3.373965e+01 7.404733e+01 1.662766e+02
      vertex   3.495568e+01 7.412803e+01 1.656112e+02
    endloop
  endfacet
  facet normal -5.551627e-01 -6.140646e-01 -5.609982e-01
    outer loop
      vertex   3.468134e+01 7.365307e+01 1.664026e+02
      vertex   3.495568e+01 7.412803e+01 1.656112e+02
      vertex   3.575067e+01 7.347984e+01 1.655340e+02
    endloop
  endfacet
  facet normal -6.243321e-01 -7.338270e-01 -2.677822e-01
    outer loop
      vertex   3.575067e+01 7.347984e+01 1.655340e+02
      vertex   3.495568e+01 7.412803e+01 1.656112e+02
      vertex   3.587350e+01 7.369256e+01 1.646647e+02
    endloop
  endfacet
  facet normal 1.639735e-01 -7.868395e-01 -5.949759e-01
    outer loop
      vertex   3.260857e+01 7.386339e+01 1.662081e+02
      vertex   3.291434e+01 7.439275e+01 1.655923e+02
      vertex   3.373965e+01 7.404733e+01 1.662766e+02
    endloop
  endfacet
  facet normal 5.307722e-02 -8.642307e-01 -5.002880e-01
    outer loop
      vertex   3.373965e+01 7.404733e+01 1.662766e+02
      vertex   3.291434e+01 7.439275e+01 1.655923e+02
      vertex   3.399703e+01 7.449292e+01 1.655341e+02
    endloop
  endfacet
  facet normal -2.546782e-01 -7.876547e-01 -5.610160e-01
    outer loop
      vertex   3.373965e+01 7.404733e+01 1.662766e+02
      vertex   3.399703e+01 7.449292e+01 1.655341e+02
      vertex   3.495568e+01 7.412803e+01 1.656112e+02
    endloop
  endfacet
  facet normal -3.238477e-01 -9.074171e-01 -2.678000e-01
    outer loop
      vertex   3.495568e+01 7.412803e+01 1.656112e+02
      vertex   3.399703e+01 7.449292e+01 1.655341e+02
      vertex   3.508661e+01 7.435477e+01 1.646846e+02
    endloop
  endfacet
  facet normal -6.243321e-01 -7.338270e-01 -2.677822e-01
    outer loop
      vertex   3.495568e+01 7.412803e+01 1.656112e+02
      vertex   3.508661e+01 7.435477e+01 1.646846e+02
      vertex   3.587350e+01 7.369256e+01 1.646647e+02
    endloop
  endfacet
  facet normal -6.421266e-01 -7.646622e-01 5.445307e-02
    outer loop
      vertex   3.587350e+01 7.369256e+01 1.646647e+02
      vertex   3.508661e+01 7.435477e+01 1.646846e+02
      vertex   3.584848e+01 7.364934e+01 1.637628e+02
    endloop
  endfacet
  facet normal 7.014343e-02 -9.445048e-01 -3.209214e-01
    outer loop
      vertex   3.291434e+01 7.439275e+01 1.655923e+02
      vertex   3.307895e+01 7.467777e+01 1.647894e+02
      vertex   3.399703e+01 7.449292e+01 1.655341e+02
    endloop
  endfacet
  facet normal -2.492441e-03 -9.712586e-01 -2.380139e-01
    outer loop
      vertex   3.399703e+01 7.449292e+01 1.655341e+02
      vertex   3.307895e+01 7.467777e+01 1.647894e+02
      vertex   3.411986e+01 7.470564e+01 1.646648e+02
    endloop
  endfacet
  facet normal -3.238477e-01 -9.074171e-01 -2.678000e-01
    outer loop
      vertex   3.399703e+01 7.449292e+01 1.655341e+02
      vertex   3.411986e+01 7.470564e+01 1.646648e+02
      vertex   3.508661e+01 7.435477e+01 1.646846e+02
    endloop
  endfacet
  facet normal -3.416421e-01 -9.382523e-01 5.443527e-02
    outer loop
      vertex   3.508661e+01 7.435477e+01 1.646846e+02
      vertex   3.411986e+01 7.470564e+01 1.646648e+02
      vertex   3.505994e+01 7.430870e+01 1.637232e+02
    endloop
  endfacet
  facet normal -6.421266e-01 -7.646622e-01 5.445307e-02
    outer loop
      vertex   3.508661e+01 7.435477e+01 1.646846e+02
      vertex   3.505994e+01 7.430870e+01 1.637232e+02
      vertex   3.584848e+01 7.364934e+01 1.637628e+02
    endloop
  endfacet
  facet normal 2.712979e-02 -9.996272e-01 3.074415e-03
    outer loop
      vertex   3.307895e+01 7.467777e+01 1.647894e+02
      vertex   3.307733e+01 7.467506e+01 1.639217e+02
      vertex   3.411986e+01 7.470564e+01 1.646648e+02
    endloop
  endfacet
  facet normal -4.913407e-03 -9.988354e-01 4.799711e-02
    outer loop
      vertex   3.411986e+01 7.470564e+01 1.646648e+02
      vertex   3.307733e+01 7.467506e+01 1.639217e+02
      vertex   3.409484e+01 7.466242e+01 1.637629e+02
    endloop
  endfacet
  facet normal -3.416421e-01 -9.382523e-01 5.443527e-02
    outer loop
      vertex   3.411986e+01 7.470564e+01 1.646648e+02
      vertex   3.409484e+01 7.466242e+01 1.637629e+02
      vertex   3.505994e+01 7.430870e+01 1.637232e+02
    endloop
  endfacet
  facet normal 9.641816e-02 -8.143525e-01 5.723054e-01
    outer loop
      vertex   3.392468e+01 7.436795e+01 1.629260e+02
      vertex   3.290973e+01 7.438502e+01 1.631213e+02
      vertex   3.362781e+01 7.385415e+01 1.622449e+02
    endloop
  endfacet
  facet normal 1.574820e-01 -7.821650e-01 6.028410e-01
    outer loop
      vertex   3.362781e+01 7.385415e+01 1.622449e+02
      vertex   3.290973e+01 7.438502e+01 1.631213e+02
      vertex   3.260167e+01 7.385183e+01 1.625100e+02
    endloop
  endfacet
  facet normal 1.975120e-01 -6.201236e-01 7.592336e-01
    outer loop
      vertex   3.362781e+01 7.385415e+01 1.622449e+02
      vertex   3.260167e+01 7.385183e+01 1.625100e+02
      vertex   3.323641e+01 7.317668e+01 1.617934e+02
    endloop
  endfacet
  facet normal 3.028007e-01 -5.450793e-01 7.817930e-01
    outer loop
      vertex   3.323641e+01 7.317668e+01 1.617934e+02
      vertex   3.260167e+01 7.385183e+01 1.625100e+02
      vertex   3.220004e+01 7.315664e+01 1.621808e+02
    endloop
  endfacet
  facet normal 3.297257e-01 -3.847669e-01 8.621110e-01
    outer loop
      vertex   3.323641e+01 7.317668e+01 1.617934e+02
      vertex   3.220004e+01 7.315664e+01 1.621808e+02
      vertex   3.279289e+01 7.240897e+01 1.616204e+02
    endloop
  endfacet
  facet normal 4.646708e-01 -2.648887e-01 8.449349e-01
    outer loop
      vertex   3.279289e+01 7.240897e+01 1.616204e+02
      vertex   3.220004e+01 7.315664e+01 1.621808e+02
      vertex   3.176599e+01 7.240529e+01 1.621840e+02
    endloop
  endfacet
  facet normal 4.770122e-01 -1.363200e-01 8.682604e-01
    outer loop
      vertex   3.279289e+01 7.240897e+01 1.616204e+02
      vertex   3.176599e+01 7.240529e+01 1.621840e+02
      vertex   3.234532e+01 7.163421e+01 1.617446e+02
    endloop
  endfacet
  facet normal 6.209201e-01 2.002776e-02 7.836180e-01
    outer loop
      vertex   3.234532e+01 7.163421e+01 1.617446e+02
      vertex   3.176599e+01 7.240529e+01 1.621840e+02
      vertex   3.136560e+01 7.171218e+01 1.625190e+02
    endloop
  endfacet
  facet normal 6.218999e-01 9.523524e-02 7.772842e-01
    outer loop
      vertex   3.234532e+01 7.163421e+01 1.617446e+02
      vertex   3.136560e+01 7.171218e+01 1.625190e+02
      vertex   3.194219e+01 7.093635e+01 1.621527e+02
    endloop
  endfacet
  facet normal 7.488418e-01 2.710052e-01 6.048076e-01
    outer loop
      vertex   3.194219e+01 7.093635e+01 1.621527e+02
      vertex   3.136560e+01 7.171218e+01 1.625190e+02
      vertex   3.105982e+01 7.118282e+01 1.631347e+02
    endloop
  endfacet
  facet normal -5.896371e-02 9.444892e-01 3.232080e-01
    outer loop
      vertex   3.435022e+01 6.928196e+01 1.631346e+02
      vertex   3.318810e+01 6.904424e+01 1.636172e+02
      vertex   3.418561e+01 6.899694e+01 1.639374e+02
    endloop
  endfacet
  facet normal 1.633468e-02 9.952340e-01 9.613762e-02
    outer loop
      vertex   3.418561e+01 6.899694e+01 1.639374e+02
      vertex   3.318810e+01 6.904424e+01 1.636172e+02
      vertex   3.313852e+01 6.895832e+01 1.645151e+02
    endloop
  endfacet
  facet normal -3.853479e-02 9.992526e-01 -3.051971e-03
    outer loop
      vertex   3.418561e+01 6.899694e+01 1.639374e+02
      vertex   3.313852e+01 6.895832e+01 1.645151e+02
      vertex   3.418723e+01 6.899965e+01 1.648051e+02
    endloop
  endfacet
  facet normal 1.448459e-02 9.812512e-01 -1.921881e-01
    outer loop
      vertex   3.418723e+01 6.899965e+01 1.648051e+02
      vertex   3.313852e+01 6.895832e+01 1.645151e+02
      vertex   3.323746e+01 6.912950e+01 1.653965e+02
    endloop
  endfacet
  facet normal -7.412070e-02 9.424692e-01 -3.259724e-01
    outer loop
      vertex   3.418723e+01 6.899965e+01 1.648051e+02
      vertex   3.323746e+01 6.912950e+01 1.653965e+02
      vertex   3.435483e+01 6.928968e+01 1.656056e+02
    endloop
  endfacet
  facet normal -4.116560e-02 8.871198e-01 -4.596997e-01
    outer loop
      vertex   3.435483e+01 6.928968e+01 1.656056e+02
      vertex   3.323746e+01 6.912950e+01 1.653965e+02
      vertex   3.347420e+01 6.953922e+01 1.661660e+02
    endloop
  endfacet
  facet normal -1.609823e-01 7.825511e-01 -6.014138e-01
    outer loop
      vertex   3.435483e+01 6.928968e+01 1.656056e+02
      vertex   3.347420e+01 6.953922e+01 1.661660e+02
      vertex   3.466289e+01 6.982288e+01 1.662169e+02
    endloop
  endfacet
  facet normal -1.439549e-01 7.242797e-01 -6.743115e-01
    outer loop
      vertex   3.466289e+01 6.982288e+01 1.662169e+02
      vertex   3.347420e+01 6.953922e+01 1.661660e+02
      vertex   3.382309e+01 7.014309e+01 1.667401e+02
    endloop
  endfacet
  facet normal -2.868690e-01 5.402731e-01 -7.910822e-01
    outer loop
      vertex   3.466289e+01 6.982288e+01 1.662169e+02
      vertex   3.382309e+01 7.014309e+01 1.667401e+02
      vertex   3.506452e+01 7.051807e+01 1.665460e+02
    endloop
  endfacet
  facet normal -2.817458e-01 5.131317e-01 -8.107498e-01
    outer loop
      vertex   3.506452e+01 7.051807e+01 1.665460e+02
      vertex   3.382309e+01 7.014309e+01 1.667401e+02
      vertex   3.424632e+01 7.087567e+01 1.670567e+02
    endloop
  endfacet
  facet normal -4.216601e-01 2.709457e-01 -8.653272e-01
    outer loop
      vertex   3.506452e+01 7.051807e+01 1.665460e+02
      vertex   3.424632e+01 7.087567e+01 1.670567e+02
      vertex   3.469803e+01 7.165757e+01 1.670814e+02
    endloop
  endfacet
  facet normal -1.368077e-01 1.101511e-01 -9.844544e-01
    outer loop
      vertex   3.469803e+01 7.165757e+01 1.670814e+02
      vertex   3.424632e+01 7.087567e+01 1.670567e+02
      vertex   3.335218e+01 7.135221e+01 1.672343e+02
    endloop
  endfacet
  facet normal -1.368077e-01 1.101511e-01 -9.844544e-01
    outer loop
      vertex   3.469803e+01 7.165757e+01 1.670814e+02
      vertex   3.335218e+01 7.135221e+01 1.672343e+02
      vertex   3.383366e+01 7.218565e+01 1.672606e+02
    endloop
  endfacet
  facet normal 1.636767e-01 -6.343898e-02 -9.844722e-01
    outer loop
      vertex   3.383366e+01 7.218565e+01 1.672606e+02
      vertex   3.335218e+01 7.135221e+01 1.672343e+02
      vertex   3.249268e+01 7.188875e+01 1.670568e+02
    endloop
  endfacet
  facet normal -2.280965e-01 5.862789e-01 7.773346e-01
    outer loop
      vertex   3.369583e+01 6.992327e+01 1.621526e+02
      vertex   3.465599e+01 6.981132e+01 1.625188e+02
      vertex   3.409896e+01 7.062113e+01 1.617445e+02
    endloop
  endfacet
  facet normal -2.927579e-01 5.478603e-01 7.836721e-01
    outer loop
      vertex   3.409896e+01 7.062113e+01 1.617445e+02
      vertex   3.465599e+01 6.981132e+01 1.625188e+02
      vertex   3.505638e+01 7.050443e+01 1.621838e+02
    endloop
  endfacet
  facet normal -3.563042e-01 3.450875e-01 8.683098e-01
    outer loop
      vertex   3.409896e+01 7.062113e+01 1.617445e+02
      vertex   3.505638e+01 7.050443e+01 1.621838e+02
      vertex   3.454653e+01 7.139589e+01 1.616203e+02
    endloop
  endfacet
  facet normal -4.615187e-01 2.701717e-01 8.449898e-01
    outer loop
      vertex   3.454653e+01 7.139589e+01 1.616203e+02
      vertex   3.505638e+01 7.050443e+01 1.621838e+02
      vertex   3.549044e+01 7.125577e+01 1.621806e+02
    endloop
  endfacet
  facet normal -4.979552e-01 9.338498e-02 8.621600e-01
    outer loop
      vertex   3.454653e+01 7.139589e+01 1.616203e+02
      vertex   3.549044e+01 7.125577e+01 1.621806e+02
      vertex   3.499005e+01 7.216360e+01 1.617933e+02
    endloop
  endfacet
  facet normal -6.233887e-01 -1.001889e-02 7.818479e-01
    outer loop
      vertex   3.499005e+01 7.216360e+01 1.617933e+02
      vertex   3.549044e+01 7.125577e+01 1.621806e+02
      vertex   3.589207e+01 7.195096e+01 1.625098e+02
    endloop
  endfacet
  facet normal -6.358044e-01 -1.387161e-01 7.592830e-01
    outer loop
      vertex   3.499005e+01 7.216360e+01 1.617933e+02
      vertex   3.589207e+01 7.195096e+01 1.625098e+02
      vertex   3.538145e+01 7.284107e+01 1.622448e+02
    endloop
  endfacet
  facet normal -7.561960e-01 -2.543325e-01 6.028951e-01
    outer loop
      vertex   3.538145e+01 7.284107e+01 1.622448e+02
      vertex   3.589207e+01 7.195096e+01 1.625098e+02
      vertex   3.620013e+01 7.248416e+01 1.631211e+02
    endloop
  endfacet
  facet normal -7.535783e-01 -3.233089e-01 5.723558e-01
    outer loop
      vertex   3.538145e+01 7.284107e+01 1.622448e+02
      vertex   3.620013e+01 7.248416e+01 1.631211e+02
      vertex   3.567831e+01 7.335487e+01 1.629259e+02
    endloop
  endfacet
  facet normal -8.401876e-01 -4.292208e-01 3.314429e-01
    outer loop
      vertex   3.567831e+01 7.335487e+01 1.629259e+02
      vertex   3.620013e+01 7.248416e+01 1.631211e+02
      vertex   3.636773e+01 7.277419e+01 1.639215e+02
    endloop
  endfacet
  facet normal -6.233234e-01 -1.774285e-02 -7.817628e-01
    outer loop
      vertex   3.589896e+01 7.196252e+01 1.662079e+02
      vertex   3.549857e+01 7.126941e+01 1.665429e+02
      vertex   3.512926e+01 7.240406e+01 1.668116e+02
    endloop
  endfacet
  facet normal -5.521670e-01 1.768079e-02 -8.335460e-01
    outer loop
      vertex   3.512926e+01 7.240406e+01 1.668116e+02
      vertex   3.549857e+01 7.126941e+01 1.665429e+02
      vertex   3.469803e+01 7.165757e+01 1.670814e+02
    endloop
  endfacet
  facet normal -2.974361e-01 -1.679012e-01 -9.398622e-01
    outer loop
      vertex   3.512926e+01 7.240406e+01 1.668116e+02
      vertex   3.469803e+01 7.165757e+01 1.670814e+02
      vertex   3.383366e+01 7.218565e+01 1.672606e+02
    endloop
  endfacet
  facet normal -4.506622e-01 2.567537e-01 -8.549743e-01
    outer loop
      vertex   3.549857e+01 7.126941e+01 1.665429e+02
      vertex   3.506452e+01 7.051807e+01 1.665460e+02
      vertex   3.469803e+01 7.165757e+01 1.670814e+02
    endloop
  endfacet
  facet normal 3.228493e-01 2.120824e-01 -9.223825e-01
    outer loop
      vertex   3.249268e+01 7.188875e+01 1.670568e+02
      vertex   3.335218e+01 7.135221e+01 1.672343e+02
      vertex   3.206945e+01 7.115617e+01 1.667402e+02
    endloop
  endfacet
  facet normal 3.228493e-01 2.120824e-01 -9.223825e-01
    outer loop
      vertex   3.206945e+01 7.115617e+01 1.667402e+02
      vertex   3.335218e+01 7.135221e+01 1.672343e+02
      vertex   3.290106e+01 7.057135e+01 1.668968e+02
    endloop
  endfacet
  facet normal 4.633172e-01 4.552157e-01 -7.603393e-01
    outer loop
      vertex   3.206945e+01 7.115617e+01 1.667402e+02
      vertex   3.290106e+01 7.057135e+01 1.668968e+02
      vertex   3.172056e+01 7.055230e+01 1.661661e+02
    endloop
  endfacet
  facet normal 4.633172e-01 4.552157e-01 -7.603393e-01
    outer loop
      vertex   3.172056e+01 7.055230e+01 1.661661e+02
      vertex   3.290106e+01 7.057135e+01 1.668968e+02
      vertex   3.252917e+01 6.992767e+01 1.662849e+02
    endloop
  endfacet
  facet normal 5.698586e-01 6.396138e-01 -5.159025e-01
    outer loop
      vertex   3.172056e+01 7.055230e+01 1.661661e+02
      vertex   3.252917e+01 6.992767e+01 1.662849e+02
      vertex   3.148382e+01 7.014258e+01 1.653966e+02
    endloop
  endfacet
  facet normal 5.698586e-01 6.396138e-01 -5.159025e-01
    outer loop
      vertex   3.148382e+01 7.014258e+01 1.653966e+02
      vertex   3.252917e+01 6.992767e+01 1.662849e+02
      vertex   3.227682e+01 6.949094e+01 1.654647e+02
    endloop
  endfacet
  facet normal 6.309281e-01 7.452942e-01 -2.155606e-01
    outer loop
      vertex   3.148382e+01 7.014258e+01 1.653966e+02
      vertex   3.227682e+01 6.949094e+01 1.654647e+02
      vertex   3.138488e+01 6.997140e+01 1.645152e+02
    endloop
  endfacet
  facet normal 6.309281e-01 7.452942e-01 -2.155606e-01
    outer loop
      vertex   3.138488e+01 6.997140e+01 1.645152e+02
      vertex   3.227682e+01 6.949094e+01 1.654647e+02
      vertex   3.217136e+01 6.930848e+01 1.645251e+02
    endloop
  endfacet
  facet normal 6.399077e-01 7.608048e-01 1.081396e-01
    outer loop
      vertex   3.138488e+01 6.997140e+01 1.645152e+02
      vertex   3.217136e+01 6.930848e+01 1.645251e+02
      vertex   3.143446e+01 7.005732e+01 1.636173e+02
    endloop
  endfacet
  facet normal 6.399077e-01 7.608048e-01 1.081396e-01
    outer loop
      vertex   3.143446e+01 7.005732e+01 1.636173e+02
      vertex   3.217136e+01 6.930848e+01 1.645251e+02
      vertex   3.222421e+01 6.940006e+01 1.635681e+02
    endloop
  endfacet
  facet normal 5.958246e-01 6.844648e-01 4.201203e-01
    outer loop
      vertex   3.143446e+01 7.005732e+01 1.636173e+02
      vertex   3.222421e+01 6.940006e+01 1.635681e+02
      vertex   3.162719e+01 7.039102e+01 1.628003e+02
    endloop
  endfacet
  facet normal 5.958246e-01 6.844648e-01 4.201203e-01
    outer loop
      vertex   3.162719e+01 7.039102e+01 1.628003e+02
      vertex   3.222421e+01 6.940006e+01 1.635681e+02
      vertex   3.242965e+01 6.975576e+01 1.626972e+02
    endloop
  endfacet
  facet normal 2.236487e-02 3.856725e-01 -9.223647e-01
    outer loop
      vertex   3.335218e+01 7.135221e+01 1.672343e+02
      vertex   3.424632e+01 7.087567e+01 1.670567e+02
      vertex   3.290106e+01 7.057135e+01 1.668968e+02
    endloop
  endfacet
  facet normal 2.236487e-02 3.856725e-01 -9.223647e-01
    outer loop
      vertex   3.290106e+01 7.057135e+01 1.668968e+02
      vertex   3.424632e+01 7.087567e+01 1.670567e+02
      vertex   3.382309e+01 7.014309e+01 1.667401e+02
    endloop
  endfacet
  facet normal 1.628328e-01 6.288058e-01 -7.603215e-01
    outer loop
      vertex   3.290106e+01 7.057135e+01 1.668968e+02
      vertex   3.382309e+01 7.014309e+01 1.667401e+02
      vertex   3.252917e+01 6.992767e+01 1.662849e+02
    endloop
  endfacet
  facet normal 1.628328e-01 6.288058e-01 -7.603215e-01
    outer loop
      vertex   3.252917e+01 6.992767e+01 1.662849e+02
      vertex   3.382309e+01 7.014309e+01 1.667401e+02
      vertex   3.347420e+01 6.953922e+01 1.661660e+02
    endloop
  endfacet
  facet normal 2.693742e-01 8.132039e-01 -5.158847e-01
    outer loop
      vertex   3.252917e+01 6.992767e+01 1.662849e+02
      vertex   3.347420e+01 6.953922e+01 1.661660e+02
      vertex   3.227682e+01 6.949094e+01 1.654647e+02
    endloop
  endfacet
  facet normal 2.693742e-01 8.132039e-01 -5.158847e-01
    outer loop
      vertex   3.227682e+01 6.949094e+01 1.654647e+02
      vertex   3.347420e+01 6.953922e+01 1.661660e+02
      vertex   3.323746e+01 6.912950e+01 1.653965e+02
    endloop
  endfacet
  facet normal 3.304436e-01 9.188843e-01 -2.155428e-01
    outer loop
      vertex   3.227682e+01 6.949094e+01 1.654647e+02
      vertex   3.323746e+01 6.912950e+01 1.653965e+02
      vertex   3.217136e+01 6.930848e+01 1.645251e+02
    endloop
  endfacet
  facet normal 3.304436e-01 9.188843e-01 -2.155428e-01
    outer loop
      vertex   3.217136e+01 6.930848e+01 1.645251e+02
      vertex   3.323746e+01 6.912950e+01 1.653965e+02
      vertex   3.313852e+01 6.895832e+01 1.645151e+02
    endloop
  endfacet
  facet normal 3.394233e-01 9.343949e-01 1.081574e-01
    outer loop
      vertex   3.217136e+01 6.930848e+01 1.645251e+02
      vertex   3.313852e+01 6.895832e+01 1.645151e+02
      vertex   3.222421e+01 6.940006e+01 1.635681e+02
    endloop
  endfacet
  facet normal 3.394233e-01 9.343949e-01 1.081574e-01
    outer loop
      vertex   3.222421e+01 6.940006e+01 1.635681e+02
      vertex   3.313852e+01 6.895832e+01 1.645151e+02
      vertex   3.318810e+01 6.904424e+01 1.636172e+02
    endloop
  endfacet
  facet normal 2.953401e-01 8.580549e-01 4.201381e-01
    outer loop
      vertex   3.222421e+01 6.940006e+01 1.635681e+02
      vertex   3.318810e+01 6.904424e+01 1.636172e+02
      vertex   3.242965e+01 6.975576e+01 1.626972e+02
    endloop
  endfacet
  facet normal 2.953401e-01 8.580549e-01 4.201381e-01
    outer loop
      vertex   3.242965e+01 6.975576e+01 1.626972e+02
      vertex   3.318810e+01 6.904424e+01 1.636172e+02
      vertex   3.338083e+01 6.937794e+01 1.628002e+02
    endloop
  endfacet
  facet normal -2.211691e-01 -7.297742e-01 6.469264e-01
    outer loop
      vertex   3.487856e+01 7.399482e+01 1.628312e+02
      vertex   3.392468e+01 7.436795e+01 1.629260e+02
      vertex   3.456213e+01 7.344715e+01 1.621052e+02
    endloop
  endfacet
  facet normal -2.211691e-01 -7.297742e-01 6.469264e-01
    outer loop
      vertex   3.456213e+01 7.344715e+01 1.621052e+02
      vertex   3.392468e+01 7.436795e+01 1.629260e+02
      vertex   3.362781e+01 7.385415e+01 1.622449e+02
    endloop
  endfacet
  facet normal -9.595666e-02 -5.130527e-01 8.529767e-01
    outer loop
      vertex   3.456213e+01 7.344715e+01 1.621052e+02
      vertex   3.362781e+01 7.385415e+01 1.622449e+02
      vertex   3.414493e+01 7.272503e+01 1.616239e+02
    endloop
  endfacet
  facet normal -9.595666e-02 -5.130527e-01 8.529767e-01
    outer loop
      vertex   3.414493e+01 7.272503e+01 1.616239e+02
      vertex   3.362781e+01 7.385415e+01 1.622449e+02
      vertex   3.323641e+01 7.317668e+01 1.617934e+02
    endloop
  endfacet
  facet normal 5.593520e-02 -2.501396e-01 9.665927e-01
    outer loop
      vertex   3.414493e+01 7.272503e+01 1.616239e+02
      vertex   3.323641e+01 7.317668e+01 1.617934e+02
      vertex   3.367218e+01 7.190672e+01 1.614395e+02
    endloop
  endfacet
  facet normal 5.593520e-02 -2.501396e-01 9.665927e-01
    outer loop
      vertex   3.367218e+01 7.190672e+01 1.614395e+02
      vertex   3.323641e+01 7.317668e+01 1.617934e+02
      vertex   3.279289e+01 7.240897e+01 1.616204e+02
    endloop
  endfacet
  facet normal 2.180467e-01 3.047445e-02 9.754624e-01
    outer loop
      vertex   3.367218e+01 7.190672e+01 1.614395e+02
      vertex   3.279289e+01 7.240897e+01 1.616204e+02
      vertex   3.319511e+01 7.108089e+01 1.615720e+02
    endloop
  endfacet
  facet normal 2.180467e-01 3.047445e-02 9.754624e-01
    outer loop
      vertex   3.319511e+01 7.108089e+01 1.615720e+02
      vertex   3.279289e+01 7.240897e+01 1.616204e+02
      vertex   3.234532e+01 7.163421e+01 1.617446e+02
    endloop
  endfacet
  facet normal 3.728105e-01 2.983805e-01 8.786247e-01
    outer loop
      vertex   3.319511e+01 7.108089e+01 1.615720e+02
      vertex   3.234532e+01 7.163421e+01 1.617446e+02
      vertex   3.276541e+01 7.033704e+01 1.620069e+02
    endloop
  endfacet
  facet normal 3.728105e-01 2.983805e-01 8.786247e-01
    outer loop
      vertex   3.276541e+01 7.033704e+01 1.620069e+02
      vertex   3.234532e+01 7.163421e+01 1.617446e+02
      vertex   3.194219e+01 7.093635e+01 1.621527e+02
    endloop
  endfacet
  facet normal -5.216535e-01 -5.561841e-01 6.469442e-01
    outer loop
      vertex   3.567831e+01 7.335487e+01 1.629259e+02
      vertex   3.487856e+01 7.399482e+01 1.628312e+02
      vertex   3.538145e+01 7.284107e+01 1.622448e+02
    endloop
  endfacet
  facet normal -5.216535e-01 -5.561841e-01 6.469442e-01
    outer loop
      vertex   3.538145e+01 7.284107e+01 1.622448e+02
      vertex   3.487856e+01 7.399482e+01 1.628312e+02
      vertex   3.456213e+01 7.344715e+01 1.621052e+02
    endloop
  endfacet
  facet normal -3.964411e-01 -3.394626e-01 8.529945e-01
    outer loop
      vertex   3.538145e+01 7.284107e+01 1.622448e+02
      vertex   3.456213e+01 7.344715e+01 1.621052e+02
      vertex   3.499005e+01 7.216360e+01 1.617933e+02
    endloop
  endfacet
  facet normal -3.964411e-01 -3.394626e-01 8.529945e-01
    outer loop
      vertex   3.499005e+01 7.216360e+01 1.617933e+02
      vertex   3.456213e+01 7.344715e+01 1.621052e+02
      vertex   3.414493e+01 7.272503e+01 1.616239e+02
    endloop
  endfacet
  facet normal -2.445492e-01 -7.654949e-02 9.666105e-01
    outer loop
      vertex   3.499005e+01 7.216360e+01 1.617933e+02
      vertex   3.414493e+01 7.272503e+01 1.616239e+02
      vertex   3.454653e+01 7.139589e+01 1.616203e+02
    endloop
  endfacet
  facet normal -2.445492e-01 -7.654949e-02 9.666105e-01
    outer loop
      vertex   3.454653e+01 7.139589e+01 1.616203e+02
      vertex   3.414493e+01 7.272503e+01 1.616239e+02
      vertex   3.367218e+01 7.190672e+01 1.614395e+02
    endloop
  endfacet
  facet normal -8.243775e-02 2.040646e-01 9.754802e-01
    outer loop
      vertex   3.454653e+01 7.139589e+01 1.616203e+02
      vertex   3.367218e+01 7.190672e+01 1.614395e+02
      vertex   3.409896e+01 7.062113e+01 1.617445e+02
    endloop
  endfacet
  facet normal -8.243775e-02 2.040646e-01 9.754802e-01
    outer loop
      vertex   3.409896e+01 7.062113e+01 1.617445e+02
      vertex   3.367218e+01 7.190672e+01 1.614395e+02
      vertex   3.319511e+01 7.108089e+01 1.615720e+02
    endloop
  endfacet
  facet normal 7.232608e-02 4.719706e-01 8.786425e-01
    outer loop
      vertex   3.409896e+01 7.062113e+01 1.617445e+02
      vertex   3.319511e+01 7.108089e+01 1.615720e+02
      vertex   3.369583e+01 6.992327e+01 1.621526e+02
    endloop
  endfacet
  facet normal 7.232608e-02 4.719706e-01 8.786425e-01
    outer loop
      vertex   3.369583e+01 6.992327e+01 1.621526e+02
      vertex   3.319511e+01 7.108089e+01 1.615720e+02
      vertex   3.276541e+01 7.033704e+01 1.620069e+02
    endloop
  endfacet
  facet normal -3.592732e-02 9.280972e-01 3.706007e-01
    outer loop
      vertex   3.318810e+01 6.904424e+01 1.636172e+02
      vertex   3.435022e+01 6.928196e+01 1.631346e+02
      vertex   3.338083e+01 6.937794e+01 1.628002e+02
    endloop
  endfacet
  facet normal 1.550584e-01 8.951153e-01 -4.180018e-01
    outer loop
      vertex   3.391402e+01 7.612357e+01 1.618043e+02
      vertex   3.417922e+01 7.658252e+01 1.628855e+02
      vertex   3.489398e+01 7.598774e+01 1.618770e+02
    endloop
  endfacet
  facet normal 2.242160e-01 9.006432e-01 -3.722485e-01
    outer loop
      vertex   3.489398e+01 7.598774e+01 1.618770e+02
      vertex   3.417922e+01 7.658252e+01 1.628855e+02
      vertex   3.542126e+01 7.622932e+01 1.627791e+02
    endloop
  endfacet
  facet normal 3.574577e-01 8.286132e-01 -4.308411e-01
    outer loop
      vertex   3.489398e+01 7.598774e+01 1.618770e+02
      vertex   3.542126e+01 7.622932e+01 1.627791e+02
      vertex   3.580917e+01 7.560580e+01 1.619017e+02
    endloop
  endfacet
  facet normal 4.653543e-01 8.055659e-01 -3.667546e-01
    outer loop
      vertex   3.580917e+01 7.560580e+01 1.619017e+02
      vertex   3.542126e+01 7.622932e+01 1.627791e+02
      vertex   3.654317e+01 7.558119e+01 1.627790e+02
    endloop
  endfacet
  facet normal 5.392135e-01 7.236128e-01 -4.308519e-01
    outer loop
      vertex   3.580917e+01 7.560580e+01 1.619017e+02
      vertex   3.654317e+01 7.558119e+01 1.627790e+02
      vertex   3.659722e+01 7.500378e+01 1.618769e+02
    endloop
  endfacet
  facet normal 6.681776e-01 6.441663e-01 -3.722748e-01
    outer loop
      vertex   3.659722e+01 7.500378e+01 1.618769e+02
      vertex   3.654317e+01 7.558119e+01 1.627790e+02
      vertex   3.746961e+01 7.468166e+01 1.628853e+02
    endloop
  endfacet
  facet normal 6.979321e-01 5.814967e-01 -4.180339e-01
    outer loop
      vertex   3.659722e+01 7.500378e+01 1.618769e+02
      vertex   3.746961e+01 7.468166e+01 1.628853e+02
      vertex   3.720441e+01 7.422270e+01 1.618041e+02
    endloop
  endfacet
  facet normal 2.538317e-01 9.489807e-01 -1.870963e-01
    outer loop
      vertex   3.542126e+01 7.622932e+01 1.627791e+02
      vertex   3.417922e+01 7.658252e+01 1.628855e+02
      vertex   3.554626e+01 7.644556e+01 1.640455e+02
    endloop
  endfacet
  facet normal 2.538317e-01 9.489807e-01 -1.870963e-01
    outer loop
      vertex   3.554626e+01 7.644556e+01 1.640455e+02
      vertex   3.417922e+01 7.658252e+01 1.628855e+02
      vertex   3.429582e+01 7.678425e+01 1.640669e+02
    endloop
  endfacet
  facet normal 2.619200e-01 9.629557e-01 6.414177e-02
    outer loop
      vertex   3.554626e+01 7.644556e+01 1.640455e+02
      vertex   3.429582e+01 7.678425e+01 1.640669e+02
      vertex   3.550349e+01 7.637140e+01 1.653335e+02
    endloop
  endfacet
  facet normal 2.619200e-01 9.629557e-01 6.414177e-02
    outer loop
      vertex   3.550349e+01 7.637140e+01 1.653335e+02
      vertex   3.429582e+01 7.678425e+01 1.640669e+02
      vertex   3.425593e+01 7.671507e+01 1.652684e+02
    endloop
  endfacet
  facet normal 2.372920e-01 9.202994e-01 3.110329e-01
    outer loop
      vertex   3.550349e+01 7.637140e+01 1.653335e+02
      vertex   3.425593e+01 7.671507e+01 1.652684e+02
      vertex   3.529586e+01 7.601187e+01 1.665557e+02
    endloop
  endfacet
  facet normal 2.372920e-01 9.202994e-01 3.110329e-01
    outer loop
      vertex   3.529586e+01 7.601187e+01 1.665557e+02
      vertex   3.425593e+01 7.671507e+01 1.652684e+02
      vertex   3.406224e+01 7.637968e+01 1.664085e+02
    endloop
  endfacet
  facet normal 1.816173e-01 8.239033e-01 5.368412e-01
    outer loop
      vertex   3.529586e+01 7.601187e+01 1.665557e+02
      vertex   3.406224e+01 7.637968e+01 1.664085e+02
      vertex   3.493744e+01 7.539132e+01 1.676293e+02
    endloop
  endfacet
  facet normal 1.816173e-01 8.239033e-01 5.368412e-01
    outer loop
      vertex   3.493744e+01 7.539132e+01 1.676293e+02
      vertex   3.406224e+01 7.637968e+01 1.664085e+02
      vertex   3.372788e+01 7.580080e+01 1.674101e+02
    endloop
  endfacet
  facet normal 9.866968e-02 6.803017e-01 7.262603e-01
    outer loop
      vertex   3.493744e+01 7.539132e+01 1.676293e+02
      vertex   3.372788e+01 7.580080e+01 1.674101e+02
      vertex   3.445252e+01 7.455184e+01 1.684815e+02
    endloop
  endfacet
  facet normal 9.866968e-02 6.803017e-01 7.262603e-01
    outer loop
      vertex   3.445252e+01 7.455184e+01 1.684815e+02
      vertex   3.372788e+01 7.580080e+01 1.674101e+02
      vertex   3.327553e+01 7.501769e+01 1.682051e+02
    endloop
  endfacet
  facet normal -5.928058e-03 4.992286e-01 8.664500e-01
    outer loop
      vertex   3.445252e+01 7.455184e+01 1.684815e+02
      vertex   3.327553e+01 7.501769e+01 1.682051e+02
      vertex   3.387397e+01 7.355032e+01 1.690546e+02
    endloop
  endfacet
  facet normal -5.928058e-03 4.992286e-01 8.664500e-01
    outer loop
      vertex   3.387397e+01 7.355032e+01 1.690546e+02
      vertex   3.327553e+01 7.501769e+01 1.682051e+02
      vertex   3.273583e+01 7.408342e+01 1.687397e+02
    endloop
  endfacet
  facet normal -1.250857e-01 2.929584e-01 9.479077e-01
    outer loop
      vertex   3.387397e+01 7.355032e+01 1.690546e+02
      vertex   3.273583e+01 7.408342e+01 1.687397e+02
      vertex   3.324102e+01 7.245465e+01 1.693097e+02
    endloop
  endfacet
  facet normal -1.250857e-01 2.929584e-01 9.479077e-01
    outer loop
      vertex   3.324102e+01 7.245465e+01 1.693097e+02
      vertex   3.273583e+01 7.408342e+01 1.687397e+02
      vertex   3.214538e+01 7.306133e+01 1.689776e+02
    endloop
  endfacet
  facet normal -2.507261e-01 7.547313e-02 9.651115e-01
    outer loop
      vertex   3.324102e+01 7.245465e+01 1.693097e+02
      vertex   3.214538e+01 7.306133e+01 1.689776e+02
      vertex   3.259656e+01 7.133911e+01 1.692295e+02
    endloop
  endfacet
  facet normal -2.507261e-01 7.547313e-02 9.651115e-01
    outer loop
      vertex   3.259656e+01 7.133911e+01 1.692295e+02
      vertex   3.214538e+01 7.306133e+01 1.689776e+02
      vertex   3.154420e+01 7.202069e+01 1.689028e+02
    endloop
  endfacet
  facet normal -3.743326e-01 -1.384847e-01 9.168954e-01
    outer loop
      vertex   3.259656e+01 7.133911e+01 1.692295e+02
      vertex   3.154420e+01 7.202069e+01 1.689028e+02
      vertex   3.198429e+01 7.027930e+01 1.688195e+02
    endloop
  endfacet
  facet normal -3.743326e-01 -1.384847e-01 9.168954e-01
    outer loop
      vertex   3.198429e+01 7.027930e+01 1.688195e+02
      vertex   3.154420e+01 7.202069e+01 1.689028e+02
      vertex   3.097304e+01 7.103205e+01 1.685203e+02
    endloop
  endfacet
  facet normal -4.875264e-01 -3.344118e-01 8.065276e-01
    outer loop
      vertex   3.198429e+01 7.027930e+01 1.688195e+02
      vertex   3.097304e+01 7.103205e+01 1.685203e+02
      vertex   3.144570e+01 6.934708e+01 1.681074e+02
    endloop
  endfacet
  facet normal -4.875264e-01 -3.344118e-01 8.065276e-01
    outer loop
      vertex   3.144570e+01 6.934708e+01 1.681074e+02
      vertex   3.097304e+01 7.103205e+01 1.685203e+02
      vertex   3.047062e+01 7.016243e+01 1.678561e+02
    endloop
  endfacet
  facet normal -5.826345e-01 -4.990271e-01 6.414896e-01
    outer loop
      vertex   3.144570e+01 6.934708e+01 1.681074e+02
      vertex   3.047062e+01 7.016243e+01 1.678561e+02
      vertex   3.101730e+01 6.860563e+01 1.671415e+02
    endloop
  endfacet
  facet normal -5.826345e-01 -4.990271e-01 6.414896e-01
    outer loop
      vertex   3.101730e+01 6.860563e+01 1.671415e+02
      vertex   3.047062e+01 7.016243e+01 1.678561e+02
      vertex   3.007099e+01 6.947077e+01 1.669550e+02
    endloop
  endfacet
  facet normal -6.532101e-01 -6.211721e-01 4.329686e-01
    outer loop
      vertex   3.101730e+01 6.860563e+01 1.671415e+02
      vertex   3.007099e+01 6.947077e+01 1.669550e+02
      vertex   3.072814e+01 6.810521e+01 1.659873e+02
    endloop
  endfacet
  facet normal -6.532101e-01 -6.211721e-01 4.329686e-01
    outer loop
      vertex   3.072814e+01 6.810521e+01 1.659873e+02
      vertex   3.007099e+01 6.947077e+01 1.669550e+02
      vertex   2.980125e+01 6.900395e+01 1.658784e+02
    endloop
  endfacet
  facet normal -6.944691e-01 -6.925669e-01 1.950994e-01
    outer loop
      vertex   3.072814e+01 6.810521e+01 1.659873e+02
      vertex   2.980125e+01 6.900395e+01 1.658784e+02
      vertex   3.059782e+01 6.787974e+01 1.647231e+02
    endloop
  endfacet
  facet normal -6.944691e-01 -6.925669e-01 1.950994e-01
    outer loop
      vertex   3.059782e+01 6.787974e+01 1.647231e+02
      vertex   2.980125e+01 6.900395e+01 1.658784e+02
      vertex   2.967967e+01 6.879362e+01 1.646990e+02
    endloop
  endfacet
  facet normal -7.036146e-01 -7.083721e-01 -5.599398e-02
    outer loop
      vertex   3.059782e+01 6.787974e+01 1.647231e+02
      vertex   2.967967e+01 6.879362e+01 1.646990e+02
      vertex   3.063516e+01 6.794451e+01 1.634344e+02
    endloop
  endfacet
  facet normal -7.036146e-01 -7.083721e-01 -5.599398e-02
    outer loop
      vertex   3.063516e+01 6.794451e+01 1.634344e+02
      vertex   2.967967e+01 6.879362e+01 1.646990e+02
      vertex   2.971450e+01 6.885405e+01 1.634969e+02
    endloop
  endfacet
  facet normal -6.800269e-01 -6.675164e-01 -3.032908e-01
    outer loop
      vertex   3.063516e+01 6.794451e+01 1.634344e+02
      vertex   2.971450e+01 6.885405e+01 1.634969e+02
      vertex   3.083764e+01 6.829513e+01 1.622088e+02
    endloop
  endfacet
  facet normal -6.800269e-01 -6.675164e-01 -3.032908e-01
    outer loop
      vertex   3.083764e+01 6.829513e+01 1.622088e+02
      vertex   2.971450e+01 6.885405e+01 1.634969e+02
      vertex   2.990339e+01 6.918112e+01 1.623535e+02
    endloop
  endfacet
  facet normal -6.253047e-01 -5.727690e-01 -5.300280e-01
    outer loop
      vertex   3.083764e+01 6.829513e+01 1.622088e+02
      vertex   2.990339e+01 6.918112e+01 1.623535e+02
      vertex   3.119153e+01 6.890783e+01 1.611291e+02
    endloop
  endfacet
  facet normal -6.253047e-01 -5.727690e-01 -5.300280e-01
    outer loop
      vertex   3.119153e+01 6.890783e+01 1.611291e+02
      vertex   2.990339e+01 6.918112e+01 1.623535e+02
      vertex   3.023352e+01 6.975267e+01 1.613464e+02
    endloop
  endfacet
  facet normal -5.654832e-01 -4.662945e-01 -6.802927e-01
    outer loop
      vertex   3.119153e+01 6.890783e+01 1.611291e+02
      vertex   3.023352e+01 6.975267e+01 1.613464e+02
      vertex   3.128971e+01 6.974889e+01 1.604710e+02
    endloop
  endfacet
  facet normal -5.880813e-01 -3.912295e-01 -7.078841e-01
    outer loop
      vertex   3.128971e+01 6.974889e+01 1.604710e+02
      vertex   3.023352e+01 6.975267e+01 1.613464e+02
      vertex   3.068251e+01 7.052996e+01 1.605438e+02
    endloop
  endfacet
  facet normal -4.253497e-01 -5.263950e-01 -7.361970e-01
    outer loop
      vertex   3.128971e+01 6.974889e+01 1.604710e+02
      vertex   3.207775e+01 6.914687e+01 1.604462e+02
      vertex   3.119153e+01 6.890783e+01 1.611291e+02
    endloop
  endfacet
  facet normal -3.622905e-01 -6.270540e-01 -6.896005e-01
    outer loop
      vertex   3.119153e+01 6.890783e+01 1.611291e+02
      vertex   3.207775e+01 6.914687e+01 1.604462e+02
      vertex   3.231344e+01 6.825970e+01 1.611291e+02
    endloop
  endfacet
  facet normal -4.184052e-01 -7.242031e-01 -5.481486e-01
    outer loop
      vertex   3.119153e+01 6.890783e+01 1.611291e+02
      vertex   3.231344e+01 6.825970e+01 1.611291e+02
      vertex   3.083764e+01 6.829513e+01 1.622088e+02
    endloop
  endfacet
  facet normal -4.184052e-01 -7.242031e-01 -5.481486e-01
    outer loop
      vertex   3.083764e+01 6.829513e+01 1.622088e+02
      vertex   3.231344e+01 6.825970e+01 1.611291e+02
      vertex   3.195955e+01 6.764700e+01 1.622087e+02
    endloop
  endfacet
  facet normal -4.749968e-01 -8.221873e-01 -3.136655e-01
    outer loop
      vertex   3.083764e+01 6.829513e+01 1.622088e+02
      vertex   3.195955e+01 6.764700e+01 1.622087e+02
      vertex   3.063516e+01 6.794451e+01 1.634344e+02
    endloop
  endfacet
  facet normal -4.749968e-01 -8.221873e-01 -3.136655e-01
    outer loop
      vertex   3.063516e+01 6.794451e+01 1.634344e+02
      vertex   3.195955e+01 6.764700e+01 1.622087e+02
      vertex   3.175707e+01 6.729638e+01 1.634344e+02
    endloop
  endfacet
  facet normal -4.993904e-01 -8.644388e-01 -5.792040e-02
    outer loop
      vertex   3.063516e+01 6.794451e+01 1.634344e+02
      vertex   3.175707e+01 6.729638e+01 1.634344e+02
      vertex   3.059782e+01 6.787974e+01 1.647231e+02
    endloop
  endfacet
  facet normal -4.993904e-01 -8.644388e-01 -5.792040e-02
    outer loop
      vertex   3.059782e+01 6.787974e+01 1.647231e+02
      vertex   3.175707e+01 6.729638e+01 1.634344e+02
      vertex   3.171973e+01 6.723161e+01 1.647230e+02
    endloop
  endfacet
  facet normal -4.899324e-01 -8.480936e-01 2.017509e-01
    outer loop
      vertex   3.059782e+01 6.787974e+01 1.647231e+02
      vertex   3.171973e+01 6.723161e+01 1.647230e+02
      vertex   3.072814e+01 6.810521e+01 1.659873e+02
    endloop
  endfacet
  facet normal -4.899324e-01 -8.480936e-01 2.017509e-01
    outer loop
      vertex   3.072814e+01 6.810521e+01 1.659873e+02
      vertex   3.171973e+01 6.723161e+01 1.647230e+02
      vertex   3.185005e+01 6.745708e+01 1.659873e+02
    endloop
  endfacet
  facet normal -4.472640e-01 -7.742597e-01 4.477464e-01
    outer loop
      vertex   3.072814e+01 6.810521e+01 1.659873e+02
      vertex   3.185005e+01 6.745708e+01 1.659873e+02
      vertex   3.101730e+01 6.860563e+01 1.671415e+02
    endloop
  endfacet
  facet normal -4.472640e-01 -7.742597e-01 4.477464e-01
    outer loop
      vertex   3.101730e+01 6.860563e+01 1.671415e+02
      vertex   3.185005e+01 6.745708e+01 1.659873e+02
      vertex   3.213922e+01 6.795750e+01 1.671415e+02
    endloop
  endfacet
  facet normal -3.742773e-01 -6.479420e-01 6.633910e-01
    outer loop
      vertex   3.101730e+01 6.860563e+01 1.671415e+02
      vertex   3.213922e+01 6.795750e+01 1.671415e+02
      vertex   3.144570e+01 6.934708e+01 1.681074e+02
    endloop
  endfacet
  facet normal -3.742773e-01 -6.479420e-01 6.633910e-01
    outer loop
      vertex   3.144570e+01 6.934708e+01 1.681074e+02
      vertex   3.213922e+01 6.795750e+01 1.671415e+02
      vertex   3.256761e+01 6.869895e+01 1.681073e+02
    endloop
  endfacet
  facet normal -2.759200e-01 -4.777030e-01 8.340671e-01
    outer loop
      vertex   3.144570e+01 6.934708e+01 1.681074e+02
      vertex   3.256761e+01 6.869895e+01 1.681073e+02
      vertex   3.198429e+01 7.027930e+01 1.688195e+02
    endloop
  endfacet
  facet normal -2.759200e-01 -4.777030e-01 8.340671e-01
    outer loop
      vertex   3.198429e+01 7.027930e+01 1.688195e+02
      vertex   3.256761e+01 6.869895e+01 1.681073e+02
      vertex   3.310620e+01 6.963117e+01 1.688194e+02
    endloop
  endfacet
  facet normal -1.588592e-01 -2.750825e-01 9.482053e-01
    outer loop
      vertex   3.198429e+01 7.027930e+01 1.688195e+02
      vertex   3.310620e+01 6.963117e+01 1.688194e+02
      vertex   3.259656e+01 7.133911e+01 1.692295e+02
    endloop
  endfacet
  facet normal -1.588592e-01 -2.750825e-01 9.482053e-01
    outer loop
      vertex   3.259656e+01 7.133911e+01 1.692295e+02
      vertex   3.310620e+01 6.963117e+01 1.688194e+02
      vertex   3.371847e+01 7.069098e+01 1.692295e+02
    endloop
  endfacet
  facet normal -3.103006e-02 -5.381537e-02 9.980687e-01
    outer loop
      vertex   3.259656e+01 7.133911e+01 1.692295e+02
      vertex   3.371847e+01 7.069098e+01 1.692295e+02
      vertex   3.324102e+01 7.245465e+01 1.693097e+02
    endloop
  endfacet
  facet normal -3.103006e-02 -5.381537e-02 9.980687e-01
    outer loop
      vertex   3.324102e+01 7.245465e+01 1.693097e+02
      vertex   3.371847e+01 7.069098e+01 1.692295e+02
      vertex   3.436293e+01 7.180652e+01 1.693097e+02
    endloop
  endfacet
  facet normal 9.890252e-02 1.710997e-01 9.802771e-01
    outer loop
      vertex   3.324102e+01 7.245465e+01 1.693097e+02
      vertex   3.436293e+01 7.180652e+01 1.693097e+02
      vertex   3.387397e+01 7.355032e+01 1.690546e+02
    endloop
  endfacet
  facet normal 9.890252e-02 1.710997e-01 9.802771e-01
    outer loop
      vertex   3.387397e+01 7.355032e+01 1.690546e+02
      vertex   3.436293e+01 7.180652e+01 1.693097e+02
      vertex   3.499588e+01 7.290219e+01 1.690546e+02
    endloop
  endfacet
  facet normal 2.221309e-01 3.844167e-01 8.960366e-01
    outer loop
      vertex   3.387397e+01 7.355032e+01 1.690546e+02
      vertex   3.499588e+01 7.290219e+01 1.690546e+02
      vertex   3.445252e+01 7.455184e+01 1.684815e+02
    endloop
  endfacet
  facet normal 2.221309e-01 3.844167e-01 8.960366e-01
    outer loop
      vertex   3.445252e+01 7.455184e+01 1.684815e+02
      vertex   3.499588e+01 7.290219e+01 1.690546e+02
      vertex   3.557443e+01 7.390371e+01 1.684815e+02
    endloop
  endfacet
  facet normal 3.303020e-01 5.716756e-01 7.510576e-01
    outer loop
      vertex   3.445252e+01 7.455184e+01 1.684815e+02
      vertex   3.557443e+01 7.390371e+01 1.684815e+02
      vertex   3.493744e+01 7.539132e+01 1.676293e+02
    endloop
  endfacet
  facet normal 3.303020e-01 5.716756e-01 7.510576e-01
    outer loop
      vertex   3.493744e+01 7.539132e+01 1.676293e+02
      vertex   3.557443e+01 7.390371e+01 1.684815e+02
      vertex   3.605935e+01 7.474320e+01 1.676292e+02
    endloop
  endfacet
  facet normal 4.160833e-01 7.201831e-01 5.551676e-01
    outer loop
      vertex   3.493744e+01 7.539132e+01 1.676293e+02
      vertex   3.605935e+01 7.474320e+01 1.676292e+02
      vertex   3.529586e+01 7.601187e+01 1.665557e+02
    endloop
  endfacet
  facet normal 4.160833e-01 7.201831e-01 5.551676e-01
    outer loop
      vertex   3.529586e+01 7.601187e+01 1.665557e+02
      vertex   3.605935e+01 7.474320e+01 1.676292e+02
      vertex   3.641777e+01 7.536374e+01 1.665556e+02
    endloop
  endfacet
  facet normal 4.736600e-01 8.198724e-01 3.216450e-01
    outer loop
      vertex   3.529586e+01 7.601187e+01 1.665557e+02
      vertex   3.641777e+01 7.536374e+01 1.665556e+02
      vertex   3.550349e+01 7.637140e+01 1.653335e+02
    endloop
  endfacet
  facet normal 4.736600e-01 8.198724e-01 3.216450e-01
    outer loop
      vertex   3.550349e+01 7.637140e+01 1.653335e+02
      vertex   3.641777e+01 7.536374e+01 1.665556e+02
      vertex   3.662540e+01 7.572327e+01 1.653334e+02
    endloop
  endfacet
  facet normal 4.991293e-01 8.639859e-01 6.631949e-02
    outer loop
      vertex   3.550349e+01 7.637140e+01 1.653335e+02
      vertex   3.662540e+01 7.572327e+01 1.653334e+02
      vertex   3.554626e+01 7.644556e+01 1.640455e+02
    endloop
  endfacet
  facet normal 4.991293e-01 8.639859e-01 6.631949e-02
    outer loop
      vertex   3.554626e+01 7.644556e+01 1.640455e+02
      vertex   3.662540e+01 7.572327e+01 1.653334e+02
      vertex   3.666817e+01 7.579743e+01 1.640454e+02
    endloop
  endfacet
  facet normal 4.907647e-01 8.495335e-01 -1.935016e-01
    outer loop
      vertex   3.554626e+01 7.644556e+01 1.640455e+02
      vertex   3.666817e+01 7.579743e+01 1.640454e+02
      vertex   3.542126e+01 7.622932e+01 1.627791e+02
    endloop
  endfacet
  facet normal 4.907647e-01 8.495335e-01 -1.935016e-01
    outer loop
      vertex   3.542126e+01 7.622932e+01 1.627791e+02
      vertex   3.666817e+01 7.579743e+01 1.640454e+02
      vertex   3.654317e+01 7.558119e+01 1.627790e+02
    endloop
  endfacet
  facet normal -2.435940e-01 -6.313954e-01 -7.362077e-01
    outer loop
      vertex   3.207775e+01 6.914687e+01 1.604462e+02
      vertex   3.299294e+01 6.876493e+01 1.604709e+02
      vertex   3.231344e+01 6.825970e+01 1.611291e+02
    endloop
  endfacet
  facet normal -1.215217e-01 -7.227714e-01 -6.803190e-01
    outer loop
      vertex   3.231344e+01 6.825970e+01 1.611291e+02
      vertex   3.299294e+01 6.876493e+01 1.604709e+02
      vertex   3.352391e+01 6.785181e+01 1.613462e+02
    endloop
  endfacet
  facet normal -1.838625e-01 -8.277906e-01 -5.300541e-01
    outer loop
      vertex   3.231344e+01 6.825970e+01 1.611291e+02
      vertex   3.352391e+01 6.785181e+01 1.613462e+02
      vertex   3.195955e+01 6.764700e+01 1.622087e+02
    endloop
  endfacet
  facet normal -1.838625e-01 -8.277906e-01 -5.300541e-01
    outer loop
      vertex   3.195955e+01 6.764700e+01 1.622087e+02
      vertex   3.352391e+01 6.785181e+01 1.613462e+02
      vertex   3.319378e+01 6.728025e+01 1.623533e+02
    endloop
  endfacet
  facet normal -2.385847e-01 -9.225379e-01 -3.033170e-01
    outer loop
      vertex   3.195955e+01 6.764700e+01 1.622087e+02
      vertex   3.319378e+01 6.728025e+01 1.623533e+02
      vertex   3.175707e+01 6.729638e+01 1.634344e+02
    endloop
  endfacet
  facet normal -2.385847e-01 -9.225379e-01 -3.033170e-01
    outer loop
      vertex   3.175707e+01 6.729638e+01 1.634344e+02
      vertex   3.319378e+01 6.728025e+01 1.623533e+02
      vertex   3.300490e+01 6.695318e+01 1.634967e+02
    endloop
  endfacet
  facet normal -2.621725e-01 -9.633937e-01 -5.602013e-02
    outer loop
      vertex   3.175707e+01 6.729638e+01 1.634344e+02
      vertex   3.300490e+01 6.695318e+01 1.634967e+02
      vertex   3.171973e+01 6.723161e+01 1.647230e+02
    endloop
  endfacet
  facet normal -2.621725e-01 -9.633937e-01 -5.602013e-02
    outer loop
      vertex   3.171973e+01 6.723161e+01 1.647230e+02
      vertex   3.300490e+01 6.695318e+01 1.634967e+02
      vertex   3.297007e+01 6.689276e+01 1.646988e+02
    endloop
  endfacet
  facet normal -2.530269e-01 -9.475884e-01 1.950732e-01
    outer loop
      vertex   3.171973e+01 6.723161e+01 1.647230e+02
      vertex   3.297007e+01 6.689276e+01 1.646988e+02
      vertex   3.185005e+01 6.745708e+01 1.659873e+02
    endloop
  endfacet
  facet normal -2.530269e-01 -9.475884e-01 1.950732e-01
    outer loop
      vertex   3.185005e+01 6.745708e+01 1.659873e+02
      vertex   3.297007e+01 6.689276e+01 1.646988e+02
      vertex   3.309164e+01 6.710308e+01 1.658782e+02
    endloop
  endfacet
  facet normal -2.117679e-01 -8.761936e-01 4.329425e-01
    outer loop
      vertex   3.185005e+01 6.745708e+01 1.659873e+02
      vertex   3.309164e+01 6.710308e+01 1.658782e+02
      vertex   3.213922e+01 6.795750e+01 1.671415e+02
    endloop
  endfacet
  facet normal -2.117679e-01 -8.761936e-01 4.329425e-01
    outer loop
      vertex   3.213922e+01 6.795750e+01 1.671415e+02
      vertex   3.309164e+01 6.710308e+01 1.658782e+02
      vertex   3.336139e+01 6.756990e+01 1.669549e+02
    endloop
  endfacet
  facet normal -1.411924e-01 -7.540486e-01 6.414635e-01
    outer loop
      vertex   3.213922e+01 6.795750e+01 1.671415e+02
      vertex   3.336139e+01 6.756990e+01 1.669549e+02
      vertex   3.256761e+01 6.869895e+01 1.681073e+02
    endloop
  endfacet
  facet normal -1.411924e-01 -7.540486e-01 6.414635e-01
    outer loop
      vertex   3.256761e+01 6.869895e+01 1.681073e+02
      vertex   3.336139e+01 6.756990e+01 1.669549e+02
      vertex   3.376101e+01 6.826156e+01 1.678559e+02
    endloop
  endfacet
  facet normal -4.608418e-02 -5.894333e-01 8.065015e-01
    outer loop
      vertex   3.256761e+01 6.869895e+01 1.681073e+02
      vertex   3.376101e+01 6.826156e+01 1.678559e+02
      vertex   3.310620e+01 6.963117e+01 1.688194e+02
    endloop
  endfacet
  facet normal -4.608418e-02 -5.894333e-01 8.065015e-01
    outer loop
      vertex   3.310620e+01 6.963117e+01 1.688194e+02
      vertex   3.376101e+01 6.826156e+01 1.678559e+02
      vertex   3.426344e+01 6.913119e+01 1.685202e+02
    endloop
  endfacet
  facet normal 6.710961e-02 -3.935062e-01 9.168692e-01
    outer loop
      vertex   3.310620e+01 6.963117e+01 1.688194e+02
      vertex   3.426344e+01 6.913119e+01 1.685202e+02
      vertex   3.371847e+01 7.069098e+01 1.692295e+02
    endloop
  endfacet
  facet normal 6.710961e-02 -3.935062e-01 9.168692e-01
    outer loop
      vertex   3.371847e+01 7.069098e+01 1.692295e+02
      vertex   3.426344e+01 6.913119e+01 1.685202e+02
      vertex   3.483460e+01 7.011983e+01 1.689027e+02
    endloop
  endfacet
  facet normal 1.907161e-01 -1.795484e-01 9.650854e-01
    outer loop
      vertex   3.371847e+01 7.069098e+01 1.692295e+02
      vertex   3.483460e+01 7.011983e+01 1.689027e+02
      vertex   3.436293e+01 7.180652e+01 1.693097e+02
    endloop
  endfacet
  facet normal 1.907161e-01 -1.795484e-01 9.650854e-01
    outer loop
      vertex   3.436293e+01 7.180652e+01 1.693097e+02
      vertex   3.483460e+01 7.011983e+01 1.689027e+02
      vertex   3.543578e+01 7.116046e+01 1.689775e+02
    endloop
  endfacet
  facet normal 3.163565e-01 3.793686e-02 9.478815e-01
    outer loop
      vertex   3.436293e+01 7.180652e+01 1.693097e+02
      vertex   3.543578e+01 7.116046e+01 1.689775e+02
      vertex   3.499588e+01 7.290219e+01 1.690546e+02
    endloop
  endfacet
  facet normal 3.163565e-01 3.793686e-02 9.478815e-01
    outer loop
      vertex   3.499588e+01 7.290219e+01 1.690546e+02
      vertex   3.543578e+01 7.116046e+01 1.689775e+02
      vertex   3.602623e+01 7.218256e+01 1.687395e+02
    endloop
  endfacet
  facet normal 4.355141e-01 2.442071e-01 8.664239e-01
    outer loop
      vertex   3.499588e+01 7.290219e+01 1.690546e+02
      vertex   3.602623e+01 7.218256e+01 1.687395e+02
      vertex   3.557443e+01 7.390371e+01 1.684815e+02
    endloop
  endfacet
  facet normal 4.355141e-01 2.442071e-01 8.664239e-01
    outer loop
      vertex   3.557443e+01 7.390371e+01 1.684815e+02
      vertex   3.602623e+01 7.218256e+01 1.687395e+02
      vertex   3.656592e+01 7.311683e+01 1.682049e+02
    endloop
  endfacet
  facet normal 5.401119e-01 4.252801e-01 7.262341e-01
    outer loop
      vertex   3.557443e+01 7.390371e+01 1.684815e+02
      vertex   3.656592e+01 7.311683e+01 1.682049e+02
      vertex   3.605935e+01 7.474320e+01 1.676292e+02
    endloop
  endfacet
  facet normal 5.401119e-01 4.252801e-01 7.262341e-01
    outer loop
      vertex   3.605935e+01 7.474320e+01 1.676292e+02
      vertex   3.656592e+01 7.311683e+01 1.682049e+02
      vertex   3.701828e+01 7.389994e+01 1.674099e+02
    endloop
  endfacet
  facet normal 6.230594e-01 5.688818e-01 5.368151e-01
    outer loop
      vertex   3.605935e+01 7.474320e+01 1.676292e+02
      vertex   3.701828e+01 7.389994e+01 1.674099e+02
      vertex   3.641777e+01 7.536374e+01 1.665556e+02
    endloop
  endfacet
  facet normal 6.230594e-01 5.688818e-01 5.368151e-01
    outer loop
      vertex   3.641777e+01 7.536374e+01 1.665556e+02
      vertex   3.701828e+01 7.389994e+01 1.674099e+02
      vertex   3.735264e+01 7.447881e+01 1.664083e+02
    endloop
  endfacet
  facet normal 6.787342e-01 6.652779e-01 3.110067e-01
    outer loop
      vertex   3.641777e+01 7.536374e+01 1.665556e+02
      vertex   3.735264e+01 7.447881e+01 1.664083e+02
      vertex   3.662540e+01 7.572327e+01 1.653334e+02
    endloop
  endfacet
  facet normal 6.787342e-01 6.652779e-01 3.110067e-01
    outer loop
      vertex   3.662540e+01 7.572327e+01 1.653334e+02
      vertex   3.735264e+01 7.447881e+01 1.664083e+02
      vertex   3.754633e+01 7.481420e+01 1.652682e+02
    endloop
  endfacet
  facet normal 7.033621e-01 7.079342e-01 6.411562e-02
    outer loop
      vertex   3.662540e+01 7.572327e+01 1.653334e+02
      vertex   3.754633e+01 7.481420e+01 1.652682e+02
      vertex   3.666817e+01 7.579743e+01 1.640454e+02
    endloop
  endfacet
  facet normal 7.033621e-01 7.079342e-01 6.411562e-02
    outer loop
      vertex   3.666817e+01 7.579743e+01 1.640454e+02
      vertex   3.754633e+01 7.481420e+01 1.652682e+02
      vertex   3.758622e+01 7.488338e+01 1.640667e+02
    endloop
  endfacet
  facet normal 6.952739e-01 6.939592e-01 -1.871225e-01
    outer loop
      vertex   3.666817e+01 7.579743e+01 1.640454e+02
      vertex   3.758622e+01 7.488338e+01 1.640667e+02
      vertex   3.654317e+01 7.558119e+01 1.627790e+02
    endloop
  endfacet
  facet normal 6.952739e-01 6.939592e-01 -1.871225e-01
    outer loop
      vertex   3.654317e+01 7.558119e+01 1.627790e+02
      vertex   3.758622e+01 7.488338e+01 1.640667e+02
      vertex   3.746961e+01 7.468166e+01 1.628853e+02
    endloop
  endfacet
  facet normal -4.520754e-02 -7.048481e-01 -7.079162e-01
    outer loop
      vertex   3.299294e+01 6.876493e+01 1.604709e+02
      vertex   3.397291e+01 6.862910e+01 1.605436e+02
      vertex   3.352391e+01 6.785181e+01 1.613462e+02
    endloop
  endfacet
  facet normal 9.575951e-02 1.658603e-01 -9.814889e-01
    outer loop
      vertex   3.470147e+01 7.368854e+01 1.601957e+02
      vertex   3.515148e+01 7.325978e+01 1.601672e+02
      vertex   3.410524e+01 7.386420e+01 1.601672e+02
    endloop
  endfacet
  facet normal 9.575951e-02 1.658603e-01 -9.814889e-01
    outer loop
      vertex   3.410524e+01 7.386420e+01 1.601672e+02
      vertex   3.515148e+01 7.325978e+01 1.601672e+02
      vertex   3.349937e+01 7.374652e+01 1.600882e+02
    endloop
  endfacet
  facet normal 9.575951e-02 1.658603e-01 -9.814889e-01
    outer loop
      vertex   3.349937e+01 7.374652e+01 1.600882e+02
      vertex   3.515148e+01 7.325978e+01 1.601672e+02
      vertex   3.535218e+01 7.267615e+01 1.600881e+02
    endloop
  endfacet
  facet normal 9.575951e-02 1.658603e-01 -9.814889e-01
    outer loop
      vertex   3.349937e+01 7.374652e+01 1.600882e+02
      vertex   3.535218e+01 7.267615e+01 1.600881e+02
      vertex   3.302268e+01 7.336245e+01 1.599768e+02
    endloop
  endfacet
  facet normal 9.575951e-02 1.658603e-01 -9.814889e-01
    outer loop
      vertex   3.302268e+01 7.336245e+01 1.599768e+02
      vertex   3.535218e+01 7.267615e+01 1.600881e+02
      vertex   3.525759e+01 7.207134e+01 1.599767e+02
    endloop
  endfacet
  facet normal 9.575951e-02 1.658603e-01 -9.814889e-01
    outer loop
      vertex   3.302268e+01 7.336245e+01 1.599768e+02
      vertex   3.525759e+01 7.207134e+01 1.599767e+02
      vertex   3.278435e+01 7.279999e+01 1.598585e+02
    endloop
  endfacet
  facet normal 9.575951e-02 1.658603e-01 -9.814889e-01
    outer loop
      vertex   3.278435e+01 7.279999e+01 1.598585e+02
      vertex   3.525759e+01 7.207134e+01 1.599767e+02
      vertex   3.488938e+01 7.158391e+01 1.598584e+02
    endloop
  endfacet
  facet normal 9.575951e-02 1.658603e-01 -9.814889e-01
    outer loop
      vertex   3.278435e+01 7.279999e+01 1.598585e+02
      vertex   3.488938e+01 7.158391e+01 1.598584e+02
      vertex   3.283899e+01 7.218798e+01 1.597604e+02
    endloop
  endfacet
  facet normal 9.575951e-02 1.658603e-01 -9.814889e-01
    outer loop
      vertex   3.283899e+01 7.218798e+01 1.597604e+02
      vertex   3.488938e+01 7.158391e+01 1.598584e+02
      vertex   3.433190e+01 7.132553e+01 1.597603e+02
    endloop
  endfacet
  facet normal 9.575951e-02 1.658603e-01 -9.814889e-01
    outer loop
      vertex   3.283899e+01 7.218798e+01 1.597604e+02
      vertex   3.433190e+01 7.132553e+01 1.597603e+02
      vertex   3.317409e+01 7.166664e+01 1.597050e+02
    endloop
  endfacet
  facet normal 9.575951e-02 1.658603e-01 -9.814889e-01
    outer loop
      vertex   3.317409e+01 7.166664e+01 1.597050e+02
      vertex   3.433190e+01 7.132553e+01 1.597603e+02
      vertex   3.371286e+01 7.135538e+01 1.597050e+02
    endloop
  endfacet
  facet normal -6.839315e-01 -7.054527e-01 -1.859415e-01
    outer loop
      vertex   3.634847e+01 7.533304e+01 1.478985e+02
      vertex   3.515148e+01 7.325978e+01 1.601672e+02
      vertex   3.589846e+01 7.576180e+01 1.479271e+02
    endloop
  endfacet
  facet normal -6.839315e-01 -7.054527e-01 -1.859415e-01
    outer loop
      vertex   3.589846e+01 7.576180e+01 1.479271e+02
      vertex   3.515148e+01 7.325978e+01 1.601672e+02
      vertex   3.470147e+01 7.368854e+01 1.601957e+02
    endloop
  endfacet
  facet normal -2.694875e-01 -9.448773e-01 -1.859661e-01
    outer loop
      vertex   3.589846e+01 7.576180e+01 1.479271e+02
      vertex   3.470147e+01 7.368854e+01 1.601957e+02
      vertex   3.530223e+01 7.593745e+01 1.478986e+02
    endloop
  endfacet
  facet normal -2.694875e-01 -9.448773e-01 -1.859661e-01
    outer loop
      vertex   3.530223e+01 7.593745e+01 1.478986e+02
      vertex   3.470147e+01 7.368854e+01 1.601957e+02
      vertex   3.410524e+01 7.386420e+01 1.601672e+02
    endloop
  endfacet
  facet normal 2.066928e-01 -9.678419e-01 -1.433881e-01
    outer loop
      vertex   3.530223e+01 7.593745e+01 1.478986e+02
      vertex   3.410524e+01 7.386420e+01 1.601672e+02
      vertex   3.349937e+01 7.374652e+01 1.600882e+02
    endloop
  endfacet
  facet normal -9.416950e-01 -3.044173e-01 -1.433200e-01
    outer loop
      vertex   3.634847e+01 7.533304e+01 1.478985e+02
      vertex   3.654917e+01 7.474940e+01 1.478195e+02
      vertex   3.515148e+01 7.325978e+01 1.601672e+02
    endloop
  endfacet
  facet normal -9.416950e-01 -3.044173e-01 -1.433200e-01
    outer loop
      vertex   3.515148e+01 7.325978e+01 1.601672e+02
      vertex   3.654917e+01 7.474940e+01 1.478195e+02
      vertex   3.535218e+01 7.267615e+01 1.600881e+02
    endloop
  endfacet
  facet normal -9.837275e-01 1.663563e-01 -6.786561e-02
    outer loop
      vertex   3.535218e+01 7.267615e+01 1.600881e+02
      vertex   3.654917e+01 7.474940e+01 1.478195e+02
      vertex   3.645458e+01 7.414459e+01 1.477081e+02
    endloop
  endfacet
  facet normal -9.837275e-01 1.663563e-01 -6.786561e-02
    outer loop
      vertex   3.535218e+01 7.267615e+01 1.600881e+02
      vertex   3.645458e+01 7.414459e+01 1.477081e+02
      vertex   3.525759e+01 7.207134e+01 1.599767e+02
    endloop
  endfacet
  facet normal -8.003999e-01 5.990198e-01 2.313599e-02
    outer loop
      vertex   3.525759e+01 7.207134e+01 1.599767e+02
      vertex   3.645458e+01 7.414459e+01 1.477081e+02
      vertex   3.608637e+01 7.365717e+01 1.475898e+02
    endloop
  endfacet
  facet normal -8.003999e-01 5.990198e-01 2.313599e-02
    outer loop
      vertex   3.525759e+01 7.207134e+01 1.599767e+02
      vertex   3.608637e+01 7.365717e+01 1.475898e+02
      vertex   3.488938e+01 7.158391e+01 1.598584e+02
    endloop
  endfacet
  facet normal -4.337104e-01 8.944550e-01 1.088374e-01
    outer loop
      vertex   3.488938e+01 7.158391e+01 1.598584e+02
      vertex   3.608637e+01 7.365717e+01 1.475898e+02
      vertex   3.552889e+01 7.339878e+01 1.474917e+02
    endloop
  endfacet
  facet normal -4.337104e-01 8.944550e-01 1.088374e-01
    outer loop
      vertex   3.488938e+01 7.158391e+01 1.598584e+02
      vertex   3.552889e+01 7.339878e+01 1.474917e+02
      vertex   3.433190e+01 7.132553e+01 1.597603e+02
    endloop
  endfacet
  facet normal 3.233702e-02 9.849814e-01 1.696055e-01
    outer loop
      vertex   3.433190e+01 7.132553e+01 1.597603e+02
      vertex   3.552889e+01 7.339878e+01 1.474917e+02
      vertex   3.490986e+01 7.342864e+01 1.474364e+02
    endloop
  endfacet
  facet normal 3.233702e-02 9.849814e-01 1.696055e-01
    outer loop
      vertex   3.433190e+01 7.132553e+01 1.597603e+02
      vertex   3.490986e+01 7.342864e+01 1.474364e+02
      vertex   3.371286e+01 7.135538e+01 1.597050e+02
    endloop
  endfacet
  facet normal 4.909764e-01 8.498604e-01 1.915190e-01
    outer loop
      vertex   3.371286e+01 7.135538e+01 1.597050e+02
      vertex   3.490986e+01 7.342864e+01 1.474364e+02
      vertex   3.437108e+01 7.373989e+01 1.474364e+02
    endloop
  endfacet
  facet normal 4.909764e-01 8.498604e-01 1.915190e-01
    outer loop
      vertex   3.371286e+01 7.135538e+01 1.597050e+02
      vertex   3.437108e+01 7.373989e+01 1.474364e+02
      vertex   3.317409e+01 7.166664e+01 1.597050e+02
    endloop
  endfacet
  facet normal 8.371390e-01 5.200466e-01 1.695578e-01
    outer loop
      vertex   3.317409e+01 7.166664e+01 1.597050e+02
      vertex   3.437108e+01 7.373989e+01 1.474364e+02
      vertex   3.403599e+01 7.426124e+01 1.474918e+02
    endloop
  endfacet
  facet normal 8.371390e-01 5.200466e-01 1.695578e-01
    outer loop
      vertex   3.317409e+01 7.166664e+01 1.597050e+02
      vertex   3.403599e+01 7.426124e+01 1.474918e+02
      vertex   3.283899e+01 7.218798e+01 1.597604e+02
    endloop
  endfacet
  facet normal 9.915231e-01 7.109645e-02 1.087530e-01
    outer loop
      vertex   3.283899e+01 7.218798e+01 1.597604e+02
      vertex   3.403599e+01 7.426124e+01 1.474918e+02
      vertex   3.398135e+01 7.487324e+01 1.475899e+02
    endloop
  endfacet
  facet normal 9.915231e-01 7.109645e-02 1.087530e-01
    outer loop
      vertex   3.283899e+01 7.218798e+01 1.597604e+02
      vertex   3.398135e+01 7.487324e+01 1.475899e+02
      vertex   3.278435e+01 7.279999e+01 1.598585e+02
    endloop
  endfacet
  facet normal 9.187613e-01 -3.941411e-01 2.303414e-02
    outer loop
      vertex   3.278435e+01 7.279999e+01 1.598585e+02
      vertex   3.398135e+01 7.487324e+01 1.475899e+02
      vertex   3.421967e+01 7.543570e+01 1.477082e+02
    endloop
  endfacet
  facet normal 9.187613e-01 -3.941411e-01 2.303414e-02
    outer loop
      vertex   3.278435e+01 7.279999e+01 1.598585e+02
      vertex   3.421967e+01 7.543570e+01 1.477082e+02
      vertex   3.302268e+01 7.336245e+01 1.599768e+02
    endloop
  endfacet
  facet normal 6.355223e-01 -7.690856e-01 -6.796154e-02
    outer loop
      vertex   3.302268e+01 7.336245e+01 1.599768e+02
      vertex   3.421967e+01 7.543570e+01 1.477082e+02
      vertex   3.469637e+01 7.581977e+01 1.478196e+02
    endloop
  endfacet
  facet normal 6.355223e-01 -7.690856e-01 -6.796154e-02
    outer loop
      vertex   3.302268e+01 7.336245e+01 1.599768e+02
      vertex   3.469637e+01 7.581977e+01 1.478196e+02
      vertex   3.349937e+01 7.374652e+01 1.600882e+02
    endloop
  endfacet
  facet normal 2.066928e-01 -9.678419e-01 -1.433881e-01
    outer loop
      vertex   3.349937e+01 7.374652e+01 1.600882e+02
      vertex   3.469637e+01 7.581977e+01 1.478196e+02
      vertex   3.530223e+01 7.593745e+01 1.478986e+02
    endloop
  endfacet
  facet normal 9.575951e-02 1.658603e-01 -9.814889e-01
    outer loop
      vertex   3.530830e+01 7.613447e+01 1.479325e+02
      vertex   3.599631e+01 7.593197e+01 1.479654e+02
      vertex   3.589846e+01 7.576180e+01 1.479271e+02
    endloop
  endfacet
  facet normal 9.575951e-02 1.658603e-01 -9.814889e-01
    outer loop
      vertex   3.589846e+01 7.576180e+01 1.479271e+02
      vertex   3.599631e+01 7.593197e+01 1.479654e+02
      vertex   3.651568e+01 7.543738e+01 1.479325e+02
    endloop
  endfacet
  facet normal 9.575951e-02 1.658603e-01 -9.814889e-01
    outer loop
      vertex   3.589846e+01 7.576180e+01 1.479271e+02
      vertex   3.651568e+01 7.543738e+01 1.479325e+02
      vertex   3.634847e+01 7.533304e+01 1.478985e+02
    endloop
  endfacet
  facet normal 9.575951e-02 1.658603e-01 -9.814889e-01
    outer loop
      vertex   3.634847e+01 7.533304e+01 1.478985e+02
      vertex   3.651568e+01 7.543738e+01 1.479325e+02
      vertex   3.674744e+01 7.476402e+01 1.478413e+02
    endloop
  endfacet
  facet normal 9.575951e-02 1.658603e-01 -9.814889e-01
    outer loop
      vertex   3.634847e+01 7.533304e+01 1.478985e+02
      vertex   3.674744e+01 7.476402e+01 1.478413e+02
      vertex   3.654917e+01 7.474940e+01 1.478195e+02
    endloop
  endfacet
  facet normal 9.575951e-02 1.658603e-01 -9.814889e-01
    outer loop
      vertex   3.654917e+01 7.474940e+01 1.478195e+02
      vertex   3.674744e+01 7.476402e+01 1.478413e+02
      vertex   3.663849e+01 7.406613e+01 1.477127e+02
    endloop
  endfacet
  facet normal 9.575951e-02 1.658603e-01 -9.814889e-01
    outer loop
      vertex   3.654917e+01 7.474940e+01 1.478195e+02
      vertex   3.663849e+01 7.406613e+01 1.477127e+02
      vertex   3.645458e+01 7.414459e+01 1.477081e+02
    endloop
  endfacet
  facet normal 9.575951e-02 1.658603e-01 -9.814889e-01
    outer loop
      vertex   3.645458e+01 7.414459e+01 1.477081e+02
      vertex   3.663849e+01 7.406613e+01 1.477127e+02
      vertex   3.621378e+01 7.350360e+01 1.475762e+02
    endloop
  endfacet
  facet normal 9.575951e-02 1.658603e-01 -9.814889e-01
    outer loop
      vertex   3.645458e+01 7.414459e+01 1.477081e+02
      vertex   3.621378e+01 7.350360e+01 1.475762e+02
      vertex   3.608637e+01 7.365717e+01 1.475898e+02
    endloop
  endfacet
  facet normal 9.575951e-02 1.658603e-01 -9.814889e-01
    outer loop
      vertex   3.608637e+01 7.365717e+01 1.475898e+02
      vertex   3.621378e+01 7.350360e+01 1.475762e+02
      vertex   3.552889e+01 7.339878e+01 1.474917e+02
    endloop
  endfacet
  facet normal 9.575951e-02 1.658603e-01 -9.814889e-01
    outer loop
      vertex   3.552889e+01 7.339878e+01 1.474917e+02
      vertex   3.621378e+01 7.350360e+01 1.475762e+02
      vertex   3.557062e+01 7.320529e+01 1.474631e+02
    endloop
  endfacet
  facet normal 9.575951e-02 1.658603e-01 -9.814889e-01
    outer loop
      vertex   3.552889e+01 7.339878e+01 1.474917e+02
      vertex   3.557062e+01 7.320529e+01 1.474631e+02
      vertex   3.490986e+01 7.342864e+01 1.474364e+02
    endloop
  endfacet
  facet normal 9.575951e-02 1.658603e-01 -9.814889e-01
    outer loop
      vertex   3.490986e+01 7.342864e+01 1.474364e+02
      vertex   3.557062e+01 7.320529e+01 1.474631e+02
      vertex   3.485634e+01 7.323955e+01 1.473992e+02
    endloop
  endfacet
  facet normal 9.575951e-02 1.658603e-01 -9.814889e-01
    outer loop
      vertex   3.490986e+01 7.342864e+01 1.474364e+02
      vertex   3.485634e+01 7.323955e+01 1.473992e+02
      vertex   3.423458e+01 7.359852e+01 1.473992e+02
    endloop
  endfacet
  facet normal 9.575951e-02 1.658603e-01 -9.814889e-01
    outer loop
      vertex   3.490986e+01 7.342864e+01 1.474364e+02
      vertex   3.423458e+01 7.359852e+01 1.473992e+02
      vertex   3.437108e+01 7.373989e+01 1.474364e+02
    endloop
  endfacet
  facet normal 9.575951e-02 1.658603e-01 -9.814889e-01
    outer loop
      vertex   3.437108e+01 7.373989e+01 1.474364e+02
      vertex   3.423458e+01 7.359852e+01 1.473992e+02
      vertex   3.384778e+01 7.419998e+01 1.474631e+02
    endloop
  endfacet
  facet normal 9.575951e-02 1.658603e-01 -9.814889e-01
    outer loop
      vertex   3.437108e+01 7.373989e+01 1.474364e+02
      vertex   3.384778e+01 7.419998e+01 1.474631e+02
      vertex   3.403599e+01 7.426124e+01 1.474918e+02
    endloop
  endfacet
  facet normal 9.575951e-02 1.658603e-01 -9.814889e-01
    outer loop
      vertex   3.403599e+01 7.426124e+01 1.474918e+02
      vertex   3.384778e+01 7.419998e+01 1.474631e+02
      vertex   3.378454e+01 7.490612e+01 1.475762e+02
    endloop
  endfacet
  facet normal 9.575951e-02 1.658603e-01 -9.814889e-01
    outer loop
      vertex   3.403599e+01 7.426124e+01 1.474918e+02
      vertex   3.378454e+01 7.490612e+01 1.475762e+02
      vertex   3.398135e+01 7.487324e+01 1.475899e+02
    endloop
  endfacet
  facet normal 9.575951e-02 1.658603e-01 -9.814889e-01
    outer loop
      vertex   3.398135e+01 7.487324e+01 1.475899e+02
      vertex   3.378454e+01 7.490612e+01 1.475762e+02
      vertex   3.405935e+01 7.555519e+01 1.477127e+02
    endloop
  endfacet
  facet normal 9.575951e-02 1.658603e-01 -9.814889e-01
    outer loop
      vertex   3.398135e+01 7.487324e+01 1.475899e+02
      vertex   3.405935e+01 7.555519e+01 1.477127e+02
      vertex   3.421967e+01 7.543570e+01 1.477082e+02
    endloop
  endfacet
  facet normal 9.575951e-02 1.658603e-01 -9.814889e-01
    outer loop
      vertex   3.421967e+01 7.543570e+01 1.477082e+02
      vertex   3.405935e+01 7.555519e+01 1.477127e+02
      vertex   3.469637e+01 7.581977e+01 1.478196e+02
    endloop
  endfacet
  facet normal 9.575951e-02 1.658603e-01 -9.814889e-01
    outer loop
      vertex   3.469637e+01 7.581977e+01 1.478196e+02
      vertex   3.405935e+01 7.555519e+01 1.477127e+02
      vertex   3.460927e+01 7.599849e+01 1.478413e+02
    endloop
  endfacet
  facet normal 9.575951e-02 1.658603e-01 -9.814889e-01
    outer loop
      vertex   3.469637e+01 7.581977e+01 1.478196e+02
      vertex   3.460927e+01 7.599849e+01 1.478413e+02
      vertex   3.530223e+01 7.593745e+01 1.478986e+02
    endloop
  endfacet
  facet normal 9.575951e-02 1.658603e-01 -9.814889e-01
    outer loop
      vertex   3.530223e+01 7.593745e+01 1.478986e+02
      vertex   3.460927e+01 7.599849e+01 1.478413e+02
      vertex   3.530830e+01 7.613447e+01 1.479325e+02
    endloop
  endfacet
  facet normal 9.575951e-02 1.658603e-01 -9.814889e-01
    outer loop
      vertex   3.530223e+01 7.593745e+01 1.478986e+02
      vertex   3.530830e+01 7.613447e+01 1.479325e+02
      vertex   3.589846e+01 7.576180e+01 1.479271e+02
    endloop
  endfacet
  facet normal 6.827129e-01 7.038876e-01 1.960749e-01
    outer loop
      vertex   3.440904e+01 7.457692e+01 1.432794e+02
      vertex   3.423458e+01 7.359852e+01 1.473992e+02
      vertex   3.492842e+01 7.408233e+01 1.432465e+02
    endloop
  endfacet
  facet normal 4.917067e-01 8.516611e-01 1.813778e-01
    outer loop
      vertex   3.492842e+01 7.408233e+01 1.432465e+02
      vertex   3.423458e+01 7.359852e+01 1.473992e+02
      vertex   3.485634e+01 7.323955e+01 1.473992e+02
    endloop
  endfacet
  facet normal 2.682281e-01 9.431905e-01 1.960749e-01
    outer loop
      vertex   3.492842e+01 7.408233e+01 1.432465e+02
      vertex   3.485634e+01 7.323955e+01 1.473992e+02
      vertex   3.561643e+01 7.387983e+01 1.432794e+02
    endloop
  endfacet
  facet normal 3.305729e-02 9.866537e-01 1.594416e-01
    outer loop
      vertex   3.561643e+01 7.387983e+01 1.432794e+02
      vertex   3.485634e+01 7.323955e+01 1.473992e+02
      vertex   3.557062e+01 7.320529e+01 1.474631e+02
    endloop
  endfacet
  facet normal -2.079310e-01 9.660276e-01 1.534774e-01
    outer loop
      vertex   3.561643e+01 7.387983e+01 1.432794e+02
      vertex   3.557062e+01 7.320529e+01 1.474631e+02
      vertex   3.631546e+01 7.401581e+01 1.433706e+02
    endloop
  endfacet
  facet normal -4.329388e-01 8.960081e-01 9.865840e-02
    outer loop
      vertex   3.631546e+01 7.401581e+01 1.433706e+02
      vertex   3.557062e+01 7.320529e+01 1.474631e+02
      vertex   3.621378e+01 7.350360e+01 1.475762e+02
    endloop
  endfacet
  facet normal -6.366820e-01 7.671673e-01 7.804096e-02
    outer loop
      vertex   3.631546e+01 7.401581e+01 1.433706e+02
      vertex   3.621378e+01 7.350360e+01 1.475762e+02
      vertex   3.686537e+01 7.445911e+01 1.434992e+02
    endloop
  endfacet
  facet normal -7.995273e-01 6.004901e-01 1.295284e-02
    outer loop
      vertex   3.686537e+01 7.445911e+01 1.434992e+02
      vertex   3.621378e+01 7.350360e+01 1.475762e+02
      vertex   3.663849e+01 7.406613e+01 1.477127e+02
    endloop
  endfacet
  facet normal -9.198033e-01 3.921659e-01 -1.295284e-02
    outer loop
      vertex   3.686537e+01 7.445911e+01 1.434992e+02
      vertex   3.663849e+01 7.406613e+01 1.477127e+02
      vertex   3.714019e+01 7.510818e+01 1.436357e+02
    endloop
  endfacet
  facet normal -9.827274e-01 1.677992e-01 -7.804096e-02
    outer loop
      vertex   3.714019e+01 7.510818e+01 1.436357e+02
      vertex   3.663849e+01 7.406613e+01 1.477127e+02
      vertex   3.674744e+01 7.476402e+01 1.478413e+02
    endloop
  endfacet
  facet normal -9.924352e-01 -7.306810e-02 -9.865840e-02
    outer loop
      vertex   3.714019e+01 7.510818e+01 1.436357e+02
      vertex   3.674744e+01 7.476402e+01 1.478413e+02
      vertex   3.707695e+01 7.581433e+01 1.437488e+02
    endloop
  endfacet
  facet normal -9.405700e-01 -3.029403e-01 -1.534774e-01
    outer loop
      vertex   3.707695e+01 7.581433e+01 1.437488e+02
      vertex   3.674744e+01 7.476402e+01 1.478413e+02
      vertex   3.651568e+01 7.543738e+01 1.479325e+02
    endloop
  endfacet
  facet normal -8.379386e-01 -5.219553e-01 -1.594416e-01
    outer loop
      vertex   3.707695e+01 7.581433e+01 1.437488e+02
      vertex   3.651568e+01 7.543738e+01 1.479325e+02
      vertex   3.669014e+01 7.641578e+01 1.438127e+02
    endloop
  endfacet
  facet normal -6.827129e-01 -7.038876e-01 -1.960749e-01
    outer loop
      vertex   3.669014e+01 7.641578e+01 1.438127e+02
      vertex   3.651568e+01 7.543738e+01 1.479325e+02
      vertex   3.599631e+01 7.593197e+01 1.479654e+02
    endloop
  endfacet
  facet normal -4.917067e-01 -8.516611e-01 -1.813778e-01
    outer loop
      vertex   3.669014e+01 7.641578e+01 1.438127e+02
      vertex   3.599631e+01 7.593197e+01 1.479654e+02
      vertex   3.606838e+01 7.677475e+01 1.438127e+02
    endloop
  endfacet
  facet normal -2.682281e-01 -9.431905e-01 -1.960749e-01
    outer loop
      vertex   3.606838e+01 7.677475e+01 1.438127e+02
      vertex   3.599631e+01 7.593197e+01 1.479654e+02
      vertex   3.530830e+01 7.613447e+01 1.479325e+02
    endloop
  endfacet
  facet normal -3.305729e-02 -9.866537e-01 -1.594416e-01
    outer loop
      vertex   3.606838e+01 7.677475e+01 1.438127e+02
      vertex   3.530830e+01 7.613447e+01 1.479325e+02
      vertex   3.535411e+01 7.680901e+01 1.437488e+02
    endloop
  endfacet
  facet normal 2.079310e-01 -9.660276e-01 -1.534774e-01
    outer loop
      vertex   3.535411e+01 7.680901e+01 1.437488e+02
      vertex   3.530830e+01 7.613447e+01 1.479325e+02
      vertex   3.460927e+01 7.599849e+01 1.478413e+02
    endloop
  endfacet
  facet normal 4.329388e-01 -8.960081e-01 -9.865840e-02
    outer loop
      vertex   3.535411e+01 7.680901e+01 1.437488e+02
      vertex   3.460927e+01 7.599849e+01 1.478413e+02
      vertex   3.471094e+01 7.651070e+01 1.436357e+02
    endloop
  endfacet
  facet normal 6.366820e-01 -7.671673e-01 -7.804096e-02
    outer loop
      vertex   3.471094e+01 7.651070e+01 1.436357e+02
      vertex   3.460927e+01 7.599849e+01 1.478413e+02
      vertex   3.405935e+01 7.555519e+01 1.477127e+02
    endloop
  endfacet
  facet normal 7.995273e-01 -6.004901e-01 -1.295284e-02
    outer loop
      vertex   3.471094e+01 7.651070e+01 1.436357e+02
      vertex   3.405935e+01 7.555519e+01 1.477127e+02
      vertex   3.428624e+01 7.594817e+01 1.434992e+02
    endloop
  endfacet
  facet normal 9.198033e-01 -3.921659e-01 1.295284e-02
    outer loop
      vertex   3.428624e+01 7.594817e+01 1.434992e+02
      vertex   3.405935e+01 7.555519e+01 1.477127e+02
      vertex   3.378454e+01 7.490612e+01 1.475762e+02
    endloop
  endfacet
  facet normal 9.827274e-01 -1.677992e-01 7.804096e-02
    outer loop
      vertex   3.428624e+01 7.594817e+01 1.434992e+02
      vertex   3.378454e+01 7.490612e+01 1.475762e+02
      vertex   3.417729e+01 7.525028e+01 1.433706e+02
    endloop
  endfacet
  facet normal 9.924352e-01 7.306810e-02 9.865840e-02
    outer loop
      vertex   3.417729e+01 7.525028e+01 1.433706e+02
      vertex   3.378454e+01 7.490612e+01 1.475762e+02
      vertex   3.384778e+01 7.419998e+01 1.474631e+02
    endloop
  endfacet
  facet normal 9.405700e-01 3.029403e-01 1.534774e-01
    outer loop
      vertex   3.417729e+01 7.525028e+01 1.433706e+02
      vertex   3.384778e+01 7.419998e+01 1.474631e+02
      vertex   3.440904e+01 7.457692e+01 1.432794e+02
    endloop
  endfacet
  facet normal 8.379386e-01 5.219553e-01 1.594416e-01
    outer loop
      vertex   3.440904e+01 7.457692e+01 1.432794e+02
      vertex   3.384778e+01 7.419998e+01 1.474631e+02
      vertex   3.423458e+01 7.359852e+01 1.473992e+02
    endloop
  endfacet
  facet normal -9.575951e-02 -1.658603e-01 9.814889e-01
    outer loop
      vertex   3.492842e+01 7.408233e+01 1.432465e+02
      vertex   3.561643e+01 7.387983e+01 1.432794e+02
      vertex   3.440904e+01 7.457692e+01 1.432794e+02
    endloop
  endfacet
  facet normal -9.575951e-02 -1.658603e-01 9.814889e-01
    outer loop
      vertex   3.440904e+01 7.457692e+01 1.432794e+02
      vertex   3.561643e+01 7.387983e+01 1.432794e+02
      vertex   3.631546e+01 7.401581e+01 1.433706e+02
    endloop
  endfacet
  facet normal -9.575951e-02 -1.658603e-01 9.814889e-01
    outer loop
      vertex   3.440904e+01 7.457692e+01 1.432794e+02
      vertex   3.631546e+01 7.401581e+01 1.433706e+02
      vertex   3.417729e+01 7.525028e+01 1.433706e+02
    endloop
  endfacet
  facet normal -9.575951e-02 -1.658603e-01 9.814889e-01
    outer loop
      vertex   3.417729e+01 7.525028e+01 1.433706e+02
      vertex   3.631546e+01 7.401581e+01 1.433706e+02
      vertex   3.686537e+01 7.445911e+01 1.434992e+02
    endloop
  endfacet
  facet normal -9.575951e-02 -1.658603e-01 9.814889e-01
    outer loop
      vertex   3.417729e+01 7.525028e+01 1.433706e+02
      vertex   3.686537e+01 7.445911e+01 1.434992e+02
      vertex   3.428624e+01 7.594817e+01 1.434992e+02
    endloop
  endfacet
  facet normal -9.575951e-02 -1.658603e-01 9.814889e-01
    outer loop
      vertex   3.428624e+01 7.594817e+01 1.434992e+02
      vertex   3.686537e+01 7.445911e+01 1.434992e+02
      vertex   3.714019e+01 7.510818e+01 1.436357e+02
    endloop
  endfacet
  facet normal -9.575951e-02 -1.658603e-01 9.814889e-01
    outer loop
      vertex   3.428624e+01 7.594817e+01 1.434992e+02
      vertex   3.714019e+01 7.510818e+01 1.436357e+02
      vertex   3.471094e+01 7.651070e+01 1.436357e+02
    endloop
  endfacet
  facet normal -9.575951e-02 -1.658603e-01 9.814889e-01
    outer loop
      vertex   3.471094e+01 7.651070e+01 1.436357e+02
      vertex   3.714019e+01 7.510818e+01 1.436357e+02
      vertex   3.707695e+01 7.581433e+01 1.437488e+02
    endloop
  endfacet
  facet normal -9.575951e-02 -1.658603e-01 9.814889e-01
    outer loop
      vertex   3.471094e+01 7.651070e+01 1.436357e+02
      vertex   3.707695e+01 7.581433e+01 1.437488e+02
      vertex   3.535411e+01 7.680901e+01 1.437488e+02
    endloop
  endfacet
  facet normal -9.575951e-02 -1.658603e-01 9.814889e-01
    outer loop
      vertex   3.535411e+01 7.680901e+01 1.437488e+02
      vertex   3.707695e+01 7.581433e+01 1.437488e+02
      vertex   3.669014e+01 7.641578e+01 1.438127e+02
    endloop
  endfacet
  facet normal -9.575951e-02 -1.658603e-01 9.814889e-01
    outer loop
      vertex   3.535411e+01 7.680901e+01 1.437488e+02
      vertex   3.669014e+01 7.641578e+01 1.438127e+02
      vertex   3.606838e+01 7.677475e+01 1.438127e+02
    endloop
  endfacet
endsolid
